solid OpenSCAD_Model
  facet normal 0.0490821 -0.998795 0
    outer loop
      vertex 48.4 -36.4 0
      vertex 48.9881 -36.3711 42
      vertex 48.4 -36.4 42
    endloop
  endfacet
  facet normal 0.0490821 -0.998795 0
    outer loop
      vertex 48.9881 -36.3711 42
      vertex 48.4 -36.4 0
      vertex 48.9881 -36.3711 0
    endloop
  endfacet
  facet normal 0.6717 0.740823 -0
    outer loop
      vertex 52.6426 34.6426 0
      vertex 52.2064 35.0381 42
      vertex 52.6426 34.6426 42
    endloop
  endfacet
  facet normal 0.6717 0.740823 0
    outer loop
      vertex 52.2064 35.0381 42
      vertex 52.6426 34.6426 0
      vertex 52.2064 35.0381 0
    endloop
  endfacet
  facet normal -0.0490821 -0.998795 0
    outer loop
      vertex -48.9881 -36.3711 0
      vertex -48.4 -36.4 42
      vertex -48.9881 -36.3711 42
    endloop
  endfacet
  facet normal -0.0490821 -0.998795 -0
    outer loop
      vertex -48.4 -36.4 42
      vertex -48.9881 -36.3711 0
      vertex -48.4 -36.4 0
    endloop
  endfacet
  facet normal 0.970023 0.243015 0
    outer loop
      vertex 54.2847 31.5705 42
      vertex 54.1416 32.1417 0
      vertex 54.1416 32.1417 42
    endloop
  endfacet
  facet normal 0.970023 0.243015 0
    outer loop
      vertex 54.1416 32.1417 0
      vertex 54.2847 31.5705 42
      vertex 54.2847 31.5705 0
    endloop
  endfacet
  facet normal -0.595589 0.803289 0
    outer loop
      vertex -51.7334 35.3888 0
      vertex -52.2064 35.0381 42
      vertex -51.7334 35.3888 42
    endloop
  endfacet
  facet normal -0.595589 0.803289 0
    outer loop
      vertex -52.2064 35.0381 42
      vertex -51.7334 35.3888 0
      vertex -52.2064 35.0381 0
    endloop
  endfacet
  facet normal -0.0490821 0.998795 0
    outer loop
      vertex -48.4 36.4 0
      vertex -48.9881 36.3711 42
      vertex -48.4 36.4 42
    endloop
  endfacet
  facet normal -0.0490821 0.998795 0
    outer loop
      vertex -48.9881 36.3711 42
      vertex -48.4 36.4 0
      vertex -48.9881 36.3711 0
    endloop
  endfacet
  facet normal -0.6717 0.740823 0
    outer loop
      vertex -52.2064 35.0381 0
      vertex -52.6426 34.6426 42
      vertex -52.2064 35.0381 42
    endloop
  endfacet
  facet normal -0.6717 0.740823 0
    outer loop
      vertex -52.6426 34.6426 42
      vertex -52.2064 35.0381 0
      vertex -52.6426 34.6426 0
    endloop
  endfacet
  facet normal 0 -1 0
    outer loop
      vertex -48.4 -36.4 0
      vertex 48.4 -36.4 42
      vertex -48.4 -36.4 42
    endloop
  endfacet
  facet normal 0 -1 -0
    outer loop
      vertex 48.4 -36.4 42
      vertex -48.4 -36.4 0
      vertex 48.4 -36.4 0
    endloop
  endfacet
  facet normal -1 0 0
    outer loop
      vertex -54.4 -30.4 0
      vertex -54.4 30.4 42
      vertex -54.4 30.4 0
    endloop
  endfacet
  facet normal -1 -0 0
    outer loop
      vertex -54.4 30.4 42
      vertex -54.4 -30.4 0
      vertex -54.4 -30.4 42
    endloop
  endfacet
  facet normal 0.146746 0.989174 -0
    outer loop
      vertex 49.5705 36.2847 0
      vertex 48.9881 36.3711 42
      vertex 49.5705 36.2847 42
    endloop
  endfacet
  facet normal 0.146746 0.989174 0
    outer loop
      vertex 48.9881 36.3711 42
      vertex 49.5705 36.2847 0
      vertex 48.9881 36.3711 0
    endloop
  endfacet
  facet normal 0 1 0
    outer loop
      vertex 48.4 36.4 42
      vertex -2 36.4 15.4
      vertex -48.4 36.4 42
    endloop
  endfacet
  facet normal 0 1 -0
    outer loop
      vertex 48.4 36.4 0
      vertex -2 36.4 15.4
      vertex 48.4 36.4 42
    endloop
  endfacet
  facet normal 0 1 0
    outer loop
      vertex -48.4 36.4 0
      vertex -2 36.4 6.4
      vertex 48.4 36.4 0
    endloop
  endfacet
  facet normal 0 1 0
    outer loop
      vertex -2 36.4 15.4
      vertex 48.4 36.4 0
      vertex -2 36.4 6.4
    endloop
  endfacet
  facet normal 0 1 -0
    outer loop
      vertex -28 36.4 15.4
      vertex -48.4 36.4 42
      vertex -2 36.4 15.4
    endloop
  endfacet
  facet normal 0 1 0
    outer loop
      vertex -48.4 36.4 0
      vertex -28 36.4 15.4
      vertex -28 36.4 6.4
    endloop
  endfacet
  facet normal 0 1 0
    outer loop
      vertex -28 36.4 15.4
      vertex -48.4 36.4 0
      vertex -48.4 36.4 42
    endloop
  endfacet
  facet normal 0 1 0
    outer loop
      vertex -2 36.4 6.4
      vertex -48.4 36.4 0
      vertex -28 36.4 6.4
    endloop
  endfacet
  facet normal -0.243015 -0.970023 0
    outer loop
      vertex -50.1417 -36.1416 0
      vertex -49.5705 -36.2847 42
      vertex -50.1417 -36.1416 42
    endloop
  endfacet
  facet normal -0.243015 -0.970023 -0
    outer loop
      vertex -49.5705 -36.2847 42
      vertex -50.1417 -36.1416 0
      vertex -49.5705 -36.2847 0
    endloop
  endfacet
  facet normal -0.989174 0.146746 0
    outer loop
      vertex -54.3711 30.9881 0
      vertex -54.2847 31.5705 42
      vertex -54.2847 31.5705 0
    endloop
  endfacet
  facet normal -0.989174 0.146746 0
    outer loop
      vertex -54.2847 31.5705 42
      vertex -54.3711 30.9881 0
      vertex -54.3711 30.9881 42
    endloop
  endfacet
  facet normal -0.903962 -0.427612 0
    outer loop
      vertex -53.6915 -33.2284 0
      vertex -53.9433 -32.6961 42
      vertex -53.9433 -32.6961 0
    endloop
  endfacet
  facet normal -0.903962 -0.427612 0
    outer loop
      vertex -53.9433 -32.6961 42
      vertex -53.6915 -33.2284 0
      vertex -53.6915 -33.2284 42
    endloop
  endfacet
  facet normal -0.970023 -0.243015 0
    outer loop
      vertex -54.1416 -32.1417 0
      vertex -54.2847 -31.5705 42
      vertex -54.2847 -31.5705 0
    endloop
  endfacet
  facet normal -0.970023 -0.243015 0
    outer loop
      vertex -54.2847 -31.5705 42
      vertex -54.1416 -32.1417 0
      vertex -54.1416 -32.1417 42
    endloop
  endfacet
  facet normal -0.146746 0.989174 0
    outer loop
      vertex -48.9881 36.3711 0
      vertex -49.5705 36.2847 42
      vertex -48.9881 36.3711 42
    endloop
  endfacet
  facet normal -0.146746 0.989174 0
    outer loop
      vertex -49.5705 36.2847 42
      vertex -48.9881 36.3711 0
      vertex -49.5705 36.2847 0
    endloop
  endfacet
  facet normal 1 -0 0
    outer loop
      vertex 54.4 -30.4 42
      vertex 54.4 30.4 0
      vertex 54.4 30.4 42
    endloop
  endfacet
  facet normal 1 0 0
    outer loop
      vertex 54.4 30.4 0
      vertex 54.4 -30.4 42
      vertex 54.4 -30.4 0
    endloop
  endfacet
  facet normal -0.146746 -0.989174 0
    outer loop
      vertex -49.5705 -36.2847 0
      vertex -48.9881 -36.3711 42
      vertex -49.5705 -36.2847 42
    endloop
  endfacet
  facet normal -0.146746 -0.989174 -0
    outer loop
      vertex -48.9881 -36.3711 42
      vertex -49.5705 -36.2847 0
      vertex -48.9881 -36.3711 0
    endloop
  endfacet
  facet normal -0.857718 -0.514121 0
    outer loop
      vertex -53.3888 -33.7334 0
      vertex -53.6915 -33.2284 42
      vertex -53.6915 -33.2284 0
    endloop
  endfacet
  facet normal -0.857718 -0.514121 0
    outer loop
      vertex -53.6915 -33.2284 42
      vertex -53.3888 -33.7334 0
      vertex -53.3888 -33.7334 42
    endloop
  endfacet
  facet normal 0.243015 0.970023 -0
    outer loop
      vertex 50.1417 36.1416 0
      vertex 49.5705 36.2847 42
      vertex 50.1417 36.1416 42
    endloop
  endfacet
  facet normal 0.243015 0.970023 0
    outer loop
      vertex 49.5705 36.2847 42
      vertex 50.1417 36.1416 0
      vertex 49.5705 36.2847 0
    endloop
  endfacet
  facet normal -0.998795 0.0490821 0
    outer loop
      vertex -54.4 30.4 0
      vertex -54.3711 30.9881 42
      vertex -54.3711 30.9881 0
    endloop
  endfacet
  facet normal -0.998795 0.0490821 0
    outer loop
      vertex -54.3711 30.9881 42
      vertex -54.4 30.4 0
      vertex -54.4 30.4 42
    endloop
  endfacet
  facet normal -0.427612 -0.903962 0
    outer loop
      vertex -51.2284 -35.6915 0
      vertex -50.6961 -35.9433 42
      vertex -51.2284 -35.6915 42
    endloop
  endfacet
  facet normal -0.427612 -0.903962 -0
    outer loop
      vertex -50.6961 -35.9433 42
      vertex -51.2284 -35.6915 0
      vertex -50.6961 -35.9433 0
    endloop
  endfacet
  facet normal -0.595589 -0.803289 0
    outer loop
      vertex -52.2064 -35.0381 0
      vertex -51.7334 -35.3888 42
      vertex -52.2064 -35.0381 42
    endloop
  endfacet
  facet normal -0.595589 -0.803289 -0
    outer loop
      vertex -51.7334 -35.3888 42
      vertex -52.2064 -35.0381 0
      vertex -51.7334 -35.3888 0
    endloop
  endfacet
  facet normal -0.336788 -0.94158 0
    outer loop
      vertex -50.6961 -35.9433 0
      vertex -50.1417 -36.1416 42
      vertex -50.6961 -35.9433 42
    endloop
  endfacet
  facet normal -0.336788 -0.94158 -0
    outer loop
      vertex -50.1417 -36.1416 42
      vertex -50.6961 -35.9433 0
      vertex -50.1417 -36.1416 0
    endloop
  endfacet
  facet normal 0.740823 0.6717 0
    outer loop
      vertex 53.0381 34.2064 42
      vertex 52.6426 34.6426 0
      vertex 52.6426 34.6426 42
    endloop
  endfacet
  facet normal 0.740823 0.6717 0
    outer loop
      vertex 52.6426 34.6426 0
      vertex 53.0381 34.2064 42
      vertex 53.0381 34.2064 0
    endloop
  endfacet
  facet normal 0.0490821 0.998795 -0
    outer loop
      vertex 48.9881 36.3711 0
      vertex 48.4 36.4 42
      vertex 48.9881 36.3711 42
    endloop
  endfacet
  facet normal 0.0490821 0.998795 0
    outer loop
      vertex 48.4 36.4 42
      vertex 48.9881 36.3711 0
      vertex 48.4 36.4 0
    endloop
  endfacet
  facet normal -0.514121 -0.857718 0
    outer loop
      vertex -51.7334 -35.3888 0
      vertex -51.2284 -35.6915 42
      vertex -51.7334 -35.3888 42
    endloop
  endfacet
  facet normal -0.514121 -0.857718 -0
    outer loop
      vertex -51.2284 -35.6915 42
      vertex -51.7334 -35.3888 0
      vertex -51.2284 -35.6915 0
    endloop
  endfacet
  facet normal 0.427612 0.903962 -0
    outer loop
      vertex 51.2284 35.6915 0
      vertex 50.6961 35.9433 42
      vertex 51.2284 35.6915 42
    endloop
  endfacet
  facet normal 0.427612 0.903962 0
    outer loop
      vertex 50.6961 35.9433 42
      vertex 51.2284 35.6915 0
      vertex 50.6961 35.9433 0
    endloop
  endfacet
  facet normal 0.336788 0.94158 -0
    outer loop
      vertex 50.6961 35.9433 0
      vertex 50.1417 36.1416 42
      vertex 50.6961 35.9433 42
    endloop
  endfacet
  facet normal 0.336788 0.94158 0
    outer loop
      vertex 50.1417 36.1416 42
      vertex 50.6961 35.9433 0
      vertex 50.1417 36.1416 0
    endloop
  endfacet
  facet normal 0.514121 0.857718 -0
    outer loop
      vertex 51.7334 35.3888 0
      vertex 51.2284 35.6915 42
      vertex 51.7334 35.3888 42
    endloop
  endfacet
  facet normal 0.514121 0.857718 0
    outer loop
      vertex 51.2284 35.6915 42
      vertex 51.7334 35.3888 0
      vertex 51.2284 35.6915 0
    endloop
  endfacet
  facet normal 0.6717 -0.740823 0
    outer loop
      vertex 52.2064 -35.0381 0
      vertex 52.6426 -34.6426 42
      vertex 52.2064 -35.0381 42
    endloop
  endfacet
  facet normal 0.6717 -0.740823 0
    outer loop
      vertex 52.6426 -34.6426 42
      vertex 52.2064 -35.0381 0
      vertex 52.6426 -34.6426 0
    endloop
  endfacet
  facet normal -0.94158 0.336788 0
    outer loop
      vertex -54.1416 32.1417 0
      vertex -53.9433 32.6961 42
      vertex -53.9433 32.6961 0
    endloop
  endfacet
  facet normal -0.94158 0.336788 0
    outer loop
      vertex -53.9433 32.6961 42
      vertex -54.1416 32.1417 0
      vertex -54.1416 32.1417 42
    endloop
  endfacet
  facet normal -0.970023 0.243015 0
    outer loop
      vertex -54.2847 31.5705 0
      vertex -54.1416 32.1417 42
      vertex -54.1416 32.1417 0
    endloop
  endfacet
  facet normal -0.970023 0.243015 0
    outer loop
      vertex -54.1416 32.1417 42
      vertex -54.2847 31.5705 0
      vertex -54.2847 31.5705 42
    endloop
  endfacet
  facet normal -0.243015 0.970023 0
    outer loop
      vertex -49.5705 36.2847 0
      vertex -50.1417 36.1416 42
      vertex -49.5705 36.2847 42
    endloop
  endfacet
  facet normal -0.243015 0.970023 0
    outer loop
      vertex -50.1417 36.1416 42
      vertex -49.5705 36.2847 0
      vertex -50.1417 36.1416 0
    endloop
  endfacet
  facet normal -0.336788 0.94158 0
    outer loop
      vertex -50.1417 36.1416 0
      vertex -50.6961 35.9433 42
      vertex -50.1417 36.1416 42
    endloop
  endfacet
  facet normal -0.336788 0.94158 0
    outer loop
      vertex -50.6961 35.9433 42
      vertex -50.1417 36.1416 0
      vertex -50.6961 35.9433 0
    endloop
  endfacet
  facet normal 0.595589 0.803289 -0
    outer loop
      vertex 52.2064 35.0381 0
      vertex 51.7334 35.3888 42
      vertex 52.2064 35.0381 42
    endloop
  endfacet
  facet normal 0.595589 0.803289 0
    outer loop
      vertex 51.7334 35.3888 42
      vertex 52.2064 35.0381 0
      vertex 51.7334 35.3888 0
    endloop
  endfacet
  facet normal 0.803289 0.595589 0
    outer loop
      vertex 53.3888 33.7334 42
      vertex 53.0381 34.2064 0
      vertex 53.0381 34.2064 42
    endloop
  endfacet
  facet normal 0.803289 0.595589 0
    outer loop
      vertex 53.0381 34.2064 0
      vertex 53.3888 33.7334 42
      vertex 53.3888 33.7334 0
    endloop
  endfacet
  facet normal -0.740823 -0.6717 0
    outer loop
      vertex -52.6426 -34.6426 0
      vertex -53.0381 -34.2064 42
      vertex -53.0381 -34.2064 0
    endloop
  endfacet
  facet normal -0.740823 -0.6717 0
    outer loop
      vertex -53.0381 -34.2064 42
      vertex -52.6426 -34.6426 0
      vertex -52.6426 -34.6426 42
    endloop
  endfacet
  facet normal 0.903962 0.427612 0
    outer loop
      vertex 53.9433 32.6961 42
      vertex 53.6915 33.2284 0
      vertex 53.6915 33.2284 42
    endloop
  endfacet
  facet normal 0.903962 0.427612 0
    outer loop
      vertex 53.6915 33.2284 0
      vertex 53.9433 32.6961 42
      vertex 53.9433 32.6961 0
    endloop
  endfacet
  facet normal -0.740823 0.6717 0
    outer loop
      vertex -53.0381 34.2064 0
      vertex -52.6426 34.6426 42
      vertex -52.6426 34.6426 0
    endloop
  endfacet
  facet normal -0.740823 0.6717 0
    outer loop
      vertex -52.6426 34.6426 42
      vertex -53.0381 34.2064 0
      vertex -53.0381 34.2064 42
    endloop
  endfacet
  facet normal 0.857718 0.514121 0
    outer loop
      vertex 53.6915 33.2284 42
      vertex 53.3888 33.7334 0
      vertex 53.3888 33.7334 42
    endloop
  endfacet
  facet normal 0.857718 0.514121 0
    outer loop
      vertex 53.3888 33.7334 0
      vertex 53.6915 33.2284 42
      vertex 53.6915 33.2284 0
    endloop
  endfacet
  facet normal -0.427612 0.903962 0
    outer loop
      vertex -50.6961 35.9433 0
      vertex -51.2284 35.6915 42
      vertex -50.6961 35.9433 42
    endloop
  endfacet
  facet normal -0.427612 0.903962 0
    outer loop
      vertex -51.2284 35.6915 42
      vertex -50.6961 35.9433 0
      vertex -51.2284 35.6915 0
    endloop
  endfacet
  facet normal 0.94158 -0.336788 0
    outer loop
      vertex 53.9433 -32.6961 42
      vertex 54.1416 -32.1417 0
      vertex 54.1416 -32.1417 42
    endloop
  endfacet
  facet normal 0.94158 -0.336788 0
    outer loop
      vertex 54.1416 -32.1417 0
      vertex 53.9433 -32.6961 42
      vertex 53.9433 -32.6961 0
    endloop
  endfacet
  facet normal -0.514121 0.857718 0
    outer loop
      vertex -51.2284 35.6915 0
      vertex -51.7334 35.3888 42
      vertex -51.2284 35.6915 42
    endloop
  endfacet
  facet normal -0.514121 0.857718 0
    outer loop
      vertex -51.7334 35.3888 42
      vertex -51.2284 35.6915 0
      vertex -51.7334 35.3888 0
    endloop
  endfacet
  facet normal 0.336788 -0.94158 0
    outer loop
      vertex 50.1417 -36.1416 0
      vertex 50.6961 -35.9433 42
      vertex 50.1417 -36.1416 42
    endloop
  endfacet
  facet normal 0.336788 -0.94158 0
    outer loop
      vertex 50.6961 -35.9433 42
      vertex 50.1417 -36.1416 0
      vertex 50.6961 -35.9433 0
    endloop
  endfacet
  facet normal -0.94158 -0.336788 0
    outer loop
      vertex -53.9433 -32.6961 0
      vertex -54.1416 -32.1417 42
      vertex -54.1416 -32.1417 0
    endloop
  endfacet
  facet normal -0.94158 -0.336788 0
    outer loop
      vertex -54.1416 -32.1417 42
      vertex -53.9433 -32.6961 0
      vertex -53.9433 -32.6961 42
    endloop
  endfacet
  facet normal 0.243015 -0.970023 0
    outer loop
      vertex 49.5705 -36.2847 0
      vertex 50.1417 -36.1416 42
      vertex 49.5705 -36.2847 42
    endloop
  endfacet
  facet normal 0.243015 -0.970023 0
    outer loop
      vertex 50.1417 -36.1416 42
      vertex 49.5705 -36.2847 0
      vertex 50.1417 -36.1416 0
    endloop
  endfacet
  facet normal -0.803289 -0.595589 0
    outer loop
      vertex -53.0381 -34.2064 0
      vertex -53.3888 -33.7334 42
      vertex -53.3888 -33.7334 0
    endloop
  endfacet
  facet normal -0.803289 -0.595589 0
    outer loop
      vertex -53.3888 -33.7334 42
      vertex -53.0381 -34.2064 0
      vertex -53.0381 -34.2064 42
    endloop
  endfacet
  facet normal 0.989174 -0.146746 0
    outer loop
      vertex 54.2847 -31.5705 42
      vertex 54.3711 -30.9881 0
      vertex 54.3711 -30.9881 42
    endloop
  endfacet
  facet normal 0.989174 -0.146746 0
    outer loop
      vertex 54.3711 -30.9881 0
      vertex 54.2847 -31.5705 42
      vertex 54.2847 -31.5705 0
    endloop
  endfacet
  facet normal -0.6717 -0.740823 0
    outer loop
      vertex -52.6426 -34.6426 0
      vertex -52.2064 -35.0381 42
      vertex -52.6426 -34.6426 42
    endloop
  endfacet
  facet normal -0.6717 -0.740823 -0
    outer loop
      vertex -52.2064 -35.0381 42
      vertex -52.6426 -34.6426 0
      vertex -52.2064 -35.0381 0
    endloop
  endfacet
  facet normal -0.998795 -0.0490821 0
    outer loop
      vertex -54.3711 -30.9881 0
      vertex -54.4 -30.4 42
      vertex -54.4 -30.4 0
    endloop
  endfacet
  facet normal -0.998795 -0.0490821 0
    outer loop
      vertex -54.4 -30.4 42
      vertex -54.3711 -30.9881 0
      vertex -54.3711 -30.9881 42
    endloop
  endfacet
  facet normal 0.998795 0.0490821 0
    outer loop
      vertex 54.4 30.4 42
      vertex 54.3711 30.9881 0
      vertex 54.3711 30.9881 42
    endloop
  endfacet
  facet normal 0.998795 0.0490821 0
    outer loop
      vertex 54.3711 30.9881 0
      vertex 54.4 30.4 42
      vertex 54.4 30.4 0
    endloop
  endfacet
  facet normal -0.989174 -0.146746 0
    outer loop
      vertex -54.2847 -31.5705 0
      vertex -54.3711 -30.9881 42
      vertex -54.3711 -30.9881 0
    endloop
  endfacet
  facet normal -0.989174 -0.146746 0
    outer loop
      vertex -54.3711 -30.9881 42
      vertex -54.2847 -31.5705 0
      vertex -54.2847 -31.5705 42
    endloop
  endfacet
  facet normal -0.803289 0.595589 0
    outer loop
      vertex -53.3888 33.7334 0
      vertex -53.0381 34.2064 42
      vertex -53.0381 34.2064 0
    endloop
  endfacet
  facet normal -0.803289 0.595589 0
    outer loop
      vertex -53.0381 34.2064 42
      vertex -53.3888 33.7334 0
      vertex -53.3888 33.7334 42
    endloop
  endfacet
  facet normal 0.514121 -0.857718 0
    outer loop
      vertex 51.2284 -35.6915 0
      vertex 51.7334 -35.3888 42
      vertex 51.2284 -35.6915 42
    endloop
  endfacet
  facet normal 0.514121 -0.857718 0
    outer loop
      vertex 51.7334 -35.3888 42
      vertex 51.2284 -35.6915 0
      vertex 51.7334 -35.3888 0
    endloop
  endfacet
  facet normal 0.94158 0.336788 0
    outer loop
      vertex 54.1416 32.1417 42
      vertex 53.9433 32.6961 0
      vertex 53.9433 32.6961 42
    endloop
  endfacet
  facet normal 0.94158 0.336788 0
    outer loop
      vertex 53.9433 32.6961 0
      vertex 54.1416 32.1417 42
      vertex 54.1416 32.1417 0
    endloop
  endfacet
  facet normal 0.857718 -0.514121 0
    outer loop
      vertex 53.3888 -33.7334 42
      vertex 53.6915 -33.2284 0
      vertex 53.6915 -33.2284 42
    endloop
  endfacet
  facet normal 0.857718 -0.514121 0
    outer loop
      vertex 53.6915 -33.2284 0
      vertex 53.3888 -33.7334 42
      vertex 53.3888 -33.7334 0
    endloop
  endfacet
  facet normal 0 0 1
    outer loop
      vertex 52 30.4 42
      vertex 54.4 30.4 42
      vertex 54.3711 30.9881 42
    endloop
  endfacet
  facet normal 0 0 1
    outer loop
      vertex 54.4 30.4 42
      vertex 52 30.4 42
      vertex 54.4 -30.4 42
    endloop
  endfacet
  facet normal 0 0 1
    outer loop
      vertex 51.9827 30.7529 42
      vertex 54.3711 30.9881 42
      vertex 54.2847 31.5705 42
    endloop
  endfacet
  facet normal 0 0 1
    outer loop
      vertex 52 -30.4 42
      vertex 54.4 -30.4 42
      vertex 52 30.4 42
    endloop
  endfacet
  facet normal 0 0 1
    outer loop
      vertex 51.9308 31.1023 42
      vertex 54.2847 31.5705 42
      vertex 54.1416 32.1417 42
    endloop
  endfacet
  facet normal 0 0 1
    outer loop
      vertex 54.4 -30.4 42
      vertex 52 -30.4 42
      vertex 54.3711 -30.9881 42
    endloop
  endfacet
  facet normal 0 0 1
    outer loop
      vertex 51.845 31.445 42
      vertex 54.1416 32.1417 42
      vertex 53.9433 32.6961 42
    endloop
  endfacet
  facet normal -0 0 1
    outer loop
      vertex 51.9827 -30.7529 42
      vertex 54.3711 -30.9881 42
      vertex 52 -30.4 42
    endloop
  endfacet
  facet normal 0 0 1
    outer loop
      vertex 51.726 31.7776 42
      vertex 53.9433 32.6961 42
      vertex 53.6915 33.2284 42
    endloop
  endfacet
  facet normal 0 0 1
    outer loop
      vertex 54.3711 -30.9881 42
      vertex 51.9827 -30.7529 42
      vertex 54.2847 -31.5705 42
    endloop
  endfacet
  facet normal 0 0 1
    outer loop
      vertex 51.5749 32.097 42
      vertex 53.6915 33.2284 42
      vertex 53.3888 33.7334 42
    endloop
  endfacet
  facet normal -0 0 1
    outer loop
      vertex 51.9308 -31.1023 42
      vertex 54.2847 -31.5705 42
      vertex 51.9827 -30.7529 42
    endloop
  endfacet
  facet normal 0 0 1
    outer loop
      vertex 51.3933 32.4 42
      vertex 53.3888 33.7334 42
      vertex 53.0381 34.2064 42
    endloop
  endfacet
  facet normal 0 0 1
    outer loop
      vertex 54.2847 -31.5705 42
      vertex 51.9308 -31.1023 42
      vertex 54.1416 -32.1417 42
    endloop
  endfacet
  facet normal 0 0 1
    outer loop
      vertex 51.1828 32.6838 42
      vertex 53.0381 34.2064 42
      vertex 52.6426 34.6426 42
    endloop
  endfacet
  facet normal -0 0 1
    outer loop
      vertex 51.845 -31.445 42
      vertex 54.1416 -32.1417 42
      vertex 51.9308 -31.1023 42
    endloop
  endfacet
  facet normal 0 0 1
    outer loop
      vertex 50.9456 32.9456 42
      vertex 52.6426 34.6426 42
      vertex 52.2064 35.0381 42
    endloop
  endfacet
  facet normal 0 0 1
    outer loop
      vertex 54.1416 -32.1417 42
      vertex 51.845 -31.445 42
      vertex 53.9433 -32.6961 42
    endloop
  endfacet
  facet normal -0 0 1
    outer loop
      vertex 51.726 -31.7776 42
      vertex 53.9433 -32.6961 42
      vertex 51.845 -31.445 42
    endloop
  endfacet
  facet normal 0 0 1
    outer loop
      vertex 54.3711 30.9881 42
      vertex 51.9827 30.7529 42
      vertex 52 30.4 42
    endloop
  endfacet
  facet normal 0 0 1
    outer loop
      vertex 54.2847 31.5705 42
      vertex 51.9308 31.1023 42
      vertex 51.9827 30.7529 42
    endloop
  endfacet
  facet normal 0 0 1
    outer loop
      vertex 54.1416 32.1417 42
      vertex 51.845 31.445 42
      vertex 51.9308 31.1023 42
    endloop
  endfacet
  facet normal 0 0 1
    outer loop
      vertex 50.6838 33.1828 42
      vertex 52.2064 35.0381 42
      vertex 51.7334 35.3888 42
    endloop
  endfacet
  facet normal 0 0 1
    outer loop
      vertex 53.9433 32.6961 42
      vertex 51.726 31.7776 42
      vertex 51.845 31.445 42
    endloop
  endfacet
  facet normal 0 0 1
    outer loop
      vertex 53.6915 33.2284 42
      vertex 51.5749 32.097 42
      vertex 51.726 31.7776 42
    endloop
  endfacet
  facet normal 0 0 1
    outer loop
      vertex 53.3888 33.7334 42
      vertex 51.3933 32.4 42
      vertex 51.5749 32.097 42
    endloop
  endfacet
  facet normal 0 0 1
    outer loop
      vertex 50.4 33.3933 42
      vertex 51.7334 35.3888 42
      vertex 51.2284 35.6915 42
    endloop
  endfacet
  facet normal 0 0 1
    outer loop
      vertex 53.0381 34.2064 42
      vertex 51.1828 32.6838 42
      vertex 51.3933 32.4 42
    endloop
  endfacet
  facet normal 0 0 1
    outer loop
      vertex 52.6426 34.6426 42
      vertex 50.9456 32.9456 42
      vertex 51.1828 32.6838 42
    endloop
  endfacet
  facet normal 0 0 1
    outer loop
      vertex 50.097 33.5749 42
      vertex 51.2284 35.6915 42
      vertex 50.6961 35.9433 42
    endloop
  endfacet
  facet normal 0 0 1
    outer loop
      vertex 52.2064 35.0381 42
      vertex 50.6838 33.1828 42
      vertex 50.9456 32.9456 42
    endloop
  endfacet
  facet normal 0 0 1
    outer loop
      vertex 51.7334 35.3888 42
      vertex 50.4 33.3933 42
      vertex 50.6838 33.1828 42
    endloop
  endfacet
  facet normal 0 0 1
    outer loop
      vertex 49.7776 33.726 42
      vertex 50.6961 35.9433 42
      vertex 50.1417 36.1416 42
    endloop
  endfacet
  facet normal 0 0 1
    outer loop
      vertex 51.2284 35.6915 42
      vertex 50.097 33.5749 42
      vertex 50.4 33.3933 42
    endloop
  endfacet
  facet normal 0 0 1
    outer loop
      vertex 50.6961 35.9433 42
      vertex 49.7776 33.726 42
      vertex 50.097 33.5749 42
    endloop
  endfacet
  facet normal 0 0 1
    outer loop
      vertex 49.445 33.845 42
      vertex 50.1417 36.1416 42
      vertex 49.5705 36.2847 42
    endloop
  endfacet
  facet normal 0 0 1
    outer loop
      vertex 50.1417 36.1416 42
      vertex 49.445 33.845 42
      vertex 49.7776 33.726 42
    endloop
  endfacet
  facet normal 0 0 1
    outer loop
      vertex 49.5705 36.2847 42
      vertex 49.1023 33.9308 42
      vertex 49.445 33.845 42
    endloop
  endfacet
  facet normal 0 0 1
    outer loop
      vertex 48.9881 36.3711 42
      vertex 49.1023 33.9308 42
      vertex 49.5705 36.2847 42
    endloop
  endfacet
  facet normal 0 0 1
    outer loop
      vertex 48.9881 36.3711 42
      vertex 48.7529 33.9827 42
      vertex 49.1023 33.9308 42
    endloop
  endfacet
  facet normal 0 0 1
    outer loop
      vertex 48.4 36.4 42
      vertex 48.7529 33.9827 42
      vertex 48.9881 36.3711 42
    endloop
  endfacet
  facet normal 0 0 1
    outer loop
      vertex 48.4 36.4 42
      vertex 48.4 34 42
      vertex 48.7529 33.9827 42
    endloop
  endfacet
  facet normal -0 0 1
    outer loop
      vertex -48.4 36.4 42
      vertex 48.4 34 42
      vertex 48.4 36.4 42
    endloop
  endfacet
  facet normal 0 0 1
    outer loop
      vertex -48.4 36.4 42
      vertex -48.4 34 42
      vertex 48.4 34 42
    endloop
  endfacet
  facet normal 0 0 1
    outer loop
      vertex -48.4 36.4 42
      vertex -48.7529 33.9827 42
      vertex -48.4 34 42
    endloop
  endfacet
  facet normal -0 0 1
    outer loop
      vertex -48.9881 36.3711 42
      vertex -48.7529 33.9827 42
      vertex -48.4 36.4 42
    endloop
  endfacet
  facet normal 0 0 1
    outer loop
      vertex -48.9881 36.3711 42
      vertex -49.1023 33.9308 42
      vertex -48.7529 33.9827 42
    endloop
  endfacet
  facet normal -0 0 1
    outer loop
      vertex -49.5705 36.2847 42
      vertex -49.1023 33.9308 42
      vertex -48.9881 36.3711 42
    endloop
  endfacet
  facet normal 0 0 1
    outer loop
      vertex -49.1023 33.9308 42
      vertex -49.5705 36.2847 42
      vertex -49.445 33.845 42
    endloop
  endfacet
  facet normal -0 0 1
    outer loop
      vertex -50.1417 36.1416 42
      vertex -49.445 33.845 42
      vertex -49.5705 36.2847 42
    endloop
  endfacet
  facet normal 0 0 1
    outer loop
      vertex -49.445 33.845 42
      vertex -50.1417 36.1416 42
      vertex -49.7776 33.726 42
    endloop
  endfacet
  facet normal -0 0 1
    outer loop
      vertex -50.6961 35.9433 42
      vertex -49.7776 33.726 42
      vertex -50.1417 36.1416 42
    endloop
  endfacet
  facet normal 0 0 1
    outer loop
      vertex -49.7776 33.726 42
      vertex -50.6961 35.9433 42
      vertex -50.097 33.5749 42
    endloop
  endfacet
  facet normal -0 0 1
    outer loop
      vertex -51.2284 35.6915 42
      vertex -50.097 33.5749 42
      vertex -50.6961 35.9433 42
    endloop
  endfacet
  facet normal 0 0 1
    outer loop
      vertex -50.097 33.5749 42
      vertex -51.2284 35.6915 42
      vertex -50.4 33.3933 42
    endloop
  endfacet
  facet normal -0 0 1
    outer loop
      vertex -51.7334 35.3888 42
      vertex -50.4 33.3933 42
      vertex -51.2284 35.6915 42
    endloop
  endfacet
  facet normal 0 0 1
    outer loop
      vertex -50.4 33.3933 42
      vertex -51.7334 35.3888 42
      vertex -50.6838 33.1828 42
    endloop
  endfacet
  facet normal -0 0 1
    outer loop
      vertex -52.2064 35.0381 42
      vertex -50.6838 33.1828 42
      vertex -51.7334 35.3888 42
    endloop
  endfacet
  facet normal 0 0 1
    outer loop
      vertex -50.6838 33.1828 42
      vertex -52.2064 35.0381 42
      vertex -50.9456 32.9456 42
    endloop
  endfacet
  facet normal -0 0 1
    outer loop
      vertex -52.6426 34.6426 42
      vertex -50.9456 32.9456 42
      vertex -52.2064 35.0381 42
    endloop
  endfacet
  facet normal 0 0 1
    outer loop
      vertex -50.9456 32.9456 42
      vertex -52.6426 34.6426 42
      vertex -51.1828 32.6838 42
    endloop
  endfacet
  facet normal -0 0 1
    outer loop
      vertex -53.0381 34.2064 42
      vertex -51.1828 32.6838 42
      vertex -52.6426 34.6426 42
    endloop
  endfacet
  facet normal 0 0 1
    outer loop
      vertex -51.1828 32.6838 42
      vertex -53.0381 34.2064 42
      vertex -51.3933 32.4 42
    endloop
  endfacet
  facet normal -0 0 1
    outer loop
      vertex -53.3888 33.7334 42
      vertex -51.3933 32.4 42
      vertex -53.0381 34.2064 42
    endloop
  endfacet
  facet normal 0 0 1
    outer loop
      vertex -51.3933 32.4 42
      vertex -53.3888 33.7334 42
      vertex -51.5749 32.097 42
    endloop
  endfacet
  facet normal -0 0 1
    outer loop
      vertex -53.9433 32.6961 42
      vertex -51.726 31.7776 42
      vertex -53.6915 33.2284 42
    endloop
  endfacet
  facet normal 0 0 1
    outer loop
      vertex -51.5749 32.097 42
      vertex -53.6915 33.2284 42
      vertex -51.726 31.7776 42
    endloop
  endfacet
  facet normal -0 0 1
    outer loop
      vertex -53.6915 33.2284 42
      vertex -51.5749 32.097 42
      vertex -53.3888 33.7334 42
    endloop
  endfacet
  facet normal 0 0 1
    outer loop
      vertex 53.9433 -32.6961 42
      vertex 51.726 -31.7776 42
      vertex 53.6915 -33.2284 42
    endloop
  endfacet
  facet normal -0 0 1
    outer loop
      vertex 51.5749 -32.097 42
      vertex 53.6915 -33.2284 42
      vertex 51.726 -31.7776 42
    endloop
  endfacet
  facet normal 0 0 1
    outer loop
      vertex 53.6915 -33.2284 42
      vertex 51.5749 -32.097 42
      vertex 53.3888 -33.7334 42
    endloop
  endfacet
  facet normal -0 0 1
    outer loop
      vertex 51.3933 -32.4 42
      vertex 53.3888 -33.7334 42
      vertex 51.5749 -32.097 42
    endloop
  endfacet
  facet normal 0 0 1
    outer loop
      vertex 53.3888 -33.7334 42
      vertex 51.3933 -32.4 42
      vertex 53.0381 -34.2064 42
    endloop
  endfacet
  facet normal -0 0 1
    outer loop
      vertex 51.1828 -32.6838 42
      vertex 53.0381 -34.2064 42
      vertex 51.3933 -32.4 42
    endloop
  endfacet
  facet normal 0 0 1
    outer loop
      vertex 53.0381 -34.2064 42
      vertex 51.1828 -32.6838 42
      vertex 52.6426 -34.6426 42
    endloop
  endfacet
  facet normal -0 0 1
    outer loop
      vertex 50.9456 -32.9456 42
      vertex 52.6426 -34.6426 42
      vertex 51.1828 -32.6838 42
    endloop
  endfacet
  facet normal 0 0 1
    outer loop
      vertex 52.6426 -34.6426 42
      vertex 50.9456 -32.9456 42
      vertex 52.2064 -35.0381 42
    endloop
  endfacet
  facet normal -0 0 1
    outer loop
      vertex 50.6838 -33.1828 42
      vertex 52.2064 -35.0381 42
      vertex 50.9456 -32.9456 42
    endloop
  endfacet
  facet normal 0 0 1
    outer loop
      vertex 52.2064 -35.0381 42
      vertex 50.6838 -33.1828 42
      vertex 51.7334 -35.3888 42
    endloop
  endfacet
  facet normal -0 0 1
    outer loop
      vertex 50.4 -33.3933 42
      vertex 51.7334 -35.3888 42
      vertex 50.6838 -33.1828 42
    endloop
  endfacet
  facet normal 0 0 1
    outer loop
      vertex 51.7334 -35.3888 42
      vertex 50.4 -33.3933 42
      vertex 51.2284 -35.6915 42
    endloop
  endfacet
  facet normal -0 0 1
    outer loop
      vertex 50.097 -33.5749 42
      vertex 51.2284 -35.6915 42
      vertex 50.4 -33.3933 42
    endloop
  endfacet
  facet normal 0 0 1
    outer loop
      vertex 51.2284 -35.6915 42
      vertex 50.097 -33.5749 42
      vertex 50.6961 -35.9433 42
    endloop
  endfacet
  facet normal -0 0 1
    outer loop
      vertex 49.7776 -33.726 42
      vertex 50.6961 -35.9433 42
      vertex 50.097 -33.5749 42
    endloop
  endfacet
  facet normal 0 0 1
    outer loop
      vertex 50.6961 -35.9433 42
      vertex 49.7776 -33.726 42
      vertex 50.1417 -36.1416 42
    endloop
  endfacet
  facet normal -0 0 1
    outer loop
      vertex 49.445 -33.845 42
      vertex 50.1417 -36.1416 42
      vertex 49.7776 -33.726 42
    endloop
  endfacet
  facet normal 0 0 1
    outer loop
      vertex 50.1417 -36.1416 42
      vertex 49.445 -33.845 42
      vertex 49.5705 -36.2847 42
    endloop
  endfacet
  facet normal -0 0 1
    outer loop
      vertex 49.1023 -33.9308 42
      vertex 49.5705 -36.2847 42
      vertex 49.445 -33.845 42
    endloop
  endfacet
  facet normal 0 0 1
    outer loop
      vertex 49.1023 -33.9308 42
      vertex 48.9881 -36.3711 42
      vertex 49.5705 -36.2847 42
    endloop
  endfacet
  facet normal -0 0 1
    outer loop
      vertex 48.7529 -33.9827 42
      vertex 48.9881 -36.3711 42
      vertex 49.1023 -33.9308 42
    endloop
  endfacet
  facet normal -0 0 1
    outer loop
      vertex 48.4 -34 42
      vertex 48.9881 -36.3711 42
      vertex 48.7529 -33.9827 42
    endloop
  endfacet
  facet normal 0 0 1
    outer loop
      vertex 48.4 -34 42
      vertex 48.4 -36.4 42
      vertex 48.9881 -36.3711 42
    endloop
  endfacet
  facet normal -0 0 1
    outer loop
      vertex -48.4 -34 42
      vertex 48.4 -36.4 42
      vertex 48.4 -34 42
    endloop
  endfacet
  facet normal 0 0 1
    outer loop
      vertex -48.4 -34 42
      vertex -48.4 -36.4 42
      vertex 48.4 -36.4 42
    endloop
  endfacet
  facet normal 0 0 1
    outer loop
      vertex -48.7529 -33.9827 42
      vertex -48.4 -36.4 42
      vertex -48.4 -34 42
    endloop
  endfacet
  facet normal 0 0 1
    outer loop
      vertex -48.7529 -33.9827 42
      vertex -48.9881 -36.3711 42
      vertex -48.4 -36.4 42
    endloop
  endfacet
  facet normal 0 0 1
    outer loop
      vertex -49.1023 -33.9308 42
      vertex -48.9881 -36.3711 42
      vertex -48.7529 -33.9827 42
    endloop
  endfacet
  facet normal 0 0 1
    outer loop
      vertex -49.5705 -36.2847 42
      vertex -49.1023 -33.9308 42
      vertex -49.445 -33.845 42
    endloop
  endfacet
  facet normal 0 0 1
    outer loop
      vertex -49.1023 -33.9308 42
      vertex -49.5705 -36.2847 42
      vertex -48.9881 -36.3711 42
    endloop
  endfacet
  facet normal 0 0 1
    outer loop
      vertex -50.1417 -36.1416 42
      vertex -49.445 -33.845 42
      vertex -49.7776 -33.726 42
    endloop
  endfacet
  facet normal 0 0 1
    outer loop
      vertex -50.6961 -35.9433 42
      vertex -49.7776 -33.726 42
      vertex -50.097 -33.5749 42
    endloop
  endfacet
  facet normal 0 0 1
    outer loop
      vertex -49.445 -33.845 42
      vertex -50.1417 -36.1416 42
      vertex -49.5705 -36.2847 42
    endloop
  endfacet
  facet normal 0 0 1
    outer loop
      vertex -51.2284 -35.6915 42
      vertex -50.097 -33.5749 42
      vertex -50.4 -33.3933 42
    endloop
  endfacet
  facet normal 0 0 1
    outer loop
      vertex -51.7334 -35.3888 42
      vertex -50.4 -33.3933 42
      vertex -50.6838 -33.1828 42
    endloop
  endfacet
  facet normal 0 0 1
    outer loop
      vertex -49.7776 -33.726 42
      vertex -50.6961 -35.9433 42
      vertex -50.1417 -36.1416 42
    endloop
  endfacet
  facet normal 0 0 1
    outer loop
      vertex -52.2064 -35.0381 42
      vertex -50.6838 -33.1828 42
      vertex -50.9456 -32.9456 42
    endloop
  endfacet
  facet normal 0 0 1
    outer loop
      vertex -52.6426 -34.6426 42
      vertex -50.9456 -32.9456 42
      vertex -51.1828 -32.6838 42
    endloop
  endfacet
  facet normal 0 0 1
    outer loop
      vertex -50.097 -33.5749 42
      vertex -51.2284 -35.6915 42
      vertex -50.6961 -35.9433 42
    endloop
  endfacet
  facet normal 0 0 1
    outer loop
      vertex -53.0381 -34.2064 42
      vertex -51.1828 -32.6838 42
      vertex -51.3933 -32.4 42
    endloop
  endfacet
  facet normal 0 0 1
    outer loop
      vertex -53.3888 -33.7334 42
      vertex -51.3933 -32.4 42
      vertex -51.5749 -32.097 42
    endloop
  endfacet
  facet normal 0 0 1
    outer loop
      vertex -53.6915 -33.2284 42
      vertex -51.5749 -32.097 42
      vertex -51.726 -31.7776 42
    endloop
  endfacet
  facet normal 0 0 1
    outer loop
      vertex -50.4 -33.3933 42
      vertex -51.7334 -35.3888 42
      vertex -51.2284 -35.6915 42
    endloop
  endfacet
  facet normal 0 0 1
    outer loop
      vertex -53.9433 -32.6961 42
      vertex -51.726 -31.7776 42
      vertex -51.845 -31.445 42
    endloop
  endfacet
  facet normal 0 0 1
    outer loop
      vertex -54.1416 -32.1417 42
      vertex -51.845 -31.445 42
      vertex -51.9308 -31.1023 42
    endloop
  endfacet
  facet normal 0 0 1
    outer loop
      vertex -54.2847 -31.5705 42
      vertex -51.9308 -31.1023 42
      vertex -51.9827 -30.7529 42
    endloop
  endfacet
  facet normal 0 0 1
    outer loop
      vertex -50.6838 -33.1828 42
      vertex -52.2064 -35.0381 42
      vertex -51.7334 -35.3888 42
    endloop
  endfacet
  facet normal 0 0 1
    outer loop
      vertex -54.3711 -30.9881 42
      vertex -51.9827 -30.7529 42
      vertex -52 -30.4 42
    endloop
  endfacet
  facet normal 0 0 1
    outer loop
      vertex -52 30.4 42
      vertex -54.4 30.4 42
      vertex -52 -30.4 42
    endloop
  endfacet
  facet normal 0 0 1
    outer loop
      vertex -51.726 31.7776 42
      vertex -53.9433 32.6961 42
      vertex -51.845 31.445 42
    endloop
  endfacet
  facet normal 0 0 1
    outer loop
      vertex -54.4 -30.4 42
      vertex -52 -30.4 42
      vertex -54.4 30.4 42
    endloop
  endfacet
  facet normal -0 0 1
    outer loop
      vertex -54.1416 32.1417 42
      vertex -51.845 31.445 42
      vertex -53.9433 32.6961 42
    endloop
  endfacet
  facet normal 0 -0 1
    outer loop
      vertex -54.3711 -30.9881 42
      vertex -52 -30.4 42
      vertex -54.4 -30.4 42
    endloop
  endfacet
  facet normal 0 0 1
    outer loop
      vertex -51.845 31.445 42
      vertex -54.1416 32.1417 42
      vertex -51.9308 31.1023 42
    endloop
  endfacet
  facet normal 0 0 1
    outer loop
      vertex -50.9456 -32.9456 42
      vertex -52.6426 -34.6426 42
      vertex -52.2064 -35.0381 42
    endloop
  endfacet
  facet normal -0 0 1
    outer loop
      vertex -54.2847 31.5705 42
      vertex -51.9308 31.1023 42
      vertex -54.1416 32.1417 42
    endloop
  endfacet
  facet normal 0 0 1
    outer loop
      vertex -51.1828 -32.6838 42
      vertex -53.0381 -34.2064 42
      vertex -52.6426 -34.6426 42
    endloop
  endfacet
  facet normal 0 0 1
    outer loop
      vertex -51.9308 31.1023 42
      vertex -54.2847 31.5705 42
      vertex -51.9827 30.7529 42
    endloop
  endfacet
  facet normal 0 0 1
    outer loop
      vertex -51.3933 -32.4 42
      vertex -53.3888 -33.7334 42
      vertex -53.0381 -34.2064 42
    endloop
  endfacet
  facet normal -0 0 1
    outer loop
      vertex -54.3711 30.9881 42
      vertex -51.9827 30.7529 42
      vertex -54.2847 31.5705 42
    endloop
  endfacet
  facet normal 0 0 1
    outer loop
      vertex -51.5749 -32.097 42
      vertex -53.6915 -33.2284 42
      vertex -53.3888 -33.7334 42
    endloop
  endfacet
  facet normal 0 0 1
    outer loop
      vertex -51.9827 30.7529 42
      vertex -54.3711 30.9881 42
      vertex -52 30.4 42
    endloop
  endfacet
  facet normal 0 0 1
    outer loop
      vertex -51.726 -31.7776 42
      vertex -53.9433 -32.6961 42
      vertex -53.6915 -33.2284 42
    endloop
  endfacet
  facet normal 0 0 1
    outer loop
      vertex -52 30.4 42
      vertex -54.3711 30.9881 42
      vertex -54.4 30.4 42
    endloop
  endfacet
  facet normal 0 0 1
    outer loop
      vertex -51.845 -31.445 42
      vertex -54.1416 -32.1417 42
      vertex -53.9433 -32.6961 42
    endloop
  endfacet
  facet normal 0 0 1
    outer loop
      vertex -51.9308 -31.1023 42
      vertex -54.2847 -31.5705 42
      vertex -54.1416 -32.1417 42
    endloop
  endfacet
  facet normal 0 0 1
    outer loop
      vertex -51.9827 -30.7529 42
      vertex -54.3711 -30.9881 42
      vertex -54.2847 -31.5705 42
    endloop
  endfacet
  facet normal 0.427612 -0.903962 0
    outer loop
      vertex 50.6961 -35.9433 0
      vertex 51.2284 -35.6915 42
      vertex 50.6961 -35.9433 42
    endloop
  endfacet
  facet normal 0.427612 -0.903962 0
    outer loop
      vertex 51.2284 -35.6915 42
      vertex 50.6961 -35.9433 0
      vertex 51.2284 -35.6915 0
    endloop
  endfacet
  facet normal -0.903962 0.427612 0
    outer loop
      vertex -53.9433 32.6961 0
      vertex -53.6915 33.2284 42
      vertex -53.6915 33.2284 0
    endloop
  endfacet
  facet normal -0.903962 0.427612 0
    outer loop
      vertex -53.6915 33.2284 42
      vertex -53.9433 32.6961 0
      vertex -53.9433 32.6961 42
    endloop
  endfacet
  facet normal -0.857718 0.514121 0
    outer loop
      vertex -53.6915 33.2284 0
      vertex -53.3888 33.7334 42
      vertex -53.3888 33.7334 0
    endloop
  endfacet
  facet normal -0.857718 0.514121 0
    outer loop
      vertex -53.3888 33.7334 42
      vertex -53.6915 33.2284 0
      vertex -53.6915 33.2284 42
    endloop
  endfacet
  facet normal 0.146746 -0.989174 0
    outer loop
      vertex 48.9881 -36.3711 0
      vertex 49.5705 -36.2847 42
      vertex 48.9881 -36.3711 42
    endloop
  endfacet
  facet normal 0.146746 -0.989174 0
    outer loop
      vertex 49.5705 -36.2847 42
      vertex 48.9881 -36.3711 0
      vertex 49.5705 -36.2847 0
    endloop
  endfacet
  facet normal 0.803289 -0.595589 0
    outer loop
      vertex 53.0381 -34.2064 42
      vertex 53.3888 -33.7334 0
      vertex 53.3888 -33.7334 42
    endloop
  endfacet
  facet normal 0.803289 -0.595589 0
    outer loop
      vertex 53.3888 -33.7334 0
      vertex 53.0381 -34.2064 42
      vertex 53.0381 -34.2064 0
    endloop
  endfacet
  facet normal 0.998795 -0.0490821 0
    outer loop
      vertex 54.3711 -30.9881 42
      vertex 54.4 -30.4 0
      vertex 54.4 -30.4 42
    endloop
  endfacet
  facet normal 0.998795 -0.0490821 0
    outer loop
      vertex 54.4 -30.4 0
      vertex 54.3711 -30.9881 42
      vertex 54.3711 -30.9881 0
    endloop
  endfacet
  facet normal 0.989174 0.146746 0
    outer loop
      vertex 54.3711 30.9881 42
      vertex 54.2847 31.5705 0
      vertex 54.2847 31.5705 42
    endloop
  endfacet
  facet normal 0.989174 0.146746 0
    outer loop
      vertex 54.2847 31.5705 0
      vertex 54.3711 30.9881 42
      vertex 54.3711 30.9881 0
    endloop
  endfacet
  facet normal 0.595589 -0.803289 0
    outer loop
      vertex 51.7334 -35.3888 0
      vertex 52.2064 -35.0381 42
      vertex 51.7334 -35.3888 42
    endloop
  endfacet
  facet normal 0.595589 -0.803289 0
    outer loop
      vertex 52.2064 -35.0381 42
      vertex 51.7334 -35.3888 0
      vertex 52.2064 -35.0381 0
    endloop
  endfacet
  facet normal 0.970023 -0.243015 0
    outer loop
      vertex 54.1416 -32.1417 42
      vertex 54.2847 -31.5705 0
      vertex 54.2847 -31.5705 42
    endloop
  endfacet
  facet normal 0.970023 -0.243015 0
    outer loop
      vertex 54.2847 -31.5705 0
      vertex 54.1416 -32.1417 42
      vertex 54.1416 -32.1417 0
    endloop
  endfacet
  facet normal 0.740823 -0.6717 0
    outer loop
      vertex 52.6426 -34.6426 42
      vertex 53.0381 -34.2064 0
      vertex 53.0381 -34.2064 42
    endloop
  endfacet
  facet normal 0.740823 -0.6717 0
    outer loop
      vertex 53.0381 -34.2064 0
      vertex 52.6426 -34.6426 42
      vertex 52.6426 -34.6426 0
    endloop
  endfacet
  facet normal 0.903962 -0.427612 0
    outer loop
      vertex 53.6915 -33.2284 42
      vertex 53.9433 -32.6961 0
      vertex 53.9433 -32.6961 42
    endloop
  endfacet
  facet normal 0.903962 -0.427612 0
    outer loop
      vertex 53.9433 -32.6961 0
      vertex 53.6915 -33.2284 42
      vertex 53.6915 -33.2284 0
    endloop
  endfacet
  facet normal 0 0 -1
    outer loop
      vertex 48.4 -36.4 0
      vertex 54.4 -30.4 0
      vertex 54.3711 -30.9881 0
    endloop
  endfacet
  facet normal -0 0 -1
    outer loop
      vertex 54.4 -30.4 0
      vertex 48.4 -36.4 0
      vertex 54.4 30.4 0
    endloop
  endfacet
  facet normal 0 0 -1
    outer loop
      vertex 48.4 -36.4 0
      vertex 54.3711 -30.9881 0
      vertex 54.2847 -31.5705 0
    endloop
  endfacet
  facet normal 0 0 -1
    outer loop
      vertex 48.4 36.4 0
      vertex 54.4 30.4 0
      vertex 48.4 -36.4 0
    endloop
  endfacet
  facet normal 0 0 -1
    outer loop
      vertex 48.4 -36.4 0
      vertex 54.2847 -31.5705 0
      vertex 54.1416 -32.1417 0
    endloop
  endfacet
  facet normal 0 0 -1
    outer loop
      vertex 54.4 30.4 0
      vertex 48.4 36.4 0
      vertex 54.3711 30.9881 0
    endloop
  endfacet
  facet normal 0 0 -1
    outer loop
      vertex 48.4 -36.4 0
      vertex 54.1416 -32.1417 0
      vertex 53.9433 -32.6961 0
    endloop
  endfacet
  facet normal 0 0 -1
    outer loop
      vertex 54.3711 30.9881 0
      vertex 48.4 36.4 0
      vertex 54.2847 31.5705 0
    endloop
  endfacet
  facet normal 0 0 -1
    outer loop
      vertex 48.4 -36.4 0
      vertex 53.9433 -32.6961 0
      vertex 53.6915 -33.2284 0
    endloop
  endfacet
  facet normal 0 0 -1
    outer loop
      vertex 54.2847 31.5705 0
      vertex 48.4 36.4 0
      vertex 54.1416 32.1417 0
    endloop
  endfacet
  facet normal 0 0 -1
    outer loop
      vertex 48.4 -36.4 0
      vertex 53.6915 -33.2284 0
      vertex 53.3888 -33.7334 0
    endloop
  endfacet
  facet normal 0 0 -1
    outer loop
      vertex 54.1416 32.1417 0
      vertex 48.4 36.4 0
      vertex 53.9433 32.6961 0
    endloop
  endfacet
  facet normal 0 0 -1
    outer loop
      vertex 48.4 -36.4 0
      vertex 53.3888 -33.7334 0
      vertex 53.0381 -34.2064 0
    endloop
  endfacet
  facet normal 0 0 -1
    outer loop
      vertex 53.9433 32.6961 0
      vertex 48.4 36.4 0
      vertex 53.6915 33.2284 0
    endloop
  endfacet
  facet normal 0 0 -1
    outer loop
      vertex 48.4 -36.4 0
      vertex 53.0381 -34.2064 0
      vertex 52.6426 -34.6426 0
    endloop
  endfacet
  facet normal 0 0 -1
    outer loop
      vertex 53.6915 33.2284 0
      vertex 48.4 36.4 0
      vertex 53.3888 33.7334 0
    endloop
  endfacet
  facet normal 0 0 -1
    outer loop
      vertex 48.4 -36.4 0
      vertex 52.6426 -34.6426 0
      vertex 52.2064 -35.0381 0
    endloop
  endfacet
  facet normal 0 0 -1
    outer loop
      vertex 53.3888 33.7334 0
      vertex 48.4 36.4 0
      vertex 53.0381 34.2064 0
    endloop
  endfacet
  facet normal 0 0 -1
    outer loop
      vertex 48.4 -36.4 0
      vertex 52.2064 -35.0381 0
      vertex 51.7334 -35.3888 0
    endloop
  endfacet
  facet normal 0 0 -1
    outer loop
      vertex 53.0381 34.2064 0
      vertex 48.4 36.4 0
      vertex 52.6426 34.6426 0
    endloop
  endfacet
  facet normal 0 0 -1
    outer loop
      vertex 48.4 -36.4 0
      vertex 51.7334 -35.3888 0
      vertex 51.2284 -35.6915 0
    endloop
  endfacet
  facet normal 0 0 -1
    outer loop
      vertex 52.6426 34.6426 0
      vertex 48.4 36.4 0
      vertex 52.2064 35.0381 0
    endloop
  endfacet
  facet normal 0 0 -1
    outer loop
      vertex 48.4 -36.4 0
      vertex 51.2284 -35.6915 0
      vertex 50.6961 -35.9433 0
    endloop
  endfacet
  facet normal 0 0 -1
    outer loop
      vertex 52.2064 35.0381 0
      vertex 48.4 36.4 0
      vertex 51.7334 35.3888 0
    endloop
  endfacet
  facet normal 0 0 -1
    outer loop
      vertex 48.4 -36.4 0
      vertex 50.6961 -35.9433 0
      vertex 50.1417 -36.1416 0
    endloop
  endfacet
  facet normal 0 0 -1
    outer loop
      vertex 51.7334 35.3888 0
      vertex 48.4 36.4 0
      vertex 51.2284 35.6915 0
    endloop
  endfacet
  facet normal 0 0 -1
    outer loop
      vertex 48.4 -36.4 0
      vertex 50.1417 -36.1416 0
      vertex 49.5705 -36.2847 0
    endloop
  endfacet
  facet normal 0 0 -1
    outer loop
      vertex 51.2284 35.6915 0
      vertex 48.4 36.4 0
      vertex 50.6961 35.9433 0
    endloop
  endfacet
  facet normal 0 0 -1
    outer loop
      vertex 48.4 -36.4 0
      vertex 49.5705 -36.2847 0
      vertex 48.9881 -36.3711 0
    endloop
  endfacet
  facet normal 0 0 -1
    outer loop
      vertex 50.6961 35.9433 0
      vertex 48.4 36.4 0
      vertex 50.1417 36.1416 0
    endloop
  endfacet
  facet normal 0 0 -1
    outer loop
      vertex 50.1417 36.1416 0
      vertex 48.4 36.4 0
      vertex 49.5705 36.2847 0
    endloop
  endfacet
  facet normal 0 0 -1
    outer loop
      vertex 49.5705 36.2847 0
      vertex 48.4 36.4 0
      vertex 48.9881 36.3711 0
    endloop
  endfacet
  facet normal 0 0 -1
    outer loop
      vertex -48.4 -36.4 0
      vertex 48.4 36.4 0
      vertex 48.4 -36.4 0
    endloop
  endfacet
  facet normal 0 0 -1
    outer loop
      vertex -48.4 -36.4 0
      vertex -48.4 36.4 0
      vertex 48.4 36.4 0
    endloop
  endfacet
  facet normal 0 0 -1
    outer loop
      vertex -54.4 -30.4 0
      vertex -48.4 -36.4 0
      vertex -48.9881 -36.3711 0
    endloop
  endfacet
  facet normal 0 0 -1
    outer loop
      vertex -48.4 -36.4 0
      vertex -54.4 -30.4 0
      vertex -48.4 36.4 0
    endloop
  endfacet
  facet normal 0 0 -1
    outer loop
      vertex -54.4 -30.4 0
      vertex -48.9881 -36.3711 0
      vertex -49.5705 -36.2847 0
    endloop
  endfacet
  facet normal 0 0 -1
    outer loop
      vertex -54.4 30.4 0
      vertex -48.4 36.4 0
      vertex -54.4 -30.4 0
    endloop
  endfacet
  facet normal 0 0 -1
    outer loop
      vertex -54.4 -30.4 0
      vertex -49.5705 -36.2847 0
      vertex -50.1417 -36.1416 0
    endloop
  endfacet
  facet normal 0 0 -1
    outer loop
      vertex -48.4 36.4 0
      vertex -54.4 30.4 0
      vertex -48.9881 36.3711 0
    endloop
  endfacet
  facet normal 0 0 -1
    outer loop
      vertex -54.4 -30.4 0
      vertex -50.1417 -36.1416 0
      vertex -50.6961 -35.9433 0
    endloop
  endfacet
  facet normal 0 0 -1
    outer loop
      vertex -48.9881 36.3711 0
      vertex -54.4 30.4 0
      vertex -49.5705 36.2847 0
    endloop
  endfacet
  facet normal 0 0 -1
    outer loop
      vertex -54.4 -30.4 0
      vertex -50.6961 -35.9433 0
      vertex -51.2284 -35.6915 0
    endloop
  endfacet
  facet normal 0 0 -1
    outer loop
      vertex -49.5705 36.2847 0
      vertex -54.4 30.4 0
      vertex -50.1417 36.1416 0
    endloop
  endfacet
  facet normal 0 0 -1
    outer loop
      vertex -54.4 -30.4 0
      vertex -51.2284 -35.6915 0
      vertex -51.7334 -35.3888 0
    endloop
  endfacet
  facet normal 0 0 -1
    outer loop
      vertex -50.1417 36.1416 0
      vertex -54.4 30.4 0
      vertex -50.6961 35.9433 0
    endloop
  endfacet
  facet normal 0 0 -1
    outer loop
      vertex -54.4 -30.4 0
      vertex -51.7334 -35.3888 0
      vertex -52.2064 -35.0381 0
    endloop
  endfacet
  facet normal 0 0 -1
    outer loop
      vertex -50.6961 35.9433 0
      vertex -54.4 30.4 0
      vertex -51.2284 35.6915 0
    endloop
  endfacet
  facet normal 0 0 -1
    outer loop
      vertex -54.4 -30.4 0
      vertex -52.2064 -35.0381 0
      vertex -52.6426 -34.6426 0
    endloop
  endfacet
  facet normal 0 0 -1
    outer loop
      vertex -51.2284 35.6915 0
      vertex -54.4 30.4 0
      vertex -51.7334 35.3888 0
    endloop
  endfacet
  facet normal 0 0 -1
    outer loop
      vertex -54.4 -30.4 0
      vertex -52.6426 -34.6426 0
      vertex -53.0381 -34.2064 0
    endloop
  endfacet
  facet normal 0 0 -1
    outer loop
      vertex -51.7334 35.3888 0
      vertex -54.4 30.4 0
      vertex -52.2064 35.0381 0
    endloop
  endfacet
  facet normal 0 0 -1
    outer loop
      vertex -54.4 -30.4 0
      vertex -53.0381 -34.2064 0
      vertex -53.3888 -33.7334 0
    endloop
  endfacet
  facet normal 0 0 -1
    outer loop
      vertex -52.2064 35.0381 0
      vertex -54.4 30.4 0
      vertex -52.6426 34.6426 0
    endloop
  endfacet
  facet normal 0 0 -1
    outer loop
      vertex -54.4 -30.4 0
      vertex -53.3888 -33.7334 0
      vertex -53.6915 -33.2284 0
    endloop
  endfacet
  facet normal 0 0 -1
    outer loop
      vertex -52.6426 34.6426 0
      vertex -54.4 30.4 0
      vertex -53.0381 34.2064 0
    endloop
  endfacet
  facet normal 0 0 -1
    outer loop
      vertex -54.4 -30.4 0
      vertex -53.6915 -33.2284 0
      vertex -53.9433 -32.6961 0
    endloop
  endfacet
  facet normal 0 0 -1
    outer loop
      vertex -53.0381 34.2064 0
      vertex -54.4 30.4 0
      vertex -53.3888 33.7334 0
    endloop
  endfacet
  facet normal 0 0 -1
    outer loop
      vertex -54.4 -30.4 0
      vertex -53.9433 -32.6961 0
      vertex -54.1416 -32.1417 0
    endloop
  endfacet
  facet normal 0 0 -1
    outer loop
      vertex -53.3888 33.7334 0
      vertex -54.4 30.4 0
      vertex -53.6915 33.2284 0
    endloop
  endfacet
  facet normal 0 0 -1
    outer loop
      vertex -54.4 -30.4 0
      vertex -54.1416 -32.1417 0
      vertex -54.2847 -31.5705 0
    endloop
  endfacet
  facet normal 0 0 -1
    outer loop
      vertex -53.6915 33.2284 0
      vertex -54.4 30.4 0
      vertex -53.9433 32.6961 0
    endloop
  endfacet
  facet normal 0 0 -1
    outer loop
      vertex -54.4 -30.4 0
      vertex -54.2847 -31.5705 0
      vertex -54.3711 -30.9881 0
    endloop
  endfacet
  facet normal 0 0 -1
    outer loop
      vertex -53.9433 32.6961 0
      vertex -54.4 30.4 0
      vertex -54.1416 32.1417 0
    endloop
  endfacet
  facet normal 0 0 -1
    outer loop
      vertex -54.1416 32.1417 0
      vertex -54.4 30.4 0
      vertex -54.2847 31.5705 0
    endloop
  endfacet
  facet normal 0 0 -1
    outer loop
      vertex -54.2847 31.5705 0
      vertex -54.4 30.4 0
      vertex -54.3711 30.9881 0
    endloop
  endfacet
  facet normal -0.0489636 0.998801 0
    outer loop
      vertex 48.7529 -33.9827 38.79
      vertex 48.4 -34 42
      vertex 48.7529 -33.9827 42
    endloop
  endfacet
  facet normal -0.0489636 0.998801 0
    outer loop
      vertex 48.4 -34 42
      vertex 48.7529 -33.9827 38.79
      vertex 48.4 -34 38.79
    endloop
  endfacet
  facet normal 0.998801 -0.0489636 0
    outer loop
      vertex -52 30.4 42
      vertex -51.9827 30.7529 38.79
      vertex -51.9827 30.7529 42
    endloop
  endfacet
  facet normal 0.998801 -0.0489636 0
    outer loop
      vertex -51.9827 30.7529 38.79
      vertex -52 30.4 42
      vertex -52 30.4 38.79
    endloop
  endfacet
  facet normal 1 0 0
    outer loop
      vertex -52 30.4 42
      vertex -52 29.0528 38.79
      vertex -52 30.4 38.79
    endloop
  endfacet
  facet normal 1 0 0
    outer loop
      vertex -52 29.0528 38.79
      vertex -52 -29.0528 38.79
      vertex -52 29.0528 2.4
    endloop
  endfacet
  facet normal 1 0 0
    outer loop
      vertex -52 30.4 42
      vertex -52 -29.0528 38.79
      vertex -52 29.0528 38.79
    endloop
  endfacet
  facet normal 1 -0 0
    outer loop
      vertex -52 -30.4 42
      vertex -52 -29.0528 38.79
      vertex -52 30.4 42
    endloop
  endfacet
  facet normal 1 0 0
    outer loop
      vertex -52 -29.0528 38.79
      vertex -52 -30.4 42
      vertex -52 -30.4 38.79
    endloop
  endfacet
  facet normal 1 0 0
    outer loop
      vertex -52 29.0528 2.4
      vertex -52 -29.0528 38.79
      vertex -52 -29.0528 2.4
    endloop
  endfacet
  facet normal 0.0489636 0.998801 -0
    outer loop
      vertex -48.4 -34 38.79
      vertex -48.7529 -33.9827 42
      vertex -48.4 -34 42
    endloop
  endfacet
  facet normal 0.0489636 0.998801 0
    outer loop
      vertex -48.7529 -33.9827 42
      vertex -48.4 -34 38.79
      vertex -48.7529 -33.9827 38.79
    endloop
  endfacet
  facet normal -0.336874 0.94155 0
    outer loop
      vertex 49.7776 -33.726 38.79
      vertex 49.445 -33.845 42
      vertex 49.7776 -33.726 42
    endloop
  endfacet
  facet normal -0.336874 0.94155 0
    outer loop
      vertex 49.445 -33.845 42
      vertex 49.7776 -33.726 38.79
      vertex 49.445 -33.845 38.79
    endloop
  endfacet
  facet normal 0.94155 -0.336874 0
    outer loop
      vertex -51.845 31.445 42
      vertex -51.726 31.7776 38.79
      vertex -51.726 31.7776 42
    endloop
  endfacet
  facet normal 0.94155 -0.336874 0
    outer loop
      vertex -51.726 31.7776 38.79
      vertex -51.845 31.445 42
      vertex -51.845 31.445 38.79
    endloop
  endfacet
  facet normal 0.242869 -0.970059 0
    outer loop
      vertex -49.445 33.845 38.79
      vertex -49.1023 33.9308 42
      vertex -49.445 33.845 42
    endloop
  endfacet
  facet normal 0.242869 -0.970059 0
    outer loop
      vertex -49.1023 33.9308 42
      vertex -49.445 33.845 38.79
      vertex -49.1023 33.9308 38.79
    endloop
  endfacet
  facet normal 0.857743 0.514079 0
    outer loop
      vertex -51.3933 -32.4 42
      vertex -51.5749 -32.097 38.79
      vertex -51.5749 -32.097 42
    endloop
  endfacet
  facet normal 0.857743 0.514079 0
    outer loop
      vertex -51.5749 -32.097 38.79
      vertex -51.3933 -32.4 42
      vertex -51.3933 -32.4 38.79
    endloop
  endfacet
  facet normal -0.94155 0.336874 0
    outer loop
      vertex 51.726 -31.7776 38.79
      vertex 51.845 -31.445 42
      vertex 51.845 -31.445 38.79
    endloop
  endfacet
  facet normal -0.94155 0.336874 0
    outer loop
      vertex 51.845 -31.445 42
      vertex 51.726 -31.7776 38.79
      vertex 51.726 -31.7776 42
    endloop
  endfacet
  facet normal 0 1 -0
    outer loop
      vertex 47.0528 -34 2.4
      vertex -47.0528 -34 38.79
      vertex 47.0528 -34 38.79
    endloop
  endfacet
  facet normal 0 1 0
    outer loop
      vertex -47.0528 -34 38.79
      vertex 47.0528 -34 2.4
      vertex -47.0528 -34 2.4
    endloop
  endfacet
  facet normal 0 1 0
    outer loop
      vertex 47.0528 -34 38.79
      vertex 48.4 -34 42
      vertex 48.4 -34 38.79
    endloop
  endfacet
  facet normal 0 1 0
    outer loop
      vertex 48.4 -34 42
      vertex 47.0528 -34 38.79
      vertex -48.4 -34 42
    endloop
  endfacet
  facet normal 0 1 -0
    outer loop
      vertex -47.0528 -34 38.79
      vertex -48.4 -34 42
      vertex 47.0528 -34 38.79
    endloop
  endfacet
  facet normal 0 1 0
    outer loop
      vertex -48.4 -34 42
      vertex -47.0528 -34 38.79
      vertex -48.4 -34 38.79
    endloop
  endfacet
  facet normal -0.146928 -0.989147 0
    outer loop
      vertex 48.7529 33.9827 38.79
      vertex 49.1023 33.9308 42
      vertex 48.7529 33.9827 42
    endloop
  endfacet
  facet normal -0.146928 -0.989147 -0
    outer loop
      vertex 49.1023 33.9308 42
      vertex 48.7529 33.9827 38.79
      vertex 49.1023 33.9308 38.79
    endloop
  endfacet
  facet normal 0.427636 0.903951 -0
    outer loop
      vertex -49.7776 -33.726 38.79
      vertex -50.097 -33.5749 42
      vertex -49.7776 -33.726 42
    endloop
  endfacet
  facet normal 0.427636 0.903951 0
    outer loop
      vertex -50.097 -33.5749 42
      vertex -49.7776 -33.726 38.79
      vertex -50.097 -33.5749 38.79
    endloop
  endfacet
  facet normal 0 -1 0
    outer loop
      vertex -2 34 15.4
      vertex -47.0528 34 38.79
      vertex -28 34 15.4
    endloop
  endfacet
  facet normal 0 -1 0
    outer loop
      vertex -47.0528 34 2.4
      vertex -28 34 15.4
      vertex -47.0528 34 38.79
    endloop
  endfacet
  facet normal 0 -1 -0
    outer loop
      vertex -28 34 6.4
      vertex -47.0528 34 2.4
      vertex -2 34 6.4
    endloop
  endfacet
  facet normal 0 -1 -0
    outer loop
      vertex -28 34 15.4
      vertex -47.0528 34 2.4
      vertex -28 34 6.4
    endloop
  endfacet
  facet normal 0 -1 0
    outer loop
      vertex -47.0528 34 38.79
      vertex -48.4 34 42
      vertex -48.4 34 38.79
    endloop
  endfacet
  facet normal 0 -1 0
    outer loop
      vertex -48.4 34 42
      vertex -47.0528 34 38.79
      vertex 48.4 34 42
    endloop
  endfacet
  facet normal 0 -1 0
    outer loop
      vertex 47.0528 34 38.79
      vertex 48.4 34 42
      vertex -47.0528 34 38.79
    endloop
  endfacet
  facet normal 0 -1 -0
    outer loop
      vertex 48.4 34 42
      vertex 47.0528 34 38.79
      vertex 48.4 34 38.79
    endloop
  endfacet
  facet normal 0 -1 0
    outer loop
      vertex -47.0528 34 38.79
      vertex -2 34 15.4
      vertex 47.0528 34 38.79
    endloop
  endfacet
  facet normal 0 -1 0
    outer loop
      vertex 47.0528 34 2.4
      vertex -2 34 15.4
      vertex -2 34 6.4
    endloop
  endfacet
  facet normal 0 -1 0
    outer loop
      vertex -2 34 15.4
      vertex 47.0528 34 2.4
      vertex 47.0528 34 38.79
    endloop
  endfacet
  facet normal 0 -1 0
    outer loop
      vertex 47.0528 34 2.4
      vertex -2 34 6.4
      vertex -47.0528 34 2.4
    endloop
  endfacet
  facet normal 0.146928 -0.989147 0
    outer loop
      vertex -49.1023 33.9308 38.79
      vertex -48.7529 33.9827 42
      vertex -49.1023 33.9308 42
    endloop
  endfacet
  facet normal 0.146928 -0.989147 0
    outer loop
      vertex -48.7529 33.9827 42
      vertex -49.1023 33.9308 38.79
      vertex -48.7529 33.9827 38.79
    endloop
  endfacet
  facet normal 0.741066 -0.671432 0
    outer loop
      vertex -51.1828 32.6838 42
      vertex -50.9456 32.9456 38.79
      vertex -50.9456 32.9456 42
    endloop
  endfacet
  facet normal 0.741066 -0.671432 0
    outer loop
      vertex -50.9456 32.9456 38.79
      vertex -51.1828 32.6838 42
      vertex -51.1828 32.6838 38.79
    endloop
  endfacet
  facet normal -0.427636 -0.903951 0
    outer loop
      vertex 49.7776 33.726 38.79
      vertex 50.097 33.5749 42
      vertex 49.7776 33.726 42
    endloop
  endfacet
  facet normal -0.427636 -0.903951 -0
    outer loop
      vertex 50.097 33.5749 42
      vertex 49.7776 33.726 38.79
      vertex 50.097 33.5749 38.79
    endloop
  endfacet
  facet normal 0.336874 -0.94155 0
    outer loop
      vertex -49.7776 33.726 38.79
      vertex -49.445 33.845 42
      vertex -49.7776 33.726 42
    endloop
  endfacet
  facet normal 0.336874 -0.94155 0
    outer loop
      vertex -49.445 33.845 42
      vertex -49.7776 33.726 38.79
      vertex -49.445 33.845 38.79
    endloop
  endfacet
  facet normal 0.803181 0.595735 0
    outer loop
      vertex -51.1828 -32.6838 42
      vertex -51.3933 -32.4 38.79
      vertex -51.3933 -32.4 42
    endloop
  endfacet
  facet normal 0.803181 0.595735 0
    outer loop
      vertex -51.3933 -32.4 38.79
      vertex -51.1828 -32.6838 42
      vertex -51.1828 -32.6838 38.79
    endloop
  endfacet
  facet normal 0.514079 0.857743 -0
    outer loop
      vertex -50.097 -33.5749 38.79
      vertex -50.4 -33.3933 42
      vertex -50.097 -33.5749 42
    endloop
  endfacet
  facet normal 0.514079 0.857743 0
    outer loop
      vertex -50.4 -33.3933 42
      vertex -50.097 -33.5749 38.79
      vertex -50.4 -33.3933 38.79
    endloop
  endfacet
  facet normal -0.94155 -0.336874 0
    outer loop
      vertex 51.845 31.445 38.79
      vertex 51.726 31.7776 42
      vertex 51.726 31.7776 38.79
    endloop
  endfacet
  facet normal -0.94155 -0.336874 0
    outer loop
      vertex 51.726 31.7776 42
      vertex 51.845 31.445 38.79
      vertex 51.845 31.445 42
    endloop
  endfacet
  facet normal -0.0489636 -0.998801 0
    outer loop
      vertex 48.4 34 38.79
      vertex 48.7529 33.9827 42
      vertex 48.4 34 42
    endloop
  endfacet
  facet normal -0.0489636 -0.998801 -0
    outer loop
      vertex 48.7529 33.9827 42
      vertex 48.4 34 38.79
      vertex 48.7529 33.9827 38.79
    endloop
  endfacet
  facet normal -0.903951 -0.427636 0
    outer loop
      vertex 51.726 31.7776 38.79
      vertex 51.5749 32.097 42
      vertex 51.5749 32.097 38.79
    endloop
  endfacet
  facet normal -0.903951 -0.427636 0
    outer loop
      vertex 51.5749 32.097 42
      vertex 51.726 31.7776 38.79
      vertex 51.726 31.7776 42
    endloop
  endfacet
  facet normal 0.970059 0.242869 0
    outer loop
      vertex -51.845 -31.445 42
      vertex -51.9308 -31.1023 38.79
      vertex -51.9308 -31.1023 42
    endloop
  endfacet
  facet normal 0.970059 0.242869 0
    outer loop
      vertex -51.9308 -31.1023 38.79
      vertex -51.845 -31.445 42
      vertex -51.845 -31.445 38.79
    endloop
  endfacet
  facet normal 0.803181 -0.595735 0
    outer loop
      vertex -51.3933 32.4 42
      vertex -51.1828 32.6838 38.79
      vertex -51.1828 32.6838 42
    endloop
  endfacet
  facet normal 0.803181 -0.595735 0
    outer loop
      vertex -51.1828 32.6838 38.79
      vertex -51.3933 32.4 42
      vertex -51.3933 32.4 38.79
    endloop
  endfacet
  facet normal -0.741066 0.671432 0
    outer loop
      vertex 50.9456 -32.9456 38.79
      vertex 51.1828 -32.6838 42
      vertex 51.1828 -32.6838 38.79
    endloop
  endfacet
  facet normal -0.741066 0.671432 0
    outer loop
      vertex 51.1828 -32.6838 42
      vertex 50.9456 -32.9456 38.79
      vertex 50.9456 -32.9456 42
    endloop
  endfacet
  facet normal 0.671432 -0.741066 0
    outer loop
      vertex -50.9456 32.9456 38.79
      vertex -50.6838 33.1828 42
      vertex -50.9456 32.9456 42
    endloop
  endfacet
  facet normal 0.671432 -0.741066 0
    outer loop
      vertex -50.6838 33.1828 42
      vertex -50.9456 32.9456 38.79
      vertex -50.6838 33.1828 38.79
    endloop
  endfacet
  facet normal 0.0489636 -0.998801 0
    outer loop
      vertex -48.7529 33.9827 38.79
      vertex -48.4 34 42
      vertex -48.7529 33.9827 42
    endloop
  endfacet
  facet normal 0.0489636 -0.998801 0
    outer loop
      vertex -48.4 34 42
      vertex -48.7529 33.9827 38.79
      vertex -48.4 34 38.79
    endloop
  endfacet
  facet normal -0.336874 -0.94155 0
    outer loop
      vertex 49.445 33.845 38.79
      vertex 49.7776 33.726 42
      vertex 49.445 33.845 42
    endloop
  endfacet
  facet normal -0.336874 -0.94155 -0
    outer loop
      vertex 49.7776 33.726 42
      vertex 49.445 33.845 38.79
      vertex 49.7776 33.726 38.79
    endloop
  endfacet
  facet normal -0.741066 -0.671432 0
    outer loop
      vertex 51.1828 32.6838 38.79
      vertex 50.9456 32.9456 42
      vertex 50.9456 32.9456 38.79
    endloop
  endfacet
  facet normal -0.741066 -0.671432 0
    outer loop
      vertex 50.9456 32.9456 42
      vertex 51.1828 32.6838 38.79
      vertex 51.1828 32.6838 42
    endloop
  endfacet
  facet normal 0.146928 0.989147 -0
    outer loop
      vertex -48.7529 -33.9827 38.79
      vertex -49.1023 -33.9308 42
      vertex -48.7529 -33.9827 42
    endloop
  endfacet
  facet normal 0.146928 0.989147 0
    outer loop
      vertex -49.1023 -33.9308 42
      vertex -48.7529 -33.9827 38.79
      vertex -49.1023 -33.9308 38.79
    endloop
  endfacet
  facet normal 0.242869 0.970059 -0
    outer loop
      vertex -49.1023 -33.9308 38.79
      vertex -49.445 -33.845 42
      vertex -49.1023 -33.9308 42
    endloop
  endfacet
  facet normal 0.242869 0.970059 0
    outer loop
      vertex -49.445 -33.845 42
      vertex -49.1023 -33.9308 38.79
      vertex -49.445 -33.845 38.79
    endloop
  endfacet
  facet normal 0.336874 0.94155 -0
    outer loop
      vertex -49.445 -33.845 38.79
      vertex -49.7776 -33.726 42
      vertex -49.445 -33.845 42
    endloop
  endfacet
  facet normal 0.336874 0.94155 0
    outer loop
      vertex -49.7776 -33.726 42
      vertex -49.445 -33.845 38.79
      vertex -49.7776 -33.726 38.79
    endloop
  endfacet
  facet normal 0.989147 -0.146928 0
    outer loop
      vertex -51.9827 30.7529 42
      vertex -51.9308 31.1023 38.79
      vertex -51.9308 31.1023 42
    endloop
  endfacet
  facet normal 0.989147 -0.146928 0
    outer loop
      vertex -51.9308 31.1023 38.79
      vertex -51.9827 30.7529 42
      vertex -51.9827 30.7529 38.79
    endloop
  endfacet
  facet normal -0.998801 0.0489636 0
    outer loop
      vertex 51.9827 -30.7529 38.79
      vertex 52 -30.4 42
      vertex 52 -30.4 38.79
    endloop
  endfacet
  facet normal -0.998801 0.0489636 0
    outer loop
      vertex 52 -30.4 42
      vertex 51.9827 -30.7529 38.79
      vertex 51.9827 -30.7529 42
    endloop
  endfacet
  facet normal 0.970059 -0.242869 0
    outer loop
      vertex -51.9308 31.1023 42
      vertex -51.845 31.445 38.79
      vertex -51.845 31.445 42
    endloop
  endfacet
  facet normal 0.970059 -0.242869 0
    outer loop
      vertex -51.845 31.445 38.79
      vertex -51.9308 31.1023 42
      vertex -51.9308 31.1023 38.79
    endloop
  endfacet
  facet normal -1 0 0
    outer loop
      vertex 52 29.0528 2.4
      vertex 52 -29.0528 2.4
      vertex 52 29.0528 38.79
    endloop
  endfacet
  facet normal -1 0 0
    outer loop
      vertex 52 29.0528 38.79
      vertex 52 30.4 42
      vertex 52 30.4 38.79
    endloop
  endfacet
  facet normal -1 0 0
    outer loop
      vertex 52 -29.0528 38.79
      vertex 52 29.0528 38.79
      vertex 52 -29.0528 2.4
    endloop
  endfacet
  facet normal -1 0 0
    outer loop
      vertex 52 29.0528 38.79
      vertex 52 -29.0528 38.79
      vertex 52 30.4 42
    endloop
  endfacet
  facet normal -1 0 0
    outer loop
      vertex 52 -30.4 42
      vertex 52 -29.0528 38.79
      vertex 52 -30.4 38.79
    endloop
  endfacet
  facet normal -1 0 0
    outer loop
      vertex 52 -29.0528 38.79
      vertex 52 -30.4 42
      vertex 52 30.4 42
    endloop
  endfacet
  facet normal -0.514079 -0.857743 0
    outer loop
      vertex 50.097 33.5749 38.79
      vertex 50.4 33.3933 42
      vertex 50.097 33.5749 42
    endloop
  endfacet
  facet normal -0.514079 -0.857743 -0
    outer loop
      vertex 50.4 33.3933 42
      vertex 50.097 33.5749 38.79
      vertex 50.4 33.3933 38.79
    endloop
  endfacet
  facet normal 0.989147 0.146928 0
    outer loop
      vertex -51.9308 -31.1023 42
      vertex -51.9827 -30.7529 38.79
      vertex -51.9827 -30.7529 42
    endloop
  endfacet
  facet normal 0.989147 0.146928 0
    outer loop
      vertex -51.9827 -30.7529 38.79
      vertex -51.9308 -31.1023 42
      vertex -51.9308 -31.1023 38.79
    endloop
  endfacet
  facet normal -0.989147 -0.146928 0
    outer loop
      vertex 51.9827 30.7529 38.79
      vertex 51.9308 31.1023 42
      vertex 51.9308 31.1023 38.79
    endloop
  endfacet
  facet normal -0.989147 -0.146928 0
    outer loop
      vertex 51.9308 31.1023 42
      vertex 51.9827 30.7529 38.79
      vertex 51.9827 30.7529 42
    endloop
  endfacet
  facet normal 0.857743 -0.514079 0
    outer loop
      vertex -51.5749 32.097 42
      vertex -51.3933 32.4 38.79
      vertex -51.3933 32.4 42
    endloop
  endfacet
  facet normal 0.857743 -0.514079 0
    outer loop
      vertex -51.3933 32.4 38.79
      vertex -51.5749 32.097 42
      vertex -51.5749 32.097 38.79
    endloop
  endfacet
  facet normal -0.671432 -0.741066 0
    outer loop
      vertex 50.6838 33.1828 38.79
      vertex 50.9456 32.9456 42
      vertex 50.6838 33.1828 42
    endloop
  endfacet
  facet normal -0.671432 -0.741066 -0
    outer loop
      vertex 50.9456 32.9456 42
      vertex 50.6838 33.1828 38.79
      vertex 50.9456 32.9456 38.79
    endloop
  endfacet
  facet normal -0.989147 0.146928 0
    outer loop
      vertex 51.9308 -31.1023 38.79
      vertex 51.9827 -30.7529 42
      vertex 51.9827 -30.7529 38.79
    endloop
  endfacet
  facet normal -0.989147 0.146928 0
    outer loop
      vertex 51.9827 -30.7529 42
      vertex 51.9308 -31.1023 38.79
      vertex 51.9308 -31.1023 42
    endloop
  endfacet
  facet normal -0.998801 -0.0489636 0
    outer loop
      vertex 52 30.4 38.79
      vertex 51.9827 30.7529 42
      vertex 51.9827 30.7529 38.79
    endloop
  endfacet
  facet normal -0.998801 -0.0489636 0
    outer loop
      vertex 51.9827 30.7529 42
      vertex 52 30.4 38.79
      vertex 52 30.4 42
    endloop
  endfacet
  facet normal 0.998801 0.0489636 0
    outer loop
      vertex -51.9827 -30.7529 42
      vertex -52 -30.4 38.79
      vertex -52 -30.4 42
    endloop
  endfacet
  facet normal 0.998801 0.0489636 0
    outer loop
      vertex -52 -30.4 38.79
      vertex -51.9827 -30.7529 42
      vertex -51.9827 -30.7529 38.79
    endloop
  endfacet
  facet normal -0.595735 -0.803181 0
    outer loop
      vertex 50.4 33.3933 38.79
      vertex 50.6838 33.1828 42
      vertex 50.4 33.3933 42
    endloop
  endfacet
  facet normal -0.595735 -0.803181 -0
    outer loop
      vertex 50.6838 33.1828 42
      vertex 50.4 33.3933 38.79
      vertex 50.6838 33.1828 38.79
    endloop
  endfacet
  facet normal 0.595735 -0.803181 0
    outer loop
      vertex -50.6838 33.1828 38.79
      vertex -50.4 33.3933 42
      vertex -50.6838 33.1828 42
    endloop
  endfacet
  facet normal 0.595735 -0.803181 0
    outer loop
      vertex -50.4 33.3933 42
      vertex -50.6838 33.1828 38.79
      vertex -50.4 33.3933 38.79
    endloop
  endfacet
  facet normal -0.242869 -0.970059 0
    outer loop
      vertex 49.1023 33.9308 38.79
      vertex 49.445 33.845 42
      vertex 49.1023 33.9308 42
    endloop
  endfacet
  facet normal -0.242869 -0.970059 -0
    outer loop
      vertex 49.445 33.845 42
      vertex 49.1023 33.9308 38.79
      vertex 49.445 33.845 38.79
    endloop
  endfacet
  facet normal -0.857743 0.514079 0
    outer loop
      vertex 51.3933 -32.4 38.79
      vertex 51.5749 -32.097 42
      vertex 51.5749 -32.097 38.79
    endloop
  endfacet
  facet normal -0.857743 0.514079 0
    outer loop
      vertex 51.5749 -32.097 42
      vertex 51.3933 -32.4 38.79
      vertex 51.3933 -32.4 42
    endloop
  endfacet
  facet normal -0.427636 0.903951 0
    outer loop
      vertex 50.097 -33.5749 38.79
      vertex 49.7776 -33.726 42
      vertex 50.097 -33.5749 42
    endloop
  endfacet
  facet normal -0.427636 0.903951 0
    outer loop
      vertex 49.7776 -33.726 42
      vertex 50.097 -33.5749 38.79
      vertex 49.7776 -33.726 38.79
    endloop
  endfacet
  facet normal -0.803181 -0.595735 0
    outer loop
      vertex 51.3933 32.4 38.79
      vertex 51.1828 32.6838 42
      vertex 51.1828 32.6838 38.79
    endloop
  endfacet
  facet normal -0.803181 -0.595735 0
    outer loop
      vertex 51.1828 32.6838 42
      vertex 51.3933 32.4 38.79
      vertex 51.3933 32.4 42
    endloop
  endfacet
  facet normal -0.146928 0.989147 0
    outer loop
      vertex 49.1023 -33.9308 38.79
      vertex 48.7529 -33.9827 42
      vertex 49.1023 -33.9308 42
    endloop
  endfacet
  facet normal -0.146928 0.989147 0
    outer loop
      vertex 48.7529 -33.9827 42
      vertex 49.1023 -33.9308 38.79
      vertex 48.7529 -33.9827 38.79
    endloop
  endfacet
  facet normal 0.595735 0.803181 -0
    outer loop
      vertex -50.4 -33.3933 38.79
      vertex -50.6838 -33.1828 42
      vertex -50.4 -33.3933 42
    endloop
  endfacet
  facet normal 0.595735 0.803181 0
    outer loop
      vertex -50.6838 -33.1828 42
      vertex -50.4 -33.3933 38.79
      vertex -50.6838 -33.1828 38.79
    endloop
  endfacet
  facet normal -0.903951 0.427636 0
    outer loop
      vertex 51.5749 -32.097 38.79
      vertex 51.726 -31.7776 42
      vertex 51.726 -31.7776 38.79
    endloop
  endfacet
  facet normal -0.903951 0.427636 0
    outer loop
      vertex 51.726 -31.7776 42
      vertex 51.5749 -32.097 38.79
      vertex 51.5749 -32.097 42
    endloop
  endfacet
  facet normal 0.94155 0.336874 0
    outer loop
      vertex -51.726 -31.7776 42
      vertex -51.845 -31.445 38.79
      vertex -51.845 -31.445 42
    endloop
  endfacet
  facet normal 0.94155 0.336874 0
    outer loop
      vertex -51.845 -31.445 38.79
      vertex -51.726 -31.7776 42
      vertex -51.726 -31.7776 38.79
    endloop
  endfacet
  facet normal -0.595735 0.803181 0
    outer loop
      vertex 50.6838 -33.1828 38.79
      vertex 50.4 -33.3933 42
      vertex 50.6838 -33.1828 42
    endloop
  endfacet
  facet normal -0.595735 0.803181 0
    outer loop
      vertex 50.4 -33.3933 42
      vertex 50.6838 -33.1828 38.79
      vertex 50.4 -33.3933 38.79
    endloop
  endfacet
  facet normal 0.514079 -0.857743 0
    outer loop
      vertex -50.4 33.3933 38.79
      vertex -50.097 33.5749 42
      vertex -50.4 33.3933 42
    endloop
  endfacet
  facet normal 0.514079 -0.857743 0
    outer loop
      vertex -50.097 33.5749 42
      vertex -50.4 33.3933 38.79
      vertex -50.097 33.5749 38.79
    endloop
  endfacet
  facet normal 0.427636 -0.903951 0
    outer loop
      vertex -50.097 33.5749 38.79
      vertex -49.7776 33.726 42
      vertex -50.097 33.5749 42
    endloop
  endfacet
  facet normal 0.427636 -0.903951 0
    outer loop
      vertex -49.7776 33.726 42
      vertex -50.097 33.5749 38.79
      vertex -49.7776 33.726 38.79
    endloop
  endfacet
  facet normal 0.903951 -0.427636 0
    outer loop
      vertex -51.726 31.7776 42
      vertex -51.5749 32.097 38.79
      vertex -51.5749 32.097 42
    endloop
  endfacet
  facet normal 0.903951 -0.427636 0
    outer loop
      vertex -51.5749 32.097 38.79
      vertex -51.726 31.7776 42
      vertex -51.726 31.7776 38.79
    endloop
  endfacet
  facet normal -0.803181 0.595735 0
    outer loop
      vertex 51.1828 -32.6838 38.79
      vertex 51.3933 -32.4 42
      vertex 51.3933 -32.4 38.79
    endloop
  endfacet
  facet normal -0.803181 0.595735 0
    outer loop
      vertex 51.3933 -32.4 42
      vertex 51.1828 -32.6838 38.79
      vertex 51.1828 -32.6838 42
    endloop
  endfacet
  facet normal -0.857743 -0.514079 0
    outer loop
      vertex 51.5749 32.097 38.79
      vertex 51.3933 32.4 42
      vertex 51.3933 32.4 38.79
    endloop
  endfacet
  facet normal -0.857743 -0.514079 0
    outer loop
      vertex 51.3933 32.4 42
      vertex 51.5749 32.097 38.79
      vertex 51.5749 32.097 42
    endloop
  endfacet
  facet normal -0.242869 0.970059 0
    outer loop
      vertex 49.445 -33.845 38.79
      vertex 49.1023 -33.9308 42
      vertex 49.445 -33.845 42
    endloop
  endfacet
  facet normal -0.242869 0.970059 0
    outer loop
      vertex 49.1023 -33.9308 42
      vertex 49.445 -33.845 38.79
      vertex 49.1023 -33.9308 38.79
    endloop
  endfacet
  facet normal 0.671432 0.741066 -0
    outer loop
      vertex -50.6838 -33.1828 38.79
      vertex -50.9456 -32.9456 42
      vertex -50.6838 -33.1828 42
    endloop
  endfacet
  facet normal 0.671432 0.741066 0
    outer loop
      vertex -50.9456 -32.9456 42
      vertex -50.6838 -33.1828 38.79
      vertex -50.9456 -32.9456 38.79
    endloop
  endfacet
  facet normal 0.741066 0.671432 0
    outer loop
      vertex -50.9456 -32.9456 42
      vertex -51.1828 -32.6838 38.79
      vertex -51.1828 -32.6838 42
    endloop
  endfacet
  facet normal 0.741066 0.671432 0
    outer loop
      vertex -51.1828 -32.6838 38.79
      vertex -50.9456 -32.9456 42
      vertex -50.9456 -32.9456 38.79
    endloop
  endfacet
  facet normal -0.514079 0.857743 0
    outer loop
      vertex 50.4 -33.3933 38.79
      vertex 50.097 -33.5749 42
      vertex 50.4 -33.3933 42
    endloop
  endfacet
  facet normal -0.514079 0.857743 0
    outer loop
      vertex 50.097 -33.5749 42
      vertex 50.4 -33.3933 38.79
      vertex 50.097 -33.5749 38.79
    endloop
  endfacet
  facet normal -0 0 1
    outer loop
      vertex -47.8501 28.4133 2.4
      vertex -31.319 8.40318 2.4
      vertex -47.5555 28.5899 2.4
    endloop
  endfacet
  facet normal 0 0 1
    outer loop
      vertex -31.9424 5.91473 2.4
      vertex -46.0169 -31.1569 2.4
      vertex -46 -31.5 2.4
    endloop
  endfacet
  facet normal 0 0 1
    outer loop
      vertex -31.319 8.40318 2.4
      vertex -47.8501 28.4133 2.4
      vertex -31.4944 8.16671 2.4
    endloop
  endfacet
  facet normal 0 0 1
    outer loop
      vertex -31.9424 5.91473 2.4
      vertex -46.0673 -30.8172 2.4
      vertex -46.0169 -31.1569 2.4
    endloop
  endfacet
  facet normal -0 0 1
    outer loop
      vertex -48.1606 28.2664 2.4
      vertex -31.4944 8.16671 2.4
      vertex -47.8501 28.4133 2.4
    endloop
  endfacet
  facet normal 0 0 1
    outer loop
      vertex -31.9424 5.91473 2.4
      vertex -46.1507 -30.484 2.4
      vertex -46.0673 -30.8172 2.4
    endloop
  endfacet
  facet normal 0 0 1
    outer loop
      vertex -31.4944 8.16671 2.4
      vertex -48.1606 28.2664 2.4
      vertex -31.6458 7.91419 2.4
    endloop
  endfacet
  facet normal 0 0 1
    outer loop
      vertex -31.9424 5.91473 2.4
      vertex -46.2664 -30.1606 2.4
      vertex -46.1507 -30.484 2.4
    endloop
  endfacet
  facet normal -0 0 1
    outer loop
      vertex -48.484 28.1507 2.4
      vertex -31.6458 7.91419 2.4
      vertex -48.1606 28.2664 2.4
    endloop
  endfacet
  facet normal 0 0 1
    outer loop
      vertex -31.9424 5.91473 2.4
      vertex -46.4133 -29.8501 2.4
      vertex -46.2664 -30.1606 2.4
    endloop
  endfacet
  facet normal 0 0 1
    outer loop
      vertex -31.6458 7.91419 2.4
      vertex -48.484 28.1507 2.4
      vertex -31.7716 7.64805 2.4
    endloop
  endfacet
  facet normal 0 0 1
    outer loop
      vertex -31.9424 5.91473 2.4
      vertex -46.5899 -29.5555 2.4
      vertex -46.4133 -29.8501 2.4
    endloop
  endfacet
  facet normal -0 0 1
    outer loop
      vertex -48.8172 28.0673 2.4
      vertex -31.7716 7.64805 2.4
      vertex -48.484 28.1507 2.4
    endloop
  endfacet
  facet normal 0 0 1
    outer loop
      vertex -31.9424 5.91473 2.4
      vertex -46.7945 -29.2796 2.4
      vertex -46.5899 -29.5555 2.4
    endloop
  endfacet
  facet normal 0 0 1
    outer loop
      vertex -31.7716 7.64805 2.4
      vertex -48.8172 28.0673 2.4
      vertex -31.8708 7.37085 2.4
    endloop
  endfacet
  facet normal 0 0 1
    outer loop
      vertex -31.9424 5.91473 2.4
      vertex -47.0251 -29.0251 2.4
      vertex -46.7945 -29.2796 2.4
    endloop
  endfacet
  facet normal -0 0 1
    outer loop
      vertex -49.1569 28.0169 2.4
      vertex -31.8708 7.37085 2.4
      vertex -48.8172 28.0673 2.4
    endloop
  endfacet
  facet normal 0 0 1
    outer loop
      vertex -31.9424 5.91473 2.4
      vertex -47.2796 -28.7945 2.4
      vertex -47.0251 -29.0251 2.4
    endloop
  endfacet
  facet normal 0 0 1
    outer loop
      vertex -31.8708 7.37085 2.4
      vertex -49.1569 28.0169 2.4
      vertex -31.9424 7.08527 2.4
    endloop
  endfacet
  facet normal 0 0 1
    outer loop
      vertex -31.9424 5.91473 2.4
      vertex -47.5555 -28.5899 2.4
      vertex -47.2796 -28.7945 2.4
    endloop
  endfacet
  facet normal -0 0 1
    outer loop
      vertex -49.5 28 2.4
      vertex -31.9424 7.08527 2.4
      vertex -49.1569 28.0169 2.4
    endloop
  endfacet
  facet normal 0 0 1
    outer loop
      vertex -31.9424 5.91473 2.4
      vertex -47.8501 -28.4133 2.4
      vertex -47.5555 -28.5899 2.4
    endloop
  endfacet
  facet normal 0 0 1
    outer loop
      vertex -31.9424 7.08527 2.4
      vertex -49.5 28 2.4
      vertex -31.9856 6.79405 2.4
    endloop
  endfacet
  facet normal 0 0 1
    outer loop
      vertex -31.9424 5.91473 2.4
      vertex -48.1606 -28.2664 2.4
      vertex -47.8501 -28.4133 2.4
    endloop
  endfacet
  facet normal 0 0 1
    outer loop
      vertex -49.8431 28.0169 2.4
      vertex -31.9856 6.79405 2.4
      vertex -49.5 28 2.4
    endloop
  endfacet
  facet normal 0 0 1
    outer loop
      vertex -31.9424 5.91473 2.4
      vertex -48.484 -28.1507 2.4
      vertex -48.1606 -28.2664 2.4
    endloop
  endfacet
  facet normal 0 0 1
    outer loop
      vertex -31.9856 6.79405 2.4
      vertex -49.8431 28.0169 2.4
      vertex -32 6.5 2.4
    endloop
  endfacet
  facet normal 0 0 1
    outer loop
      vertex -31.9424 5.91473 2.4
      vertex -48.8172 -28.0673 2.4
      vertex -48.484 -28.1507 2.4
    endloop
  endfacet
  facet normal 0 0 1
    outer loop
      vertex -50.1828 28.0673 2.4
      vertex -32 6.5 2.4
      vertex -49.8431 28.0169 2.4
    endloop
  endfacet
  facet normal 0 0 1
    outer loop
      vertex -31.9424 5.91473 2.4
      vertex -49.1569 -28.0169 2.4
      vertex -48.8172 -28.0673 2.4
    endloop
  endfacet
  facet normal 0 0 1
    outer loop
      vertex -32 6.5 2.4
      vertex -50.1828 28.0673 2.4
      vertex -31.9856 6.20595 2.4
    endloop
  endfacet
  facet normal 0 0 1
    outer loop
      vertex -31.9424 5.91473 2.4
      vertex -49.5 -28 2.4
      vertex -49.1569 -28.0169 2.4
    endloop
  endfacet
  facet normal 0 0 1
    outer loop
      vertex -50.516 28.1507 2.4
      vertex -31.9856 6.20595 2.4
      vertex -50.1828 28.0673 2.4
    endloop
  endfacet
  facet normal 0 0 1
    outer loop
      vertex -31.9424 5.91473 2.4
      vertex -49.8431 -28.0169 2.4
      vertex -49.5 -28 2.4
    endloop
  endfacet
  facet normal 0 0 1
    outer loop
      vertex -31.9856 6.20595 2.4
      vertex -50.516 28.1507 2.4
      vertex -31.9424 5.91473 2.4
    endloop
  endfacet
  facet normal 0 0 1
    outer loop
      vertex -31.9424 5.91473 2.4
      vertex -50.1828 -28.0673 2.4
      vertex -49.8431 -28.0169 2.4
    endloop
  endfacet
  facet normal 0 0 1
    outer loop
      vertex -50.8394 28.2664 2.4
      vertex -31.9424 5.91473 2.4
      vertex -50.516 28.1507 2.4
    endloop
  endfacet
  facet normal 0 0 1
    outer loop
      vertex -31.9424 5.91473 2.4
      vertex -50.516 -28.1507 2.4
      vertex -50.1828 -28.0673 2.4
    endloop
  endfacet
  facet normal 0 0 1
    outer loop
      vertex -50.8394 -28.2664 2.4
      vertex -31.9424 5.91473 2.4
      vertex -50.8394 28.2664 2.4
    endloop
  endfacet
  facet normal 0 0 1
    outer loop
      vertex -31.9424 5.91473 2.4
      vertex -50.8394 -28.2664 2.4
      vertex -50.516 -28.1507 2.4
    endloop
  endfacet
  facet normal 0 0 1
    outer loop
      vertex -51.1499 28.4133 2.4
      vertex -50.8394 -28.2664 2.4
      vertex -50.8394 28.2664 2.4
    endloop
  endfacet
  facet normal 0 0 1
    outer loop
      vertex -51.1499 28.4133 2.4
      vertex -51.1499 -28.4133 2.4
      vertex -50.8394 -28.2664 2.4
    endloop
  endfacet
  facet normal 0 0 1
    outer loop
      vertex -51.4445 28.5899 2.4
      vertex -51.1499 -28.4133 2.4
      vertex -51.1499 28.4133 2.4
    endloop
  endfacet
  facet normal 0 0 1
    outer loop
      vertex -51.4445 28.5899 2.4
      vertex -51.4445 -28.5899 2.4
      vertex -51.1499 -28.4133 2.4
    endloop
  endfacet
  facet normal 0 0 1
    outer loop
      vertex -51.7204 28.7945 2.4
      vertex -51.4445 -28.5899 2.4
      vertex -51.4445 28.5899 2.4
    endloop
  endfacet
  facet normal 0 0 1
    outer loop
      vertex -51.7204 28.7945 2.4
      vertex -51.7204 -28.7945 2.4
      vertex -51.4445 -28.5899 2.4
    endloop
  endfacet
  facet normal 0 0 1
    outer loop
      vertex -51.9749 29.0251 2.4
      vertex -51.7204 -28.7945 2.4
      vertex -51.7204 28.7945 2.4
    endloop
  endfacet
  facet normal 0 0 1
    outer loop
      vertex -51.9749 29.0251 2.4
      vertex -51.9749 -29.0251 2.4
      vertex -51.7204 -28.7945 2.4
    endloop
  endfacet
  facet normal 0 0 1
    outer loop
      vertex -52 29.0528 2.4
      vertex -51.9749 -29.0251 2.4
      vertex -51.9749 29.0251 2.4
    endloop
  endfacet
  facet normal 0 0 1
    outer loop
      vertex -51.9749 -29.0251 2.4
      vertex -52 29.0528 2.4
      vertex -52 -29.0528 2.4
    endloop
  endfacet
  facet normal 0 0 1
    outer loop
      vertex 26.1292 28.6291 2.4
      vertex -26.1292 28.6291 2.4
      vertex 26.2284 28.352 2.4
    endloop
  endfacet
  facet normal 0 0 1
    outer loop
      vertex 26.2284 7.64805 2.4
      vertex -26.0144 6.79405 2.4
      vertex -26 6.5 2.4
    endloop
  endfacet
  facet normal 0 0 1
    outer loop
      vertex -26.2284 28.352 2.4
      vertex 26.2284 28.352 2.4
      vertex -26.1292 28.6291 2.4
    endloop
  endfacet
  facet normal 0 0 1
    outer loop
      vertex 26.2284 7.64805 2.4
      vertex -26.0576 7.08527 2.4
      vertex -26.0144 6.79405 2.4
    endloop
  endfacet
  facet normal 0 0 1
    outer loop
      vertex 26.2284 28.352 2.4
      vertex -26.2284 28.352 2.4
      vertex 26.2284 7.64805 2.4
    endloop
  endfacet
  facet normal 0 0 1
    outer loop
      vertex 26.2284 7.64805 2.4
      vertex -26.1292 7.37085 2.4
      vertex -26.0576 7.08527 2.4
    endloop
  endfacet
  facet normal 0 0 1
    outer loop
      vertex -26.2284 7.64805 2.4
      vertex 26.2284 7.64805 2.4
      vertex -26.2284 28.352 2.4
    endloop
  endfacet
  facet normal 0 0 1
    outer loop
      vertex 26.2284 7.64805 2.4
      vertex -26.2284 7.64805 2.4
      vertex -26.1292 7.37085 2.4
    endloop
  endfacet
  facet normal -0 0 1
    outer loop
      vertex -26.3542 28.0858 2.4
      vertex -26.2284 7.64805 2.4
      vertex -26.2284 28.352 2.4
    endloop
  endfacet
  facet normal 0 0 1
    outer loop
      vertex -26.3542 28.0858 2.4
      vertex -26.3542 7.91419 2.4
      vertex -26.2284 7.64805 2.4
    endloop
  endfacet
  facet normal -0 0 1
    outer loop
      vertex -26.5056 27.8333 2.4
      vertex -26.3542 7.91419 2.4
      vertex -26.3542 28.0858 2.4
    endloop
  endfacet
  facet normal 0 0 1
    outer loop
      vertex -26.5056 27.8333 2.4
      vertex -26.5056 8.16671 2.4
      vertex -26.3542 7.91419 2.4
    endloop
  endfacet
  facet normal -0 0 1
    outer loop
      vertex -26.681 27.5968 2.4
      vertex -26.5056 8.16671 2.4
      vertex -26.5056 27.8333 2.4
    endloop
  endfacet
  facet normal 0 0 1
    outer loop
      vertex -26.681 27.5968 2.4
      vertex -26.681 8.40318 2.4
      vertex -26.5056 8.16671 2.4
    endloop
  endfacet
  facet normal -0 0 1
    outer loop
      vertex -26.8787 27.3787 2.4
      vertex -26.681 8.40318 2.4
      vertex -26.681 27.5968 2.4
    endloop
  endfacet
  facet normal 0 0 1
    outer loop
      vertex -26.8787 27.3787 2.4
      vertex -26.8787 8.62132 2.4
      vertex -26.681 8.40318 2.4
    endloop
  endfacet
  facet normal -0 0 1
    outer loop
      vertex -27.0968 27.181 2.4
      vertex -26.8787 8.62132 2.4
      vertex -26.8787 27.3787 2.4
    endloop
  endfacet
  facet normal 0 0 1
    outer loop
      vertex -27.0968 27.181 2.4
      vertex -27.0968 8.81903 2.4
      vertex -26.8787 8.62132 2.4
    endloop
  endfacet
  facet normal -0 0 1
    outer loop
      vertex -27.3333 27.0056 2.4
      vertex -27.0968 8.81903 2.4
      vertex -27.0968 27.181 2.4
    endloop
  endfacet
  facet normal 0 0 1
    outer loop
      vertex -27.3333 27.0056 2.4
      vertex -27.3333 8.99441 2.4
      vertex -27.0968 8.81903 2.4
    endloop
  endfacet
  facet normal -0 0 1
    outer loop
      vertex -27.5858 26.8542 2.4
      vertex -27.3333 8.99441 2.4
      vertex -27.3333 27.0056 2.4
    endloop
  endfacet
  facet normal 0 0 1
    outer loop
      vertex -27.5858 26.8542 2.4
      vertex -27.5858 9.14576 2.4
      vertex -27.3333 8.99441 2.4
    endloop
  endfacet
  facet normal -0 0 1
    outer loop
      vertex -27.852 26.7284 2.4
      vertex -27.5858 9.14576 2.4
      vertex -27.5858 26.8542 2.4
    endloop
  endfacet
  facet normal 0 0 1
    outer loop
      vertex -27.852 26.7284 2.4
      vertex -27.852 9.27164 2.4
      vertex -27.5858 9.14576 2.4
    endloop
  endfacet
  facet normal -0 0 1
    outer loop
      vertex -28.1291 26.6292 2.4
      vertex -27.852 9.27164 2.4
      vertex -27.852 26.7284 2.4
    endloop
  endfacet
  facet normal 0 0 1
    outer loop
      vertex -28.1291 26.6292 2.4
      vertex -28.1291 9.37082 2.4
      vertex -27.852 9.27164 2.4
    endloop
  endfacet
  facet normal -0 0 1
    outer loop
      vertex -28.4147 26.5576 2.4
      vertex -28.1291 9.37082 2.4
      vertex -28.1291 26.6292 2.4
    endloop
  endfacet
  facet normal 0 0 1
    outer loop
      vertex -28.4147 26.5576 2.4
      vertex -28.4147 9.44236 2.4
      vertex -28.1291 9.37082 2.4
    endloop
  endfacet
  facet normal -0 0 1
    outer loop
      vertex -28.7059 26.5144 2.4
      vertex -28.4147 9.44236 2.4
      vertex -28.4147 26.5576 2.4
    endloop
  endfacet
  facet normal 0 0 1
    outer loop
      vertex -28.7059 26.5144 2.4
      vertex -28.7059 9.48555 2.4
      vertex -28.4147 9.44236 2.4
    endloop
  endfacet
  facet normal -0 0 1
    outer loop
      vertex -29 26.5 2.4
      vertex -28.7059 9.48555 2.4
      vertex -28.7059 26.5144 2.4
    endloop
  endfacet
  facet normal 0 0 1
    outer loop
      vertex -29 26.5 2.4
      vertex -29 9.5 2.4
      vertex -28.7059 9.48555 2.4
    endloop
  endfacet
  facet normal 0 0 1
    outer loop
      vertex -29.2941 26.5144 2.4
      vertex -29 9.5 2.4
      vertex -29 26.5 2.4
    endloop
  endfacet
  facet normal 0 0 1
    outer loop
      vertex -29.2941 26.5144 2.4
      vertex -29.2941 9.48555 2.4
      vertex -29 9.5 2.4
    endloop
  endfacet
  facet normal 0 0 1
    outer loop
      vertex -29.5853 26.5576 2.4
      vertex -29.2941 9.48555 2.4
      vertex -29.2941 26.5144 2.4
    endloop
  endfacet
  facet normal 0 0 1
    outer loop
      vertex -29.5853 26.5576 2.4
      vertex -29.5853 9.44236 2.4
      vertex -29.2941 9.48555 2.4
    endloop
  endfacet
  facet normal 0 0 1
    outer loop
      vertex -29.8709 26.6292 2.4
      vertex -29.5853 9.44236 2.4
      vertex -29.5853 26.5576 2.4
    endloop
  endfacet
  facet normal 0 0 1
    outer loop
      vertex -29.8709 26.6292 2.4
      vertex -29.8709 9.37082 2.4
      vertex -29.5853 9.44236 2.4
    endloop
  endfacet
  facet normal 0 0 1
    outer loop
      vertex -30.148 26.7284 2.4
      vertex -29.8709 9.37082 2.4
      vertex -29.8709 26.6292 2.4
    endloop
  endfacet
  facet normal 0 0 1
    outer loop
      vertex -30.148 26.7284 2.4
      vertex -30.148 9.27164 2.4
      vertex -29.8709 9.37082 2.4
    endloop
  endfacet
  facet normal 0 0 1
    outer loop
      vertex -30.4142 26.8542 2.4
      vertex -30.148 9.27164 2.4
      vertex -30.148 26.7284 2.4
    endloop
  endfacet
  facet normal 0 0 1
    outer loop
      vertex -30.4142 26.8542 2.4
      vertex -30.4142 9.14576 2.4
      vertex -30.148 9.27164 2.4
    endloop
  endfacet
  facet normal 0 0 1
    outer loop
      vertex -30.6667 27.0056 2.4
      vertex -30.4142 9.14576 2.4
      vertex -30.4142 26.8542 2.4
    endloop
  endfacet
  facet normal 0 0 1
    outer loop
      vertex -30.6667 27.0056 2.4
      vertex -30.6667 8.99441 2.4
      vertex -30.4142 9.14576 2.4
    endloop
  endfacet
  facet normal 0 0 1
    outer loop
      vertex -30.9032 27.181 2.4
      vertex -30.6667 8.99441 2.4
      vertex -30.6667 27.0056 2.4
    endloop
  endfacet
  facet normal 0 0 1
    outer loop
      vertex -30.9032 27.181 2.4
      vertex -30.9032 8.81903 2.4
      vertex -30.6667 8.99441 2.4
    endloop
  endfacet
  facet normal 0 0 1
    outer loop
      vertex -31.1213 27.3787 2.4
      vertex -30.9032 8.81903 2.4
      vertex -30.9032 27.181 2.4
    endloop
  endfacet
  facet normal 0 0 1
    outer loop
      vertex -31.1213 27.3787 2.4
      vertex -31.1213 8.62132 2.4
      vertex -30.9032 8.81903 2.4
    endloop
  endfacet
  facet normal 0 0 1
    outer loop
      vertex -31.8708 28.6291 2.4
      vertex -46.4133 29.8501 2.4
      vertex -31.7716 28.352 2.4
    endloop
  endfacet
  facet normal -0 0 1
    outer loop
      vertex -46.5899 29.5555 2.4
      vertex -31.7716 28.352 2.4
      vertex -46.4133 29.8501 2.4
    endloop
  endfacet
  facet normal 0 0 1
    outer loop
      vertex -31.9424 28.9147 2.4
      vertex -46.2664 30.1606 2.4
      vertex -31.8708 28.6291 2.4
    endloop
  endfacet
  facet normal -0 0 1
    outer loop
      vertex -46.4133 29.8501 2.4
      vertex -31.8708 28.6291 2.4
      vertex -46.2664 30.1606 2.4
    endloop
  endfacet
  facet normal -0 0 1
    outer loop
      vertex -46.2664 30.1606 2.4
      vertex -31.9424 28.9147 2.4
      vertex -46.1507 30.484 2.4
    endloop
  endfacet
  facet normal 0 0 1
    outer loop
      vertex -31.7716 28.352 2.4
      vertex -46.5899 29.5555 2.4
      vertex -31.6458 28.0858 2.4
    endloop
  endfacet
  facet normal 0 0 1
    outer loop
      vertex -31.9856 29.2059 2.4
      vertex -46.1507 30.484 2.4
      vertex -31.9424 28.9147 2.4
    endloop
  endfacet
  facet normal -0 0 1
    outer loop
      vertex -46.7945 29.2796 2.4
      vertex -31.6458 28.0858 2.4
      vertex -46.5899 29.5555 2.4
    endloop
  endfacet
  facet normal -0 0 1
    outer loop
      vertex -46.1507 30.484 2.4
      vertex -31.9856 29.2059 2.4
      vertex -46.0673 30.8172 2.4
    endloop
  endfacet
  facet normal 0 0 1
    outer loop
      vertex -31.6458 28.0858 2.4
      vertex -46.7945 29.2796 2.4
      vertex -31.4944 27.8333 2.4
    endloop
  endfacet
  facet normal 0 0 1
    outer loop
      vertex -32 29.5 2.4
      vertex -46.0673 30.8172 2.4
      vertex -31.9856 29.2059 2.4
    endloop
  endfacet
  facet normal -0 0 1
    outer loop
      vertex -47.0251 29.0251 2.4
      vertex -31.4944 27.8333 2.4
      vertex -46.7945 29.2796 2.4
    endloop
  endfacet
  facet normal -0 0 1
    outer loop
      vertex -46.0673 30.8172 2.4
      vertex -32 29.5 2.4
      vertex -46.0169 31.1569 2.4
    endloop
  endfacet
  facet normal 0 0 1
    outer loop
      vertex -31.4944 27.8333 2.4
      vertex -47.0251 29.0251 2.4
      vertex -31.319 27.5968 2.4
    endloop
  endfacet
  facet normal 0 0 1
    outer loop
      vertex -31.9856 29.7941 2.4
      vertex -46.0169 31.1569 2.4
      vertex -32 29.5 2.4
    endloop
  endfacet
  facet normal -0 0 1
    outer loop
      vertex -47.2796 28.7945 2.4
      vertex -31.319 27.5968 2.4
      vertex -47.0251 29.0251 2.4
    endloop
  endfacet
  facet normal 0 0 1
    outer loop
      vertex 31.6458 28.0858 2.4
      vertex 46.5899 29.5555 2.4
      vertex 31.7716 28.352 2.4
    endloop
  endfacet
  facet normal 0 0 1
    outer loop
      vertex 47.2796 28.7945 2.4
      vertex 31.9856 6.79405 2.4
      vertex 32 6.5 2.4
    endloop
  endfacet
  facet normal 0 0 1
    outer loop
      vertex 46.5899 29.5555 2.4
      vertex 31.6458 28.0858 2.4
      vertex 46.7945 29.2796 2.4
    endloop
  endfacet
  facet normal 0 0 1
    outer loop
      vertex 47.2796 28.7945 2.4
      vertex 31.9424 7.08527 2.4
      vertex 31.9856 6.79405 2.4
    endloop
  endfacet
  facet normal 0 0 1
    outer loop
      vertex 31.4944 27.8333 2.4
      vertex 46.7945 29.2796 2.4
      vertex 31.6458 28.0858 2.4
    endloop
  endfacet
  facet normal 0 0 1
    outer loop
      vertex 47.2796 28.7945 2.4
      vertex 31.8708 7.37085 2.4
      vertex 31.9424 7.08527 2.4
    endloop
  endfacet
  facet normal 0 0 1
    outer loop
      vertex 46.7945 29.2796 2.4
      vertex 31.4944 27.8333 2.4
      vertex 47.0251 29.0251 2.4
    endloop
  endfacet
  facet normal 0 0 1
    outer loop
      vertex 47.2796 28.7945 2.4
      vertex 31.7716 7.64805 2.4
      vertex 31.8708 7.37085 2.4
    endloop
  endfacet
  facet normal 0 0 1
    outer loop
      vertex 31.319 27.5968 2.4
      vertex 47.0251 29.0251 2.4
      vertex 31.4944 27.8333 2.4
    endloop
  endfacet
  facet normal 0 0 1
    outer loop
      vertex 47.2796 28.7945 2.4
      vertex 31.6458 7.91419 2.4
      vertex 31.7716 7.64805 2.4
    endloop
  endfacet
  facet normal 0 0 1
    outer loop
      vertex 47.0251 29.0251 2.4
      vertex 31.319 27.5968 2.4
      vertex 47.2796 28.7945 2.4
    endloop
  endfacet
  facet normal 0 0 1
    outer loop
      vertex 47.2796 28.7945 2.4
      vertex 31.4944 8.16671 2.4
      vertex 31.6458 7.91419 2.4
    endloop
  endfacet
  facet normal 0 0 1
    outer loop
      vertex 31.1213 27.3787 2.4
      vertex 47.2796 28.7945 2.4
      vertex 31.319 27.5968 2.4
    endloop
  endfacet
  facet normal 0 0 1
    outer loop
      vertex 47.2796 28.7945 2.4
      vertex 31.319 8.40318 2.4
      vertex 31.4944 8.16671 2.4
    endloop
  endfacet
  facet normal 0 0 1
    outer loop
      vertex 31.1213 8.62132 2.4
      vertex 47.2796 28.7945 2.4
      vertex 31.1213 27.3787 2.4
    endloop
  endfacet
  facet normal 0 0 1
    outer loop
      vertex 47.2796 28.7945 2.4
      vertex 31.1213 8.62132 2.4
      vertex 31.319 8.40318 2.4
    endloop
  endfacet
  facet normal -0 0 1
    outer loop
      vertex 30.9032 27.181 2.4
      vertex 31.1213 8.62132 2.4
      vertex 31.1213 27.3787 2.4
    endloop
  endfacet
  facet normal 0 0 1
    outer loop
      vertex 30.9032 27.181 2.4
      vertex 30.9032 8.81903 2.4
      vertex 31.1213 8.62132 2.4
    endloop
  endfacet
  facet normal -0 0 1
    outer loop
      vertex 30.6667 27.0056 2.4
      vertex 30.9032 8.81903 2.4
      vertex 30.9032 27.181 2.4
    endloop
  endfacet
  facet normal 0 0 1
    outer loop
      vertex 30.6667 27.0056 2.4
      vertex 30.6667 8.99441 2.4
      vertex 30.9032 8.81903 2.4
    endloop
  endfacet
  facet normal -0 0 1
    outer loop
      vertex 30.4142 26.8542 2.4
      vertex 30.6667 8.99441 2.4
      vertex 30.6667 27.0056 2.4
    endloop
  endfacet
  facet normal 0 0 1
    outer loop
      vertex 30.4142 26.8542 2.4
      vertex 30.4142 9.14576 2.4
      vertex 30.6667 8.99441 2.4
    endloop
  endfacet
  facet normal -0 0 1
    outer loop
      vertex 30.148 26.7284 2.4
      vertex 30.4142 9.14576 2.4
      vertex 30.4142 26.8542 2.4
    endloop
  endfacet
  facet normal 0 0 1
    outer loop
      vertex 30.148 26.7284 2.4
      vertex 30.148 9.27164 2.4
      vertex 30.4142 9.14576 2.4
    endloop
  endfacet
  facet normal -0 0 1
    outer loop
      vertex 29.8709 26.6292 2.4
      vertex 30.148 9.27164 2.4
      vertex 30.148 26.7284 2.4
    endloop
  endfacet
  facet normal 0 0 1
    outer loop
      vertex 29.8709 26.6292 2.4
      vertex 29.8709 9.37082 2.4
      vertex 30.148 9.27164 2.4
    endloop
  endfacet
  facet normal -0 0 1
    outer loop
      vertex 29.5853 26.5576 2.4
      vertex 29.8709 9.37082 2.4
      vertex 29.8709 26.6292 2.4
    endloop
  endfacet
  facet normal 0 0 1
    outer loop
      vertex 29.5853 26.5576 2.4
      vertex 29.5853 9.44236 2.4
      vertex 29.8709 9.37082 2.4
    endloop
  endfacet
  facet normal -0 0 1
    outer loop
      vertex 29.2941 26.5144 2.4
      vertex 29.5853 9.44236 2.4
      vertex 29.5853 26.5576 2.4
    endloop
  endfacet
  facet normal 0 0 1
    outer loop
      vertex 29.2941 26.5144 2.4
      vertex 29.2941 9.48555 2.4
      vertex 29.5853 9.44236 2.4
    endloop
  endfacet
  facet normal -0 0 1
    outer loop
      vertex 29 26.5 2.4
      vertex 29.2941 9.48555 2.4
      vertex 29.2941 26.5144 2.4
    endloop
  endfacet
  facet normal 0 0 1
    outer loop
      vertex 29 26.5 2.4
      vertex 29 9.5 2.4
      vertex 29.2941 9.48555 2.4
    endloop
  endfacet
  facet normal 0 0 1
    outer loop
      vertex 28.7059 26.5144 2.4
      vertex 29 9.5 2.4
      vertex 29 26.5 2.4
    endloop
  endfacet
  facet normal 0 0 1
    outer loop
      vertex 28.7059 26.5144 2.4
      vertex 28.7059 9.48555 2.4
      vertex 29 9.5 2.4
    endloop
  endfacet
  facet normal 0 0 1
    outer loop
      vertex 28.4147 26.5576 2.4
      vertex 28.7059 9.48555 2.4
      vertex 28.7059 26.5144 2.4
    endloop
  endfacet
  facet normal 0 0 1
    outer loop
      vertex 28.4147 26.5576 2.4
      vertex 28.4147 9.44236 2.4
      vertex 28.7059 9.48555 2.4
    endloop
  endfacet
  facet normal 0 0 1
    outer loop
      vertex 28.1291 26.6292 2.4
      vertex 28.4147 9.44236 2.4
      vertex 28.4147 26.5576 2.4
    endloop
  endfacet
  facet normal 0 0 1
    outer loop
      vertex 28.1291 26.6292 2.4
      vertex 28.1291 9.37082 2.4
      vertex 28.4147 9.44236 2.4
    endloop
  endfacet
  facet normal 0 0 1
    outer loop
      vertex 27.852 26.7284 2.4
      vertex 28.1291 9.37082 2.4
      vertex 28.1291 26.6292 2.4
    endloop
  endfacet
  facet normal 0 0 1
    outer loop
      vertex 27.852 26.7284 2.4
      vertex 27.852 9.27164 2.4
      vertex 28.1291 9.37082 2.4
    endloop
  endfacet
  facet normal 0 0 1
    outer loop
      vertex 27.5858 26.8542 2.4
      vertex 27.852 9.27164 2.4
      vertex 27.852 26.7284 2.4
    endloop
  endfacet
  facet normal 0 0 1
    outer loop
      vertex 27.5858 26.8542 2.4
      vertex 27.5858 9.14576 2.4
      vertex 27.852 9.27164 2.4
    endloop
  endfacet
  facet normal 0 0 1
    outer loop
      vertex 27.3333 27.0056 2.4
      vertex 27.5858 9.14576 2.4
      vertex 27.5858 26.8542 2.4
    endloop
  endfacet
  facet normal 0 0 1
    outer loop
      vertex 27.3333 27.0056 2.4
      vertex 27.3333 8.99441 2.4
      vertex 27.5858 9.14576 2.4
    endloop
  endfacet
  facet normal 0 0 1
    outer loop
      vertex 27.0968 27.181 2.4
      vertex 27.3333 8.99441 2.4
      vertex 27.3333 27.0056 2.4
    endloop
  endfacet
  facet normal 0 0 1
    outer loop
      vertex 27.0968 27.181 2.4
      vertex 27.0968 8.81903 2.4
      vertex 27.3333 8.99441 2.4
    endloop
  endfacet
  facet normal 0 0 1
    outer loop
      vertex 26.8787 27.3787 2.4
      vertex 27.0968 8.81903 2.4
      vertex 27.0968 27.181 2.4
    endloop
  endfacet
  facet normal 0 0 1
    outer loop
      vertex 26.8787 27.3787 2.4
      vertex 26.8787 8.62132 2.4
      vertex 27.0968 8.81903 2.4
    endloop
  endfacet
  facet normal 0 0 1
    outer loop
      vertex 26.681 27.5968 2.4
      vertex 26.8787 8.62132 2.4
      vertex 26.8787 27.3787 2.4
    endloop
  endfacet
  facet normal 0 0 1
    outer loop
      vertex 26.681 27.5968 2.4
      vertex 26.681 8.40318 2.4
      vertex 26.8787 8.62132 2.4
    endloop
  endfacet
  facet normal 0 0 1
    outer loop
      vertex 26.5056 27.8333 2.4
      vertex 26.681 8.40318 2.4
      vertex 26.681 27.5968 2.4
    endloop
  endfacet
  facet normal 0 0 1
    outer loop
      vertex 26.5056 27.8333 2.4
      vertex 26.5056 8.16671 2.4
      vertex 26.681 8.40318 2.4
    endloop
  endfacet
  facet normal 0 0 1
    outer loop
      vertex 26.3542 28.0858 2.4
      vertex 26.5056 8.16671 2.4
      vertex 26.5056 27.8333 2.4
    endloop
  endfacet
  facet normal 0 0 1
    outer loop
      vertex 26.3542 28.0858 2.4
      vertex 26.3542 7.91419 2.4
      vertex 26.5056 8.16671 2.4
    endloop
  endfacet
  facet normal 0 0 1
    outer loop
      vertex 26.2284 28.352 2.4
      vertex 26.3542 7.91419 2.4
      vertex 26.3542 28.0858 2.4
    endloop
  endfacet
  facet normal 0 0 1
    outer loop
      vertex 26.2284 28.352 2.4
      vertex 26.2284 7.64805 2.4
      vertex 26.3542 7.91419 2.4
    endloop
  endfacet
  facet normal 0 0 1
    outer loop
      vertex -26.0576 28.9147 2.4
      vertex 26.0576 28.9147 2.4
      vertex -26.0144 29.2059 2.4
    endloop
  endfacet
  facet normal 0 0 1
    outer loop
      vertex 26.0576 28.9147 2.4
      vertex -26.0576 28.9147 2.4
      vertex 26.1292 28.6291 2.4
    endloop
  endfacet
  facet normal 0 0 1
    outer loop
      vertex 26.0144 29.2059 2.4
      vertex -26.0144 29.2059 2.4
      vertex 26.0576 28.9147 2.4
    endloop
  endfacet
  facet normal 0 0 1
    outer loop
      vertex -26.1292 28.6291 2.4
      vertex 26.1292 28.6291 2.4
      vertex -26.0576 28.9147 2.4
    endloop
  endfacet
  facet normal 0 0 1
    outer loop
      vertex -26.0144 29.2059 2.4
      vertex 26.0144 29.2059 2.4
      vertex -26 29.5 2.4
    endloop
  endfacet
  facet normal 0 0 1
    outer loop
      vertex 26.2284 7.64805 2.4
      vertex -26 6.5 2.4
      vertex 26.1292 7.37085 2.4
    endloop
  endfacet
  facet normal -0 0 1
    outer loop
      vertex -26 29.5 2.4
      vertex 26.0144 29.2059 2.4
      vertex 26 29.5 2.4
    endloop
  endfacet
  facet normal 0 0 1
    outer loop
      vertex 26.1292 7.37085 2.4
      vertex -26 6.5 2.4
      vertex 26.0576 7.08527 2.4
    endloop
  endfacet
  facet normal 0 0 1
    outer loop
      vertex 48.1606 -28.2664 2.4
      vertex 30.6667 4.00559 2.4
      vertex 47.8501 -28.4133 2.4
    endloop
  endfacet
  facet normal 0 0 1
    outer loop
      vertex 31.9424 30.0853 2.4
      vertex 46 31.5 2.4
      vertex 46.0169 31.8431 2.4
    endloop
  endfacet
  facet normal 0 0 1
    outer loop
      vertex 31.7716 30.648 2.4
      vertex 46.0169 31.8431 2.4
      vertex 46.0673 32.1828 2.4
    endloop
  endfacet
  facet normal 0 0 1
    outer loop
      vertex 31.6458 30.9142 2.4
      vertex 46.0673 32.1828 2.4
      vertex 46.1507 32.516 2.4
    endloop
  endfacet
  facet normal 0 0 1
    outer loop
      vertex 31.4944 31.1667 2.4
      vertex 46.1507 32.516 2.4
      vertex 46.2664 32.8394 2.4
    endloop
  endfacet
  facet normal 0 0 1
    outer loop
      vertex 31.319 31.4032 2.4
      vertex 46.2664 32.8394 2.4
      vertex 46.4133 33.1499 2.4
    endloop
  endfacet
  facet normal 0 0 1
    outer loop
      vertex 31.1213 31.6213 2.4
      vertex 46.4133 33.1499 2.4
      vertex 46.5899 33.4445 2.4
    endloop
  endfacet
  facet normal 0 0 1
    outer loop
      vertex 30.9032 31.819 2.4
      vertex 46.5899 33.4445 2.4
      vertex 46.7945 33.7204 2.4
    endloop
  endfacet
  facet normal 0 0 1
    outer loop
      vertex 30.6667 31.9944 2.4
      vertex 46.7945 33.7204 2.4
      vertex 47.0251 33.9749 2.4
    endloop
  endfacet
  facet normal 0 0 1
    outer loop
      vertex 30.4142 32.1458 2.4
      vertex 47.0251 33.9749 2.4
      vertex 47.0528 34 2.4
    endloop
  endfacet
  facet normal 0 0 1
    outer loop
      vertex 46.0169 31.1569 2.4
      vertex 31.9856 29.7941 2.4
      vertex 32 29.5 2.4
    endloop
  endfacet
  facet normal 0 0 1
    outer loop
      vertex 46 31.5 2.4
      vertex 31.9424 30.0853 2.4
      vertex 31.9856 29.7941 2.4
    endloop
  endfacet
  facet normal 0 0 1
    outer loop
      vertex 46.0169 31.8431 2.4
      vertex 31.8708 30.3709 2.4
      vertex 31.9424 30.0853 2.4
    endloop
  endfacet
  facet normal 0 0 1
    outer loop
      vertex 46.0169 31.8431 2.4
      vertex 31.7716 30.648 2.4
      vertex 31.8708 30.3709 2.4
    endloop
  endfacet
  facet normal 0 0 1
    outer loop
      vertex 46.0673 32.1828 2.4
      vertex 31.6458 30.9142 2.4
      vertex 31.7716 30.648 2.4
    endloop
  endfacet
  facet normal 0 0 1
    outer loop
      vertex 46.1507 32.516 2.4
      vertex 31.4944 31.1667 2.4
      vertex 31.6458 30.9142 2.4
    endloop
  endfacet
  facet normal 0 0 1
    outer loop
      vertex 46.2664 32.8394 2.4
      vertex 31.319 31.4032 2.4
      vertex 31.4944 31.1667 2.4
    endloop
  endfacet
  facet normal 0 0 1
    outer loop
      vertex 46.4133 33.1499 2.4
      vertex 31.1213 31.6213 2.4
      vertex 31.319 31.4032 2.4
    endloop
  endfacet
  facet normal 0 0 1
    outer loop
      vertex 46.5899 33.4445 2.4
      vertex 30.9032 31.819 2.4
      vertex 31.1213 31.6213 2.4
    endloop
  endfacet
  facet normal 0 0 1
    outer loop
      vertex 46.7945 33.7204 2.4
      vertex 30.6667 31.9944 2.4
      vertex 30.9032 31.819 2.4
    endloop
  endfacet
  facet normal 0 0 1
    outer loop
      vertex 47.0251 33.9749 2.4
      vertex 30.4142 32.1458 2.4
      vertex 30.6667 31.9944 2.4
    endloop
  endfacet
  facet normal 0 0 1
    outer loop
      vertex 47.0528 34 2.4
      vertex 30.148 32.2716 2.4
      vertex 30.4142 32.1458 2.4
    endloop
  endfacet
  facet normal 0 0 1
    outer loop
      vertex 47.0528 34 2.4
      vertex 29.8709 32.3708 2.4
      vertex 30.148 32.2716 2.4
    endloop
  endfacet
  facet normal 0 0 1
    outer loop
      vertex 47.0528 34 2.4
      vertex 29.5853 32.4424 2.4
      vertex 29.8709 32.3708 2.4
    endloop
  endfacet
  facet normal 0 0 1
    outer loop
      vertex 47.0528 34 2.4
      vertex 29.2941 32.4856 2.4
      vertex 29.5853 32.4424 2.4
    endloop
  endfacet
  facet normal 0 0 1
    outer loop
      vertex 47.0528 34 2.4
      vertex 29 32.5 2.4
      vertex 29.2941 32.4856 2.4
    endloop
  endfacet
  facet normal 0 0 1
    outer loop
      vertex 47.0528 34 2.4
      vertex 28.7059 32.4856 2.4
      vertex 29 32.5 2.4
    endloop
  endfacet
  facet normal 0 0 1
    outer loop
      vertex 26.0576 7.08527 2.4
      vertex -26 6.5 2.4
      vertex 26.0144 6.79405 2.4
    endloop
  endfacet
  facet normal 0 0 1
    outer loop
      vertex 26.0144 29.7941 2.4
      vertex -26 29.5 2.4
      vertex 26 29.5 2.4
    endloop
  endfacet
  facet normal 0 0 1
    outer loop
      vertex -26.0144 29.7941 2.4
      vertex 26.0144 29.7941 2.4
      vertex 26.0576 30.0853 2.4
    endloop
  endfacet
  facet normal 0 0 1
    outer loop
      vertex -26.0576 30.0853 2.4
      vertex 26.0576 30.0853 2.4
      vertex 26.1292 30.3709 2.4
    endloop
  endfacet
  facet normal 0 0 1
    outer loop
      vertex -26.1292 30.3709 2.4
      vertex 26.1292 30.3709 2.4
      vertex 26.2284 30.648 2.4
    endloop
  endfacet
  facet normal 0 0 1
    outer loop
      vertex -26.2284 30.648 2.4
      vertex 26.2284 30.648 2.4
      vertex 26.3542 30.9142 2.4
    endloop
  endfacet
  facet normal 0 0 1
    outer loop
      vertex -26.3542 30.9142 2.4
      vertex 26.3542 30.9142 2.4
      vertex 26.5056 31.1667 2.4
    endloop
  endfacet
  facet normal 0 0 1
    outer loop
      vertex -26.5056 31.1667 2.4
      vertex 26.5056 31.1667 2.4
      vertex 26.681 31.4032 2.4
    endloop
  endfacet
  facet normal 0 0 1
    outer loop
      vertex -26.681 31.4032 2.4
      vertex 26.681 31.4032 2.4
      vertex 26.8787 31.6213 2.4
    endloop
  endfacet
  facet normal 0 0 1
    outer loop
      vertex -26.8787 31.6213 2.4
      vertex 26.8787 31.6213 2.4
      vertex 27.0968 31.819 2.4
    endloop
  endfacet
  facet normal 0 0 1
    outer loop
      vertex -27.0968 31.819 2.4
      vertex 27.0968 31.819 2.4
      vertex 27.3333 31.9944 2.4
    endloop
  endfacet
  facet normal 0 0 1
    outer loop
      vertex -27.3333 31.9944 2.4
      vertex 27.3333 31.9944 2.4
      vertex 27.5858 32.1458 2.4
    endloop
  endfacet
  facet normal 0 0 1
    outer loop
      vertex -27.5858 32.1458 2.4
      vertex 27.5858 32.1458 2.4
      vertex 27.852 32.2716 2.4
    endloop
  endfacet
  facet normal 0 0 1
    outer loop
      vertex -27.852 32.2716 2.4
      vertex 27.852 32.2716 2.4
      vertex 28.1291 32.3708 2.4
    endloop
  endfacet
  facet normal 0 0 1
    outer loop
      vertex -28.1291 32.3708 2.4
      vertex 28.1291 32.3708 2.4
      vertex 28.4147 32.4424 2.4
    endloop
  endfacet
  facet normal 0 0 1
    outer loop
      vertex -28.4147 32.4424 2.4
      vertex 28.4147 32.4424 2.4
      vertex 28.7059 32.4856 2.4
    endloop
  endfacet
  facet normal 0 0 1
    outer loop
      vertex -28.7059 32.4856 2.4
      vertex 28.7059 32.4856 2.4
      vertex 47.0528 34 2.4
    endloop
  endfacet
  facet normal 0 0 1
    outer loop
      vertex 26.0144 29.7941 2.4
      vertex -26.0144 29.7941 2.4
      vertex -26 29.5 2.4
    endloop
  endfacet
  facet normal 0 0 1
    outer loop
      vertex 26.0576 30.0853 2.4
      vertex -26.0576 30.0853 2.4
      vertex -26.0144 29.7941 2.4
    endloop
  endfacet
  facet normal 0 0 1
    outer loop
      vertex 26.1292 30.3709 2.4
      vertex -26.1292 30.3709 2.4
      vertex -26.0576 30.0853 2.4
    endloop
  endfacet
  facet normal 0 0 1
    outer loop
      vertex 26.2284 30.648 2.4
      vertex -26.2284 30.648 2.4
      vertex -26.1292 30.3709 2.4
    endloop
  endfacet
  facet normal 0 0 1
    outer loop
      vertex 26.3542 30.9142 2.4
      vertex -26.3542 30.9142 2.4
      vertex -26.2284 30.648 2.4
    endloop
  endfacet
  facet normal 0 0 1
    outer loop
      vertex 26.5056 31.1667 2.4
      vertex -26.5056 31.1667 2.4
      vertex -26.3542 30.9142 2.4
    endloop
  endfacet
  facet normal 0 0 1
    outer loop
      vertex 26.681 31.4032 2.4
      vertex -26.681 31.4032 2.4
      vertex -26.5056 31.1667 2.4
    endloop
  endfacet
  facet normal 0 0 1
    outer loop
      vertex 26.8787 31.6213 2.4
      vertex -26.8787 31.6213 2.4
      vertex -26.681 31.4032 2.4
    endloop
  endfacet
  facet normal 0 0 1
    outer loop
      vertex 27.0968 31.819 2.4
      vertex -27.0968 31.819 2.4
      vertex -26.8787 31.6213 2.4
    endloop
  endfacet
  facet normal 0 0 1
    outer loop
      vertex 27.3333 31.9944 2.4
      vertex -27.3333 31.9944 2.4
      vertex -27.0968 31.819 2.4
    endloop
  endfacet
  facet normal 0 0 1
    outer loop
      vertex 27.5858 32.1458 2.4
      vertex -27.5858 32.1458 2.4
      vertex -27.3333 31.9944 2.4
    endloop
  endfacet
  facet normal 0 0 1
    outer loop
      vertex 27.852 32.2716 2.4
      vertex -27.852 32.2716 2.4
      vertex -27.5858 32.1458 2.4
    endloop
  endfacet
  facet normal 0 0 1
    outer loop
      vertex 28.1291 32.3708 2.4
      vertex -28.1291 32.3708 2.4
      vertex -27.852 32.2716 2.4
    endloop
  endfacet
  facet normal 0 0 1
    outer loop
      vertex 28.4147 32.4424 2.4
      vertex -28.4147 32.4424 2.4
      vertex -28.1291 32.3708 2.4
    endloop
  endfacet
  facet normal 0 0 1
    outer loop
      vertex 28.7059 32.4856 2.4
      vertex -28.7059 32.4856 2.4
      vertex -28.4147 32.4424 2.4
    endloop
  endfacet
  facet normal -0 0 1
    outer loop
      vertex -47.0528 34 2.4
      vertex -28.7059 32.4856 2.4
      vertex 47.0528 34 2.4
    endloop
  endfacet
  facet normal 0 0 1
    outer loop
      vertex -31.319 27.5968 2.4
      vertex -47.2796 28.7945 2.4
      vertex -31.1213 27.3787 2.4
    endloop
  endfacet
  facet normal -0 0 1
    outer loop
      vertex -46.0169 31.1569 2.4
      vertex -31.9856 29.7941 2.4
      vertex -46 31.5 2.4
    endloop
  endfacet
  facet normal 0 0 1
    outer loop
      vertex -31.9424 30.0853 2.4
      vertex -46 31.5 2.4
      vertex -31.9856 29.7941 2.4
    endloop
  endfacet
  facet normal 0 0 1
    outer loop
      vertex -31.8708 30.3709 2.4
      vertex -46 31.5 2.4
      vertex -31.9424 30.0853 2.4
    endloop
  endfacet
  facet normal 0 0 1
    outer loop
      vertex -46.0169 31.8431 2.4
      vertex -31.8708 30.3709 2.4
      vertex -31.7716 30.648 2.4
    endloop
  endfacet
  facet normal 0 0 1
    outer loop
      vertex -46.0673 32.1828 2.4
      vertex -31.7716 30.648 2.4
      vertex -31.6458 30.9142 2.4
    endloop
  endfacet
  facet normal 0 0 1
    outer loop
      vertex -46.1507 32.516 2.4
      vertex -31.6458 30.9142 2.4
      vertex -31.4944 31.1667 2.4
    endloop
  endfacet
  facet normal 0 0 1
    outer loop
      vertex -46.2664 32.8394 2.4
      vertex -31.4944 31.1667 2.4
      vertex -31.319 31.4032 2.4
    endloop
  endfacet
  facet normal 0 0 1
    outer loop
      vertex -46.4133 33.1499 2.4
      vertex -31.319 31.4032 2.4
      vertex -31.1213 31.6213 2.4
    endloop
  endfacet
  facet normal 0 0 1
    outer loop
      vertex -46.5899 33.4445 2.4
      vertex -31.1213 31.6213 2.4
      vertex -30.9032 31.819 2.4
    endloop
  endfacet
  facet normal 0 0 1
    outer loop
      vertex -46.7945 33.7204 2.4
      vertex -30.9032 31.819 2.4
      vertex -30.6667 31.9944 2.4
    endloop
  endfacet
  facet normal 0 0 1
    outer loop
      vertex -47.0251 33.9749 2.4
      vertex -30.6667 31.9944 2.4
      vertex -30.4142 32.1458 2.4
    endloop
  endfacet
  facet normal 0 0 1
    outer loop
      vertex -47.0528 34 2.4
      vertex -30.4142 32.1458 2.4
      vertex -30.148 32.2716 2.4
    endloop
  endfacet
  facet normal 0 0 1
    outer loop
      vertex -47.0528 34 2.4
      vertex -30.148 32.2716 2.4
      vertex -29.8709 32.3708 2.4
    endloop
  endfacet
  facet normal 0 0 1
    outer loop
      vertex -47.0528 34 2.4
      vertex -29.8709 32.3708 2.4
      vertex -29.5853 32.4424 2.4
    endloop
  endfacet
  facet normal 0 0 1
    outer loop
      vertex -47.0528 34 2.4
      vertex -29.5853 32.4424 2.4
      vertex -29.2941 32.4856 2.4
    endloop
  endfacet
  facet normal 0 0 1
    outer loop
      vertex -31.8708 30.3709 2.4
      vertex -46.0169 31.8431 2.4
      vertex -46 31.5 2.4
    endloop
  endfacet
  facet normal 0 0 1
    outer loop
      vertex -47.0528 34 2.4
      vertex -29.2941 32.4856 2.4
      vertex -29 32.5 2.4
    endloop
  endfacet
  facet normal 0 0 1
    outer loop
      vertex -31.7716 30.648 2.4
      vertex -46.0673 32.1828 2.4
      vertex -46.0169 31.8431 2.4
    endloop
  endfacet
  facet normal 0 0 1
    outer loop
      vertex -28.7059 32.4856 2.4
      vertex -47.0528 34 2.4
      vertex -29 32.5 2.4
    endloop
  endfacet
  facet normal 0 0 1
    outer loop
      vertex -31.6458 30.9142 2.4
      vertex -46.1507 32.516 2.4
      vertex -46.0673 32.1828 2.4
    endloop
  endfacet
  facet normal 0 0 1
    outer loop
      vertex -31.4944 31.1667 2.4
      vertex -46.2664 32.8394 2.4
      vertex -46.1507 32.516 2.4
    endloop
  endfacet
  facet normal 0 0 1
    outer loop
      vertex -31.319 31.4032 2.4
      vertex -46.4133 33.1499 2.4
      vertex -46.2664 32.8394 2.4
    endloop
  endfacet
  facet normal 0 0 1
    outer loop
      vertex -31.1213 31.6213 2.4
      vertex -46.5899 33.4445 2.4
      vertex -46.4133 33.1499 2.4
    endloop
  endfacet
  facet normal 0 0 1
    outer loop
      vertex -30.9032 31.819 2.4
      vertex -46.7945 33.7204 2.4
      vertex -46.5899 33.4445 2.4
    endloop
  endfacet
  facet normal 0 0 1
    outer loop
      vertex -30.6667 31.9944 2.4
      vertex -47.0251 33.9749 2.4
      vertex -46.7945 33.7204 2.4
    endloop
  endfacet
  facet normal 0 0 1
    outer loop
      vertex -30.4142 32.1458 2.4
      vertex -47.0528 34 2.4
      vertex -47.0251 33.9749 2.4
    endloop
  endfacet
  facet normal -0 0 1
    outer loop
      vertex 51.9749 29.0251 2.4
      vertex 52 -29.0528 2.4
      vertex 52 29.0528 2.4
    endloop
  endfacet
  facet normal 0 0 1
    outer loop
      vertex 51.9749 29.0251 2.4
      vertex 51.9749 -29.0251 2.4
      vertex 52 -29.0528 2.4
    endloop
  endfacet
  facet normal -0 0 1
    outer loop
      vertex 51.7204 28.7945 2.4
      vertex 51.9749 -29.0251 2.4
      vertex 51.9749 29.0251 2.4
    endloop
  endfacet
  facet normal 0 0 1
    outer loop
      vertex 51.7204 28.7945 2.4
      vertex 51.7204 -28.7945 2.4
      vertex 51.9749 -29.0251 2.4
    endloop
  endfacet
  facet normal -0 0 1
    outer loop
      vertex 51.4445 28.5899 2.4
      vertex 51.7204 -28.7945 2.4
      vertex 51.7204 28.7945 2.4
    endloop
  endfacet
  facet normal 0 0 1
    outer loop
      vertex 51.4445 28.5899 2.4
      vertex 51.4445 -28.5899 2.4
      vertex 51.7204 -28.7945 2.4
    endloop
  endfacet
  facet normal -0 0 1
    outer loop
      vertex 51.1499 28.4133 2.4
      vertex 51.4445 -28.5899 2.4
      vertex 51.4445 28.5899 2.4
    endloop
  endfacet
  facet normal 0 0 1
    outer loop
      vertex 51.1499 28.4133 2.4
      vertex 51.1499 -28.4133 2.4
      vertex 51.4445 -28.5899 2.4
    endloop
  endfacet
  facet normal -0 0 1
    outer loop
      vertex 50.8394 28.2664 2.4
      vertex 51.1499 -28.4133 2.4
      vertex 51.1499 28.4133 2.4
    endloop
  endfacet
  facet normal 0 0 1
    outer loop
      vertex 50.8394 28.2664 2.4
      vertex 50.8394 -28.2664 2.4
      vertex 51.1499 -28.4133 2.4
    endloop
  endfacet
  facet normal -0 0 1
    outer loop
      vertex 50.1828 28.0673 2.4
      vertex 31.9856 6.20595 2.4
      vertex 50.516 28.1507 2.4
    endloop
  endfacet
  facet normal 0 0 1
    outer loop
      vertex 31.9424 5.91473 2.4
      vertex 50.516 28.1507 2.4
      vertex 31.9856 6.20595 2.4
    endloop
  endfacet
  facet normal 0 0 1
    outer loop
      vertex 31.9856 6.20595 2.4
      vertex 50.1828 28.0673 2.4
      vertex 32 6.5 2.4
    endloop
  endfacet
  facet normal -0 0 1
    outer loop
      vertex 50.516 28.1507 2.4
      vertex 31.9424 5.91473 2.4
      vertex 50.8394 28.2664 2.4
    endloop
  endfacet
  facet normal 0 0 1
    outer loop
      vertex 32 6.5 2.4
      vertex 50.1828 28.0673 2.4
      vertex 49.8431 28.0169 2.4
    endloop
  endfacet
  facet normal 0 0 1
    outer loop
      vertex 50.8394 28.2664 2.4
      vertex 31.9424 5.91473 2.4
      vertex 50.8394 -28.2664 2.4
    endloop
  endfacet
  facet normal 0 0 1
    outer loop
      vertex 32 6.5 2.4
      vertex 49.8431 28.0169 2.4
      vertex 49.5 28 2.4
    endloop
  endfacet
  facet normal 0 0 1
    outer loop
      vertex 50.8394 -28.2664 2.4
      vertex 31.9424 5.91473 2.4
      vertex 50.516 -28.1507 2.4
    endloop
  endfacet
  facet normal 0 0 1
    outer loop
      vertex 32 6.5 2.4
      vertex 49.5 28 2.4
      vertex 49.1569 28.0169 2.4
    endloop
  endfacet
  facet normal -0 0 1
    outer loop
      vertex 31.8708 5.62915 2.4
      vertex 50.516 -28.1507 2.4
      vertex 31.9424 5.91473 2.4
    endloop
  endfacet
  facet normal 0 0 1
    outer loop
      vertex 32 6.5 2.4
      vertex 49.1569 28.0169 2.4
      vertex 48.8172 28.0673 2.4
    endloop
  endfacet
  facet normal 0 0 1
    outer loop
      vertex 50.516 -28.1507 2.4
      vertex 31.8708 5.62915 2.4
      vertex 50.1828 -28.0673 2.4
    endloop
  endfacet
  facet normal 0 0 1
    outer loop
      vertex 32 6.5 2.4
      vertex 48.8172 28.0673 2.4
      vertex 48.484 28.1507 2.4
    endloop
  endfacet
  facet normal -0 0 1
    outer loop
      vertex 31.7716 5.35195 2.4
      vertex 50.1828 -28.0673 2.4
      vertex 31.8708 5.62915 2.4
    endloop
  endfacet
  facet normal 0 0 1
    outer loop
      vertex 32 6.5 2.4
      vertex 48.484 28.1507 2.4
      vertex 48.1606 28.2664 2.4
    endloop
  endfacet
  facet normal 0 0 1
    outer loop
      vertex 50.1828 -28.0673 2.4
      vertex 31.7716 5.35195 2.4
      vertex 49.8431 -28.0169 2.4
    endloop
  endfacet
  facet normal 0 0 1
    outer loop
      vertex 47.5555 28.5899 2.4
      vertex 32 6.5 2.4
      vertex 47.8501 28.4133 2.4
    endloop
  endfacet
  facet normal 0 0 1
    outer loop
      vertex 47.8501 28.4133 2.4
      vertex 32 6.5 2.4
      vertex 48.1606 28.2664 2.4
    endloop
  endfacet
  facet normal 0 0 1
    outer loop
      vertex 47.2796 28.7945 2.4
      vertex 32 6.5 2.4
      vertex 47.5555 28.5899 2.4
    endloop
  endfacet
  facet normal -0 0 1
    outer loop
      vertex 31.6458 5.08581 2.4
      vertex 49.8431 -28.0169 2.4
      vertex 31.7716 5.35195 2.4
    endloop
  endfacet
  facet normal 0 0 1
    outer loop
      vertex 46.4133 29.8501 2.4
      vertex 31.7716 28.352 2.4
      vertex 46.5899 29.5555 2.4
    endloop
  endfacet
  facet normal 0 0 1
    outer loop
      vertex 49.8431 -28.0169 2.4
      vertex 31.6458 5.08581 2.4
      vertex 49.5 -28 2.4
    endloop
  endfacet
  facet normal 0 0 1
    outer loop
      vertex 31.7716 28.352 2.4
      vertex 46.4133 29.8501 2.4
      vertex 31.8708 28.6291 2.4
    endloop
  endfacet
  facet normal -0 0 1
    outer loop
      vertex 31.4944 4.83329 2.4
      vertex 49.5 -28 2.4
      vertex 31.6458 5.08581 2.4
    endloop
  endfacet
  facet normal 0 0 1
    outer loop
      vertex 46.2664 30.1606 2.4
      vertex 31.8708 28.6291 2.4
      vertex 46.4133 29.8501 2.4
    endloop
  endfacet
  facet normal 0 0 1
    outer loop
      vertex 49.5 -28 2.4
      vertex 31.4944 4.83329 2.4
      vertex 49.1569 -28.0169 2.4
    endloop
  endfacet
  facet normal 0 0 1
    outer loop
      vertex 31.8708 28.6291 2.4
      vertex 46.2664 30.1606 2.4
      vertex 31.9424 28.9147 2.4
    endloop
  endfacet
  facet normal -0 0 1
    outer loop
      vertex 31.319 4.59682 2.4
      vertex 49.1569 -28.0169 2.4
      vertex 31.4944 4.83329 2.4
    endloop
  endfacet
  facet normal 0 0 1
    outer loop
      vertex 46.1507 30.484 2.4
      vertex 31.9424 28.9147 2.4
      vertex 46.2664 30.1606 2.4
    endloop
  endfacet
  facet normal 0 0 1
    outer loop
      vertex 49.1569 -28.0169 2.4
      vertex 31.319 4.59682 2.4
      vertex 48.8172 -28.0673 2.4
    endloop
  endfacet
  facet normal 0 0 1
    outer loop
      vertex 31.9424 28.9147 2.4
      vertex 46.1507 30.484 2.4
      vertex 31.9856 29.2059 2.4
    endloop
  endfacet
  facet normal -0 0 1
    outer loop
      vertex 31.1213 4.37868 2.4
      vertex 48.8172 -28.0673 2.4
      vertex 31.319 4.59682 2.4
    endloop
  endfacet
  facet normal 0 0 1
    outer loop
      vertex 46.0673 30.8172 2.4
      vertex 31.9856 29.2059 2.4
      vertex 46.1507 30.484 2.4
    endloop
  endfacet
  facet normal 0 0 1
    outer loop
      vertex 48.8172 -28.0673 2.4
      vertex 31.1213 4.37868 2.4
      vertex 48.484 -28.1507 2.4
    endloop
  endfacet
  facet normal 0 0 1
    outer loop
      vertex 31.9856 29.2059 2.4
      vertex 46.0673 30.8172 2.4
      vertex 32 29.5 2.4
    endloop
  endfacet
  facet normal -0 0 1
    outer loop
      vertex 30.9032 4.18097 2.4
      vertex 48.484 -28.1507 2.4
      vertex 31.1213 4.37868 2.4
    endloop
  endfacet
  facet normal 0 0 1
    outer loop
      vertex 32 29.5 2.4
      vertex 46.0673 30.8172 2.4
      vertex 46.0169 31.1569 2.4
    endloop
  endfacet
  facet normal 0 0 1
    outer loop
      vertex 48.484 -28.1507 2.4
      vertex 30.9032 4.18097 2.4
      vertex 48.1606 -28.2664 2.4
    endloop
  endfacet
  facet normal 0 0 1
    outer loop
      vertex 31.9856 29.7941 2.4
      vertex 46.0169 31.1569 2.4
      vertex 46 31.5 2.4
    endloop
  endfacet
  facet normal -0 0 1
    outer loop
      vertex 30.6667 4.00559 2.4
      vertex 48.1606 -28.2664 2.4
      vertex 30.9032 4.18097 2.4
    endloop
  endfacet
  facet normal -0 0 1
    outer loop
      vertex 30.4142 3.85424 2.4
      vertex 47.8501 -28.4133 2.4
      vertex 30.6667 4.00559 2.4
    endloop
  endfacet
  facet normal 0 0 1
    outer loop
      vertex 47.8501 -28.4133 2.4
      vertex 30.4142 3.85424 2.4
      vertex 47.5555 -28.5899 2.4
    endloop
  endfacet
  facet normal -0 0 1
    outer loop
      vertex 30.148 3.72836 2.4
      vertex 47.5555 -28.5899 2.4
      vertex 30.4142 3.85424 2.4
    endloop
  endfacet
  facet normal 0 0 1
    outer loop
      vertex 47.5555 -28.5899 2.4
      vertex 30.148 3.72836 2.4
      vertex 47.2796 -28.7945 2.4
    endloop
  endfacet
  facet normal -0 0 1
    outer loop
      vertex 29.8709 3.62918 2.4
      vertex 47.2796 -28.7945 2.4
      vertex 30.148 3.72836 2.4
    endloop
  endfacet
  facet normal 0 0 1
    outer loop
      vertex 47.2796 -28.7945 2.4
      vertex 29.8709 3.62918 2.4
      vertex 47.0251 -29.0251 2.4
    endloop
  endfacet
  facet normal -0 0 1
    outer loop
      vertex 29.5853 3.55764 2.4
      vertex 47.0251 -29.0251 2.4
      vertex 29.8709 3.62918 2.4
    endloop
  endfacet
  facet normal 0 0 1
    outer loop
      vertex 47.0251 -29.0251 2.4
      vertex 29.5853 3.55764 2.4
      vertex 46.7945 -29.2796 2.4
    endloop
  endfacet
  facet normal -0 0 1
    outer loop
      vertex 29.2941 3.51445 2.4
      vertex 46.7945 -29.2796 2.4
      vertex 29.5853 3.55764 2.4
    endloop
  endfacet
  facet normal 0 0 1
    outer loop
      vertex 46.7945 -29.2796 2.4
      vertex 29.2941 3.51445 2.4
      vertex 46.5899 -29.5555 2.4
    endloop
  endfacet
  facet normal -0 0 1
    outer loop
      vertex 29 3.5 2.4
      vertex 46.5899 -29.5555 2.4
      vertex 29.2941 3.51445 2.4
    endloop
  endfacet
  facet normal 0 0 1
    outer loop
      vertex 46.5899 -29.5555 2.4
      vertex 29 3.5 2.4
      vertex 46.4133 -29.8501 2.4
    endloop
  endfacet
  facet normal 0 0 1
    outer loop
      vertex 28.7059 3.51445 2.4
      vertex 46.4133 -29.8501 2.4
      vertex 29 3.5 2.4
    endloop
  endfacet
  facet normal 0 0 1
    outer loop
      vertex 46.4133 -29.8501 2.4
      vertex 28.7059 3.51445 2.4
      vertex 46.2664 -30.1606 2.4
    endloop
  endfacet
  facet normal 0 0 1
    outer loop
      vertex 28.4147 3.55764 2.4
      vertex 46.2664 -30.1606 2.4
      vertex 28.7059 3.51445 2.4
    endloop
  endfacet
  facet normal 0 0 1
    outer loop
      vertex 46.2664 -30.1606 2.4
      vertex 28.4147 3.55764 2.4
      vertex 46.1507 -30.484 2.4
    endloop
  endfacet
  facet normal 0 0 1
    outer loop
      vertex 28.1291 3.62918 2.4
      vertex 46.1507 -30.484 2.4
      vertex 28.4147 3.55764 2.4
    endloop
  endfacet
  facet normal 0 0 1
    outer loop
      vertex 27.852 3.72836 2.4
      vertex 46.1507 -30.484 2.4
      vertex 28.1291 3.62918 2.4
    endloop
  endfacet
  facet normal 0 0 1
    outer loop
      vertex 46.1507 -30.484 2.4
      vertex 27.852 3.72836 2.4
      vertex 46.0673 -30.8172 2.4
    endloop
  endfacet
  facet normal 0 0 1
    outer loop
      vertex 27.5858 3.85424 2.4
      vertex 46.0673 -30.8172 2.4
      vertex 27.852 3.72836 2.4
    endloop
  endfacet
  facet normal 0 0 1
    outer loop
      vertex 46.0673 -30.8172 2.4
      vertex 27.5858 3.85424 2.4
      vertex 46.0169 -31.1569 2.4
    endloop
  endfacet
  facet normal 0 0 1
    outer loop
      vertex 27.3333 4.00559 2.4
      vertex 46.0169 -31.1569 2.4
      vertex 27.5858 3.85424 2.4
    endloop
  endfacet
  facet normal 0 0 1
    outer loop
      vertex 46.0169 -31.1569 2.4
      vertex 27.3333 4.00559 2.4
      vertex 46 -31.5 2.4
    endloop
  endfacet
  facet normal -0 0 1
    outer loop
      vertex -27.3333 4.00559 2.4
      vertex 46 -31.5 2.4
      vertex 27.3333 4.00559 2.4
    endloop
  endfacet
  facet normal 0 0 1
    outer loop
      vertex -46 -31.5 2.4
      vertex 46 -31.5 2.4
      vertex -27.3333 4.00559 2.4
    endloop
  endfacet
  facet normal 0 0 1
    outer loop
      vertex 46 -31.5 2.4
      vertex -46 -31.5 2.4
      vertex 46.0169 -31.8431 2.4
    endloop
  endfacet
  facet normal 0 0 1
    outer loop
      vertex -46.0169 -31.8431 2.4
      vertex 46.0169 -31.8431 2.4
      vertex -46 -31.5 2.4
    endloop
  endfacet
  facet normal 0 0 1
    outer loop
      vertex 46.0169 -31.8431 2.4
      vertex -46.0169 -31.8431 2.4
      vertex 46.0673 -32.1828 2.4
    endloop
  endfacet
  facet normal 0 0 1
    outer loop
      vertex -27.3333 4.00559 2.4
      vertex 27.3333 4.00559 2.4
      vertex 27.0968 4.18097 2.4
    endloop
  endfacet
  facet normal 0 0 1
    outer loop
      vertex -27.0968 4.18097 2.4
      vertex 27.0968 4.18097 2.4
      vertex 26.8787 4.37868 2.4
    endloop
  endfacet
  facet normal 0 0 1
    outer loop
      vertex -26.8787 4.37868 2.4
      vertex 26.8787 4.37868 2.4
      vertex 26.681 4.59682 2.4
    endloop
  endfacet
  facet normal 0 0 1
    outer loop
      vertex -26.681 4.59682 2.4
      vertex 26.681 4.59682 2.4
      vertex 26.5056 4.83329 2.4
    endloop
  endfacet
  facet normal 0 0 1
    outer loop
      vertex -26.5056 4.83329 2.4
      vertex 26.5056 4.83329 2.4
      vertex 26.3542 5.08581 2.4
    endloop
  endfacet
  facet normal 0 0 1
    outer loop
      vertex 26.0144 6.79405 2.4
      vertex -26 6.5 2.4
      vertex 26 6.5 2.4
    endloop
  endfacet
  facet normal 0 0 1
    outer loop
      vertex 26 6.5 2.4
      vertex -26 6.5 2.4
      vertex 26.0144 6.20595 2.4
    endloop
  endfacet
  facet normal 0 0 1
    outer loop
      vertex -26.0144 6.20595 2.4
      vertex 26.0144 6.20595 2.4
      vertex -26 6.5 2.4
    endloop
  endfacet
  facet normal 0 0 1
    outer loop
      vertex 26.0144 6.20595 2.4
      vertex -26.0144 6.20595 2.4
      vertex 26.0576 5.91473 2.4
    endloop
  endfacet
  facet normal 0 0 1
    outer loop
      vertex -26.0576 5.91473 2.4
      vertex 26.0576 5.91473 2.4
      vertex -26.0144 6.20595 2.4
    endloop
  endfacet
  facet normal 0 0 1
    outer loop
      vertex 26.0576 5.91473 2.4
      vertex -26.0576 5.91473 2.4
      vertex 26.1292 5.62915 2.4
    endloop
  endfacet
  facet normal 0 0 1
    outer loop
      vertex -26.1292 5.62915 2.4
      vertex 26.1292 5.62915 2.4
      vertex -26.0576 5.91473 2.4
    endloop
  endfacet
  facet normal 0 0 1
    outer loop
      vertex 26.1292 5.62915 2.4
      vertex -26.1292 5.62915 2.4
      vertex 26.2284 5.35195 2.4
    endloop
  endfacet
  facet normal 0 0 1
    outer loop
      vertex -26.2284 5.35195 2.4
      vertex 26.2284 5.35195 2.4
      vertex -26.1292 5.62915 2.4
    endloop
  endfacet
  facet normal 0 0 1
    outer loop
      vertex 26.2284 5.35195 2.4
      vertex -26.2284 5.35195 2.4
      vertex 26.3542 5.08581 2.4
    endloop
  endfacet
  facet normal 0 0 1
    outer loop
      vertex -26.3542 5.08581 2.4
      vertex 26.3542 5.08581 2.4
      vertex -26.2284 5.35195 2.4
    endloop
  endfacet
  facet normal 0 0 1
    outer loop
      vertex -26.5056 4.83329 2.4
      vertex 26.3542 5.08581 2.4
      vertex -26.3542 5.08581 2.4
    endloop
  endfacet
  facet normal 0 0 1
    outer loop
      vertex 26.5056 4.83329 2.4
      vertex -26.5056 4.83329 2.4
      vertex -26.681 4.59682 2.4
    endloop
  endfacet
  facet normal 0 0 1
    outer loop
      vertex 26.681 4.59682 2.4
      vertex -26.681 4.59682 2.4
      vertex -26.8787 4.37868 2.4
    endloop
  endfacet
  facet normal 0 0 1
    outer loop
      vertex 26.8787 4.37868 2.4
      vertex -26.8787 4.37868 2.4
      vertex -27.0968 4.18097 2.4
    endloop
  endfacet
  facet normal 0 0 1
    outer loop
      vertex 27.0968 4.18097 2.4
      vertex -27.0968 4.18097 2.4
      vertex -27.3333 4.00559 2.4
    endloop
  endfacet
  facet normal 0 0 1
    outer loop
      vertex -46.0673 -32.1828 2.4
      vertex 46.0673 -32.1828 2.4
      vertex -46.0169 -31.8431 2.4
    endloop
  endfacet
  facet normal 0 0 1
    outer loop
      vertex 46.0673 -32.1828 2.4
      vertex -46.0673 -32.1828 2.4
      vertex 46.1507 -32.516 2.4
    endloop
  endfacet
  facet normal 0 0 1
    outer loop
      vertex -46.1507 -32.516 2.4
      vertex 46.1507 -32.516 2.4
      vertex -46.0673 -32.1828 2.4
    endloop
  endfacet
  facet normal 0 0 1
    outer loop
      vertex 46.1507 -32.516 2.4
      vertex -46.1507 -32.516 2.4
      vertex 46.2664 -32.8394 2.4
    endloop
  endfacet
  facet normal 0 0 1
    outer loop
      vertex -46.2664 -32.8394 2.4
      vertex 46.2664 -32.8394 2.4
      vertex -46.1507 -32.516 2.4
    endloop
  endfacet
  facet normal 0 0 1
    outer loop
      vertex -46 -31.5 2.4
      vertex -27.3333 4.00559 2.4
      vertex -27.5858 3.85424 2.4
    endloop
  endfacet
  facet normal 0 0 1
    outer loop
      vertex -46 -31.5 2.4
      vertex -27.5858 3.85424 2.4
      vertex -27.852 3.72836 2.4
    endloop
  endfacet
  facet normal 0 0 1
    outer loop
      vertex -46 -31.5 2.4
      vertex -27.852 3.72836 2.4
      vertex -28.1291 3.62918 2.4
    endloop
  endfacet
  facet normal 0 0 1
    outer loop
      vertex -46 -31.5 2.4
      vertex -28.1291 3.62918 2.4
      vertex -28.4147 3.55764 2.4
    endloop
  endfacet
  facet normal 0 0 1
    outer loop
      vertex -46 -31.5 2.4
      vertex -28.4147 3.55764 2.4
      vertex -28.7059 3.51445 2.4
    endloop
  endfacet
  facet normal 0 0 1
    outer loop
      vertex -46 -31.5 2.4
      vertex -28.7059 3.51445 2.4
      vertex -29 3.5 2.4
    endloop
  endfacet
  facet normal 0 0 1
    outer loop
      vertex -46 -31.5 2.4
      vertex -29 3.5 2.4
      vertex -29.2941 3.51445 2.4
    endloop
  endfacet
  facet normal 0 0 1
    outer loop
      vertex -46 -31.5 2.4
      vertex -29.2941 3.51445 2.4
      vertex -29.5853 3.55764 2.4
    endloop
  endfacet
  facet normal 0 0 1
    outer loop
      vertex -46 -31.5 2.4
      vertex -29.5853 3.55764 2.4
      vertex -29.8709 3.62918 2.4
    endloop
  endfacet
  facet normal 0 0 1
    outer loop
      vertex -46 -31.5 2.4
      vertex -29.8709 3.62918 2.4
      vertex -30.148 3.72836 2.4
    endloop
  endfacet
  facet normal 0 0 1
    outer loop
      vertex -46 -31.5 2.4
      vertex -30.148 3.72836 2.4
      vertex -30.4142 3.85424 2.4
    endloop
  endfacet
  facet normal -0 0 1
    outer loop
      vertex -47.5555 28.5899 2.4
      vertex -31.1213 27.3787 2.4
      vertex -47.2796 28.7945 2.4
    endloop
  endfacet
  facet normal 0 0 1
    outer loop
      vertex -31.1213 27.3787 2.4
      vertex -47.5555 28.5899 2.4
      vertex -31.1213 8.62132 2.4
    endloop
  endfacet
  facet normal 0 0 1
    outer loop
      vertex -31.1213 8.62132 2.4
      vertex -47.5555 28.5899 2.4
      vertex -31.319 8.40318 2.4
    endloop
  endfacet
  facet normal 0 0 1
    outer loop
      vertex -31.9424 5.91473 2.4
      vertex -46 -31.5 2.4
      vertex -31.8708 5.62915 2.4
    endloop
  endfacet
  facet normal 0 0 1
    outer loop
      vertex -31.8708 5.62915 2.4
      vertex -46 -31.5 2.4
      vertex -31.7716 5.35195 2.4
    endloop
  endfacet
  facet normal 0 0 1
    outer loop
      vertex -31.7716 5.35195 2.4
      vertex -46 -31.5 2.4
      vertex -31.6458 5.08581 2.4
    endloop
  endfacet
  facet normal 0 0 1
    outer loop
      vertex -46 -31.5 2.4
      vertex -31.4944 4.83329 2.4
      vertex -31.6458 5.08581 2.4
    endloop
  endfacet
  facet normal 0 0 1
    outer loop
      vertex -46 -31.5 2.4
      vertex -31.319 4.59682 2.4
      vertex -31.4944 4.83329 2.4
    endloop
  endfacet
  facet normal 0 0 1
    outer loop
      vertex -46 -31.5 2.4
      vertex -31.1213 4.37868 2.4
      vertex -31.319 4.59682 2.4
    endloop
  endfacet
  facet normal 0 0 1
    outer loop
      vertex -46 -31.5 2.4
      vertex -30.9032 4.18097 2.4
      vertex -31.1213 4.37868 2.4
    endloop
  endfacet
  facet normal 0 0 1
    outer loop
      vertex -46 -31.5 2.4
      vertex -30.6667 4.00559 2.4
      vertex -30.9032 4.18097 2.4
    endloop
  endfacet
  facet normal 0 0 1
    outer loop
      vertex -46 -31.5 2.4
      vertex -30.4142 3.85424 2.4
      vertex -30.6667 4.00559 2.4
    endloop
  endfacet
  facet normal 0 0 1
    outer loop
      vertex 46.2664 -32.8394 2.4
      vertex -46.2664 -32.8394 2.4
      vertex 46.4133 -33.1499 2.4
    endloop
  endfacet
  facet normal 0 0 1
    outer loop
      vertex -46.4133 -33.1499 2.4
      vertex 46.4133 -33.1499 2.4
      vertex -46.2664 -32.8394 2.4
    endloop
  endfacet
  facet normal 0 0 1
    outer loop
      vertex 46.4133 -33.1499 2.4
      vertex -46.4133 -33.1499 2.4
      vertex 46.5899 -33.4445 2.4
    endloop
  endfacet
  facet normal 0 0 1
    outer loop
      vertex -46.5899 -33.4445 2.4
      vertex 46.5899 -33.4445 2.4
      vertex -46.4133 -33.1499 2.4
    endloop
  endfacet
  facet normal 0 0 1
    outer loop
      vertex 46.5899 -33.4445 2.4
      vertex -46.5899 -33.4445 2.4
      vertex 46.7945 -33.7204 2.4
    endloop
  endfacet
  facet normal 0 0 1
    outer loop
      vertex -46.7945 -33.7204 2.4
      vertex 46.7945 -33.7204 2.4
      vertex -46.5899 -33.4445 2.4
    endloop
  endfacet
  facet normal 0 0 1
    outer loop
      vertex 46.7945 -33.7204 2.4
      vertex -46.7945 -33.7204 2.4
      vertex 47.0251 -33.9749 2.4
    endloop
  endfacet
  facet normal 0 0 1
    outer loop
      vertex -47.0251 -33.9749 2.4
      vertex 47.0251 -33.9749 2.4
      vertex -46.7945 -33.7204 2.4
    endloop
  endfacet
  facet normal 0 0 1
    outer loop
      vertex 47.0251 -33.9749 2.4
      vertex -47.0251 -33.9749 2.4
      vertex 47.0528 -34 2.4
    endloop
  endfacet
  facet normal 0 0 1
    outer loop
      vertex 47.0528 -34 2.4
      vertex -47.0251 -33.9749 2.4
      vertex -47.0528 -34 2.4
    endloop
  endfacet
  facet normal 0.903951 0.427636 0
    outer loop
      vertex -51.5749 -32.097 42
      vertex -51.726 -31.7776 38.79
      vertex -51.726 -31.7776 42
    endloop
  endfacet
  facet normal 0.903951 0.427636 0
    outer loop
      vertex -51.726 -31.7776 38.79
      vertex -51.5749 -32.097 42
      vertex -51.5749 -32.097 38.79
    endloop
  endfacet
  facet normal -0.970059 0.242869 0
    outer loop
      vertex 51.845 -31.445 38.79
      vertex 51.9308 -31.1023 42
      vertex 51.9308 -31.1023 38.79
    endloop
  endfacet
  facet normal -0.970059 0.242869 0
    outer loop
      vertex 51.9308 -31.1023 42
      vertex 51.845 -31.445 38.79
      vertex 51.845 -31.445 42
    endloop
  endfacet
  facet normal -0.671432 0.741066 0
    outer loop
      vertex 50.9456 -32.9456 38.79
      vertex 50.6838 -33.1828 42
      vertex 50.9456 -32.9456 42
    endloop
  endfacet
  facet normal -0.671432 0.741066 0
    outer loop
      vertex 50.6838 -33.1828 42
      vertex 50.9456 -32.9456 38.79
      vertex 50.6838 -33.1828 38.79
    endloop
  endfacet
  facet normal -0.970059 -0.242869 0
    outer loop
      vertex 51.9308 31.1023 38.79
      vertex 51.845 31.445 42
      vertex 51.845 31.445 38.79
    endloop
  endfacet
  facet normal -0.970059 -0.242869 0
    outer loop
      vertex 51.845 31.445 42
      vertex 51.9308 31.1023 38.79
      vertex 51.9308 31.1023 42
    endloop
  endfacet
  facet normal -1 0 0
    outer loop
      vertex -2 34 6.4
      vertex -2 36.4 15.4
      vertex -2 36.4 6.4
    endloop
  endfacet
  facet normal -1 -0 0
    outer loop
      vertex -2 36.4 15.4
      vertex -2 34 6.4
      vertex -2 34 15.4
    endloop
  endfacet
  facet normal 0 0 -1
    outer loop
      vertex -28 34 15.4
      vertex -2 36.4 15.4
      vertex -2 34 15.4
    endloop
  endfacet
  facet normal -0 0 -1
    outer loop
      vertex -2 36.4 15.4
      vertex -28 34 15.4
      vertex -28 36.4 15.4
    endloop
  endfacet
  facet normal -0 0 1
    outer loop
      vertex -28 36.4 6.4
      vertex -2 34 6.4
      vertex -2 36.4 6.4
    endloop
  endfacet
  facet normal 0 0 1
    outer loop
      vertex -2 34 6.4
      vertex -28 36.4 6.4
      vertex -28 34 6.4
    endloop
  endfacet
  facet normal 1 -0 0
    outer loop
      vertex -28 34 15.4
      vertex -28 36.4 6.4
      vertex -28 36.4 15.4
    endloop
  endfacet
  facet normal 1 0 0
    outer loop
      vertex -28 36.4 6.4
      vertex -28 34 15.4
      vertex -28 34 6.4
    endloop
  endfacet
  facet normal 0.740969 0.671539 0
    outer loop
      vertex -26.681 8.40318 7.39
      vertex -26.8787 8.62132 2.4
      vertex -26.8787 8.62132 7.39
    endloop
  endfacet
  facet normal 0.740969 0.671539 0
    outer loop
      vertex -26.8787 8.62132 2.4
      vertex -26.681 8.40318 7.39
      vertex -26.681 8.40318 2.4
    endloop
  endfacet
  facet normal 0.989176 0.146736 0
    outer loop
      vertex -26.0144 6.79405 7.39
      vertex -26.0576 7.08527 2.4
      vertex -26.0576 7.08527 7.39
    endloop
  endfacet
  facet normal 0.989176 0.146736 0
    outer loop
      vertex -26.0576 7.08527 2.4
      vertex -26.0144 6.79405 7.39
      vertex -26.0144 6.79405 2.4
    endloop
  endfacet
  facet normal 0.998803 0.0489126 0
    outer loop
      vertex -26 6.5 7.39
      vertex -26.0144 6.79405 2.4
      vertex -26.0144 6.79405 7.39
    endloop
  endfacet
  facet normal 0.998803 0.0489126 0
    outer loop
      vertex -26.0144 6.79405 2.4
      vertex -26 6.5 7.39
      vertex -26 6.5 2.4
    endloop
  endfacet
  facet normal 0.969978 0.243191 0
    outer loop
      vertex -26.0576 7.08527 7.39
      vertex -26.1292 7.37085 2.4
      vertex -26.1292 7.37085 7.39
    endloop
  endfacet
  facet normal 0.969978 0.243191 0
    outer loop
      vertex -26.1292 7.37085 2.4
      vertex -26.0576 7.08527 7.39
      vertex -26.0576 7.08527 2.4
    endloop
  endfacet
  facet normal 0.336986 -0.94151 0
    outer loop
      vertex -28.1291 3.62918 2.4
      vertex -27.852 3.72836 7.39
      vertex -28.1291 3.62918 7.39
    endloop
  endfacet
  facet normal 0.336986 -0.94151 0
    outer loop
      vertex -27.852 3.72836 7.39
      vertex -28.1291 3.62918 2.4
      vertex -27.852 3.72836 2.4
    endloop
  endfacet
  facet normal 0.857661 0.514216 0
    outer loop
      vertex -26.3542 7.91419 7.39
      vertex -26.5056 8.16671 2.4
      vertex -26.5056 8.16671 7.39
    endloop
  endfacet
  facet normal 0.857661 0.514216 0
    outer loop
      vertex -26.5056 8.16671 2.4
      vertex -26.3542 7.91419 7.39
      vertex -26.3542 7.91419 2.4
    endloop
  endfacet
  facet normal 0.941527 0.336939 0
    outer loop
      vertex -26.1292 7.37085 7.39
      vertex -26.2284 7.64805 2.4
      vertex -26.2284 7.64805 7.39
    endloop
  endfacet
  facet normal 0.941527 0.336939 0
    outer loop
      vertex -26.2284 7.64805 2.4
      vertex -26.1292 7.37085 7.39
      vertex -26.1292 7.37085 2.4
    endloop
  endfacet
  facet normal 0.242983 0.970031 -0
    outer loop
      vertex -28.1291 9.37082 2.4
      vertex -28.4147 9.44236 7.39
      vertex -28.1291 9.37082 7.39
    endloop
  endfacet
  facet normal 0.242983 0.970031 0
    outer loop
      vertex -28.4147 9.44236 7.39
      vertex -28.1291 9.37082 2.4
      vertex -28.4147 9.44236 2.4
    endloop
  endfacet
  facet normal -0.740969 0.671539 0
    outer loop
      vertex -31.319 8.40318 2.4
      vertex -31.1213 8.62132 7.39
      vertex -31.1213 8.62132 2.4
    endloop
  endfacet
  facet normal -0.740969 0.671539 0
    outer loop
      vertex -31.1213 8.62132 7.39
      vertex -31.319 8.40318 2.4
      vertex -31.319 8.40318 7.39
    endloop
  endfacet
  facet normal 0.0490738 -0.998795 0
    outer loop
      vertex -29 3.5 2.4
      vertex -28.7059 3.51445 7.39
      vertex -29 3.5 7.39
    endloop
  endfacet
  facet normal 0.0490738 -0.998795 0
    outer loop
      vertex -28.7059 3.51445 7.39
      vertex -29 3.5 2.4
      vertex -28.7059 3.51445 2.4
    endloop
  endfacet
  facet normal 0.427491 0.90402 -0
    outer loop
      vertex -27.5858 9.14576 2.4
      vertex -27.852 9.27164 7.39
      vertex -27.5858 9.14576 7.39
    endloop
  endfacet
  facet normal 0.427491 0.90402 0
    outer loop
      vertex -27.852 9.27164 7.39
      vertex -27.5858 9.14576 2.4
      vertex -27.852 9.27164 2.4
    endloop
  endfacet
  facet normal 0.671625 0.740891 -0
    outer loop
      vertex -26.8787 8.62132 2.4
      vertex -27.0968 8.81903 7.39
      vertex -26.8787 8.62132 7.39
    endloop
  endfacet
  facet normal 0.671625 0.740891 0
    outer loop
      vertex -27.0968 8.81903 7.39
      vertex -26.8787 8.62132 2.4
      vertex -27.0968 8.81903 2.4
    endloop
  endfacet
  facet normal -0.595655 -0.803241 0
    outer loop
      vertex -30.9032 4.18097 2.4
      vertex -30.6667 4.00559 7.39
      vertex -30.9032 4.18097 7.39
    endloop
  endfacet
  facet normal -0.595655 -0.803241 -0
    outer loop
      vertex -30.6667 4.00559 7.39
      vertex -30.9032 4.18097 2.4
      vertex -30.6667 4.00559 2.4
    endloop
  endfacet
  facet normal 0.0490738 0.998795 -0
    outer loop
      vertex -28.7059 9.48555 2.4
      vertex -29 9.5 7.39
      vertex -28.7059 9.48555 7.39
    endloop
  endfacet
  facet normal 0.0490738 0.998795 0
    outer loop
      vertex -29 9.5 7.39
      vertex -28.7059 9.48555 2.4
      vertex -29 9.5 2.4
    endloop
  endfacet
  facet normal 0.242983 -0.970031 0
    outer loop
      vertex -28.4147 3.55764 2.4
      vertex -28.1291 3.62918 7.39
      vertex -28.4147 3.55764 7.39
    endloop
  endfacet
  facet normal 0.242983 -0.970031 0
    outer loop
      vertex -28.1291 3.62918 7.39
      vertex -28.4147 3.55764 2.4
      vertex -28.1291 3.62918 2.4
    endloop
  endfacet
  facet normal 0.989176 -0.146736 0
    outer loop
      vertex -26.0576 5.91473 7.39
      vertex -26.0144 6.20595 2.4
      vertex -26.0144 6.20595 7.39
    endloop
  endfacet
  facet normal 0.989176 -0.146736 0
    outer loop
      vertex -26.0144 6.20595 2.4
      vertex -26.0576 5.91473 7.39
      vertex -26.0576 5.91473 2.4
    endloop
  endfacet
  facet normal 0.514121 -0.857718 0
    outer loop
      vertex -27.5858 3.85424 2.4
      vertex -27.3333 4.00559 7.39
      vertex -27.5858 3.85424 7.39
    endloop
  endfacet
  facet normal 0.514121 -0.857718 0
    outer loop
      vertex -27.3333 4.00559 7.39
      vertex -27.5858 3.85424 2.4
      vertex -27.3333 4.00559 2.4
    endloop
  endfacet
  facet normal -0.242983 -0.970031 0
    outer loop
      vertex -29.8709 3.62918 2.4
      vertex -29.5853 3.55764 7.39
      vertex -29.8709 3.62918 7.39
    endloop
  endfacet
  facet normal -0.242983 -0.970031 -0
    outer loop
      vertex -29.5853 3.55764 7.39
      vertex -29.8709 3.62918 2.4
      vertex -29.5853 3.55764 2.4
    endloop
  endfacet
  facet normal -0.595655 0.803241 0
    outer loop
      vertex -30.6667 8.99441 2.4
      vertex -30.9032 8.81903 7.39
      vertex -30.6667 8.99441 7.39
    endloop
  endfacet
  facet normal -0.595655 0.803241 0
    outer loop
      vertex -30.9032 8.81903 7.39
      vertex -30.6667 8.99441 2.4
      vertex -30.9032 8.81903 2.4
    endloop
  endfacet
  facet normal -0.998803 -0.0489126 0
    outer loop
      vertex -31.9856 6.20595 2.4
      vertex -32 6.5 7.39
      vertex -32 6.5 2.4
    endloop
  endfacet
  facet normal -0.998803 -0.0489126 0
    outer loop
      vertex -32 6.5 7.39
      vertex -31.9856 6.20595 2.4
      vertex -31.9856 6.20595 7.39
    endloop
  endfacet
  facet normal -0.969978 -0.243191 0
    outer loop
      vertex -31.8708 5.62915 2.4
      vertex -31.9424 5.91473 7.39
      vertex -31.9424 5.91473 2.4
    endloop
  endfacet
  facet normal -0.969978 -0.243191 0
    outer loop
      vertex -31.9424 5.91473 7.39
      vertex -31.8708 5.62915 2.4
      vertex -31.8708 5.62915 7.39
    endloop
  endfacet
  facet normal 0.969978 -0.243191 0
    outer loop
      vertex -26.1292 5.62915 7.39
      vertex -26.0576 5.91473 2.4
      vertex -26.0576 5.91473 7.39
    endloop
  endfacet
  facet normal 0.969978 -0.243191 0
    outer loop
      vertex -26.0576 5.91473 2.4
      vertex -26.1292 5.62915 7.39
      vertex -26.1292 5.62915 2.4
    endloop
  endfacet
  facet normal -0.514121 0.857718 0
    outer loop
      vertex -30.4142 9.14576 2.4
      vertex -30.6667 8.99441 7.39
      vertex -30.4142 9.14576 7.39
    endloop
  endfacet
  facet normal -0.514121 0.857718 0
    outer loop
      vertex -30.6667 8.99441 7.39
      vertex -30.4142 9.14576 2.4
      vertex -30.6667 8.99441 2.4
    endloop
  endfacet
  facet normal 0.595655 0.803241 -0
    outer loop
      vertex -27.0968 8.81903 2.4
      vertex -27.3333 8.99441 7.39
      vertex -27.0968 8.81903 7.39
    endloop
  endfacet
  facet normal 0.595655 0.803241 0
    outer loop
      vertex -27.3333 8.99441 7.39
      vertex -27.0968 8.81903 2.4
      vertex -27.3333 8.99441 2.4
    endloop
  endfacet
  facet normal -0.904088 -0.427347 0
    outer loop
      vertex -31.6458 5.08581 2.4
      vertex -31.7716 5.35195 7.39
      vertex -31.7716 5.35195 2.4
    endloop
  endfacet
  facet normal -0.904088 -0.427347 0
    outer loop
      vertex -31.7716 5.35195 7.39
      vertex -31.6458 5.08581 2.4
      vertex -31.6458 5.08581 7.39
    endloop
  endfacet
  facet normal 0.941527 -0.336939 0
    outer loop
      vertex -26.2284 5.35195 7.39
      vertex -26.1292 5.62915 2.4
      vertex -26.1292 5.62915 7.39
    endloop
  endfacet
  facet normal 0.941527 -0.336939 0
    outer loop
      vertex -26.1292 5.62915 2.4
      vertex -26.2284 5.35195 7.39
      vertex -26.2284 5.35195 2.4
    endloop
  endfacet
  facet normal 0.146712 0.989179 -0
    outer loop
      vertex -28.4147 9.44236 2.4
      vertex -28.7059 9.48555 7.39
      vertex -28.4147 9.44236 7.39
    endloop
  endfacet
  facet normal 0.146712 0.989179 0
    outer loop
      vertex -28.7059 9.48555 7.39
      vertex -28.4147 9.44236 2.4
      vertex -28.7059 9.48555 2.4
    endloop
  endfacet
  facet normal -0.427491 0.90402 0
    outer loop
      vertex -30.148 9.27164 2.4
      vertex -30.4142 9.14576 7.39
      vertex -30.148 9.27164 7.39
    endloop
  endfacet
  facet normal -0.427491 0.90402 0
    outer loop
      vertex -30.4142 9.14576 7.39
      vertex -30.148 9.27164 2.4
      vertex -30.4142 9.14576 2.4
    endloop
  endfacet
  facet normal 0.514121 0.857718 -0
    outer loop
      vertex -27.3333 8.99441 2.4
      vertex -27.5858 9.14576 7.39
      vertex -27.3333 8.99441 7.39
    endloop
  endfacet
  facet normal 0.514121 0.857718 0
    outer loop
      vertex -27.5858 9.14576 7.39
      vertex -27.3333 8.99441 2.4
      vertex -27.5858 9.14576 2.4
    endloop
  endfacet
  facet normal 0.427491 -0.90402 0
    outer loop
      vertex -27.852 3.72836 2.4
      vertex -27.5858 3.85424 7.39
      vertex -27.852 3.72836 7.39
    endloop
  endfacet
  facet normal 0.427491 -0.90402 0
    outer loop
      vertex -27.5858 3.85424 7.39
      vertex -27.852 3.72836 2.4
      vertex -27.5858 3.85424 2.4
    endloop
  endfacet
  facet normal -0.941527 -0.336939 0
    outer loop
      vertex -31.7716 5.35195 2.4
      vertex -31.8708 5.62915 7.39
      vertex -31.8708 5.62915 2.4
    endloop
  endfacet
  facet normal -0.941527 -0.336939 0
    outer loop
      vertex -31.8708 5.62915 7.39
      vertex -31.7716 5.35195 2.4
      vertex -31.7716 5.35195 7.39
    endloop
  endfacet
  facet normal 0.857661 -0.514216 0
    outer loop
      vertex -26.5056 4.83329 7.39
      vertex -26.3542 5.08581 2.4
      vertex -26.3542 5.08581 7.39
    endloop
  endfacet
  facet normal 0.857661 -0.514216 0
    outer loop
      vertex -26.3542 5.08581 2.4
      vertex -26.5056 4.83329 7.39
      vertex -26.5056 4.83329 2.4
    endloop
  endfacet
  facet normal 0.904088 -0.427347 0
    outer loop
      vertex -26.3542 5.08581 7.39
      vertex -26.2284 5.35195 2.4
      vertex -26.2284 5.35195 7.39
    endloop
  endfacet
  facet normal 0.904088 -0.427347 0
    outer loop
      vertex -26.2284 5.35195 2.4
      vertex -26.3542 5.08581 7.39
      vertex -26.3542 5.08581 2.4
    endloop
  endfacet
  facet normal 0.998803 -0.0489126 0
    outer loop
      vertex -26.0144 6.20595 7.39
      vertex -26 6.5 2.4
      vertex -26 6.5 7.39
    endloop
  endfacet
  facet normal 0.998803 -0.0489126 0
    outer loop
      vertex -26 6.5 2.4
      vertex -26.0144 6.20595 7.39
      vertex -26.0144 6.20595 2.4
    endloop
  endfacet
  facet normal -0.146712 0.989179 0
    outer loop
      vertex -29.2941 9.48555 2.4
      vertex -29.5853 9.44236 7.39
      vertex -29.2941 9.48555 7.39
    endloop
  endfacet
  facet normal -0.146712 0.989179 0
    outer loop
      vertex -29.5853 9.44236 7.39
      vertex -29.2941 9.48555 2.4
      vertex -29.5853 9.44236 2.4
    endloop
  endfacet
  facet normal 0.146712 -0.989179 0
    outer loop
      vertex -28.7059 3.51445 2.4
      vertex -28.4147 3.55764 7.39
      vertex -28.7059 3.51445 7.39
    endloop
  endfacet
  facet normal 0.146712 -0.989179 0
    outer loop
      vertex -28.4147 3.55764 7.39
      vertex -28.7059 3.51445 2.4
      vertex -28.4147 3.55764 2.4
    endloop
  endfacet
  facet normal 0.740969 -0.671539 0
    outer loop
      vertex -26.8787 4.37868 7.39
      vertex -26.681 4.59682 2.4
      vertex -26.681 4.59682 7.39
    endloop
  endfacet
  facet normal 0.740969 -0.671539 0
    outer loop
      vertex -26.681 4.59682 2.4
      vertex -26.8787 4.37868 7.39
      vertex -26.8787 4.37868 2.4
    endloop
  endfacet
  facet normal 0.803172 -0.595747 0
    outer loop
      vertex -26.681 4.59682 7.39
      vertex -26.5056 4.83329 2.4
      vertex -26.5056 4.83329 7.39
    endloop
  endfacet
  facet normal 0.803172 -0.595747 0
    outer loop
      vertex -26.5056 4.83329 2.4
      vertex -26.681 4.59682 7.39
      vertex -26.681 4.59682 2.4
    endloop
  endfacet
  facet normal -0.242983 0.970031 0
    outer loop
      vertex -29.5853 9.44236 2.4
      vertex -29.8709 9.37082 7.39
      vertex -29.5853 9.44236 7.39
    endloop
  endfacet
  facet normal -0.242983 0.970031 0
    outer loop
      vertex -29.8709 9.37082 7.39
      vertex -29.5853 9.44236 2.4
      vertex -29.8709 9.37082 2.4
    endloop
  endfacet
  facet normal 0.803172 0.595747 0
    outer loop
      vertex -26.5056 8.16671 7.39
      vertex -26.681 8.40318 2.4
      vertex -26.681 8.40318 7.39
    endloop
  endfacet
  facet normal 0.803172 0.595747 0
    outer loop
      vertex -26.681 8.40318 2.4
      vertex -26.5056 8.16671 7.39
      vertex -26.5056 8.16671 2.4
    endloop
  endfacet
  facet normal 0.904088 0.427347 0
    outer loop
      vertex -26.2284 7.64805 7.39
      vertex -26.3542 7.91419 2.4
      vertex -26.3542 7.91419 7.39
    endloop
  endfacet
  facet normal 0.904088 0.427347 0
    outer loop
      vertex -26.3542 7.91419 2.4
      vertex -26.2284 7.64805 7.39
      vertex -26.2284 7.64805 2.4
    endloop
  endfacet
  facet normal -0.857661 0.514216 0
    outer loop
      vertex -31.6458 7.91419 2.4
      vertex -31.4944 8.16671 7.39
      vertex -31.4944 8.16671 2.4
    endloop
  endfacet
  facet normal -0.857661 0.514216 0
    outer loop
      vertex -31.4944 8.16671 7.39
      vertex -31.6458 7.91419 2.4
      vertex -31.6458 7.91419 7.39
    endloop
  endfacet
  facet normal -0.671625 0.740891 0
    outer loop
      vertex -30.9032 8.81903 2.4
      vertex -31.1213 8.62132 7.39
      vertex -30.9032 8.81903 7.39
    endloop
  endfacet
  facet normal -0.671625 0.740891 0
    outer loop
      vertex -31.1213 8.62132 7.39
      vertex -30.9032 8.81903 2.4
      vertex -31.1213 8.62132 2.4
    endloop
  endfacet
  facet normal -0.857661 -0.514216 0
    outer loop
      vertex -31.4944 4.83329 2.4
      vertex -31.6458 5.08581 7.39
      vertex -31.6458 5.08581 2.4
    endloop
  endfacet
  facet normal -0.857661 -0.514216 0
    outer loop
      vertex -31.6458 5.08581 7.39
      vertex -31.4944 4.83329 2.4
      vertex -31.4944 4.83329 7.39
    endloop
  endfacet
  facet normal -0.427491 -0.90402 0
    outer loop
      vertex -30.4142 3.85424 2.4
      vertex -30.148 3.72836 7.39
      vertex -30.4142 3.85424 7.39
    endloop
  endfacet
  facet normal -0.427491 -0.90402 -0
    outer loop
      vertex -30.148 3.72836 7.39
      vertex -30.4142 3.85424 2.4
      vertex -30.148 3.72836 2.4
    endloop
  endfacet
  facet normal -0.740969 -0.671539 0
    outer loop
      vertex -31.1213 4.37868 2.4
      vertex -31.319 4.59682 7.39
      vertex -31.319 4.59682 2.4
    endloop
  endfacet
  facet normal -0.740969 -0.671539 0
    outer loop
      vertex -31.319 4.59682 7.39
      vertex -31.1213 4.37868 2.4
      vertex -31.1213 4.37868 7.39
    endloop
  endfacet
  facet normal -0.336986 0.94151 0
    outer loop
      vertex -29.8709 9.37082 2.4
      vertex -30.148 9.27164 7.39
      vertex -29.8709 9.37082 7.39
    endloop
  endfacet
  facet normal -0.336986 0.94151 0
    outer loop
      vertex -30.148 9.27164 7.39
      vertex -29.8709 9.37082 2.4
      vertex -30.148 9.27164 2.4
    endloop
  endfacet
  facet normal -0.514121 -0.857718 0
    outer loop
      vertex -30.6667 4.00559 2.4
      vertex -30.4142 3.85424 7.39
      vertex -30.6667 4.00559 7.39
    endloop
  endfacet
  facet normal -0.514121 -0.857718 -0
    outer loop
      vertex -30.4142 3.85424 7.39
      vertex -30.6667 4.00559 2.4
      vertex -30.4142 3.85424 2.4
    endloop
  endfacet
  facet normal 0.595655 -0.803241 0
    outer loop
      vertex -27.3333 4.00559 2.4
      vertex -27.0968 4.18097 7.39
      vertex -27.3333 4.00559 7.39
    endloop
  endfacet
  facet normal 0.595655 -0.803241 0
    outer loop
      vertex -27.0968 4.18097 7.39
      vertex -27.3333 4.00559 2.4
      vertex -27.0968 4.18097 2.4
    endloop
  endfacet
  facet normal -0.0490738 0.998795 0
    outer loop
      vertex -29 9.5 2.4
      vertex -29.2941 9.48555 7.39
      vertex -29 9.5 7.39
    endloop
  endfacet
  facet normal -0.0490738 0.998795 0
    outer loop
      vertex -29.2941 9.48555 7.39
      vertex -29 9.5 2.4
      vertex -29.2941 9.48555 2.4
    endloop
  endfacet
  facet normal -0.969978 0.243191 0
    outer loop
      vertex -31.9424 7.08527 2.4
      vertex -31.8708 7.37085 7.39
      vertex -31.8708 7.37085 2.4
    endloop
  endfacet
  facet normal -0.969978 0.243191 0
    outer loop
      vertex -31.8708 7.37085 7.39
      vertex -31.9424 7.08527 2.4
      vertex -31.9424 7.08527 7.39
    endloop
  endfacet
  facet normal -0.941527 0.336939 0
    outer loop
      vertex -31.8708 7.37085 2.4
      vertex -31.7716 7.64805 7.39
      vertex -31.7716 7.64805 2.4
    endloop
  endfacet
  facet normal -0.941527 0.336939 0
    outer loop
      vertex -31.7716 7.64805 7.39
      vertex -31.8708 7.37085 2.4
      vertex -31.8708 7.37085 7.39
    endloop
  endfacet
  facet normal 0.336986 0.94151 -0
    outer loop
      vertex -27.852 9.27164 2.4
      vertex -28.1291 9.37082 7.39
      vertex -27.852 9.27164 7.39
    endloop
  endfacet
  facet normal 0.336986 0.94151 0
    outer loop
      vertex -28.1291 9.37082 7.39
      vertex -27.852 9.27164 2.4
      vertex -28.1291 9.37082 2.4
    endloop
  endfacet
  facet normal -0.803172 -0.595747 0
    outer loop
      vertex -31.319 4.59682 2.4
      vertex -31.4944 4.83329 7.39
      vertex -31.4944 4.83329 2.4
    endloop
  endfacet
  facet normal -0.803172 -0.595747 0
    outer loop
      vertex -31.4944 4.83329 7.39
      vertex -31.319 4.59682 2.4
      vertex -31.319 4.59682 7.39
    endloop
  endfacet
  facet normal -0.989176 -0.146736 0
    outer loop
      vertex -31.9424 5.91473 2.4
      vertex -31.9856 6.20595 7.39
      vertex -31.9856 6.20595 2.4
    endloop
  endfacet
  facet normal -0.989176 -0.146736 0
    outer loop
      vertex -31.9856 6.20595 7.39
      vertex -31.9424 5.91473 2.4
      vertex -31.9424 5.91473 7.39
    endloop
  endfacet
  facet normal -0.904088 0.427347 0
    outer loop
      vertex -31.7716 7.64805 2.4
      vertex -31.6458 7.91419 7.39
      vertex -31.6458 7.91419 2.4
    endloop
  endfacet
  facet normal -0.904088 0.427347 0
    outer loop
      vertex -31.6458 7.91419 7.39
      vertex -31.7716 7.64805 2.4
      vertex -31.7716 7.64805 7.39
    endloop
  endfacet
  facet normal -0.671625 -0.740891 0
    outer loop
      vertex -31.1213 4.37868 2.4
      vertex -30.9032 4.18097 7.39
      vertex -31.1213 4.37868 7.39
    endloop
  endfacet
  facet normal -0.671625 -0.740891 -0
    outer loop
      vertex -30.9032 4.18097 7.39
      vertex -31.1213 4.37868 2.4
      vertex -30.9032 4.18097 2.4
    endloop
  endfacet
  facet normal -0.803172 0.595747 0
    outer loop
      vertex -31.4944 8.16671 2.4
      vertex -31.319 8.40318 7.39
      vertex -31.319 8.40318 2.4
    endloop
  endfacet
  facet normal -0.803172 0.595747 0
    outer loop
      vertex -31.319 8.40318 7.39
      vertex -31.4944 8.16671 2.4
      vertex -31.4944 8.16671 7.39
    endloop
  endfacet
  facet normal -0.0490738 -0.998795 0
    outer loop
      vertex -29.2941 3.51445 2.4
      vertex -29 3.5 7.39
      vertex -29.2941 3.51445 7.39
    endloop
  endfacet
  facet normal -0.0490738 -0.998795 -0
    outer loop
      vertex -29 3.5 7.39
      vertex -29.2941 3.51445 2.4
      vertex -29 3.5 2.4
    endloop
  endfacet
  facet normal -0.146712 -0.989179 0
    outer loop
      vertex -29.5853 3.55764 2.4
      vertex -29.2941 3.51445 7.39
      vertex -29.5853 3.55764 7.39
    endloop
  endfacet
  facet normal -0.146712 -0.989179 -0
    outer loop
      vertex -29.2941 3.51445 7.39
      vertex -29.5853 3.55764 2.4
      vertex -29.2941 3.51445 2.4
    endloop
  endfacet
  facet normal -0.989176 0.146736 0
    outer loop
      vertex -31.9856 6.79405 2.4
      vertex -31.9424 7.08527 7.39
      vertex -31.9424 7.08527 2.4
    endloop
  endfacet
  facet normal -0.989176 0.146736 0
    outer loop
      vertex -31.9424 7.08527 7.39
      vertex -31.9856 6.79405 2.4
      vertex -31.9856 6.79405 7.39
    endloop
  endfacet
  facet normal -0.998803 0.0489126 0
    outer loop
      vertex -32 6.5 2.4
      vertex -31.9856 6.79405 7.39
      vertex -31.9856 6.79405 2.4
    endloop
  endfacet
  facet normal -0.998803 0.0489126 0
    outer loop
      vertex -31.9856 6.79405 7.39
      vertex -32 6.5 2.4
      vertex -32 6.5 7.39
    endloop
  endfacet
  facet normal -0.336986 -0.94151 0
    outer loop
      vertex -30.148 3.72836 2.4
      vertex -29.8709 3.62918 7.39
      vertex -30.148 3.72836 7.39
    endloop
  endfacet
  facet normal -0.336986 -0.94151 -0
    outer loop
      vertex -29.8709 3.62918 7.39
      vertex -30.148 3.72836 2.4
      vertex -29.8709 3.62918 2.4
    endloop
  endfacet
  facet normal 0.671625 -0.740891 0
    outer loop
      vertex -27.0968 4.18097 2.4
      vertex -26.8787 4.37868 7.39
      vertex -27.0968 4.18097 7.39
    endloop
  endfacet
  facet normal 0.671625 -0.740891 0
    outer loop
      vertex -26.8787 4.37868 7.39
      vertex -27.0968 4.18097 2.4
      vertex -26.8787 4.37868 2.4
    endloop
  endfacet
  facet normal 0 0 1
    outer loop
      vertex -27.9 6.5 7.39
      vertex -26 6.5 7.39
      vertex -26.0144 6.79405 7.39
    endloop
  endfacet
  facet normal 0 0 1
    outer loop
      vertex -27.9053 6.60782 7.39
      vertex -26.0144 6.79405 7.39
      vertex -26.0576 7.08527 7.39
    endloop
  endfacet
  facet normal 0 0 1
    outer loop
      vertex -26 6.5 7.39
      vertex -27.9 6.5 7.39
      vertex -26.0144 6.20595 7.39
    endloop
  endfacet
  facet normal 0 0 1
    outer loop
      vertex -27.9211 6.7146 7.39
      vertex -26.0576 7.08527 7.39
      vertex -26.1292 7.37085 7.39
    endloop
  endfacet
  facet normal -0 0 1
    outer loop
      vertex -27.9053 6.39218 7.39
      vertex -26.0144 6.20595 7.39
      vertex -27.9 6.5 7.39
    endloop
  endfacet
  facet normal 0 0 1
    outer loop
      vertex -27.9474 6.81931 7.39
      vertex -26.1292 7.37085 7.39
      vertex -26.2284 7.64805 7.39
    endloop
  endfacet
  facet normal 0 0 1
    outer loop
      vertex -26.0144 6.20595 7.39
      vertex -27.9053 6.39218 7.39
      vertex -26.0576 5.91473 7.39
    endloop
  endfacet
  facet normal 0 0 1
    outer loop
      vertex -27.9837 6.92095 7.39
      vertex -26.2284 7.64805 7.39
      vertex -26.3542 7.91419 7.39
    endloop
  endfacet
  facet normal -0 0 1
    outer loop
      vertex -27.9211 6.2854 7.39
      vertex -26.0576 5.91473 7.39
      vertex -27.9053 6.39218 7.39
    endloop
  endfacet
  facet normal 0 0 1
    outer loop
      vertex -28.0299 7.01854 7.39
      vertex -26.3542 7.91419 7.39
      vertex -26.5056 8.16671 7.39
    endloop
  endfacet
  facet normal 0 0 1
    outer loop
      vertex -26.0576 5.91473 7.39
      vertex -27.9211 6.2854 7.39
      vertex -26.1292 5.62915 7.39
    endloop
  endfacet
  facet normal 0 0 1
    outer loop
      vertex -28.0854 7.11113 7.39
      vertex -26.5056 8.16671 7.39
      vertex -26.681 8.40318 7.39
    endloop
  endfacet
  facet normal -0 0 1
    outer loop
      vertex -27.9474 6.18069 7.39
      vertex -26.1292 5.62915 7.39
      vertex -27.9211 6.2854 7.39
    endloop
  endfacet
  facet normal 0 0 1
    outer loop
      vertex -28.1497 7.19783 7.39
      vertex -26.681 8.40318 7.39
      vertex -26.8787 8.62132 7.39
    endloop
  endfacet
  facet normal 0 0 1
    outer loop
      vertex -26.1292 5.62915 7.39
      vertex -27.9474 6.18069 7.39
      vertex -26.2284 5.35195 7.39
    endloop
  endfacet
  facet normal 0 0 1
    outer loop
      vertex -28.2222 7.27782 7.39
      vertex -26.8787 8.62132 7.39
      vertex -27.0968 8.81903 7.39
    endloop
  endfacet
  facet normal -0 0 1
    outer loop
      vertex -27.9837 6.07905 7.39
      vertex -26.2284 5.35195 7.39
      vertex -27.9474 6.18069 7.39
    endloop
  endfacet
  facet normal 0 0 1
    outer loop
      vertex -28.3022 7.35031 7.39
      vertex -27.0968 8.81903 7.39
      vertex -27.3333 8.99441 7.39
    endloop
  endfacet
  facet normal 0 0 1
    outer loop
      vertex -26.2284 5.35195 7.39
      vertex -27.9837 6.07905 7.39
      vertex -26.3542 5.08581 7.39
    endloop
  endfacet
  facet normal 0 0 1
    outer loop
      vertex -28.3889 7.41462 7.39
      vertex -27.3333 8.99441 7.39
      vertex -27.5858 9.14576 7.39
    endloop
  endfacet
  facet normal -0 0 1
    outer loop
      vertex -28.0299 5.98146 7.39
      vertex -26.3542 5.08581 7.39
      vertex -27.9837 6.07905 7.39
    endloop
  endfacet
  facet normal 0 0 1
    outer loop
      vertex -28.4815 7.47011 7.39
      vertex -27.5858 9.14576 7.39
      vertex -27.852 9.27164 7.39
    endloop
  endfacet
  facet normal 0 0 1
    outer loop
      vertex -26.3542 5.08581 7.39
      vertex -28.0299 5.98146 7.39
      vertex -26.5056 4.83329 7.39
    endloop
  endfacet
  facet normal -0 0 1
    outer loop
      vertex -28.0854 5.88887 7.39
      vertex -26.5056 4.83329 7.39
      vertex -28.0299 5.98146 7.39
    endloop
  endfacet
  facet normal 0 0 1
    outer loop
      vertex -26.0144 6.79405 7.39
      vertex -27.9053 6.60782 7.39
      vertex -27.9 6.5 7.39
    endloop
  endfacet
  facet normal 0 0 1
    outer loop
      vertex -26.0576 7.08527 7.39
      vertex -27.9211 6.7146 7.39
      vertex -27.9053 6.60782 7.39
    endloop
  endfacet
  facet normal 0 0 1
    outer loop
      vertex -26.1292 7.37085 7.39
      vertex -27.9474 6.81931 7.39
      vertex -27.9211 6.7146 7.39
    endloop
  endfacet
  facet normal 0 0 1
    outer loop
      vertex -26.2284 7.64805 7.39
      vertex -27.9837 6.92095 7.39
      vertex -27.9474 6.81931 7.39
    endloop
  endfacet
  facet normal 0 0 1
    outer loop
      vertex -26.3542 7.91419 7.39
      vertex -28.0299 7.01854 7.39
      vertex -27.9837 6.92095 7.39
    endloop
  endfacet
  facet normal 0 0 1
    outer loop
      vertex -26.5056 8.16671 7.39
      vertex -28.0854 7.11113 7.39
      vertex -28.0299 7.01854 7.39
    endloop
  endfacet
  facet normal 0 0 1
    outer loop
      vertex -28.579 7.51627 7.39
      vertex -27.852 9.27164 7.39
      vertex -28.1291 9.37082 7.39
    endloop
  endfacet
  facet normal 0 0 1
    outer loop
      vertex -26.681 8.40318 7.39
      vertex -28.1497 7.19783 7.39
      vertex -28.0854 7.11113 7.39
    endloop
  endfacet
  facet normal 0 0 1
    outer loop
      vertex -26.8787 8.62132 7.39
      vertex -28.2222 7.27782 7.39
      vertex -28.1497 7.19783 7.39
    endloop
  endfacet
  facet normal 0 0 1
    outer loop
      vertex -27.0968 8.81903 7.39
      vertex -28.3022 7.35031 7.39
      vertex -28.2222 7.27782 7.39
    endloop
  endfacet
  facet normal 0 0 1
    outer loop
      vertex -27.3333 8.99441 7.39
      vertex -28.3889 7.41462 7.39
      vertex -28.3022 7.35031 7.39
    endloop
  endfacet
  facet normal 0 0 1
    outer loop
      vertex -28.6807 7.55263 7.39
      vertex -28.1291 9.37082 7.39
      vertex -28.4147 9.44236 7.39
    endloop
  endfacet
  facet normal 0 0 1
    outer loop
      vertex -27.5858 9.14576 7.39
      vertex -28.4815 7.47011 7.39
      vertex -28.3889 7.41462 7.39
    endloop
  endfacet
  facet normal 0 0 1
    outer loop
      vertex -27.852 9.27164 7.39
      vertex -28.579 7.51627 7.39
      vertex -28.4815 7.47011 7.39
    endloop
  endfacet
  facet normal 0 0 1
    outer loop
      vertex -28.1291 9.37082 7.39
      vertex -28.6807 7.55263 7.39
      vertex -28.579 7.51627 7.39
    endloop
  endfacet
  facet normal 0 0 1
    outer loop
      vertex -28.7854 7.57886 7.39
      vertex -28.4147 9.44236 7.39
      vertex -28.7059 9.48555 7.39
    endloop
  endfacet
  facet normal 0 0 1
    outer loop
      vertex -28.4147 9.44236 7.39
      vertex -28.7854 7.57886 7.39
      vertex -28.6807 7.55263 7.39
    endloop
  endfacet
  facet normal 0 0 1
    outer loop
      vertex -28.7059 9.48555 7.39
      vertex -28.8922 7.5947 7.39
      vertex -28.7854 7.57886 7.39
    endloop
  endfacet
  facet normal 0 0 1
    outer loop
      vertex -29 9.5 7.39
      vertex -28.8922 7.5947 7.39
      vertex -28.7059 9.48555 7.39
    endloop
  endfacet
  facet normal 0 0 1
    outer loop
      vertex -29 9.5 7.39
      vertex -29 7.6 7.39
      vertex -28.8922 7.5947 7.39
    endloop
  endfacet
  facet normal 0 0 1
    outer loop
      vertex -29 9.5 7.39
      vertex -29.1078 7.5947 7.39
      vertex -29 7.6 7.39
    endloop
  endfacet
  facet normal -0 0 1
    outer loop
      vertex -29.2941 9.48555 7.39
      vertex -29.1078 7.5947 7.39
      vertex -29 9.5 7.39
    endloop
  endfacet
  facet normal 0 0 1
    outer loop
      vertex -29.1078 7.5947 7.39
      vertex -29.2941 9.48555 7.39
      vertex -29.2146 7.57886 7.39
    endloop
  endfacet
  facet normal -0 0 1
    outer loop
      vertex -29.5853 9.44236 7.39
      vertex -29.2146 7.57886 7.39
      vertex -29.2941 9.48555 7.39
    endloop
  endfacet
  facet normal 0 0 1
    outer loop
      vertex -29.2146 7.57886 7.39
      vertex -29.5853 9.44236 7.39
      vertex -29.3193 7.55263 7.39
    endloop
  endfacet
  facet normal -0 0 1
    outer loop
      vertex -29.8709 9.37082 7.39
      vertex -29.3193 7.55263 7.39
      vertex -29.5853 9.44236 7.39
    endloop
  endfacet
  facet normal 0 0 1
    outer loop
      vertex -29.3193 7.55263 7.39
      vertex -29.8709 9.37082 7.39
      vertex -29.421 7.51627 7.39
    endloop
  endfacet
  facet normal -0 0 1
    outer loop
      vertex -30.148 9.27164 7.39
      vertex -29.421 7.51627 7.39
      vertex -29.8709 9.37082 7.39
    endloop
  endfacet
  facet normal 0 0 1
    outer loop
      vertex -29.421 7.51627 7.39
      vertex -30.148 9.27164 7.39
      vertex -29.5185 7.47011 7.39
    endloop
  endfacet
  facet normal -0 0 1
    outer loop
      vertex -30.4142 9.14576 7.39
      vertex -29.5185 7.47011 7.39
      vertex -30.148 9.27164 7.39
    endloop
  endfacet
  facet normal 0 0 1
    outer loop
      vertex -29.5185 7.47011 7.39
      vertex -30.4142 9.14576 7.39
      vertex -29.6111 7.41462 7.39
    endloop
  endfacet
  facet normal -0 0 1
    outer loop
      vertex -30.6667 8.99441 7.39
      vertex -29.6111 7.41462 7.39
      vertex -30.4142 9.14576 7.39
    endloop
  endfacet
  facet normal 0 0 1
    outer loop
      vertex -29.6111 7.41462 7.39
      vertex -30.6667 8.99441 7.39
      vertex -29.6978 7.35031 7.39
    endloop
  endfacet
  facet normal -0 0 1
    outer loop
      vertex -30.9032 8.81903 7.39
      vertex -29.6978 7.35031 7.39
      vertex -30.6667 8.99441 7.39
    endloop
  endfacet
  facet normal 0 0 1
    outer loop
      vertex -29.6978 7.35031 7.39
      vertex -30.9032 8.81903 7.39
      vertex -29.7778 7.27782 7.39
    endloop
  endfacet
  facet normal -0 0 1
    outer loop
      vertex -31.1213 8.62132 7.39
      vertex -29.7778 7.27782 7.39
      vertex -30.9032 8.81903 7.39
    endloop
  endfacet
  facet normal 0 0 1
    outer loop
      vertex -29.7778 7.27782 7.39
      vertex -31.1213 8.62132 7.39
      vertex -29.8503 7.19783 7.39
    endloop
  endfacet
  facet normal -0 0 1
    outer loop
      vertex -31.319 8.40318 7.39
      vertex -29.8503 7.19783 7.39
      vertex -31.1213 8.62132 7.39
    endloop
  endfacet
  facet normal -0 0 1
    outer loop
      vertex -31.4944 8.16671 7.39
      vertex -29.9146 7.11113 7.39
      vertex -31.319 8.40318 7.39
    endloop
  endfacet
  facet normal 0 0 1
    outer loop
      vertex -29.8503 7.19783 7.39
      vertex -31.319 8.40318 7.39
      vertex -29.9146 7.11113 7.39
    endloop
  endfacet
  facet normal 0 0 1
    outer loop
      vertex -26.5056 4.83329 7.39
      vertex -28.0854 5.88887 7.39
      vertex -26.681 4.59682 7.39
    endloop
  endfacet
  facet normal -0 0 1
    outer loop
      vertex -28.1497 5.80217 7.39
      vertex -26.681 4.59682 7.39
      vertex -28.0854 5.88887 7.39
    endloop
  endfacet
  facet normal 0 0 1
    outer loop
      vertex -26.681 4.59682 7.39
      vertex -28.1497 5.80217 7.39
      vertex -26.8787 4.37868 7.39
    endloop
  endfacet
  facet normal -0 0 1
    outer loop
      vertex -28.2222 5.72218 7.39
      vertex -26.8787 4.37868 7.39
      vertex -28.1497 5.80217 7.39
    endloop
  endfacet
  facet normal 0 0 1
    outer loop
      vertex -26.8787 4.37868 7.39
      vertex -28.2222 5.72218 7.39
      vertex -27.0968 4.18097 7.39
    endloop
  endfacet
  facet normal -0 0 1
    outer loop
      vertex -28.3022 5.64969 7.39
      vertex -27.0968 4.18097 7.39
      vertex -28.2222 5.72218 7.39
    endloop
  endfacet
  facet normal 0 0 1
    outer loop
      vertex -27.0968 4.18097 7.39
      vertex -28.3022 5.64969 7.39
      vertex -27.3333 4.00559 7.39
    endloop
  endfacet
  facet normal -0 0 1
    outer loop
      vertex -28.3889 5.58538 7.39
      vertex -27.3333 4.00559 7.39
      vertex -28.3022 5.64969 7.39
    endloop
  endfacet
  facet normal 0 0 1
    outer loop
      vertex -27.3333 4.00559 7.39
      vertex -28.3889 5.58538 7.39
      vertex -27.5858 3.85424 7.39
    endloop
  endfacet
  facet normal -0 0 1
    outer loop
      vertex -28.4815 5.52989 7.39
      vertex -27.5858 3.85424 7.39
      vertex -28.3889 5.58538 7.39
    endloop
  endfacet
  facet normal 0 0 1
    outer loop
      vertex -27.5858 3.85424 7.39
      vertex -28.4815 5.52989 7.39
      vertex -27.852 3.72836 7.39
    endloop
  endfacet
  facet normal -0 0 1
    outer loop
      vertex -28.579 5.48373 7.39
      vertex -27.852 3.72836 7.39
      vertex -28.4815 5.52989 7.39
    endloop
  endfacet
  facet normal 0 0 1
    outer loop
      vertex -27.852 3.72836 7.39
      vertex -28.579 5.48373 7.39
      vertex -28.1291 3.62918 7.39
    endloop
  endfacet
  facet normal -0 0 1
    outer loop
      vertex -28.6807 5.44737 7.39
      vertex -28.1291 3.62918 7.39
      vertex -28.579 5.48373 7.39
    endloop
  endfacet
  facet normal 0 0 1
    outer loop
      vertex -28.1291 3.62918 7.39
      vertex -28.6807 5.44737 7.39
      vertex -28.4147 3.55764 7.39
    endloop
  endfacet
  facet normal -0 0 1
    outer loop
      vertex -28.7854 5.42114 7.39
      vertex -28.4147 3.55764 7.39
      vertex -28.6807 5.44737 7.39
    endloop
  endfacet
  facet normal 0 0 1
    outer loop
      vertex -28.4147 3.55764 7.39
      vertex -28.7854 5.42114 7.39
      vertex -28.7059 3.51445 7.39
    endloop
  endfacet
  facet normal -0 0 1
    outer loop
      vertex -28.8922 5.4053 7.39
      vertex -28.7059 3.51445 7.39
      vertex -28.7854 5.42114 7.39
    endloop
  endfacet
  facet normal -0 0 1
    outer loop
      vertex -29 5.4 7.39
      vertex -28.7059 3.51445 7.39
      vertex -28.8922 5.4053 7.39
    endloop
  endfacet
  facet normal 0 0 1
    outer loop
      vertex -29 5.4 7.39
      vertex -29 3.5 7.39
      vertex -28.7059 3.51445 7.39
    endloop
  endfacet
  facet normal 0 0 1
    outer loop
      vertex -29.1078 5.4053 7.39
      vertex -29 3.5 7.39
      vertex -29 5.4 7.39
    endloop
  endfacet
  facet normal 0 0 1
    outer loop
      vertex -29.2941 3.51445 7.39
      vertex -29.1078 5.4053 7.39
      vertex -29.2146 5.42114 7.39
    endloop
  endfacet
  facet normal 0 0 1
    outer loop
      vertex -29.1078 5.4053 7.39
      vertex -29.2941 3.51445 7.39
      vertex -29 3.5 7.39
    endloop
  endfacet
  facet normal 0 0 1
    outer loop
      vertex -29.5853 3.55764 7.39
      vertex -29.2146 5.42114 7.39
      vertex -29.3193 5.44737 7.39
    endloop
  endfacet
  facet normal 0 0 1
    outer loop
      vertex -29.8709 3.62918 7.39
      vertex -29.3193 5.44737 7.39
      vertex -29.421 5.48373 7.39
    endloop
  endfacet
  facet normal 0 0 1
    outer loop
      vertex -30.148 3.72836 7.39
      vertex -29.421 5.48373 7.39
      vertex -29.5185 5.52989 7.39
    endloop
  endfacet
  facet normal 0 0 1
    outer loop
      vertex -29.2146 5.42114 7.39
      vertex -29.5853 3.55764 7.39
      vertex -29.2941 3.51445 7.39
    endloop
  endfacet
  facet normal 0 0 1
    outer loop
      vertex -30.4142 3.85424 7.39
      vertex -29.5185 5.52989 7.39
      vertex -29.6111 5.58538 7.39
    endloop
  endfacet
  facet normal 0 0 1
    outer loop
      vertex -30.6667 4.00559 7.39
      vertex -29.6111 5.58538 7.39
      vertex -29.6978 5.64969 7.39
    endloop
  endfacet
  facet normal 0 0 1
    outer loop
      vertex -30.9032 4.18097 7.39
      vertex -29.6978 5.64969 7.39
      vertex -29.7778 5.72218 7.39
    endloop
  endfacet
  facet normal 0 0 1
    outer loop
      vertex -31.1213 4.37868 7.39
      vertex -29.7778 5.72218 7.39
      vertex -29.8503 5.80217 7.39
    endloop
  endfacet
  facet normal 0 0 1
    outer loop
      vertex -29.3193 5.44737 7.39
      vertex -29.8709 3.62918 7.39
      vertex -29.5853 3.55764 7.39
    endloop
  endfacet
  facet normal 0 0 1
    outer loop
      vertex -31.319 4.59682 7.39
      vertex -29.8503 5.80217 7.39
      vertex -29.9146 5.88887 7.39
    endloop
  endfacet
  facet normal 0 0 1
    outer loop
      vertex -31.4944 4.83329 7.39
      vertex -29.9146 5.88887 7.39
      vertex -29.9701 5.98146 7.39
    endloop
  endfacet
  facet normal 0 0 1
    outer loop
      vertex -31.6458 5.08581 7.39
      vertex -29.9701 5.98146 7.39
      vertex -30.0163 6.07905 7.39
    endloop
  endfacet
  facet normal 0 0 1
    outer loop
      vertex -31.7716 5.35195 7.39
      vertex -30.0163 6.07905 7.39
      vertex -30.0526 6.18069 7.39
    endloop
  endfacet
  facet normal 0 0 1
    outer loop
      vertex -31.8708 5.62915 7.39
      vertex -30.0526 6.18069 7.39
      vertex -30.0789 6.2854 7.39
    endloop
  endfacet
  facet normal 0 0 1
    outer loop
      vertex -31.9424 5.91473 7.39
      vertex -30.0789 6.2854 7.39
      vertex -30.0947 6.39218 7.39
    endloop
  endfacet
  facet normal 0 0 1
    outer loop
      vertex -29.421 5.48373 7.39
      vertex -30.148 3.72836 7.39
      vertex -29.8709 3.62918 7.39
    endloop
  endfacet
  facet normal 0 0 1
    outer loop
      vertex -31.9856 6.20595 7.39
      vertex -30.0947 6.39218 7.39
      vertex -30.1 6.5 7.39
    endloop
  endfacet
  facet normal 0 0 1
    outer loop
      vertex -29.9146 7.11113 7.39
      vertex -31.4944 8.16671 7.39
      vertex -29.9701 7.01854 7.39
    endloop
  endfacet
  facet normal -0 0 1
    outer loop
      vertex -31.6458 7.91419 7.39
      vertex -29.9701 7.01854 7.39
      vertex -31.4944 8.16671 7.39
    endloop
  endfacet
  facet normal 0 0 1
    outer loop
      vertex -29.5185 5.52989 7.39
      vertex -30.4142 3.85424 7.39
      vertex -30.148 3.72836 7.39
    endloop
  endfacet
  facet normal 0 0 1
    outer loop
      vertex -29.9701 7.01854 7.39
      vertex -31.6458 7.91419 7.39
      vertex -30.0163 6.92095 7.39
    endloop
  endfacet
  facet normal 0 0 1
    outer loop
      vertex -29.6111 5.58538 7.39
      vertex -30.6667 4.00559 7.39
      vertex -30.4142 3.85424 7.39
    endloop
  endfacet
  facet normal -0 0 1
    outer loop
      vertex -31.7716 7.64805 7.39
      vertex -30.0163 6.92095 7.39
      vertex -31.6458 7.91419 7.39
    endloop
  endfacet
  facet normal 0 0 1
    outer loop
      vertex -29.6978 5.64969 7.39
      vertex -30.9032 4.18097 7.39
      vertex -30.6667 4.00559 7.39
    endloop
  endfacet
  facet normal 0 0 1
    outer loop
      vertex -30.0163 6.92095 7.39
      vertex -31.7716 7.64805 7.39
      vertex -30.0526 6.81931 7.39
    endloop
  endfacet
  facet normal 0 0 1
    outer loop
      vertex -29.7778 5.72218 7.39
      vertex -31.1213 4.37868 7.39
      vertex -30.9032 4.18097 7.39
    endloop
  endfacet
  facet normal -0 0 1
    outer loop
      vertex -31.8708 7.37085 7.39
      vertex -30.0526 6.81931 7.39
      vertex -31.7716 7.64805 7.39
    endloop
  endfacet
  facet normal 0 0 1
    outer loop
      vertex -29.8503 5.80217 7.39
      vertex -31.319 4.59682 7.39
      vertex -31.1213 4.37868 7.39
    endloop
  endfacet
  facet normal 0 0 1
    outer loop
      vertex -30.0526 6.81931 7.39
      vertex -31.8708 7.37085 7.39
      vertex -30.0789 6.7146 7.39
    endloop
  endfacet
  facet normal 0 0 1
    outer loop
      vertex -29.9146 5.88887 7.39
      vertex -31.4944 4.83329 7.39
      vertex -31.319 4.59682 7.39
    endloop
  endfacet
  facet normal -0 0 1
    outer loop
      vertex -31.9424 7.08527 7.39
      vertex -30.0789 6.7146 7.39
      vertex -31.8708 7.37085 7.39
    endloop
  endfacet
  facet normal 0 0 1
    outer loop
      vertex -29.9701 5.98146 7.39
      vertex -31.6458 5.08581 7.39
      vertex -31.4944 4.83329 7.39
    endloop
  endfacet
  facet normal 0 0 1
    outer loop
      vertex -30.0789 6.7146 7.39
      vertex -31.9424 7.08527 7.39
      vertex -30.0947 6.60782 7.39
    endloop
  endfacet
  facet normal 0 0 1
    outer loop
      vertex -30.0163 6.07905 7.39
      vertex -31.7716 5.35195 7.39
      vertex -31.6458 5.08581 7.39
    endloop
  endfacet
  facet normal -0 0 1
    outer loop
      vertex -31.9856 6.79405 7.39
      vertex -30.0947 6.60782 7.39
      vertex -31.9424 7.08527 7.39
    endloop
  endfacet
  facet normal 0 0 1
    outer loop
      vertex -30.0526 6.18069 7.39
      vertex -31.8708 5.62915 7.39
      vertex -31.7716 5.35195 7.39
    endloop
  endfacet
  facet normal 0 0 1
    outer loop
      vertex -30.0947 6.60782 7.39
      vertex -31.9856 6.79405 7.39
      vertex -30.1 6.5 7.39
    endloop
  endfacet
  facet normal 0 0 1
    outer loop
      vertex -30.0789 6.2854 7.39
      vertex -31.9424 5.91473 7.39
      vertex -31.8708 5.62915 7.39
    endloop
  endfacet
  facet normal 0 0 1
    outer loop
      vertex -32 6.5 7.39
      vertex -30.1 6.5 7.39
      vertex -31.9856 6.79405 7.39
    endloop
  endfacet
  facet normal 0 0 1
    outer loop
      vertex -30.0947 6.39218 7.39
      vertex -31.9856 6.20595 7.39
      vertex -31.9424 5.91473 7.39
    endloop
  endfacet
  facet normal 0 0 1
    outer loop
      vertex -30.1 6.5 7.39
      vertex -32 6.5 7.39
      vertex -31.9856 6.20595 7.39
    endloop
  endfacet
  facet normal -0.989229 -0.146374 0
    outer loop
      vertex -27.9053 6.60782 3.39
      vertex -27.9211 6.7146 7.39
      vertex -27.9211 6.7146 3.39
    endloop
  endfacet
  facet normal -0.989229 -0.146374 0
    outer loop
      vertex -27.9211 6.7146 7.39
      vertex -27.9053 6.60782 3.39
      vertex -27.9053 6.60782 7.39
    endloop
  endfacet
  facet normal -0.998794 -0.0490967 0
    outer loop
      vertex -27.9 6.5 3.39
      vertex -27.9053 6.60782 7.39
      vertex -27.9053 6.60782 3.39
    endloop
  endfacet
  facet normal -0.998794 -0.0490967 0
    outer loop
      vertex -27.9053 6.60782 7.39
      vertex -27.9 6.5 3.39
      vertex -27.9 6.5 7.39
    endloop
  endfacet
  facet normal -0.969875 -0.243603 0
    outer loop
      vertex -27.9211 6.7146 3.39
      vertex -27.9474 6.81931 7.39
      vertex -27.9474 6.81931 3.39
    endloop
  endfacet
  facet normal -0.969875 -0.243603 0
    outer loop
      vertex -27.9474 6.81931 7.39
      vertex -27.9211 6.7146 3.39
      vertex -27.9211 6.7146 7.39
    endloop
  endfacet
  facet normal 0.427903 -0.903825 0
    outer loop
      vertex -29.5185 7.47011 3.39
      vertex -29.421 7.51627 7.39
      vertex -29.5185 7.47011 7.39
    endloop
  endfacet
  facet normal 0.427903 -0.903825 0
    outer loop
      vertex -29.421 7.51627 7.39
      vertex -29.5185 7.47011 3.39
      vertex -29.421 7.51627 3.39
    endloop
  endfacet
  facet normal -0.336653 -0.941629 0
    outer loop
      vertex -28.6807 7.55263 3.39
      vertex -28.579 7.51627 7.39
      vertex -28.6807 7.55263 7.39
    endloop
  endfacet
  facet normal -0.336653 -0.941629 -0
    outer loop
      vertex -28.579 7.51627 7.39
      vertex -28.6807 7.55263 3.39
      vertex -28.579 7.51627 3.39
    endloop
  endfacet
  facet normal -0.14671 -0.98918 0
    outer loop
      vertex -28.8922 7.5947 3.39
      vertex -28.7854 7.57886 7.39
      vertex -28.8922 7.5947 7.39
    endloop
  endfacet
  facet normal -0.14671 -0.98918 -0
    outer loop
      vertex -28.7854 7.57886 7.39
      vertex -28.8922 7.5947 3.39
      vertex -28.7854 7.57886 3.39
    endloop
  endfacet
  facet normal -0.998794 0.0490967 0
    outer loop
      vertex -27.9053 6.39218 3.39
      vertex -27.9 6.5 7.39
      vertex -27.9 6.5 3.39
    endloop
  endfacet
  facet normal -0.998794 0.0490967 0
    outer loop
      vertex -27.9 6.5 7.39
      vertex -27.9053 6.39218 3.39
      vertex -27.9053 6.39218 7.39
    endloop
  endfacet
  facet normal -0.243015 0.970022 0
    outer loop
      vertex -28.6807 5.44737 3.39
      vertex -28.7854 5.42114 7.39
      vertex -28.6807 5.44737 7.39
    endloop
  endfacet
  facet normal -0.243015 0.970022 0
    outer loop
      vertex -28.7854 5.42114 7.39
      vertex -28.6807 5.44737 3.39
      vertex -28.7854 5.42114 3.39
    endloop
  endfacet
  facet normal -0.803212 0.595693 0
    outer loop
      vertex -28.1497 5.80217 3.39
      vertex -28.0854 5.88887 7.39
      vertex -28.0854 5.88887 3.39
    endloop
  endfacet
  facet normal -0.803212 0.595693 0
    outer loop
      vertex -28.0854 5.88887 7.39
      vertex -28.1497 5.80217 3.39
      vertex -28.1497 5.80217 7.39
    endloop
  endfacet
  facet normal 0.514019 -0.857779 0
    outer loop
      vertex -29.6111 7.41462 3.39
      vertex -29.5185 7.47011 7.39
      vertex -29.6111 7.41462 7.39
    endloop
  endfacet
  facet normal 0.514019 -0.857779 0
    outer loop
      vertex -29.5185 7.47011 7.39
      vertex -29.6111 7.41462 3.39
      vertex -29.5185 7.47011 3.39
    endloop
  endfacet
  facet normal 0.989229 0.146374 0
    outer loop
      vertex -30.0789 6.2854 7.39
      vertex -30.0947 6.39218 3.39
      vertex -30.0947 6.39218 7.39
    endloop
  endfacet
  facet normal 0.989229 0.146374 0
    outer loop
      vertex -30.0947 6.39218 3.39
      vertex -30.0789 6.2854 7.39
      vertex -30.0789 6.2854 3.39
    endloop
  endfacet
  facet normal 0.740945 -0.671566 0
    outer loop
      vertex -29.8503 7.19783 7.39
      vertex -29.7778 7.27782 3.39
      vertex -29.7778 7.27782 7.39
    endloop
  endfacet
  facet normal 0.740945 -0.671566 0
    outer loop
      vertex -29.7778 7.27782 3.39
      vertex -29.8503 7.19783 7.39
      vertex -29.8503 7.19783 3.39
    endloop
  endfacet
  facet normal 0.969875 -0.243603 0
    outer loop
      vertex -30.0789 6.7146 7.39
      vertex -30.0526 6.81931 3.39
      vertex -30.0526 6.81931 7.39
    endloop
  endfacet
  facet normal 0.969875 -0.243603 0
    outer loop
      vertex -30.0526 6.81931 3.39
      vertex -30.0789 6.7146 7.39
      vertex -30.0789 6.7146 3.39
    endloop
  endfacet
  facet normal -0.427903 0.903825 0
    outer loop
      vertex -28.4815 5.52989 3.39
      vertex -28.579 5.48373 7.39
      vertex -28.4815 5.52989 7.39
    endloop
  endfacet
  facet normal -0.427903 0.903825 0
    outer loop
      vertex -28.579 5.48373 7.39
      vertex -28.4815 5.52989 3.39
      vertex -28.579 5.48373 3.39
    endloop
  endfacet
  facet normal 0.0491058 -0.998794 0
    outer loop
      vertex -29.1078 7.5947 3.39
      vertex -29 7.6 7.39
      vertex -29.1078 7.5947 7.39
    endloop
  endfacet
  facet normal 0.0491058 -0.998794 0
    outer loop
      vertex -29 7.6 7.39
      vertex -29.1078 7.5947 3.39
      vertex -29 7.6 3.39
    endloop
  endfacet
  facet normal 0.671469 -0.741033 0
    outer loop
      vertex -29.7778 7.27782 3.39
      vertex -29.6978 7.35031 7.39
      vertex -29.7778 7.27782 7.39
    endloop
  endfacet
  facet normal 0.671469 -0.741033 0
    outer loop
      vertex -29.6978 7.35031 7.39
      vertex -29.7778 7.27782 3.39
      vertex -29.6978 7.35031 3.39
    endloop
  endfacet
  facet normal 0.595752 0.803168 -0
    outer loop
      vertex -29.6111 5.58538 3.39
      vertex -29.6978 5.64969 7.39
      vertex -29.6111 5.58538 7.39
    endloop
  endfacet
  facet normal 0.595752 0.803168 0
    outer loop
      vertex -29.6978 5.64969 7.39
      vertex -29.6111 5.58538 3.39
      vertex -29.6978 5.64969 3.39
    endloop
  endfacet
  facet normal -0.14671 0.98918 0
    outer loop
      vertex -28.7854 5.42114 3.39
      vertex -28.8922 5.4053 7.39
      vertex -28.7854 5.42114 7.39
    endloop
  endfacet
  facet normal -0.14671 0.98918 0
    outer loop
      vertex -28.8922 5.4053 7.39
      vertex -28.7854 5.42114 3.39
      vertex -28.8922 5.4053 3.39
    endloop
  endfacet
  facet normal 0.14671 -0.98918 0
    outer loop
      vertex -29.2146 7.57886 3.39
      vertex -29.1078 7.5947 7.39
      vertex -29.2146 7.57886 7.39
    endloop
  endfacet
  facet normal 0.14671 -0.98918 0
    outer loop
      vertex -29.1078 7.5947 7.39
      vertex -29.2146 7.57886 3.39
      vertex -29.1078 7.5947 3.39
    endloop
  endfacet
  facet normal 0.989229 -0.146374 0
    outer loop
      vertex -30.0947 6.60782 7.39
      vertex -30.0789 6.7146 3.39
      vertex -30.0789 6.7146 7.39
    endloop
  endfacet
  facet normal 0.989229 -0.146374 0
    outer loop
      vertex -30.0789 6.7146 3.39
      vertex -30.0947 6.60782 7.39
      vertex -30.0947 6.60782 3.39
    endloop
  endfacet
  facet normal 0.803212 0.595693 0
    outer loop
      vertex -29.8503 5.80217 7.39
      vertex -29.9146 5.88887 3.39
      vertex -29.9146 5.88887 7.39
    endloop
  endfacet
  facet normal 0.803212 0.595693 0
    outer loop
      vertex -29.9146 5.88887 3.39
      vertex -29.8503 5.80217 7.39
      vertex -29.8503 5.80217 3.39
    endloop
  endfacet
  facet normal -0.903834 0.427883 0
    outer loop
      vertex -28.0299 5.98146 3.39
      vertex -27.9837 6.07905 7.39
      vertex -27.9837 6.07905 3.39
    endloop
  endfacet
  facet normal -0.903834 0.427883 0
    outer loop
      vertex -27.9837 6.07905 7.39
      vertex -28.0299 5.98146 3.39
      vertex -28.0299 5.98146 7.39
    endloop
  endfacet
  facet normal -0.671469 -0.741033 0
    outer loop
      vertex -28.3022 7.35031 3.39
      vertex -28.2222 7.27782 7.39
      vertex -28.3022 7.35031 7.39
    endloop
  endfacet
  facet normal -0.671469 -0.741033 -0
    outer loop
      vertex -28.2222 7.27782 7.39
      vertex -28.3022 7.35031 3.39
      vertex -28.2222 7.27782 3.39
    endloop
  endfacet
  facet normal 0.243015 -0.970022 0
    outer loop
      vertex -29.3193 7.55263 3.39
      vertex -29.2146 7.57886 7.39
      vertex -29.3193 7.55263 7.39
    endloop
  endfacet
  facet normal 0.243015 -0.970022 0
    outer loop
      vertex -29.2146 7.57886 7.39
      vertex -29.3193 7.55263 3.39
      vertex -29.2146 7.57886 3.39
    endloop
  endfacet
  facet normal -0.427903 -0.903825 0
    outer loop
      vertex -28.579 7.51627 3.39
      vertex -28.4815 7.47011 7.39
      vertex -28.579 7.51627 7.39
    endloop
  endfacet
  facet normal -0.427903 -0.903825 -0
    outer loop
      vertex -28.4815 7.47011 7.39
      vertex -28.579 7.51627 3.39
      vertex -28.4815 7.47011 3.39
    endloop
  endfacet
  facet normal -0.0491058 0.998794 0
    outer loop
      vertex -28.8922 5.4053 3.39
      vertex -29 5.4 7.39
      vertex -28.8922 5.4053 7.39
    endloop
  endfacet
  facet normal -0.0491058 0.998794 0
    outer loop
      vertex -29 5.4 7.39
      vertex -28.8922 5.4053 3.39
      vertex -29 5.4 3.39
    endloop
  endfacet
  facet normal -0.803212 -0.595693 0
    outer loop
      vertex -28.0854 7.11113 3.39
      vertex -28.1497 7.19783 7.39
      vertex -28.1497 7.19783 3.39
    endloop
  endfacet
  facet normal -0.803212 -0.595693 0
    outer loop
      vertex -28.1497 7.19783 7.39
      vertex -28.0854 7.11113 3.39
      vertex -28.0854 7.11113 7.39
    endloop
  endfacet
  facet normal 0.903834 0.427883 0
    outer loop
      vertex -29.9701 5.98146 7.39
      vertex -30.0163 6.07905 3.39
      vertex -30.0163 6.07905 7.39
    endloop
  endfacet
  facet normal 0.903834 0.427883 0
    outer loop
      vertex -30.0163 6.07905 3.39
      vertex -29.9701 5.98146 7.39
      vertex -29.9701 5.98146 3.39
    endloop
  endfacet
  facet normal 0.740945 0.671566 0
    outer loop
      vertex -29.7778 5.72218 7.39
      vertex -29.8503 5.80217 3.39
      vertex -29.8503 5.80217 7.39
    endloop
  endfacet
  facet normal 0.740945 0.671566 0
    outer loop
      vertex -29.8503 5.80217 3.39
      vertex -29.7778 5.72218 7.39
      vertex -29.7778 5.72218 3.39
    endloop
  endfacet
  facet normal 0.336653 0.941629 -0
    outer loop
      vertex -29.3193 5.44737 3.39
      vertex -29.421 5.48373 7.39
      vertex -29.3193 5.44737 7.39
    endloop
  endfacet
  facet normal 0.336653 0.941629 0
    outer loop
      vertex -29.421 5.48373 7.39
      vertex -29.3193 5.44737 3.39
      vertex -29.421 5.48373 3.39
    endloop
  endfacet
  facet normal 0.0491058 0.998794 -0
    outer loop
      vertex -29 5.4 3.39
      vertex -29.1078 5.4053 7.39
      vertex -29 5.4 7.39
    endloop
  endfacet
  facet normal 0.0491058 0.998794 0
    outer loop
      vertex -29.1078 5.4053 7.39
      vertex -29 5.4 3.39
      vertex -29.1078 5.4053 3.39
    endloop
  endfacet
  facet normal 0.998794 -0.0490967 0
    outer loop
      vertex -30.1 6.5 7.39
      vertex -30.0947 6.60782 3.39
      vertex -30.0947 6.60782 7.39
    endloop
  endfacet
  facet normal 0.998794 -0.0490967 0
    outer loop
      vertex -30.0947 6.60782 3.39
      vertex -30.1 6.5 7.39
      vertex -30.1 6.5 3.39
    endloop
  endfacet
  facet normal -0.336653 0.941629 0
    outer loop
      vertex -28.579 5.48373 3.39
      vertex -28.6807 5.44737 7.39
      vertex -28.579 5.48373 7.39
    endloop
  endfacet
  facet normal -0.336653 0.941629 0
    outer loop
      vertex -28.6807 5.44737 7.39
      vertex -28.579 5.48373 3.39
      vertex -28.6807 5.44737 3.39
    endloop
  endfacet
  facet normal -0.969875 0.243603 0
    outer loop
      vertex -27.9474 6.18069 3.39
      vertex -27.9211 6.2854 7.39
      vertex -27.9211 6.2854 3.39
    endloop
  endfacet
  facet normal -0.969875 0.243603 0
    outer loop
      vertex -27.9211 6.2854 7.39
      vertex -27.9474 6.18069 3.39
      vertex -27.9474 6.18069 7.39
    endloop
  endfacet
  facet normal -0.941742 0.336336 0
    outer loop
      vertex -27.9837 6.07905 3.39
      vertex -27.9474 6.18069 7.39
      vertex -27.9474 6.18069 3.39
    endloop
  endfacet
  facet normal -0.941742 0.336336 0
    outer loop
      vertex -27.9474 6.18069 7.39
      vertex -27.9837 6.07905 3.39
      vertex -27.9837 6.07905 7.39
    endloop
  endfacet
  facet normal -0.740945 0.671566 0
    outer loop
      vertex -28.2222 5.72218 3.39
      vertex -28.1497 5.80217 7.39
      vertex -28.1497 5.80217 3.39
    endloop
  endfacet
  facet normal -0.740945 0.671566 0
    outer loop
      vertex -28.1497 5.80217 7.39
      vertex -28.2222 5.72218 3.39
      vertex -28.2222 5.72218 7.39
    endloop
  endfacet
  facet normal -0.514019 -0.857779 0
    outer loop
      vertex -28.4815 7.47011 3.39
      vertex -28.3889 7.41462 7.39
      vertex -28.4815 7.47011 7.39
    endloop
  endfacet
  facet normal -0.514019 -0.857779 -0
    outer loop
      vertex -28.3889 7.41462 7.39
      vertex -28.4815 7.47011 3.39
      vertex -28.3889 7.41462 3.39
    endloop
  endfacet
  facet normal -0.243015 -0.970022 0
    outer loop
      vertex -28.7854 7.57886 3.39
      vertex -28.6807 7.55263 7.39
      vertex -28.7854 7.57886 7.39
    endloop
  endfacet
  facet normal -0.243015 -0.970022 -0
    outer loop
      vertex -28.6807 7.55263 7.39
      vertex -28.7854 7.57886 3.39
      vertex -28.6807 7.55263 3.39
    endloop
  endfacet
  facet normal -0.941742 -0.336336 0
    outer loop
      vertex -27.9474 6.81931 3.39
      vertex -27.9837 6.92095 7.39
      vertex -27.9837 6.92095 3.39
    endloop
  endfacet
  facet normal -0.941742 -0.336336 0
    outer loop
      vertex -27.9837 6.92095 7.39
      vertex -27.9474 6.81931 3.39
      vertex -27.9474 6.81931 7.39
    endloop
  endfacet
  facet normal -0.595752 -0.803168 0
    outer loop
      vertex -28.3889 7.41462 3.39
      vertex -28.3022 7.35031 7.39
      vertex -28.3889 7.41462 7.39
    endloop
  endfacet
  facet normal -0.595752 -0.803168 -0
    outer loop
      vertex -28.3022 7.35031 7.39
      vertex -28.3889 7.41462 3.39
      vertex -28.3022 7.35031 3.39
    endloop
  endfacet
  facet normal 0.969875 0.243603 0
    outer loop
      vertex -30.0526 6.18069 7.39
      vertex -30.0789 6.2854 3.39
      vertex -30.0789 6.2854 7.39
    endloop
  endfacet
  facet normal 0.969875 0.243603 0
    outer loop
      vertex -30.0789 6.2854 3.39
      vertex -30.0526 6.18069 7.39
      vertex -30.0526 6.18069 3.39
    endloop
  endfacet
  facet normal -0.903834 -0.427883 0
    outer loop
      vertex -27.9837 6.92095 3.39
      vertex -28.0299 7.01854 7.39
      vertex -28.0299 7.01854 3.39
    endloop
  endfacet
  facet normal -0.903834 -0.427883 0
    outer loop
      vertex -28.0299 7.01854 7.39
      vertex -27.9837 6.92095 3.39
      vertex -27.9837 6.92095 7.39
    endloop
  endfacet
  facet normal -0.0491058 -0.998794 0
    outer loop
      vertex -29 7.6 3.39
      vertex -28.8922 7.5947 7.39
      vertex -29 7.6 7.39
    endloop
  endfacet
  facet normal -0.0491058 -0.998794 -0
    outer loop
      vertex -28.8922 7.5947 7.39
      vertex -29 7.6 3.39
      vertex -28.8922 7.5947 3.39
    endloop
  endfacet
  facet normal -0.989229 0.146374 0
    outer loop
      vertex -27.9211 6.2854 3.39
      vertex -27.9053 6.39218 7.39
      vertex -27.9053 6.39218 3.39
    endloop
  endfacet
  facet normal -0.989229 0.146374 0
    outer loop
      vertex -27.9053 6.39218 7.39
      vertex -27.9211 6.2854 3.39
      vertex -27.9211 6.2854 7.39
    endloop
  endfacet
  facet normal -0.857714 -0.514128 0
    outer loop
      vertex -28.0299 7.01854 3.39
      vertex -28.0854 7.11113 7.39
      vertex -28.0854 7.11113 3.39
    endloop
  endfacet
  facet normal -0.857714 -0.514128 0
    outer loop
      vertex -28.0854 7.11113 7.39
      vertex -28.0299 7.01854 3.39
      vertex -28.0299 7.01854 7.39
    endloop
  endfacet
  facet normal 0.671469 0.741033 -0
    outer loop
      vertex -29.6978 5.64969 3.39
      vertex -29.7778 5.72218 7.39
      vertex -29.6978 5.64969 7.39
    endloop
  endfacet
  facet normal 0.671469 0.741033 0
    outer loop
      vertex -29.7778 5.72218 7.39
      vertex -29.6978 5.64969 3.39
      vertex -29.7778 5.72218 3.39
    endloop
  endfacet
  facet normal 0.336653 -0.941629 0
    outer loop
      vertex -29.421 7.51627 3.39
      vertex -29.3193 7.55263 7.39
      vertex -29.421 7.51627 7.39
    endloop
  endfacet
  facet normal 0.336653 -0.941629 0
    outer loop
      vertex -29.3193 7.55263 7.39
      vertex -29.421 7.51627 3.39
      vertex -29.3193 7.55263 3.39
    endloop
  endfacet
  facet normal -0.857714 0.514128 0
    outer loop
      vertex -28.0854 5.88887 3.39
      vertex -28.0299 5.98146 7.39
      vertex -28.0299 5.98146 3.39
    endloop
  endfacet
  facet normal -0.857714 0.514128 0
    outer loop
      vertex -28.0299 5.98146 7.39
      vertex -28.0854 5.88887 3.39
      vertex -28.0854 5.88887 7.39
    endloop
  endfacet
  facet normal 0.857714 0.514128 0
    outer loop
      vertex -29.9146 5.88887 7.39
      vertex -29.9701 5.98146 3.39
      vertex -29.9701 5.98146 7.39
    endloop
  endfacet
  facet normal 0.857714 0.514128 0
    outer loop
      vertex -29.9701 5.98146 3.39
      vertex -29.9146 5.88887 7.39
      vertex -29.9146 5.88887 3.39
    endloop
  endfacet
  facet normal -0.671469 0.741033 0
    outer loop
      vertex -28.2222 5.72218 3.39
      vertex -28.3022 5.64969 7.39
      vertex -28.2222 5.72218 7.39
    endloop
  endfacet
  facet normal -0.671469 0.741033 0
    outer loop
      vertex -28.3022 5.64969 7.39
      vertex -28.2222 5.72218 3.39
      vertex -28.3022 5.64969 3.39
    endloop
  endfacet
  facet normal -0.595752 0.803168 0
    outer loop
      vertex -28.3022 5.64969 3.39
      vertex -28.3889 5.58538 7.39
      vertex -28.3022 5.64969 7.39
    endloop
  endfacet
  facet normal -0.595752 0.803168 0
    outer loop
      vertex -28.3889 5.58538 7.39
      vertex -28.3022 5.64969 3.39
      vertex -28.3889 5.58538 3.39
    endloop
  endfacet
  facet normal 0.857714 -0.514128 0
    outer loop
      vertex -29.9701 7.01854 7.39
      vertex -29.9146 7.11113 3.39
      vertex -29.9146 7.11113 7.39
    endloop
  endfacet
  facet normal 0.857714 -0.514128 0
    outer loop
      vertex -29.9146 7.11113 3.39
      vertex -29.9701 7.01854 7.39
      vertex -29.9701 7.01854 3.39
    endloop
  endfacet
  facet normal 0.14671 0.98918 -0
    outer loop
      vertex -29.1078 5.4053 3.39
      vertex -29.2146 5.42114 7.39
      vertex -29.1078 5.4053 7.39
    endloop
  endfacet
  facet normal 0.14671 0.98918 0
    outer loop
      vertex -29.2146 5.42114 7.39
      vertex -29.1078 5.4053 3.39
      vertex -29.2146 5.42114 3.39
    endloop
  endfacet
  facet normal 0.941742 0.336336 0
    outer loop
      vertex -30.0163 6.07905 7.39
      vertex -30.0526 6.18069 3.39
      vertex -30.0526 6.18069 7.39
    endloop
  endfacet
  facet normal 0.941742 0.336336 0
    outer loop
      vertex -30.0526 6.18069 3.39
      vertex -30.0163 6.07905 7.39
      vertex -30.0163 6.07905 3.39
    endloop
  endfacet
  facet normal -0.740945 -0.671566 0
    outer loop
      vertex -28.1497 7.19783 3.39
      vertex -28.2222 7.27782 7.39
      vertex -28.2222 7.27782 3.39
    endloop
  endfacet
  facet normal -0.740945 -0.671566 0
    outer loop
      vertex -28.2222 7.27782 7.39
      vertex -28.1497 7.19783 3.39
      vertex -28.1497 7.19783 7.39
    endloop
  endfacet
  facet normal 0.903834 -0.427883 0
    outer loop
      vertex -30.0163 6.92095 7.39
      vertex -29.9701 7.01854 3.39
      vertex -29.9701 7.01854 7.39
    endloop
  endfacet
  facet normal 0.903834 -0.427883 0
    outer loop
      vertex -29.9701 7.01854 3.39
      vertex -30.0163 6.92095 7.39
      vertex -30.0163 6.92095 3.39
    endloop
  endfacet
  facet normal 0.998794 0.0490967 0
    outer loop
      vertex -30.0947 6.39218 7.39
      vertex -30.1 6.5 3.39
      vertex -30.1 6.5 7.39
    endloop
  endfacet
  facet normal 0.998794 0.0490967 0
    outer loop
      vertex -30.1 6.5 3.39
      vertex -30.0947 6.39218 7.39
      vertex -30.0947 6.39218 3.39
    endloop
  endfacet
  facet normal -0.514019 0.857779 0
    outer loop
      vertex -28.3889 5.58538 3.39
      vertex -28.4815 5.52989 7.39
      vertex -28.3889 5.58538 7.39
    endloop
  endfacet
  facet normal -0.514019 0.857779 0
    outer loop
      vertex -28.4815 5.52989 7.39
      vertex -28.3889 5.58538 3.39
      vertex -28.4815 5.52989 3.39
    endloop
  endfacet
  facet normal 0.595752 -0.803168 0
    outer loop
      vertex -29.6978 7.35031 3.39
      vertex -29.6111 7.41462 7.39
      vertex -29.6978 7.35031 7.39
    endloop
  endfacet
  facet normal 0.595752 -0.803168 0
    outer loop
      vertex -29.6111 7.41462 7.39
      vertex -29.6978 7.35031 3.39
      vertex -29.6111 7.41462 3.39
    endloop
  endfacet
  facet normal 0.243015 0.970022 -0
    outer loop
      vertex -29.2146 5.42114 3.39
      vertex -29.3193 5.44737 7.39
      vertex -29.2146 5.42114 7.39
    endloop
  endfacet
  facet normal 0.243015 0.970022 0
    outer loop
      vertex -29.3193 5.44737 7.39
      vertex -29.2146 5.42114 3.39
      vertex -29.3193 5.44737 3.39
    endloop
  endfacet
  facet normal 0.514019 0.857779 -0
    outer loop
      vertex -29.5185 5.52989 3.39
      vertex -29.6111 5.58538 7.39
      vertex -29.5185 5.52989 7.39
    endloop
  endfacet
  facet normal 0.514019 0.857779 0
    outer loop
      vertex -29.6111 5.58538 7.39
      vertex -29.5185 5.52989 3.39
      vertex -29.6111 5.58538 3.39
    endloop
  endfacet
  facet normal 0.803212 -0.595693 0
    outer loop
      vertex -29.9146 7.11113 7.39
      vertex -29.8503 7.19783 3.39
      vertex -29.8503 7.19783 7.39
    endloop
  endfacet
  facet normal 0.803212 -0.595693 0
    outer loop
      vertex -29.8503 7.19783 3.39
      vertex -29.9146 7.11113 7.39
      vertex -29.9146 7.11113 3.39
    endloop
  endfacet
  facet normal 0.427903 0.903825 -0
    outer loop
      vertex -29.421 5.48373 3.39
      vertex -29.5185 5.52989 7.39
      vertex -29.421 5.48373 7.39
    endloop
  endfacet
  facet normal 0.427903 0.903825 0
    outer loop
      vertex -29.5185 5.52989 7.39
      vertex -29.421 5.48373 3.39
      vertex -29.5185 5.52989 3.39
    endloop
  endfacet
  facet normal 0.941742 -0.336336 0
    outer loop
      vertex -30.0526 6.81931 7.39
      vertex -30.0163 6.92095 3.39
      vertex -30.0163 6.92095 7.39
    endloop
  endfacet
  facet normal 0.941742 -0.336336 0
    outer loop
      vertex -30.0163 6.92095 3.39
      vertex -30.0526 6.81931 7.39
      vertex -30.0526 6.81931 3.39
    endloop
  endfacet
  facet normal 0 0 1
    outer loop
      vertex -27.9053 6.60782 3.39
      vertex -27.9053 6.39218 3.39
      vertex -27.9 6.5 3.39
    endloop
  endfacet
  facet normal 0 0 1
    outer loop
      vertex -27.9211 6.7146 3.39
      vertex -27.9053 6.39218 3.39
      vertex -27.9053 6.60782 3.39
    endloop
  endfacet
  facet normal 0 0 1
    outer loop
      vertex -27.9211 6.7146 3.39
      vertex -27.9211 6.2854 3.39
      vertex -27.9053 6.39218 3.39
    endloop
  endfacet
  facet normal 0 0 1
    outer loop
      vertex -27.9474 6.81931 3.39
      vertex -27.9211 6.2854 3.39
      vertex -27.9211 6.7146 3.39
    endloop
  endfacet
  facet normal 0 0 1
    outer loop
      vertex -27.9474 6.81931 3.39
      vertex -27.9474 6.18069 3.39
      vertex -27.9211 6.2854 3.39
    endloop
  endfacet
  facet normal 0 0 1
    outer loop
      vertex -27.9837 6.92095 3.39
      vertex -27.9474 6.18069 3.39
      vertex -27.9474 6.81931 3.39
    endloop
  endfacet
  facet normal 0 0 1
    outer loop
      vertex -27.9837 6.92095 3.39
      vertex -27.9837 6.07905 3.39
      vertex -27.9474 6.18069 3.39
    endloop
  endfacet
  facet normal 0 0 1
    outer loop
      vertex -28.0299 7.01854 3.39
      vertex -27.9837 6.07905 3.39
      vertex -27.9837 6.92095 3.39
    endloop
  endfacet
  facet normal 0 0 1
    outer loop
      vertex -28.0299 7.01854 3.39
      vertex -28.0299 5.98146 3.39
      vertex -27.9837 6.07905 3.39
    endloop
  endfacet
  facet normal 0 0 1
    outer loop
      vertex -28.0854 7.11113 3.39
      vertex -28.0299 5.98146 3.39
      vertex -28.0299 7.01854 3.39
    endloop
  endfacet
  facet normal 0 0 1
    outer loop
      vertex -28.0854 7.11113 3.39
      vertex -28.0854 5.88887 3.39
      vertex -28.0299 5.98146 3.39
    endloop
  endfacet
  facet normal 0 0 1
    outer loop
      vertex -28.1497 7.19783 3.39
      vertex -28.0854 5.88887 3.39
      vertex -28.0854 7.11113 3.39
    endloop
  endfacet
  facet normal 0 0 1
    outer loop
      vertex -28.1497 7.19783 3.39
      vertex -28.1497 5.80217 3.39
      vertex -28.0854 5.88887 3.39
    endloop
  endfacet
  facet normal 0 0 1
    outer loop
      vertex -28.2222 7.27782 3.39
      vertex -28.1497 5.80217 3.39
      vertex -28.1497 7.19783 3.39
    endloop
  endfacet
  facet normal 0 0 1
    outer loop
      vertex -28.2222 7.27782 3.39
      vertex -28.2222 5.72218 3.39
      vertex -28.1497 5.80217 3.39
    endloop
  endfacet
  facet normal 0 0 1
    outer loop
      vertex -28.3022 7.35031 3.39
      vertex -28.2222 5.72218 3.39
      vertex -28.2222 7.27782 3.39
    endloop
  endfacet
  facet normal 0 0 1
    outer loop
      vertex -28.3022 7.35031 3.39
      vertex -28.3022 5.64969 3.39
      vertex -28.2222 5.72218 3.39
    endloop
  endfacet
  facet normal 0 0 1
    outer loop
      vertex -28.3889 7.41462 3.39
      vertex -28.3022 5.64969 3.39
      vertex -28.3022 7.35031 3.39
    endloop
  endfacet
  facet normal 0 0 1
    outer loop
      vertex -28.3889 7.41462 3.39
      vertex -28.3889 5.58538 3.39
      vertex -28.3022 5.64969 3.39
    endloop
  endfacet
  facet normal 0 0 1
    outer loop
      vertex -28.4815 7.47011 3.39
      vertex -28.3889 5.58538 3.39
      vertex -28.3889 7.41462 3.39
    endloop
  endfacet
  facet normal 0 0 1
    outer loop
      vertex -28.4815 7.47011 3.39
      vertex -28.4815 5.52989 3.39
      vertex -28.3889 5.58538 3.39
    endloop
  endfacet
  facet normal 0 0 1
    outer loop
      vertex -28.579 7.51627 3.39
      vertex -28.4815 5.52989 3.39
      vertex -28.4815 7.47011 3.39
    endloop
  endfacet
  facet normal 0 0 1
    outer loop
      vertex -28.579 7.51627 3.39
      vertex -28.579 5.48373 3.39
      vertex -28.4815 5.52989 3.39
    endloop
  endfacet
  facet normal 0 0 1
    outer loop
      vertex -28.6807 7.55263 3.39
      vertex -28.579 5.48373 3.39
      vertex -28.579 7.51627 3.39
    endloop
  endfacet
  facet normal 0 0 1
    outer loop
      vertex -28.6807 7.55263 3.39
      vertex -28.6807 5.44737 3.39
      vertex -28.579 5.48373 3.39
    endloop
  endfacet
  facet normal 0 0 1
    outer loop
      vertex -28.7854 7.57886 3.39
      vertex -28.6807 5.44737 3.39
      vertex -28.6807 7.55263 3.39
    endloop
  endfacet
  facet normal 0 0 1
    outer loop
      vertex -28.7854 7.57886 3.39
      vertex -28.7854 5.42114 3.39
      vertex -28.6807 5.44737 3.39
    endloop
  endfacet
  facet normal 0 0 1
    outer loop
      vertex -28.8922 7.5947 3.39
      vertex -28.7854 5.42114 3.39
      vertex -28.7854 7.57886 3.39
    endloop
  endfacet
  facet normal 0 0 1
    outer loop
      vertex -28.8922 7.5947 3.39
      vertex -28.8922 5.4053 3.39
      vertex -28.7854 5.42114 3.39
    endloop
  endfacet
  facet normal 0 0 1
    outer loop
      vertex -29 7.6 3.39
      vertex -28.8922 5.4053 3.39
      vertex -28.8922 7.5947 3.39
    endloop
  endfacet
  facet normal 0 0 1
    outer loop
      vertex -29 7.6 3.39
      vertex -29 5.4 3.39
      vertex -28.8922 5.4053 3.39
    endloop
  endfacet
  facet normal -0 0 1
    outer loop
      vertex -29.1078 7.5947 3.39
      vertex -29 5.4 3.39
      vertex -29 7.6 3.39
    endloop
  endfacet
  facet normal 0 0 1
    outer loop
      vertex -29.1078 7.5947 3.39
      vertex -29.1078 5.4053 3.39
      vertex -29 5.4 3.39
    endloop
  endfacet
  facet normal -0 0 1
    outer loop
      vertex -29.2146 7.57886 3.39
      vertex -29.1078 5.4053 3.39
      vertex -29.1078 7.5947 3.39
    endloop
  endfacet
  facet normal 0 0 1
    outer loop
      vertex -29.2146 7.57886 3.39
      vertex -29.2146 5.42114 3.39
      vertex -29.1078 5.4053 3.39
    endloop
  endfacet
  facet normal -0 0 1
    outer loop
      vertex -29.3193 7.55263 3.39
      vertex -29.2146 5.42114 3.39
      vertex -29.2146 7.57886 3.39
    endloop
  endfacet
  facet normal 0 0 1
    outer loop
      vertex -29.3193 7.55263 3.39
      vertex -29.3193 5.44737 3.39
      vertex -29.2146 5.42114 3.39
    endloop
  endfacet
  facet normal -0 0 1
    outer loop
      vertex -29.421 7.51627 3.39
      vertex -29.3193 5.44737 3.39
      vertex -29.3193 7.55263 3.39
    endloop
  endfacet
  facet normal 0 0 1
    outer loop
      vertex -29.421 7.51627 3.39
      vertex -29.421 5.48373 3.39
      vertex -29.3193 5.44737 3.39
    endloop
  endfacet
  facet normal -0 0 1
    outer loop
      vertex -29.5185 7.47011 3.39
      vertex -29.421 5.48373 3.39
      vertex -29.421 7.51627 3.39
    endloop
  endfacet
  facet normal 0 0 1
    outer loop
      vertex -29.5185 7.47011 3.39
      vertex -29.5185 5.52989 3.39
      vertex -29.421 5.48373 3.39
    endloop
  endfacet
  facet normal -0 0 1
    outer loop
      vertex -29.6111 7.41462 3.39
      vertex -29.5185 5.52989 3.39
      vertex -29.5185 7.47011 3.39
    endloop
  endfacet
  facet normal 0 0 1
    outer loop
      vertex -29.6111 7.41462 3.39
      vertex -29.6111 5.58538 3.39
      vertex -29.5185 5.52989 3.39
    endloop
  endfacet
  facet normal -0 0 1
    outer loop
      vertex -29.6978 7.35031 3.39
      vertex -29.6111 5.58538 3.39
      vertex -29.6111 7.41462 3.39
    endloop
  endfacet
  facet normal 0 0 1
    outer loop
      vertex -29.6978 7.35031 3.39
      vertex -29.6978 5.64969 3.39
      vertex -29.6111 5.58538 3.39
    endloop
  endfacet
  facet normal -0 0 1
    outer loop
      vertex -29.7778 7.27782 3.39
      vertex -29.6978 5.64969 3.39
      vertex -29.6978 7.35031 3.39
    endloop
  endfacet
  facet normal 0 0 1
    outer loop
      vertex -29.7778 7.27782 3.39
      vertex -29.7778 5.72218 3.39
      vertex -29.6978 5.64969 3.39
    endloop
  endfacet
  facet normal -0 0 1
    outer loop
      vertex -29.8503 7.19783 3.39
      vertex -29.7778 5.72218 3.39
      vertex -29.7778 7.27782 3.39
    endloop
  endfacet
  facet normal 0 0 1
    outer loop
      vertex -29.8503 7.19783 3.39
      vertex -29.8503 5.80217 3.39
      vertex -29.7778 5.72218 3.39
    endloop
  endfacet
  facet normal -0 0 1
    outer loop
      vertex -29.9146 7.11113 3.39
      vertex -29.8503 5.80217 3.39
      vertex -29.8503 7.19783 3.39
    endloop
  endfacet
  facet normal 0 0 1
    outer loop
      vertex -29.9146 7.11113 3.39
      vertex -29.9146 5.88887 3.39
      vertex -29.8503 5.80217 3.39
    endloop
  endfacet
  facet normal -0 0 1
    outer loop
      vertex -29.9701 7.01854 3.39
      vertex -29.9146 5.88887 3.39
      vertex -29.9146 7.11113 3.39
    endloop
  endfacet
  facet normal 0 0 1
    outer loop
      vertex -29.9701 7.01854 3.39
      vertex -29.9701 5.98146 3.39
      vertex -29.9146 5.88887 3.39
    endloop
  endfacet
  facet normal -0 0 1
    outer loop
      vertex -30.0163 6.92095 3.39
      vertex -29.9701 5.98146 3.39
      vertex -29.9701 7.01854 3.39
    endloop
  endfacet
  facet normal 0 0 1
    outer loop
      vertex -30.0163 6.92095 3.39
      vertex -30.0163 6.07905 3.39
      vertex -29.9701 5.98146 3.39
    endloop
  endfacet
  facet normal -0 0 1
    outer loop
      vertex -30.0526 6.81931 3.39
      vertex -30.0163 6.07905 3.39
      vertex -30.0163 6.92095 3.39
    endloop
  endfacet
  facet normal 0 0 1
    outer loop
      vertex -30.0526 6.81931 3.39
      vertex -30.0526 6.18069 3.39
      vertex -30.0163 6.07905 3.39
    endloop
  endfacet
  facet normal -0 0 1
    outer loop
      vertex -30.0789 6.7146 3.39
      vertex -30.0526 6.18069 3.39
      vertex -30.0526 6.81931 3.39
    endloop
  endfacet
  facet normal 0 0 1
    outer loop
      vertex -30.0789 6.7146 3.39
      vertex -30.0789 6.2854 3.39
      vertex -30.0526 6.18069 3.39
    endloop
  endfacet
  facet normal -0 0 1
    outer loop
      vertex -30.0947 6.60782 3.39
      vertex -30.0789 6.2854 3.39
      vertex -30.0789 6.7146 3.39
    endloop
  endfacet
  facet normal 0 0 1
    outer loop
      vertex -30.0947 6.60782 3.39
      vertex -30.0947 6.39218 3.39
      vertex -30.0789 6.2854 3.39
    endloop
  endfacet
  facet normal 0 -0 1
    outer loop
      vertex -30.0947 6.39218 3.39
      vertex -30.0947 6.60782 3.39
      vertex -30.1 6.5 3.39
    endloop
  endfacet
  facet normal 0.740908 0.671607 0
    outer loop
      vertex -26.681 31.4032 7.39
      vertex -26.8787 31.6213 2.4
      vertex -26.8787 31.6213 7.39
    endloop
  endfacet
  facet normal 0.740908 0.671607 0
    outer loop
      vertex -26.8787 31.6213 2.4
      vertex -26.681 31.4032 7.39
      vertex -26.681 31.4032 2.4
    endloop
  endfacet
  facet normal 0.989174 0.146746 0
    outer loop
      vertex -26.0144 29.7941 7.39
      vertex -26.0576 30.0853 2.4
      vertex -26.0576 30.0853 7.39
    endloop
  endfacet
  facet normal 0.989174 0.146746 0
    outer loop
      vertex -26.0576 30.0853 2.4
      vertex -26.0144 29.7941 7.39
      vertex -26.0144 29.7941 2.4
    endloop
  endfacet
  facet normal 0.998803 0.0489044 0
    outer loop
      vertex -26 29.5 7.39
      vertex -26.0144 29.7941 2.4
      vertex -26.0144 29.7941 7.39
    endloop
  endfacet
  facet normal 0.998803 0.0489044 0
    outer loop
      vertex -26.0144 29.7941 2.4
      vertex -26 29.5 7.39
      vertex -26 29.5 2.4
    endloop
  endfacet
  facet normal 0.969982 0.243175 0
    outer loop
      vertex -26.0576 30.0853 7.39
      vertex -26.1292 30.3709 2.4
      vertex -26.1292 30.3709 7.39
    endloop
  endfacet
  facet normal 0.969982 0.243175 0
    outer loop
      vertex -26.1292 30.3709 2.4
      vertex -26.0576 30.0853 7.39
      vertex -26.0576 30.0853 2.4
    endloop
  endfacet
  facet normal 0.337047 -0.941488 0
    outer loop
      vertex -28.1291 26.6292 2.4
      vertex -27.852 26.7284 7.39
      vertex -28.1291 26.6292 7.39
    endloop
  endfacet
  facet normal 0.337047 -0.941488 0
    outer loop
      vertex -27.852 26.7284 7.39
      vertex -28.1291 26.6292 2.4
      vertex -27.852 26.7284 2.4
    endloop
  endfacet
  facet normal 0.857643 0.514246 0
    outer loop
      vertex -26.3542 30.9142 7.39
      vertex -26.5056 31.1667 2.4
      vertex -26.5056 31.1667 7.39
    endloop
  endfacet
  facet normal 0.857643 0.514246 0
    outer loop
      vertex -26.5056 31.1667 2.4
      vertex -26.3542 30.9142 7.39
      vertex -26.3542 30.9142 2.4
    endloop
  endfacet
  facet normal 0.941488 0.337047 0
    outer loop
      vertex -26.1292 30.3709 7.39
      vertex -26.2284 30.648 2.4
      vertex -26.2284 30.648 7.39
    endloop
  endfacet
  facet normal 0.941488 0.337047 0
    outer loop
      vertex -26.2284 30.648 2.4
      vertex -26.1292 30.3709 7.39
      vertex -26.1292 30.3709 2.4
    endloop
  endfacet
  facet normal 0.243175 0.969982 -0
    outer loop
      vertex -28.1291 32.3708 2.4
      vertex -28.4147 32.4424 7.39
      vertex -28.1291 32.3708 7.39
    endloop
  endfacet
  facet normal 0.243175 0.969982 0
    outer loop
      vertex -28.4147 32.4424 7.39
      vertex -28.1291 32.3708 2.4
      vertex -28.4147 32.4424 2.4
    endloop
  endfacet
  facet normal -0.740908 0.671607 0
    outer loop
      vertex -31.319 31.4032 2.4
      vertex -31.1213 31.6213 7.39
      vertex -31.1213 31.6213 2.4
    endloop
  endfacet
  facet normal -0.740908 0.671607 0
    outer loop
      vertex -31.1213 31.6213 7.39
      vertex -31.319 31.4032 2.4
      vertex -31.319 31.4032 7.39
    endloop
  endfacet
  facet normal 0.0489044 -0.998803 0
    outer loop
      vertex -29 26.5 2.4
      vertex -28.7059 26.5144 7.39
      vertex -29 26.5 7.39
    endloop
  endfacet
  facet normal 0.0489044 -0.998803 0
    outer loop
      vertex -28.7059 26.5144 7.39
      vertex -29 26.5 2.4
      vertex -28.7059 26.5144 2.4
    endloop
  endfacet
  facet normal 0.427269 0.904125 -0
    outer loop
      vertex -27.5858 32.1458 2.4
      vertex -27.852 32.2716 7.39
      vertex -27.5858 32.1458 7.39
    endloop
  endfacet
  facet normal 0.427269 0.904125 0
    outer loop
      vertex -27.852 32.2716 7.39
      vertex -27.5858 32.1458 2.4
      vertex -27.852 32.2716 2.4
    endloop
  endfacet
  facet normal 0.671607 0.740908 -0
    outer loop
      vertex -26.8787 31.6213 2.4
      vertex -27.0968 31.819 7.39
      vertex -26.8787 31.6213 7.39
    endloop
  endfacet
  facet normal 0.671607 0.740908 0
    outer loop
      vertex -27.0968 31.819 7.39
      vertex -26.8787 31.6213 2.4
      vertex -27.0968 31.819 2.4
    endloop
  endfacet
  facet normal -0.595699 -0.803208 0
    outer loop
      vertex -30.9032 27.181 2.4
      vertex -30.6667 27.0056 7.39
      vertex -30.9032 27.181 7.39
    endloop
  endfacet
  facet normal -0.595699 -0.803208 -0
    outer loop
      vertex -30.6667 27.0056 7.39
      vertex -30.9032 27.181 2.4
      vertex -30.6667 27.0056 2.4
    endloop
  endfacet
  facet normal 0.0489044 0.998803 -0
    outer loop
      vertex -28.7059 32.4856 2.4
      vertex -29 32.5 7.39
      vertex -28.7059 32.4856 7.39
    endloop
  endfacet
  facet normal 0.0489044 0.998803 0
    outer loop
      vertex -29 32.5 7.39
      vertex -28.7059 32.4856 2.4
      vertex -29 32.5 2.4
    endloop
  endfacet
  facet normal 0.243175 -0.969982 0
    outer loop
      vertex -28.4147 26.5576 2.4
      vertex -28.1291 26.6292 7.39
      vertex -28.4147 26.5576 7.39
    endloop
  endfacet
  facet normal 0.243175 -0.969982 0
    outer loop
      vertex -28.1291 26.6292 7.39
      vertex -28.4147 26.5576 2.4
      vertex -28.1291 26.6292 2.4
    endloop
  endfacet
  facet normal 0.989174 -0.146746 0
    outer loop
      vertex -26.0576 28.9147 7.39
      vertex -26.0144 29.2059 2.4
      vertex -26.0144 29.2059 7.39
    endloop
  endfacet
  facet normal 0.989174 -0.146746 0
    outer loop
      vertex -26.0144 29.2059 2.4
      vertex -26.0576 28.9147 7.39
      vertex -26.0576 28.9147 2.4
    endloop
  endfacet
  facet normal 0.514246 -0.857643 0
    outer loop
      vertex -27.5858 26.8542 2.4
      vertex -27.3333 27.0056 7.39
      vertex -27.5858 26.8542 7.39
    endloop
  endfacet
  facet normal 0.514246 -0.857643 0
    outer loop
      vertex -27.3333 27.0056 7.39
      vertex -27.5858 26.8542 2.4
      vertex -27.3333 27.0056 2.4
    endloop
  endfacet
  facet normal -0.243175 -0.969982 0
    outer loop
      vertex -29.8709 26.6292 2.4
      vertex -29.5853 26.5576 7.39
      vertex -29.8709 26.6292 7.39
    endloop
  endfacet
  facet normal -0.243175 -0.969982 -0
    outer loop
      vertex -29.5853 26.5576 7.39
      vertex -29.8709 26.6292 2.4
      vertex -29.5853 26.5576 2.4
    endloop
  endfacet
  facet normal -0.595699 0.803208 0
    outer loop
      vertex -30.6667 31.9944 2.4
      vertex -30.9032 31.819 7.39
      vertex -30.6667 31.9944 7.39
    endloop
  endfacet
  facet normal -0.595699 0.803208 0
    outer loop
      vertex -30.9032 31.819 7.39
      vertex -30.6667 31.9944 2.4
      vertex -30.9032 31.819 2.4
    endloop
  endfacet
  facet normal -0.998803 -0.0489044 0
    outer loop
      vertex -31.9856 29.2059 2.4
      vertex -32 29.5 7.39
      vertex -32 29.5 2.4
    endloop
  endfacet
  facet normal -0.998803 -0.0489044 0
    outer loop
      vertex -32 29.5 7.39
      vertex -31.9856 29.2059 2.4
      vertex -31.9856 29.2059 7.39
    endloop
  endfacet
  facet normal -0.969982 -0.243175 0
    outer loop
      vertex -31.8708 28.6291 2.4
      vertex -31.9424 28.9147 7.39
      vertex -31.9424 28.9147 2.4
    endloop
  endfacet
  facet normal -0.969982 -0.243175 0
    outer loop
      vertex -31.9424 28.9147 7.39
      vertex -31.8708 28.6291 2.4
      vertex -31.8708 28.6291 7.39
    endloop
  endfacet
  facet normal 0.969982 -0.243175 0
    outer loop
      vertex -26.1292 28.6291 7.39
      vertex -26.0576 28.9147 2.4
      vertex -26.0576 28.9147 7.39
    endloop
  endfacet
  facet normal 0.969982 -0.243175 0
    outer loop
      vertex -26.0576 28.9147 2.4
      vertex -26.1292 28.6291 7.39
      vertex -26.1292 28.6291 2.4
    endloop
  endfacet
  facet normal -0.514246 0.857643 0
    outer loop
      vertex -30.4142 32.1458 2.4
      vertex -30.6667 31.9944 7.39
      vertex -30.4142 32.1458 7.39
    endloop
  endfacet
  facet normal -0.514246 0.857643 0
    outer loop
      vertex -30.6667 31.9944 7.39
      vertex -30.4142 32.1458 2.4
      vertex -30.6667 31.9944 2.4
    endloop
  endfacet
  facet normal 0.595699 0.803208 -0
    outer loop
      vertex -27.0968 31.819 2.4
      vertex -27.3333 31.9944 7.39
      vertex -27.0968 31.819 7.39
    endloop
  endfacet
  facet normal 0.595699 0.803208 0
    outer loop
      vertex -27.3333 31.9944 7.39
      vertex -27.0968 31.819 2.4
      vertex -27.3333 31.9944 2.4
    endloop
  endfacet
  facet normal -0.904125 -0.427269 0
    outer loop
      vertex -31.6458 28.0858 2.4
      vertex -31.7716 28.352 7.39
      vertex -31.7716 28.352 2.4
    endloop
  endfacet
  facet normal -0.904125 -0.427269 0
    outer loop
      vertex -31.7716 28.352 7.39
      vertex -31.6458 28.0858 2.4
      vertex -31.6458 28.0858 7.39
    endloop
  endfacet
  facet normal 0.941488 -0.337047 0
    outer loop
      vertex -26.2284 28.352 7.39
      vertex -26.1292 28.6291 2.4
      vertex -26.1292 28.6291 7.39
    endloop
  endfacet
  facet normal 0.941488 -0.337047 0
    outer loop
      vertex -26.1292 28.6291 2.4
      vertex -26.2284 28.352 7.39
      vertex -26.2284 28.352 2.4
    endloop
  endfacet
  facet normal 0.146746 0.989174 -0
    outer loop
      vertex -28.4147 32.4424 2.4
      vertex -28.7059 32.4856 7.39
      vertex -28.4147 32.4424 7.39
    endloop
  endfacet
  facet normal 0.146746 0.989174 0
    outer loop
      vertex -28.7059 32.4856 7.39
      vertex -28.4147 32.4424 2.4
      vertex -28.7059 32.4856 2.4
    endloop
  endfacet
  facet normal -0.427269 0.904125 0
    outer loop
      vertex -30.148 32.2716 2.4
      vertex -30.4142 32.1458 7.39
      vertex -30.148 32.2716 7.39
    endloop
  endfacet
  facet normal -0.427269 0.904125 0
    outer loop
      vertex -30.4142 32.1458 7.39
      vertex -30.148 32.2716 2.4
      vertex -30.4142 32.1458 2.4
    endloop
  endfacet
  facet normal 0.514246 0.857643 -0
    outer loop
      vertex -27.3333 31.9944 2.4
      vertex -27.5858 32.1458 7.39
      vertex -27.3333 31.9944 7.39
    endloop
  endfacet
  facet normal 0.514246 0.857643 0
    outer loop
      vertex -27.5858 32.1458 7.39
      vertex -27.3333 31.9944 2.4
      vertex -27.5858 32.1458 2.4
    endloop
  endfacet
  facet normal 0.427269 -0.904125 0
    outer loop
      vertex -27.852 26.7284 2.4
      vertex -27.5858 26.8542 7.39
      vertex -27.852 26.7284 7.39
    endloop
  endfacet
  facet normal 0.427269 -0.904125 0
    outer loop
      vertex -27.5858 26.8542 7.39
      vertex -27.852 26.7284 2.4
      vertex -27.5858 26.8542 2.4
    endloop
  endfacet
  facet normal -0.941488 -0.337047 0
    outer loop
      vertex -31.7716 28.352 2.4
      vertex -31.8708 28.6291 7.39
      vertex -31.8708 28.6291 2.4
    endloop
  endfacet
  facet normal -0.941488 -0.337047 0
    outer loop
      vertex -31.8708 28.6291 7.39
      vertex -31.7716 28.352 2.4
      vertex -31.7716 28.352 7.39
    endloop
  endfacet
  facet normal 0.857643 -0.514246 0
    outer loop
      vertex -26.5056 27.8333 7.39
      vertex -26.3542 28.0858 2.4
      vertex -26.3542 28.0858 7.39
    endloop
  endfacet
  facet normal 0.857643 -0.514246 0
    outer loop
      vertex -26.3542 28.0858 2.4
      vertex -26.5056 27.8333 7.39
      vertex -26.5056 27.8333 2.4
    endloop
  endfacet
  facet normal 0.904125 -0.427269 0
    outer loop
      vertex -26.3542 28.0858 7.39
      vertex -26.2284 28.352 2.4
      vertex -26.2284 28.352 7.39
    endloop
  endfacet
  facet normal 0.904125 -0.427269 0
    outer loop
      vertex -26.2284 28.352 2.4
      vertex -26.3542 28.0858 7.39
      vertex -26.3542 28.0858 2.4
    endloop
  endfacet
  facet normal 0.998803 -0.0489044 0
    outer loop
      vertex -26.0144 29.2059 7.39
      vertex -26 29.5 2.4
      vertex -26 29.5 7.39
    endloop
  endfacet
  facet normal 0.998803 -0.0489044 0
    outer loop
      vertex -26 29.5 2.4
      vertex -26.0144 29.2059 7.39
      vertex -26.0144 29.2059 2.4
    endloop
  endfacet
  facet normal -0.146746 0.989174 0
    outer loop
      vertex -29.2941 32.4856 2.4
      vertex -29.5853 32.4424 7.39
      vertex -29.2941 32.4856 7.39
    endloop
  endfacet
  facet normal -0.146746 0.989174 0
    outer loop
      vertex -29.5853 32.4424 7.39
      vertex -29.2941 32.4856 2.4
      vertex -29.5853 32.4424 2.4
    endloop
  endfacet
  facet normal 0.146746 -0.989174 0
    outer loop
      vertex -28.7059 26.5144 2.4
      vertex -28.4147 26.5576 7.39
      vertex -28.7059 26.5144 7.39
    endloop
  endfacet
  facet normal 0.146746 -0.989174 0
    outer loop
      vertex -28.4147 26.5576 7.39
      vertex -28.7059 26.5144 2.4
      vertex -28.4147 26.5576 2.4
    endloop
  endfacet
  facet normal 0.740908 -0.671607 0
    outer loop
      vertex -26.8787 27.3787 7.39
      vertex -26.681 27.5968 2.4
      vertex -26.681 27.5968 7.39
    endloop
  endfacet
  facet normal 0.740908 -0.671607 0
    outer loop
      vertex -26.681 27.5968 2.4
      vertex -26.8787 27.3787 7.39
      vertex -26.8787 27.3787 2.4
    endloop
  endfacet
  facet normal 0.803208 -0.595699 0
    outer loop
      vertex -26.681 27.5968 7.39
      vertex -26.5056 27.8333 2.4
      vertex -26.5056 27.8333 7.39
    endloop
  endfacet
  facet normal 0.803208 -0.595699 0
    outer loop
      vertex -26.5056 27.8333 2.4
      vertex -26.681 27.5968 7.39
      vertex -26.681 27.5968 2.4
    endloop
  endfacet
  facet normal -0.243175 0.969982 0
    outer loop
      vertex -29.5853 32.4424 2.4
      vertex -29.8709 32.3708 7.39
      vertex -29.5853 32.4424 7.39
    endloop
  endfacet
  facet normal -0.243175 0.969982 0
    outer loop
      vertex -29.8709 32.3708 7.39
      vertex -29.5853 32.4424 2.4
      vertex -29.8709 32.3708 2.4
    endloop
  endfacet
  facet normal 0.803208 0.595699 0
    outer loop
      vertex -26.5056 31.1667 7.39
      vertex -26.681 31.4032 2.4
      vertex -26.681 31.4032 7.39
    endloop
  endfacet
  facet normal 0.803208 0.595699 0
    outer loop
      vertex -26.681 31.4032 2.4
      vertex -26.5056 31.1667 7.39
      vertex -26.5056 31.1667 2.4
    endloop
  endfacet
  facet normal 0.904125 0.427269 0
    outer loop
      vertex -26.2284 30.648 7.39
      vertex -26.3542 30.9142 2.4
      vertex -26.3542 30.9142 7.39
    endloop
  endfacet
  facet normal 0.904125 0.427269 0
    outer loop
      vertex -26.3542 30.9142 2.4
      vertex -26.2284 30.648 7.39
      vertex -26.2284 30.648 2.4
    endloop
  endfacet
  facet normal -0.857643 0.514246 0
    outer loop
      vertex -31.6458 30.9142 2.4
      vertex -31.4944 31.1667 7.39
      vertex -31.4944 31.1667 2.4
    endloop
  endfacet
  facet normal -0.857643 0.514246 0
    outer loop
      vertex -31.4944 31.1667 7.39
      vertex -31.6458 30.9142 2.4
      vertex -31.6458 30.9142 7.39
    endloop
  endfacet
  facet normal -0.671607 0.740908 0
    outer loop
      vertex -30.9032 31.819 2.4
      vertex -31.1213 31.6213 7.39
      vertex -30.9032 31.819 7.39
    endloop
  endfacet
  facet normal -0.671607 0.740908 0
    outer loop
      vertex -31.1213 31.6213 7.39
      vertex -30.9032 31.819 2.4
      vertex -31.1213 31.6213 2.4
    endloop
  endfacet
  facet normal -0.857643 -0.514246 0
    outer loop
      vertex -31.4944 27.8333 2.4
      vertex -31.6458 28.0858 7.39
      vertex -31.6458 28.0858 2.4
    endloop
  endfacet
  facet normal -0.857643 -0.514246 0
    outer loop
      vertex -31.6458 28.0858 7.39
      vertex -31.4944 27.8333 2.4
      vertex -31.4944 27.8333 7.39
    endloop
  endfacet
  facet normal -0.427269 -0.904125 0
    outer loop
      vertex -30.4142 26.8542 2.4
      vertex -30.148 26.7284 7.39
      vertex -30.4142 26.8542 7.39
    endloop
  endfacet
  facet normal -0.427269 -0.904125 -0
    outer loop
      vertex -30.148 26.7284 7.39
      vertex -30.4142 26.8542 2.4
      vertex -30.148 26.7284 2.4
    endloop
  endfacet
  facet normal -0.740908 -0.671607 0
    outer loop
      vertex -31.1213 27.3787 2.4
      vertex -31.319 27.5968 7.39
      vertex -31.319 27.5968 2.4
    endloop
  endfacet
  facet normal -0.740908 -0.671607 0
    outer loop
      vertex -31.319 27.5968 7.39
      vertex -31.1213 27.3787 2.4
      vertex -31.1213 27.3787 7.39
    endloop
  endfacet
  facet normal -0.337047 0.941488 0
    outer loop
      vertex -29.8709 32.3708 2.4
      vertex -30.148 32.2716 7.39
      vertex -29.8709 32.3708 7.39
    endloop
  endfacet
  facet normal -0.337047 0.941488 0
    outer loop
      vertex -30.148 32.2716 7.39
      vertex -29.8709 32.3708 2.4
      vertex -30.148 32.2716 2.4
    endloop
  endfacet
  facet normal -0.514246 -0.857643 0
    outer loop
      vertex -30.6667 27.0056 2.4
      vertex -30.4142 26.8542 7.39
      vertex -30.6667 27.0056 7.39
    endloop
  endfacet
  facet normal -0.514246 -0.857643 -0
    outer loop
      vertex -30.4142 26.8542 7.39
      vertex -30.6667 27.0056 2.4
      vertex -30.4142 26.8542 2.4
    endloop
  endfacet
  facet normal 0.595699 -0.803208 0
    outer loop
      vertex -27.3333 27.0056 2.4
      vertex -27.0968 27.181 7.39
      vertex -27.3333 27.0056 7.39
    endloop
  endfacet
  facet normal 0.595699 -0.803208 0
    outer loop
      vertex -27.0968 27.181 7.39
      vertex -27.3333 27.0056 2.4
      vertex -27.0968 27.181 2.4
    endloop
  endfacet
  facet normal -0.0489044 0.998803 0
    outer loop
      vertex -29 32.5 2.4
      vertex -29.2941 32.4856 7.39
      vertex -29 32.5 7.39
    endloop
  endfacet
  facet normal -0.0489044 0.998803 0
    outer loop
      vertex -29.2941 32.4856 7.39
      vertex -29 32.5 2.4
      vertex -29.2941 32.4856 2.4
    endloop
  endfacet
  facet normal -0.969982 0.243175 0
    outer loop
      vertex -31.9424 30.0853 2.4
      vertex -31.8708 30.3709 7.39
      vertex -31.8708 30.3709 2.4
    endloop
  endfacet
  facet normal -0.969982 0.243175 0
    outer loop
      vertex -31.8708 30.3709 7.39
      vertex -31.9424 30.0853 2.4
      vertex -31.9424 30.0853 7.39
    endloop
  endfacet
  facet normal -0.941488 0.337047 0
    outer loop
      vertex -31.8708 30.3709 2.4
      vertex -31.7716 30.648 7.39
      vertex -31.7716 30.648 2.4
    endloop
  endfacet
  facet normal -0.941488 0.337047 0
    outer loop
      vertex -31.7716 30.648 7.39
      vertex -31.8708 30.3709 2.4
      vertex -31.8708 30.3709 7.39
    endloop
  endfacet
  facet normal 0.337047 0.941488 -0
    outer loop
      vertex -27.852 32.2716 2.4
      vertex -28.1291 32.3708 7.39
      vertex -27.852 32.2716 7.39
    endloop
  endfacet
  facet normal 0.337047 0.941488 0
    outer loop
      vertex -28.1291 32.3708 7.39
      vertex -27.852 32.2716 2.4
      vertex -28.1291 32.3708 2.4
    endloop
  endfacet
  facet normal -0.803208 -0.595699 0
    outer loop
      vertex -31.319 27.5968 2.4
      vertex -31.4944 27.8333 7.39
      vertex -31.4944 27.8333 2.4
    endloop
  endfacet
  facet normal -0.803208 -0.595699 0
    outer loop
      vertex -31.4944 27.8333 7.39
      vertex -31.319 27.5968 2.4
      vertex -31.319 27.5968 7.39
    endloop
  endfacet
  facet normal -0.989174 -0.146746 0
    outer loop
      vertex -31.9424 28.9147 2.4
      vertex -31.9856 29.2059 7.39
      vertex -31.9856 29.2059 2.4
    endloop
  endfacet
  facet normal -0.989174 -0.146746 0
    outer loop
      vertex -31.9856 29.2059 7.39
      vertex -31.9424 28.9147 2.4
      vertex -31.9424 28.9147 7.39
    endloop
  endfacet
  facet normal -0.904125 0.427269 0
    outer loop
      vertex -31.7716 30.648 2.4
      vertex -31.6458 30.9142 7.39
      vertex -31.6458 30.9142 2.4
    endloop
  endfacet
  facet normal -0.904125 0.427269 0
    outer loop
      vertex -31.6458 30.9142 7.39
      vertex -31.7716 30.648 2.4
      vertex -31.7716 30.648 7.39
    endloop
  endfacet
  facet normal -0.671607 -0.740908 0
    outer loop
      vertex -31.1213 27.3787 2.4
      vertex -30.9032 27.181 7.39
      vertex -31.1213 27.3787 7.39
    endloop
  endfacet
  facet normal -0.671607 -0.740908 -0
    outer loop
      vertex -30.9032 27.181 7.39
      vertex -31.1213 27.3787 2.4
      vertex -30.9032 27.181 2.4
    endloop
  endfacet
  facet normal -0.803208 0.595699 0
    outer loop
      vertex -31.4944 31.1667 2.4
      vertex -31.319 31.4032 7.39
      vertex -31.319 31.4032 2.4
    endloop
  endfacet
  facet normal -0.803208 0.595699 0
    outer loop
      vertex -31.319 31.4032 7.39
      vertex -31.4944 31.1667 2.4
      vertex -31.4944 31.1667 7.39
    endloop
  endfacet
  facet normal -0.0489044 -0.998803 0
    outer loop
      vertex -29.2941 26.5144 2.4
      vertex -29 26.5 7.39
      vertex -29.2941 26.5144 7.39
    endloop
  endfacet
  facet normal -0.0489044 -0.998803 -0
    outer loop
      vertex -29 26.5 7.39
      vertex -29.2941 26.5144 2.4
      vertex -29 26.5 2.4
    endloop
  endfacet
  facet normal -0.146746 -0.989174 0
    outer loop
      vertex -29.5853 26.5576 2.4
      vertex -29.2941 26.5144 7.39
      vertex -29.5853 26.5576 7.39
    endloop
  endfacet
  facet normal -0.146746 -0.989174 -0
    outer loop
      vertex -29.2941 26.5144 7.39
      vertex -29.5853 26.5576 2.4
      vertex -29.2941 26.5144 2.4
    endloop
  endfacet
  facet normal -0.989174 0.146746 0
    outer loop
      vertex -31.9856 29.7941 2.4
      vertex -31.9424 30.0853 7.39
      vertex -31.9424 30.0853 2.4
    endloop
  endfacet
  facet normal -0.989174 0.146746 0
    outer loop
      vertex -31.9424 30.0853 7.39
      vertex -31.9856 29.7941 2.4
      vertex -31.9856 29.7941 7.39
    endloop
  endfacet
  facet normal -0.998803 0.0489044 0
    outer loop
      vertex -32 29.5 2.4
      vertex -31.9856 29.7941 7.39
      vertex -31.9856 29.7941 2.4
    endloop
  endfacet
  facet normal -0.998803 0.0489044 0
    outer loop
      vertex -31.9856 29.7941 7.39
      vertex -32 29.5 2.4
      vertex -32 29.5 7.39
    endloop
  endfacet
  facet normal -0.337047 -0.941488 0
    outer loop
      vertex -30.148 26.7284 2.4
      vertex -29.8709 26.6292 7.39
      vertex -30.148 26.7284 7.39
    endloop
  endfacet
  facet normal -0.337047 -0.941488 -0
    outer loop
      vertex -29.8709 26.6292 7.39
      vertex -30.148 26.7284 2.4
      vertex -29.8709 26.6292 2.4
    endloop
  endfacet
  facet normal 0.671607 -0.740908 0
    outer loop
      vertex -27.0968 27.181 2.4
      vertex -26.8787 27.3787 7.39
      vertex -27.0968 27.181 7.39
    endloop
  endfacet
  facet normal 0.671607 -0.740908 0
    outer loop
      vertex -26.8787 27.3787 7.39
      vertex -27.0968 27.181 2.4
      vertex -26.8787 27.3787 2.4
    endloop
  endfacet
  facet normal 0 0 1
    outer loop
      vertex -27.9 29.5 7.39
      vertex -26 29.5 7.39
      vertex -26.0144 29.7941 7.39
    endloop
  endfacet
  facet normal 0 0 1
    outer loop
      vertex -27.9053 29.6078 7.39
      vertex -26.0144 29.7941 7.39
      vertex -26.0576 30.0853 7.39
    endloop
  endfacet
  facet normal 0 0 1
    outer loop
      vertex -26 29.5 7.39
      vertex -27.9 29.5 7.39
      vertex -26.0144 29.2059 7.39
    endloop
  endfacet
  facet normal 0 0 1
    outer loop
      vertex -27.9211 29.7146 7.39
      vertex -26.0576 30.0853 7.39
      vertex -26.1292 30.3709 7.39
    endloop
  endfacet
  facet normal -0 0 1
    outer loop
      vertex -27.9053 29.3922 7.39
      vertex -26.0144 29.2059 7.39
      vertex -27.9 29.5 7.39
    endloop
  endfacet
  facet normal 0 0 1
    outer loop
      vertex -27.9474 29.8193 7.39
      vertex -26.1292 30.3709 7.39
      vertex -26.2284 30.648 7.39
    endloop
  endfacet
  facet normal 0 0 1
    outer loop
      vertex -26.0144 29.2059 7.39
      vertex -27.9053 29.3922 7.39
      vertex -26.0576 28.9147 7.39
    endloop
  endfacet
  facet normal 0 0 1
    outer loop
      vertex -27.9837 29.921 7.39
      vertex -26.2284 30.648 7.39
      vertex -26.3542 30.9142 7.39
    endloop
  endfacet
  facet normal -0 0 1
    outer loop
      vertex -27.9211 29.2854 7.39
      vertex -26.0576 28.9147 7.39
      vertex -27.9053 29.3922 7.39
    endloop
  endfacet
  facet normal 0 0 1
    outer loop
      vertex -28.0299 30.0185 7.39
      vertex -26.3542 30.9142 7.39
      vertex -26.5056 31.1667 7.39
    endloop
  endfacet
  facet normal 0 0 1
    outer loop
      vertex -26.0576 28.9147 7.39
      vertex -27.9211 29.2854 7.39
      vertex -26.1292 28.6291 7.39
    endloop
  endfacet
  facet normal 0 0 1
    outer loop
      vertex -28.0854 30.1111 7.39
      vertex -26.5056 31.1667 7.39
      vertex -26.681 31.4032 7.39
    endloop
  endfacet
  facet normal -0 0 1
    outer loop
      vertex -27.9474 29.1807 7.39
      vertex -26.1292 28.6291 7.39
      vertex -27.9211 29.2854 7.39
    endloop
  endfacet
  facet normal 0 0 1
    outer loop
      vertex -28.1497 30.1978 7.39
      vertex -26.681 31.4032 7.39
      vertex -26.8787 31.6213 7.39
    endloop
  endfacet
  facet normal 0 0 1
    outer loop
      vertex -26.1292 28.6291 7.39
      vertex -27.9474 29.1807 7.39
      vertex -26.2284 28.352 7.39
    endloop
  endfacet
  facet normal 0 0 1
    outer loop
      vertex -28.2222 30.2778 7.39
      vertex -26.8787 31.6213 7.39
      vertex -27.0968 31.819 7.39
    endloop
  endfacet
  facet normal -0 0 1
    outer loop
      vertex -27.9837 29.079 7.39
      vertex -26.2284 28.352 7.39
      vertex -27.9474 29.1807 7.39
    endloop
  endfacet
  facet normal 0 0 1
    outer loop
      vertex -28.3022 30.3503 7.39
      vertex -27.0968 31.819 7.39
      vertex -27.3333 31.9944 7.39
    endloop
  endfacet
  facet normal 0 0 1
    outer loop
      vertex -26.2284 28.352 7.39
      vertex -27.9837 29.079 7.39
      vertex -26.3542 28.0858 7.39
    endloop
  endfacet
  facet normal 0 0 1
    outer loop
      vertex -28.3889 30.4146 7.39
      vertex -27.3333 31.9944 7.39
      vertex -27.5858 32.1458 7.39
    endloop
  endfacet
  facet normal -0 0 1
    outer loop
      vertex -28.0299 28.9815 7.39
      vertex -26.3542 28.0858 7.39
      vertex -27.9837 29.079 7.39
    endloop
  endfacet
  facet normal 0 0 1
    outer loop
      vertex -28.4815 30.4701 7.39
      vertex -27.5858 32.1458 7.39
      vertex -27.852 32.2716 7.39
    endloop
  endfacet
  facet normal 0 0 1
    outer loop
      vertex -26.3542 28.0858 7.39
      vertex -28.0299 28.9815 7.39
      vertex -26.5056 27.8333 7.39
    endloop
  endfacet
  facet normal -0 0 1
    outer loop
      vertex -28.0854 28.8889 7.39
      vertex -26.5056 27.8333 7.39
      vertex -28.0299 28.9815 7.39
    endloop
  endfacet
  facet normal 0 0 1
    outer loop
      vertex -26.0144 29.7941 7.39
      vertex -27.9053 29.6078 7.39
      vertex -27.9 29.5 7.39
    endloop
  endfacet
  facet normal 0 0 1
    outer loop
      vertex -26.0576 30.0853 7.39
      vertex -27.9211 29.7146 7.39
      vertex -27.9053 29.6078 7.39
    endloop
  endfacet
  facet normal 0 0 1
    outer loop
      vertex -26.1292 30.3709 7.39
      vertex -27.9474 29.8193 7.39
      vertex -27.9211 29.7146 7.39
    endloop
  endfacet
  facet normal 0 0 1
    outer loop
      vertex -26.2284 30.648 7.39
      vertex -27.9837 29.921 7.39
      vertex -27.9474 29.8193 7.39
    endloop
  endfacet
  facet normal 0 0 1
    outer loop
      vertex -26.3542 30.9142 7.39
      vertex -28.0299 30.0185 7.39
      vertex -27.9837 29.921 7.39
    endloop
  endfacet
  facet normal 0 0 1
    outer loop
      vertex -26.5056 31.1667 7.39
      vertex -28.0854 30.1111 7.39
      vertex -28.0299 30.0185 7.39
    endloop
  endfacet
  facet normal 0 0 1
    outer loop
      vertex -28.579 30.5163 7.39
      vertex -27.852 32.2716 7.39
      vertex -28.1291 32.3708 7.39
    endloop
  endfacet
  facet normal 0 0 1
    outer loop
      vertex -26.681 31.4032 7.39
      vertex -28.1497 30.1978 7.39
      vertex -28.0854 30.1111 7.39
    endloop
  endfacet
  facet normal 0 0 1
    outer loop
      vertex -26.8787 31.6213 7.39
      vertex -28.2222 30.2778 7.39
      vertex -28.1497 30.1978 7.39
    endloop
  endfacet
  facet normal 0 0 1
    outer loop
      vertex -27.0968 31.819 7.39
      vertex -28.3022 30.3503 7.39
      vertex -28.2222 30.2778 7.39
    endloop
  endfacet
  facet normal 0 0 1
    outer loop
      vertex -27.3333 31.9944 7.39
      vertex -28.3889 30.4146 7.39
      vertex -28.3022 30.3503 7.39
    endloop
  endfacet
  facet normal 0 0 1
    outer loop
      vertex -28.6807 30.5526 7.39
      vertex -28.1291 32.3708 7.39
      vertex -28.4147 32.4424 7.39
    endloop
  endfacet
  facet normal 0 0 1
    outer loop
      vertex -27.5858 32.1458 7.39
      vertex -28.4815 30.4701 7.39
      vertex -28.3889 30.4146 7.39
    endloop
  endfacet
  facet normal 0 0 1
    outer loop
      vertex -27.852 32.2716 7.39
      vertex -28.579 30.5163 7.39
      vertex -28.4815 30.4701 7.39
    endloop
  endfacet
  facet normal 0 0 1
    outer loop
      vertex -28.1291 32.3708 7.39
      vertex -28.6807 30.5526 7.39
      vertex -28.579 30.5163 7.39
    endloop
  endfacet
  facet normal 0 0 1
    outer loop
      vertex -28.7854 30.5789 7.39
      vertex -28.4147 32.4424 7.39
      vertex -28.7059 32.4856 7.39
    endloop
  endfacet
  facet normal 0 0 1
    outer loop
      vertex -28.4147 32.4424 7.39
      vertex -28.7854 30.5789 7.39
      vertex -28.6807 30.5526 7.39
    endloop
  endfacet
  facet normal 0 0 1
    outer loop
      vertex -28.7059 32.4856 7.39
      vertex -28.8922 30.5947 7.39
      vertex -28.7854 30.5789 7.39
    endloop
  endfacet
  facet normal 0 0 1
    outer loop
      vertex -29 32.5 7.39
      vertex -28.8922 30.5947 7.39
      vertex -28.7059 32.4856 7.39
    endloop
  endfacet
  facet normal 0 0 1
    outer loop
      vertex -29 32.5 7.39
      vertex -29 30.6 7.39
      vertex -28.8922 30.5947 7.39
    endloop
  endfacet
  facet normal 0 0 1
    outer loop
      vertex -29 32.5 7.39
      vertex -29.1078 30.5947 7.39
      vertex -29 30.6 7.39
    endloop
  endfacet
  facet normal -0 0 1
    outer loop
      vertex -29.2941 32.4856 7.39
      vertex -29.1078 30.5947 7.39
      vertex -29 32.5 7.39
    endloop
  endfacet
  facet normal 0 0 1
    outer loop
      vertex -29.1078 30.5947 7.39
      vertex -29.2941 32.4856 7.39
      vertex -29.2146 30.5789 7.39
    endloop
  endfacet
  facet normal -0 0 1
    outer loop
      vertex -29.5853 32.4424 7.39
      vertex -29.2146 30.5789 7.39
      vertex -29.2941 32.4856 7.39
    endloop
  endfacet
  facet normal 0 0 1
    outer loop
      vertex -29.2146 30.5789 7.39
      vertex -29.5853 32.4424 7.39
      vertex -29.3193 30.5526 7.39
    endloop
  endfacet
  facet normal -0 0 1
    outer loop
      vertex -29.8709 32.3708 7.39
      vertex -29.3193 30.5526 7.39
      vertex -29.5853 32.4424 7.39
    endloop
  endfacet
  facet normal 0 0 1
    outer loop
      vertex -29.3193 30.5526 7.39
      vertex -29.8709 32.3708 7.39
      vertex -29.421 30.5163 7.39
    endloop
  endfacet
  facet normal -0 0 1
    outer loop
      vertex -30.148 32.2716 7.39
      vertex -29.421 30.5163 7.39
      vertex -29.8709 32.3708 7.39
    endloop
  endfacet
  facet normal 0 0 1
    outer loop
      vertex -29.421 30.5163 7.39
      vertex -30.148 32.2716 7.39
      vertex -29.5185 30.4701 7.39
    endloop
  endfacet
  facet normal -0 0 1
    outer loop
      vertex -30.4142 32.1458 7.39
      vertex -29.5185 30.4701 7.39
      vertex -30.148 32.2716 7.39
    endloop
  endfacet
  facet normal 0 0 1
    outer loop
      vertex -29.5185 30.4701 7.39
      vertex -30.4142 32.1458 7.39
      vertex -29.6111 30.4146 7.39
    endloop
  endfacet
  facet normal -0 0 1
    outer loop
      vertex -30.6667 31.9944 7.39
      vertex -29.6111 30.4146 7.39
      vertex -30.4142 32.1458 7.39
    endloop
  endfacet
  facet normal 0 0 1
    outer loop
      vertex -29.6111 30.4146 7.39
      vertex -30.6667 31.9944 7.39
      vertex -29.6978 30.3503 7.39
    endloop
  endfacet
  facet normal -0 0 1
    outer loop
      vertex -30.9032 31.819 7.39
      vertex -29.6978 30.3503 7.39
      vertex -30.6667 31.9944 7.39
    endloop
  endfacet
  facet normal 0 0 1
    outer loop
      vertex -29.6978 30.3503 7.39
      vertex -30.9032 31.819 7.39
      vertex -29.7778 30.2778 7.39
    endloop
  endfacet
  facet normal -0 0 1
    outer loop
      vertex -31.1213 31.6213 7.39
      vertex -29.7778 30.2778 7.39
      vertex -30.9032 31.819 7.39
    endloop
  endfacet
  facet normal 0 0 1
    outer loop
      vertex -29.7778 30.2778 7.39
      vertex -31.1213 31.6213 7.39
      vertex -29.8503 30.1978 7.39
    endloop
  endfacet
  facet normal -0 0 1
    outer loop
      vertex -31.319 31.4032 7.39
      vertex -29.8503 30.1978 7.39
      vertex -31.1213 31.6213 7.39
    endloop
  endfacet
  facet normal -0 0 1
    outer loop
      vertex -31.4944 31.1667 7.39
      vertex -29.9146 30.1111 7.39
      vertex -31.319 31.4032 7.39
    endloop
  endfacet
  facet normal 0 0 1
    outer loop
      vertex -29.8503 30.1978 7.39
      vertex -31.319 31.4032 7.39
      vertex -29.9146 30.1111 7.39
    endloop
  endfacet
  facet normal 0 0 1
    outer loop
      vertex -26.5056 27.8333 7.39
      vertex -28.0854 28.8889 7.39
      vertex -26.681 27.5968 7.39
    endloop
  endfacet
  facet normal -0 0 1
    outer loop
      vertex -28.1497 28.8022 7.39
      vertex -26.681 27.5968 7.39
      vertex -28.0854 28.8889 7.39
    endloop
  endfacet
  facet normal 0 0 1
    outer loop
      vertex -26.681 27.5968 7.39
      vertex -28.1497 28.8022 7.39
      vertex -26.8787 27.3787 7.39
    endloop
  endfacet
  facet normal -0 0 1
    outer loop
      vertex -28.2222 28.7222 7.39
      vertex -26.8787 27.3787 7.39
      vertex -28.1497 28.8022 7.39
    endloop
  endfacet
  facet normal 0 0 1
    outer loop
      vertex -26.8787 27.3787 7.39
      vertex -28.2222 28.7222 7.39
      vertex -27.0968 27.181 7.39
    endloop
  endfacet
  facet normal -0 0 1
    outer loop
      vertex -28.3022 28.6497 7.39
      vertex -27.0968 27.181 7.39
      vertex -28.2222 28.7222 7.39
    endloop
  endfacet
  facet normal 0 0 1
    outer loop
      vertex -27.0968 27.181 7.39
      vertex -28.3022 28.6497 7.39
      vertex -27.3333 27.0056 7.39
    endloop
  endfacet
  facet normal -0 0 1
    outer loop
      vertex -28.3889 28.5854 7.39
      vertex -27.3333 27.0056 7.39
      vertex -28.3022 28.6497 7.39
    endloop
  endfacet
  facet normal 0 0 1
    outer loop
      vertex -27.3333 27.0056 7.39
      vertex -28.3889 28.5854 7.39
      vertex -27.5858 26.8542 7.39
    endloop
  endfacet
  facet normal -0 0 1
    outer loop
      vertex -28.4815 28.5299 7.39
      vertex -27.5858 26.8542 7.39
      vertex -28.3889 28.5854 7.39
    endloop
  endfacet
  facet normal 0 0 1
    outer loop
      vertex -27.5858 26.8542 7.39
      vertex -28.4815 28.5299 7.39
      vertex -27.852 26.7284 7.39
    endloop
  endfacet
  facet normal -0 0 1
    outer loop
      vertex -28.579 28.4837 7.39
      vertex -27.852 26.7284 7.39
      vertex -28.4815 28.5299 7.39
    endloop
  endfacet
  facet normal 0 0 1
    outer loop
      vertex -27.852 26.7284 7.39
      vertex -28.579 28.4837 7.39
      vertex -28.1291 26.6292 7.39
    endloop
  endfacet
  facet normal -0 0 1
    outer loop
      vertex -28.6807 28.4474 7.39
      vertex -28.1291 26.6292 7.39
      vertex -28.579 28.4837 7.39
    endloop
  endfacet
  facet normal 0 0 1
    outer loop
      vertex -28.1291 26.6292 7.39
      vertex -28.6807 28.4474 7.39
      vertex -28.4147 26.5576 7.39
    endloop
  endfacet
  facet normal -0 0 1
    outer loop
      vertex -28.7854 28.4211 7.39
      vertex -28.4147 26.5576 7.39
      vertex -28.6807 28.4474 7.39
    endloop
  endfacet
  facet normal 0 0 1
    outer loop
      vertex -28.4147 26.5576 7.39
      vertex -28.7854 28.4211 7.39
      vertex -28.7059 26.5144 7.39
    endloop
  endfacet
  facet normal -0 0 1
    outer loop
      vertex -28.8922 28.4053 7.39
      vertex -28.7059 26.5144 7.39
      vertex -28.7854 28.4211 7.39
    endloop
  endfacet
  facet normal -0 0 1
    outer loop
      vertex -29 28.4 7.39
      vertex -28.7059 26.5144 7.39
      vertex -28.8922 28.4053 7.39
    endloop
  endfacet
  facet normal 0 0 1
    outer loop
      vertex -29 28.4 7.39
      vertex -29 26.5 7.39
      vertex -28.7059 26.5144 7.39
    endloop
  endfacet
  facet normal 0 0 1
    outer loop
      vertex -29.1078 28.4053 7.39
      vertex -29 26.5 7.39
      vertex -29 28.4 7.39
    endloop
  endfacet
  facet normal 0 0 1
    outer loop
      vertex -29.2941 26.5144 7.39
      vertex -29.1078 28.4053 7.39
      vertex -29.2146 28.4211 7.39
    endloop
  endfacet
  facet normal 0 0 1
    outer loop
      vertex -29.1078 28.4053 7.39
      vertex -29.2941 26.5144 7.39
      vertex -29 26.5 7.39
    endloop
  endfacet
  facet normal 0 0 1
    outer loop
      vertex -29.5853 26.5576 7.39
      vertex -29.2146 28.4211 7.39
      vertex -29.3193 28.4474 7.39
    endloop
  endfacet
  facet normal 0 0 1
    outer loop
      vertex -29.8709 26.6292 7.39
      vertex -29.3193 28.4474 7.39
      vertex -29.421 28.4837 7.39
    endloop
  endfacet
  facet normal 0 0 1
    outer loop
      vertex -30.148 26.7284 7.39
      vertex -29.421 28.4837 7.39
      vertex -29.5185 28.5299 7.39
    endloop
  endfacet
  facet normal 0 0 1
    outer loop
      vertex -29.2146 28.4211 7.39
      vertex -29.5853 26.5576 7.39
      vertex -29.2941 26.5144 7.39
    endloop
  endfacet
  facet normal 0 0 1
    outer loop
      vertex -30.4142 26.8542 7.39
      vertex -29.5185 28.5299 7.39
      vertex -29.6111 28.5854 7.39
    endloop
  endfacet
  facet normal 0 0 1
    outer loop
      vertex -30.6667 27.0056 7.39
      vertex -29.6111 28.5854 7.39
      vertex -29.6978 28.6497 7.39
    endloop
  endfacet
  facet normal 0 0 1
    outer loop
      vertex -30.9032 27.181 7.39
      vertex -29.6978 28.6497 7.39
      vertex -29.7778 28.7222 7.39
    endloop
  endfacet
  facet normal 0 0 1
    outer loop
      vertex -31.1213 27.3787 7.39
      vertex -29.7778 28.7222 7.39
      vertex -29.8503 28.8022 7.39
    endloop
  endfacet
  facet normal 0 0 1
    outer loop
      vertex -29.3193 28.4474 7.39
      vertex -29.8709 26.6292 7.39
      vertex -29.5853 26.5576 7.39
    endloop
  endfacet
  facet normal 0 0 1
    outer loop
      vertex -31.319 27.5968 7.39
      vertex -29.8503 28.8022 7.39
      vertex -29.9146 28.8889 7.39
    endloop
  endfacet
  facet normal 0 0 1
    outer loop
      vertex -31.4944 27.8333 7.39
      vertex -29.9146 28.8889 7.39
      vertex -29.9701 28.9815 7.39
    endloop
  endfacet
  facet normal 0 0 1
    outer loop
      vertex -31.6458 28.0858 7.39
      vertex -29.9701 28.9815 7.39
      vertex -30.0163 29.079 7.39
    endloop
  endfacet
  facet normal 0 0 1
    outer loop
      vertex -31.7716 28.352 7.39
      vertex -30.0163 29.079 7.39
      vertex -30.0526 29.1807 7.39
    endloop
  endfacet
  facet normal 0 0 1
    outer loop
      vertex -31.8708 28.6291 7.39
      vertex -30.0526 29.1807 7.39
      vertex -30.0789 29.2854 7.39
    endloop
  endfacet
  facet normal 0 0 1
    outer loop
      vertex -31.9424 28.9147 7.39
      vertex -30.0789 29.2854 7.39
      vertex -30.0947 29.3922 7.39
    endloop
  endfacet
  facet normal 0 0 1
    outer loop
      vertex -29.421 28.4837 7.39
      vertex -30.148 26.7284 7.39
      vertex -29.8709 26.6292 7.39
    endloop
  endfacet
  facet normal 0 0 1
    outer loop
      vertex -31.9856 29.2059 7.39
      vertex -30.0947 29.3922 7.39
      vertex -30.1 29.5 7.39
    endloop
  endfacet
  facet normal 0 0 1
    outer loop
      vertex -29.9146 30.1111 7.39
      vertex -31.4944 31.1667 7.39
      vertex -29.9701 30.0185 7.39
    endloop
  endfacet
  facet normal -0 0 1
    outer loop
      vertex -31.6458 30.9142 7.39
      vertex -29.9701 30.0185 7.39
      vertex -31.4944 31.1667 7.39
    endloop
  endfacet
  facet normal 0 0 1
    outer loop
      vertex -29.5185 28.5299 7.39
      vertex -30.4142 26.8542 7.39
      vertex -30.148 26.7284 7.39
    endloop
  endfacet
  facet normal 0 0 1
    outer loop
      vertex -29.9701 30.0185 7.39
      vertex -31.6458 30.9142 7.39
      vertex -30.0163 29.921 7.39
    endloop
  endfacet
  facet normal 0 0 1
    outer loop
      vertex -29.6111 28.5854 7.39
      vertex -30.6667 27.0056 7.39
      vertex -30.4142 26.8542 7.39
    endloop
  endfacet
  facet normal -0 0 1
    outer loop
      vertex -31.7716 30.648 7.39
      vertex -30.0163 29.921 7.39
      vertex -31.6458 30.9142 7.39
    endloop
  endfacet
  facet normal 0 0 1
    outer loop
      vertex -29.6978 28.6497 7.39
      vertex -30.9032 27.181 7.39
      vertex -30.6667 27.0056 7.39
    endloop
  endfacet
  facet normal 0 0 1
    outer loop
      vertex -30.0163 29.921 7.39
      vertex -31.7716 30.648 7.39
      vertex -30.0526 29.8193 7.39
    endloop
  endfacet
  facet normal 0 0 1
    outer loop
      vertex -29.7778 28.7222 7.39
      vertex -31.1213 27.3787 7.39
      vertex -30.9032 27.181 7.39
    endloop
  endfacet
  facet normal -0 0 1
    outer loop
      vertex -31.8708 30.3709 7.39
      vertex -30.0526 29.8193 7.39
      vertex -31.7716 30.648 7.39
    endloop
  endfacet
  facet normal 0 0 1
    outer loop
      vertex -29.8503 28.8022 7.39
      vertex -31.319 27.5968 7.39
      vertex -31.1213 27.3787 7.39
    endloop
  endfacet
  facet normal 0 0 1
    outer loop
      vertex -30.0526 29.8193 7.39
      vertex -31.8708 30.3709 7.39
      vertex -30.0789 29.7146 7.39
    endloop
  endfacet
  facet normal 0 0 1
    outer loop
      vertex -29.9146 28.8889 7.39
      vertex -31.4944 27.8333 7.39
      vertex -31.319 27.5968 7.39
    endloop
  endfacet
  facet normal -0 0 1
    outer loop
      vertex -31.9424 30.0853 7.39
      vertex -30.0789 29.7146 7.39
      vertex -31.8708 30.3709 7.39
    endloop
  endfacet
  facet normal 0 0 1
    outer loop
      vertex -29.9701 28.9815 7.39
      vertex -31.6458 28.0858 7.39
      vertex -31.4944 27.8333 7.39
    endloop
  endfacet
  facet normal 0 0 1
    outer loop
      vertex -30.0789 29.7146 7.39
      vertex -31.9424 30.0853 7.39
      vertex -30.0947 29.6078 7.39
    endloop
  endfacet
  facet normal 0 0 1
    outer loop
      vertex -30.0163 29.079 7.39
      vertex -31.7716 28.352 7.39
      vertex -31.6458 28.0858 7.39
    endloop
  endfacet
  facet normal -0 0 1
    outer loop
      vertex -31.9856 29.7941 7.39
      vertex -30.0947 29.6078 7.39
      vertex -31.9424 30.0853 7.39
    endloop
  endfacet
  facet normal 0 0 1
    outer loop
      vertex -30.0526 29.1807 7.39
      vertex -31.8708 28.6291 7.39
      vertex -31.7716 28.352 7.39
    endloop
  endfacet
  facet normal 0 0 1
    outer loop
      vertex -30.0947 29.6078 7.39
      vertex -31.9856 29.7941 7.39
      vertex -30.1 29.5 7.39
    endloop
  endfacet
  facet normal 0 0 1
    outer loop
      vertex -30.0789 29.2854 7.39
      vertex -31.9424 28.9147 7.39
      vertex -31.8708 28.6291 7.39
    endloop
  endfacet
  facet normal 0 0 1
    outer loop
      vertex -32 29.5 7.39
      vertex -30.1 29.5 7.39
      vertex -31.9856 29.7941 7.39
    endloop
  endfacet
  facet normal 0 0 1
    outer loop
      vertex -30.0947 29.3922 7.39
      vertex -31.9856 29.2059 7.39
      vertex -31.9424 28.9147 7.39
    endloop
  endfacet
  facet normal 0 0 1
    outer loop
      vertex -30.1 29.5 7.39
      vertex -32 29.5 7.39
      vertex -31.9856 29.2059 7.39
    endloop
  endfacet
  facet normal -0.989233 -0.146347 0
    outer loop
      vertex -27.9053 29.6078 3.39
      vertex -27.9211 29.7146 7.39
      vertex -27.9211 29.7146 3.39
    endloop
  endfacet
  facet normal -0.989233 -0.146347 0
    outer loop
      vertex -27.9211 29.7146 7.39
      vertex -27.9053 29.6078 3.39
      vertex -27.9053 29.6078 7.39
    endloop
  endfacet
  facet normal -0.998794 -0.0491058 0
    outer loop
      vertex -27.9 29.5 3.39
      vertex -27.9053 29.6078 7.39
      vertex -27.9053 29.6078 3.39
    endloop
  endfacet
  facet normal -0.998794 -0.0491058 0
    outer loop
      vertex -27.9053 29.6078 7.39
      vertex -27.9 29.5 3.39
      vertex -27.9 29.5 7.39
    endloop
  endfacet
  facet normal -0.969869 -0.243625 0
    outer loop
      vertex -27.9211 29.7146 3.39
      vertex -27.9474 29.8193 7.39
      vertex -27.9474 29.8193 3.39
    endloop
  endfacet
  facet normal -0.969869 -0.243625 0
    outer loop
      vertex -27.9474 29.8193 7.39
      vertex -27.9211 29.7146 3.39
      vertex -27.9211 29.7146 7.39
    endloop
  endfacet
  facet normal 0.428206 -0.903681 0
    outer loop
      vertex -29.5185 30.4701 3.39
      vertex -29.421 30.5163 7.39
      vertex -29.5185 30.4701 7.39
    endloop
  endfacet
  facet normal 0.428206 -0.903681 0
    outer loop
      vertex -29.421 30.5163 7.39
      vertex -29.5185 30.4701 3.39
      vertex -29.421 30.5163 3.39
    endloop
  endfacet
  facet normal -0.33616 -0.941805 0
    outer loop
      vertex -28.6807 30.5526 3.39
      vertex -28.579 30.5163 7.39
      vertex -28.6807 30.5526 7.39
    endloop
  endfacet
  facet normal -0.33616 -0.941805 -0
    outer loop
      vertex -28.579 30.5163 7.39
      vertex -28.6807 30.5526 3.39
      vertex -28.579 30.5163 3.39
    endloop
  endfacet
  facet normal -0.146347 -0.989233 0
    outer loop
      vertex -28.8922 30.5947 3.39
      vertex -28.7854 30.5789 7.39
      vertex -28.8922 30.5947 7.39
    endloop
  endfacet
  facet normal -0.146347 -0.989233 -0
    outer loop
      vertex -28.7854 30.5789 7.39
      vertex -28.8922 30.5947 3.39
      vertex -28.7854 30.5789 3.39
    endloop
  endfacet
  facet normal -0.998794 0.0491058 0
    outer loop
      vertex -27.9053 29.3922 3.39
      vertex -27.9 29.5 7.39
      vertex -27.9 29.5 3.39
    endloop
  endfacet
  facet normal -0.998794 0.0491058 0
    outer loop
      vertex -27.9 29.5 7.39
      vertex -27.9053 29.3922 3.39
      vertex -27.9053 29.3922 7.39
    endloop
  endfacet
  facet normal -0.243625 0.969869 0
    outer loop
      vertex -28.6807 28.4474 3.39
      vertex -28.7854 28.4211 7.39
      vertex -28.6807 28.4474 7.39
    endloop
  endfacet
  facet normal -0.243625 0.969869 0
    outer loop
      vertex -28.7854 28.4211 7.39
      vertex -28.6807 28.4474 3.39
      vertex -28.7854 28.4211 3.39
    endloop
  endfacet
  facet normal -0.803212 0.595693 0
    outer loop
      vertex -28.1497 28.8022 3.39
      vertex -28.0854 28.8889 7.39
      vertex -28.0854 28.8889 3.39
    endloop
  endfacet
  facet normal -0.803212 0.595693 0
    outer loop
      vertex -28.0854 28.8889 7.39
      vertex -28.1497 28.8022 3.39
      vertex -28.1497 28.8022 7.39
    endloop
  endfacet
  facet normal 0.514087 -0.857738 0
    outer loop
      vertex -29.6111 30.4146 3.39
      vertex -29.5185 30.4701 7.39
      vertex -29.6111 30.4146 7.39
    endloop
  endfacet
  facet normal 0.514087 -0.857738 0
    outer loop
      vertex -29.5185 30.4701 7.39
      vertex -29.6111 30.4146 3.39
      vertex -29.5185 30.4701 3.39
    endloop
  endfacet
  facet normal 0.989233 0.146347 0
    outer loop
      vertex -30.0789 29.2854 7.39
      vertex -30.0947 29.3922 3.39
      vertex -30.0947 29.3922 7.39
    endloop
  endfacet
  facet normal 0.989233 0.146347 0
    outer loop
      vertex -30.0947 29.3922 3.39
      vertex -30.0789 29.2854 7.39
      vertex -30.0789 29.2854 3.39
    endloop
  endfacet
  facet normal 0.740987 -0.671519 0
    outer loop
      vertex -29.8503 30.1978 7.39
      vertex -29.7778 30.2778 3.39
      vertex -29.7778 30.2778 7.39
    endloop
  endfacet
  facet normal 0.740987 -0.671519 0
    outer loop
      vertex -29.7778 30.2778 3.39
      vertex -29.8503 30.1978 7.39
      vertex -29.8503 30.1978 3.39
    endloop
  endfacet
  facet normal 0.969869 -0.243625 0
    outer loop
      vertex -30.0789 29.7146 7.39
      vertex -30.0526 29.8193 3.39
      vertex -30.0526 29.8193 7.39
    endloop
  endfacet
  facet normal 0.969869 -0.243625 0
    outer loop
      vertex -30.0526 29.8193 3.39
      vertex -30.0789 29.7146 7.39
      vertex -30.0789 29.7146 3.39
    endloop
  endfacet
  facet normal -0.428206 0.903681 0
    outer loop
      vertex -28.4815 28.5299 3.39
      vertex -28.579 28.4837 7.39
      vertex -28.4815 28.5299 7.39
    endloop
  endfacet
  facet normal -0.428206 0.903681 0
    outer loop
      vertex -28.579 28.4837 7.39
      vertex -28.4815 28.5299 3.39
      vertex -28.579 28.4837 3.39
    endloop
  endfacet
  facet normal 0.0491058 -0.998794 0
    outer loop
      vertex -29.1078 30.5947 3.39
      vertex -29 30.6 7.39
      vertex -29.1078 30.5947 7.39
    endloop
  endfacet
  facet normal 0.0491058 -0.998794 0
    outer loop
      vertex -29 30.6 7.39
      vertex -29.1078 30.5947 3.39
      vertex -29 30.6 3.39
    endloop
  endfacet
  facet normal 0.671519 -0.740987 0
    outer loop
      vertex -29.7778 30.2778 3.39
      vertex -29.6978 30.3503 7.39
      vertex -29.7778 30.2778 7.39
    endloop
  endfacet
  facet normal 0.671519 -0.740987 0
    outer loop
      vertex -29.6978 30.3503 7.39
      vertex -29.7778 30.2778 3.39
      vertex -29.6978 30.3503 3.39
    endloop
  endfacet
  facet normal 0.595693 0.803212 -0
    outer loop
      vertex -29.6111 28.5854 3.39
      vertex -29.6978 28.6497 7.39
      vertex -29.6111 28.5854 7.39
    endloop
  endfacet
  facet normal 0.595693 0.803212 0
    outer loop
      vertex -29.6978 28.6497 7.39
      vertex -29.6111 28.5854 3.39
      vertex -29.6978 28.6497 3.39
    endloop
  endfacet
  facet normal -0.146347 0.989233 0
    outer loop
      vertex -28.7854 28.4211 3.39
      vertex -28.8922 28.4053 7.39
      vertex -28.7854 28.4211 7.39
    endloop
  endfacet
  facet normal -0.146347 0.989233 0
    outer loop
      vertex -28.8922 28.4053 7.39
      vertex -28.7854 28.4211 3.39
      vertex -28.8922 28.4053 3.39
    endloop
  endfacet
  facet normal 0.146347 -0.989233 0
    outer loop
      vertex -29.2146 30.5789 3.39
      vertex -29.1078 30.5947 7.39
      vertex -29.2146 30.5789 7.39
    endloop
  endfacet
  facet normal 0.146347 -0.989233 0
    outer loop
      vertex -29.1078 30.5947 7.39
      vertex -29.2146 30.5789 3.39
      vertex -29.1078 30.5947 3.39
    endloop
  endfacet
  facet normal 0.989233 -0.146347 0
    outer loop
      vertex -30.0947 29.6078 7.39
      vertex -30.0789 29.7146 3.39
      vertex -30.0789 29.7146 7.39
    endloop
  endfacet
  facet normal 0.989233 -0.146347 0
    outer loop
      vertex -30.0789 29.7146 3.39
      vertex -30.0947 29.6078 7.39
      vertex -30.0947 29.6078 3.39
    endloop
  endfacet
  facet normal 0.803212 0.595693 0
    outer loop
      vertex -29.8503 28.8022 7.39
      vertex -29.9146 28.8889 3.39
      vertex -29.9146 28.8889 7.39
    endloop
  endfacet
  facet normal 0.803212 0.595693 0
    outer loop
      vertex -29.9146 28.8889 3.39
      vertex -29.8503 28.8022 7.39
      vertex -29.8503 28.8022 3.39
    endloop
  endfacet
  facet normal -0.903681 0.428206 0
    outer loop
      vertex -28.0299 28.9815 3.39
      vertex -27.9837 29.079 7.39
      vertex -27.9837 29.079 3.39
    endloop
  endfacet
  facet normal -0.903681 0.428206 0
    outer loop
      vertex -27.9837 29.079 7.39
      vertex -28.0299 28.9815 3.39
      vertex -28.0299 28.9815 7.39
    endloop
  endfacet
  facet normal -0.671519 -0.740987 0
    outer loop
      vertex -28.3022 30.3503 3.39
      vertex -28.2222 30.2778 7.39
      vertex -28.3022 30.3503 7.39
    endloop
  endfacet
  facet normal -0.671519 -0.740987 -0
    outer loop
      vertex -28.2222 30.2778 7.39
      vertex -28.3022 30.3503 3.39
      vertex -28.2222 30.2778 3.39
    endloop
  endfacet
  facet normal 0.243625 -0.969869 0
    outer loop
      vertex -29.3193 30.5526 3.39
      vertex -29.2146 30.5789 7.39
      vertex -29.3193 30.5526 7.39
    endloop
  endfacet
  facet normal 0.243625 -0.969869 0
    outer loop
      vertex -29.2146 30.5789 7.39
      vertex -29.3193 30.5526 3.39
      vertex -29.2146 30.5789 3.39
    endloop
  endfacet
  facet normal -0.428206 -0.903681 0
    outer loop
      vertex -28.579 30.5163 3.39
      vertex -28.4815 30.4701 7.39
      vertex -28.579 30.5163 7.39
    endloop
  endfacet
  facet normal -0.428206 -0.903681 -0
    outer loop
      vertex -28.4815 30.4701 7.39
      vertex -28.579 30.5163 3.39
      vertex -28.4815 30.4701 3.39
    endloop
  endfacet
  facet normal -0.0491058 0.998794 0
    outer loop
      vertex -28.8922 28.4053 3.39
      vertex -29 28.4 7.39
      vertex -28.8922 28.4053 7.39
    endloop
  endfacet
  facet normal -0.0491058 0.998794 0
    outer loop
      vertex -29 28.4 7.39
      vertex -28.8922 28.4053 3.39
      vertex -29 28.4 3.39
    endloop
  endfacet
  facet normal -0.803212 -0.595693 0
    outer loop
      vertex -28.0854 30.1111 3.39
      vertex -28.1497 30.1978 7.39
      vertex -28.1497 30.1978 3.39
    endloop
  endfacet
  facet normal -0.803212 -0.595693 0
    outer loop
      vertex -28.1497 30.1978 7.39
      vertex -28.0854 30.1111 3.39
      vertex -28.0854 30.1111 7.39
    endloop
  endfacet
  facet normal 0.903681 0.428206 0
    outer loop
      vertex -29.9701 28.9815 7.39
      vertex -30.0163 29.079 3.39
      vertex -30.0163 29.079 7.39
    endloop
  endfacet
  facet normal 0.903681 0.428206 0
    outer loop
      vertex -30.0163 29.079 3.39
      vertex -29.9701 28.9815 7.39
      vertex -29.9701 28.9815 3.39
    endloop
  endfacet
  facet normal 0.740987 0.671519 0
    outer loop
      vertex -29.7778 28.7222 7.39
      vertex -29.8503 28.8022 3.39
      vertex -29.8503 28.8022 7.39
    endloop
  endfacet
  facet normal 0.740987 0.671519 0
    outer loop
      vertex -29.8503 28.8022 3.39
      vertex -29.7778 28.7222 7.39
      vertex -29.7778 28.7222 3.39
    endloop
  endfacet
  facet normal 0.33616 0.941805 -0
    outer loop
      vertex -29.3193 28.4474 3.39
      vertex -29.421 28.4837 7.39
      vertex -29.3193 28.4474 7.39
    endloop
  endfacet
  facet normal 0.33616 0.941805 0
    outer loop
      vertex -29.421 28.4837 7.39
      vertex -29.3193 28.4474 3.39
      vertex -29.421 28.4837 3.39
    endloop
  endfacet
  facet normal 0.0491058 0.998794 -0
    outer loop
      vertex -29 28.4 3.39
      vertex -29.1078 28.4053 7.39
      vertex -29 28.4 7.39
    endloop
  endfacet
  facet normal 0.0491058 0.998794 0
    outer loop
      vertex -29.1078 28.4053 7.39
      vertex -29 28.4 3.39
      vertex -29.1078 28.4053 3.39
    endloop
  endfacet
  facet normal 0.998794 -0.0491058 0
    outer loop
      vertex -30.1 29.5 7.39
      vertex -30.0947 29.6078 3.39
      vertex -30.0947 29.6078 7.39
    endloop
  endfacet
  facet normal 0.998794 -0.0491058 0
    outer loop
      vertex -30.0947 29.6078 3.39
      vertex -30.1 29.5 7.39
      vertex -30.1 29.5 3.39
    endloop
  endfacet
  facet normal -0.33616 0.941805 0
    outer loop
      vertex -28.579 28.4837 3.39
      vertex -28.6807 28.4474 7.39
      vertex -28.579 28.4837 7.39
    endloop
  endfacet
  facet normal -0.33616 0.941805 0
    outer loop
      vertex -28.6807 28.4474 7.39
      vertex -28.579 28.4837 3.39
      vertex -28.6807 28.4474 3.39
    endloop
  endfacet
  facet normal -0.969869 0.243625 0
    outer loop
      vertex -27.9474 29.1807 3.39
      vertex -27.9211 29.2854 7.39
      vertex -27.9211 29.2854 3.39
    endloop
  endfacet
  facet normal -0.969869 0.243625 0
    outer loop
      vertex -27.9211 29.2854 7.39
      vertex -27.9474 29.1807 3.39
      vertex -27.9474 29.1807 7.39
    endloop
  endfacet
  facet normal -0.941805 0.33616 0
    outer loop
      vertex -27.9837 29.079 3.39
      vertex -27.9474 29.1807 7.39
      vertex -27.9474 29.1807 3.39
    endloop
  endfacet
  facet normal -0.941805 0.33616 0
    outer loop
      vertex -27.9474 29.1807 7.39
      vertex -27.9837 29.079 3.39
      vertex -27.9837 29.079 7.39
    endloop
  endfacet
  facet normal -0.740987 0.671519 0
    outer loop
      vertex -28.2222 28.7222 3.39
      vertex -28.1497 28.8022 7.39
      vertex -28.1497 28.8022 3.39
    endloop
  endfacet
  facet normal -0.740987 0.671519 0
    outer loop
      vertex -28.1497 28.8022 7.39
      vertex -28.2222 28.7222 3.39
      vertex -28.2222 28.7222 7.39
    endloop
  endfacet
  facet normal -0.514087 -0.857738 0
    outer loop
      vertex -28.4815 30.4701 3.39
      vertex -28.3889 30.4146 7.39
      vertex -28.4815 30.4701 7.39
    endloop
  endfacet
  facet normal -0.514087 -0.857738 -0
    outer loop
      vertex -28.3889 30.4146 7.39
      vertex -28.4815 30.4701 3.39
      vertex -28.3889 30.4146 3.39
    endloop
  endfacet
  facet normal -0.243625 -0.969869 0
    outer loop
      vertex -28.7854 30.5789 3.39
      vertex -28.6807 30.5526 7.39
      vertex -28.7854 30.5789 7.39
    endloop
  endfacet
  facet normal -0.243625 -0.969869 -0
    outer loop
      vertex -28.6807 30.5526 7.39
      vertex -28.7854 30.5789 3.39
      vertex -28.6807 30.5526 3.39
    endloop
  endfacet
  facet normal -0.941805 -0.33616 0
    outer loop
      vertex -27.9474 29.8193 3.39
      vertex -27.9837 29.921 7.39
      vertex -27.9837 29.921 3.39
    endloop
  endfacet
  facet normal -0.941805 -0.33616 0
    outer loop
      vertex -27.9837 29.921 7.39
      vertex -27.9474 29.8193 3.39
      vertex -27.9474 29.8193 7.39
    endloop
  endfacet
  facet normal -0.595693 -0.803212 0
    outer loop
      vertex -28.3889 30.4146 3.39
      vertex -28.3022 30.3503 7.39
      vertex -28.3889 30.4146 7.39
    endloop
  endfacet
  facet normal -0.595693 -0.803212 -0
    outer loop
      vertex -28.3022 30.3503 7.39
      vertex -28.3889 30.4146 3.39
      vertex -28.3022 30.3503 3.39
    endloop
  endfacet
  facet normal 0.969869 0.243625 0
    outer loop
      vertex -30.0526 29.1807 7.39
      vertex -30.0789 29.2854 3.39
      vertex -30.0789 29.2854 7.39
    endloop
  endfacet
  facet normal 0.969869 0.243625 0
    outer loop
      vertex -30.0789 29.2854 3.39
      vertex -30.0526 29.1807 7.39
      vertex -30.0526 29.1807 3.39
    endloop
  endfacet
  facet normal -0.903681 -0.428206 0
    outer loop
      vertex -27.9837 29.921 3.39
      vertex -28.0299 30.0185 7.39
      vertex -28.0299 30.0185 3.39
    endloop
  endfacet
  facet normal -0.903681 -0.428206 0
    outer loop
      vertex -28.0299 30.0185 7.39
      vertex -27.9837 29.921 3.39
      vertex -27.9837 29.921 7.39
    endloop
  endfacet
  facet normal -0.0491058 -0.998794 0
    outer loop
      vertex -29 30.6 3.39
      vertex -28.8922 30.5947 7.39
      vertex -29 30.6 7.39
    endloop
  endfacet
  facet normal -0.0491058 -0.998794 -0
    outer loop
      vertex -28.8922 30.5947 7.39
      vertex -29 30.6 3.39
      vertex -28.8922 30.5947 3.39
    endloop
  endfacet
  facet normal -0.989233 0.146347 0
    outer loop
      vertex -27.9211 29.2854 3.39
      vertex -27.9053 29.3922 7.39
      vertex -27.9053 29.3922 3.39
    endloop
  endfacet
  facet normal -0.989233 0.146347 0
    outer loop
      vertex -27.9053 29.3922 7.39
      vertex -27.9211 29.2854 3.39
      vertex -27.9211 29.2854 7.39
    endloop
  endfacet
  facet normal -0.857738 -0.514087 0
    outer loop
      vertex -28.0299 30.0185 3.39
      vertex -28.0854 30.1111 7.39
      vertex -28.0854 30.1111 3.39
    endloop
  endfacet
  facet normal -0.857738 -0.514087 0
    outer loop
      vertex -28.0854 30.1111 7.39
      vertex -28.0299 30.0185 3.39
      vertex -28.0299 30.0185 7.39
    endloop
  endfacet
  facet normal 0.671519 0.740987 -0
    outer loop
      vertex -29.6978 28.6497 3.39
      vertex -29.7778 28.7222 7.39
      vertex -29.6978 28.6497 7.39
    endloop
  endfacet
  facet normal 0.671519 0.740987 0
    outer loop
      vertex -29.7778 28.7222 7.39
      vertex -29.6978 28.6497 3.39
      vertex -29.7778 28.7222 3.39
    endloop
  endfacet
  facet normal 0.33616 -0.941805 0
    outer loop
      vertex -29.421 30.5163 3.39
      vertex -29.3193 30.5526 7.39
      vertex -29.421 30.5163 7.39
    endloop
  endfacet
  facet normal 0.33616 -0.941805 0
    outer loop
      vertex -29.3193 30.5526 7.39
      vertex -29.421 30.5163 3.39
      vertex -29.3193 30.5526 3.39
    endloop
  endfacet
  facet normal -0.857738 0.514087 0
    outer loop
      vertex -28.0854 28.8889 3.39
      vertex -28.0299 28.9815 7.39
      vertex -28.0299 28.9815 3.39
    endloop
  endfacet
  facet normal -0.857738 0.514087 0
    outer loop
      vertex -28.0299 28.9815 7.39
      vertex -28.0854 28.8889 3.39
      vertex -28.0854 28.8889 7.39
    endloop
  endfacet
  facet normal 0.857738 0.514087 0
    outer loop
      vertex -29.9146 28.8889 7.39
      vertex -29.9701 28.9815 3.39
      vertex -29.9701 28.9815 7.39
    endloop
  endfacet
  facet normal 0.857738 0.514087 0
    outer loop
      vertex -29.9701 28.9815 3.39
      vertex -29.9146 28.8889 7.39
      vertex -29.9146 28.8889 3.39
    endloop
  endfacet
  facet normal -0.671519 0.740987 0
    outer loop
      vertex -28.2222 28.7222 3.39
      vertex -28.3022 28.6497 7.39
      vertex -28.2222 28.7222 7.39
    endloop
  endfacet
  facet normal -0.671519 0.740987 0
    outer loop
      vertex -28.3022 28.6497 7.39
      vertex -28.2222 28.7222 3.39
      vertex -28.3022 28.6497 3.39
    endloop
  endfacet
  facet normal -0.595693 0.803212 0
    outer loop
      vertex -28.3022 28.6497 3.39
      vertex -28.3889 28.5854 7.39
      vertex -28.3022 28.6497 7.39
    endloop
  endfacet
  facet normal -0.595693 0.803212 0
    outer loop
      vertex -28.3889 28.5854 7.39
      vertex -28.3022 28.6497 3.39
      vertex -28.3889 28.5854 3.39
    endloop
  endfacet
  facet normal 0.857738 -0.514087 0
    outer loop
      vertex -29.9701 30.0185 7.39
      vertex -29.9146 30.1111 3.39
      vertex -29.9146 30.1111 7.39
    endloop
  endfacet
  facet normal 0.857738 -0.514087 0
    outer loop
      vertex -29.9146 30.1111 3.39
      vertex -29.9701 30.0185 7.39
      vertex -29.9701 30.0185 3.39
    endloop
  endfacet
  facet normal 0.146347 0.989233 -0
    outer loop
      vertex -29.1078 28.4053 3.39
      vertex -29.2146 28.4211 7.39
      vertex -29.1078 28.4053 7.39
    endloop
  endfacet
  facet normal 0.146347 0.989233 0
    outer loop
      vertex -29.2146 28.4211 7.39
      vertex -29.1078 28.4053 3.39
      vertex -29.2146 28.4211 3.39
    endloop
  endfacet
  facet normal 0.941805 0.33616 0
    outer loop
      vertex -30.0163 29.079 7.39
      vertex -30.0526 29.1807 3.39
      vertex -30.0526 29.1807 7.39
    endloop
  endfacet
  facet normal 0.941805 0.33616 0
    outer loop
      vertex -30.0526 29.1807 3.39
      vertex -30.0163 29.079 7.39
      vertex -30.0163 29.079 3.39
    endloop
  endfacet
  facet normal -0.740987 -0.671519 0
    outer loop
      vertex -28.1497 30.1978 3.39
      vertex -28.2222 30.2778 7.39
      vertex -28.2222 30.2778 3.39
    endloop
  endfacet
  facet normal -0.740987 -0.671519 0
    outer loop
      vertex -28.2222 30.2778 7.39
      vertex -28.1497 30.1978 3.39
      vertex -28.1497 30.1978 7.39
    endloop
  endfacet
  facet normal 0.903681 -0.428206 0
    outer loop
      vertex -30.0163 29.921 7.39
      vertex -29.9701 30.0185 3.39
      vertex -29.9701 30.0185 7.39
    endloop
  endfacet
  facet normal 0.903681 -0.428206 0
    outer loop
      vertex -29.9701 30.0185 3.39
      vertex -30.0163 29.921 7.39
      vertex -30.0163 29.921 3.39
    endloop
  endfacet
  facet normal 0.998794 0.0491058 0
    outer loop
      vertex -30.0947 29.3922 7.39
      vertex -30.1 29.5 3.39
      vertex -30.1 29.5 7.39
    endloop
  endfacet
  facet normal 0.998794 0.0491058 0
    outer loop
      vertex -30.1 29.5 3.39
      vertex -30.0947 29.3922 7.39
      vertex -30.0947 29.3922 3.39
    endloop
  endfacet
  facet normal -0.514087 0.857738 0
    outer loop
      vertex -28.3889 28.5854 3.39
      vertex -28.4815 28.5299 7.39
      vertex -28.3889 28.5854 7.39
    endloop
  endfacet
  facet normal -0.514087 0.857738 0
    outer loop
      vertex -28.4815 28.5299 7.39
      vertex -28.3889 28.5854 3.39
      vertex -28.4815 28.5299 3.39
    endloop
  endfacet
  facet normal 0.595693 -0.803212 0
    outer loop
      vertex -29.6978 30.3503 3.39
      vertex -29.6111 30.4146 7.39
      vertex -29.6978 30.3503 7.39
    endloop
  endfacet
  facet normal 0.595693 -0.803212 0
    outer loop
      vertex -29.6111 30.4146 7.39
      vertex -29.6978 30.3503 3.39
      vertex -29.6111 30.4146 3.39
    endloop
  endfacet
  facet normal 0.243625 0.969869 -0
    outer loop
      vertex -29.2146 28.4211 3.39
      vertex -29.3193 28.4474 7.39
      vertex -29.2146 28.4211 7.39
    endloop
  endfacet
  facet normal 0.243625 0.969869 0
    outer loop
      vertex -29.3193 28.4474 7.39
      vertex -29.2146 28.4211 3.39
      vertex -29.3193 28.4474 3.39
    endloop
  endfacet
  facet normal 0.514087 0.857738 -0
    outer loop
      vertex -29.5185 28.5299 3.39
      vertex -29.6111 28.5854 7.39
      vertex -29.5185 28.5299 7.39
    endloop
  endfacet
  facet normal 0.514087 0.857738 0
    outer loop
      vertex -29.6111 28.5854 7.39
      vertex -29.5185 28.5299 3.39
      vertex -29.6111 28.5854 3.39
    endloop
  endfacet
  facet normal 0.803212 -0.595693 0
    outer loop
      vertex -29.9146 30.1111 7.39
      vertex -29.8503 30.1978 3.39
      vertex -29.8503 30.1978 7.39
    endloop
  endfacet
  facet normal 0.803212 -0.595693 0
    outer loop
      vertex -29.8503 30.1978 3.39
      vertex -29.9146 30.1111 7.39
      vertex -29.9146 30.1111 3.39
    endloop
  endfacet
  facet normal 0.428206 0.903681 -0
    outer loop
      vertex -29.421 28.4837 3.39
      vertex -29.5185 28.5299 7.39
      vertex -29.421 28.4837 7.39
    endloop
  endfacet
  facet normal 0.428206 0.903681 0
    outer loop
      vertex -29.5185 28.5299 7.39
      vertex -29.421 28.4837 3.39
      vertex -29.5185 28.5299 3.39
    endloop
  endfacet
  facet normal 0.941805 -0.33616 0
    outer loop
      vertex -30.0526 29.8193 7.39
      vertex -30.0163 29.921 3.39
      vertex -30.0163 29.921 7.39
    endloop
  endfacet
  facet normal 0.941805 -0.33616 0
    outer loop
      vertex -30.0163 29.921 3.39
      vertex -30.0526 29.8193 7.39
      vertex -30.0526 29.8193 3.39
    endloop
  endfacet
  facet normal 0 0 1
    outer loop
      vertex -27.9053 29.6078 3.39
      vertex -27.9053 29.3922 3.39
      vertex -27.9 29.5 3.39
    endloop
  endfacet
  facet normal 0 0 1
    outer loop
      vertex -27.9211 29.7146 3.39
      vertex -27.9053 29.3922 3.39
      vertex -27.9053 29.6078 3.39
    endloop
  endfacet
  facet normal 0 0 1
    outer loop
      vertex -27.9211 29.7146 3.39
      vertex -27.9211 29.2854 3.39
      vertex -27.9053 29.3922 3.39
    endloop
  endfacet
  facet normal 0 0 1
    outer loop
      vertex -27.9474 29.8193 3.39
      vertex -27.9211 29.2854 3.39
      vertex -27.9211 29.7146 3.39
    endloop
  endfacet
  facet normal 0 0 1
    outer loop
      vertex -27.9474 29.8193 3.39
      vertex -27.9474 29.1807 3.39
      vertex -27.9211 29.2854 3.39
    endloop
  endfacet
  facet normal 0 0 1
    outer loop
      vertex -27.9837 29.921 3.39
      vertex -27.9474 29.1807 3.39
      vertex -27.9474 29.8193 3.39
    endloop
  endfacet
  facet normal 0 0 1
    outer loop
      vertex -27.9837 29.921 3.39
      vertex -27.9837 29.079 3.39
      vertex -27.9474 29.1807 3.39
    endloop
  endfacet
  facet normal 0 0 1
    outer loop
      vertex -28.0299 30.0185 3.39
      vertex -27.9837 29.079 3.39
      vertex -27.9837 29.921 3.39
    endloop
  endfacet
  facet normal 0 0 1
    outer loop
      vertex -28.0299 30.0185 3.39
      vertex -28.0299 28.9815 3.39
      vertex -27.9837 29.079 3.39
    endloop
  endfacet
  facet normal 0 0 1
    outer loop
      vertex -28.0854 30.1111 3.39
      vertex -28.0299 28.9815 3.39
      vertex -28.0299 30.0185 3.39
    endloop
  endfacet
  facet normal 0 0 1
    outer loop
      vertex -28.0854 30.1111 3.39
      vertex -28.0854 28.8889 3.39
      vertex -28.0299 28.9815 3.39
    endloop
  endfacet
  facet normal 0 0 1
    outer loop
      vertex -28.1497 30.1978 3.39
      vertex -28.0854 28.8889 3.39
      vertex -28.0854 30.1111 3.39
    endloop
  endfacet
  facet normal 0 0 1
    outer loop
      vertex -28.1497 30.1978 3.39
      vertex -28.1497 28.8022 3.39
      vertex -28.0854 28.8889 3.39
    endloop
  endfacet
  facet normal 0 0 1
    outer loop
      vertex -28.2222 30.2778 3.39
      vertex -28.1497 28.8022 3.39
      vertex -28.1497 30.1978 3.39
    endloop
  endfacet
  facet normal 0 0 1
    outer loop
      vertex -28.2222 30.2778 3.39
      vertex -28.2222 28.7222 3.39
      vertex -28.1497 28.8022 3.39
    endloop
  endfacet
  facet normal 0 0 1
    outer loop
      vertex -28.3022 30.3503 3.39
      vertex -28.2222 28.7222 3.39
      vertex -28.2222 30.2778 3.39
    endloop
  endfacet
  facet normal 0 0 1
    outer loop
      vertex -28.3022 30.3503 3.39
      vertex -28.3022 28.6497 3.39
      vertex -28.2222 28.7222 3.39
    endloop
  endfacet
  facet normal 0 0 1
    outer loop
      vertex -28.3889 30.4146 3.39
      vertex -28.3022 28.6497 3.39
      vertex -28.3022 30.3503 3.39
    endloop
  endfacet
  facet normal 0 0 1
    outer loop
      vertex -28.3889 30.4146 3.39
      vertex -28.3889 28.5854 3.39
      vertex -28.3022 28.6497 3.39
    endloop
  endfacet
  facet normal 0 0 1
    outer loop
      vertex -28.4815 30.4701 3.39
      vertex -28.3889 28.5854 3.39
      vertex -28.3889 30.4146 3.39
    endloop
  endfacet
  facet normal 0 0 1
    outer loop
      vertex -28.4815 30.4701 3.39
      vertex -28.4815 28.5299 3.39
      vertex -28.3889 28.5854 3.39
    endloop
  endfacet
  facet normal 0 0 1
    outer loop
      vertex -28.579 30.5163 3.39
      vertex -28.4815 28.5299 3.39
      vertex -28.4815 30.4701 3.39
    endloop
  endfacet
  facet normal 0 0 1
    outer loop
      vertex -28.579 30.5163 3.39
      vertex -28.579 28.4837 3.39
      vertex -28.4815 28.5299 3.39
    endloop
  endfacet
  facet normal 0 0 1
    outer loop
      vertex -28.6807 30.5526 3.39
      vertex -28.579 28.4837 3.39
      vertex -28.579 30.5163 3.39
    endloop
  endfacet
  facet normal 0 0 1
    outer loop
      vertex -28.6807 30.5526 3.39
      vertex -28.6807 28.4474 3.39
      vertex -28.579 28.4837 3.39
    endloop
  endfacet
  facet normal 0 0 1
    outer loop
      vertex -28.7854 30.5789 3.39
      vertex -28.6807 28.4474 3.39
      vertex -28.6807 30.5526 3.39
    endloop
  endfacet
  facet normal 0 0 1
    outer loop
      vertex -28.7854 30.5789 3.39
      vertex -28.7854 28.4211 3.39
      vertex -28.6807 28.4474 3.39
    endloop
  endfacet
  facet normal 0 0 1
    outer loop
      vertex -28.8922 30.5947 3.39
      vertex -28.7854 28.4211 3.39
      vertex -28.7854 30.5789 3.39
    endloop
  endfacet
  facet normal 0 0 1
    outer loop
      vertex -28.8922 30.5947 3.39
      vertex -28.8922 28.4053 3.39
      vertex -28.7854 28.4211 3.39
    endloop
  endfacet
  facet normal 0 0 1
    outer loop
      vertex -29 30.6 3.39
      vertex -28.8922 28.4053 3.39
      vertex -28.8922 30.5947 3.39
    endloop
  endfacet
  facet normal 0 0 1
    outer loop
      vertex -29 30.6 3.39
      vertex -29 28.4 3.39
      vertex -28.8922 28.4053 3.39
    endloop
  endfacet
  facet normal -0 0 1
    outer loop
      vertex -29.1078 30.5947 3.39
      vertex -29 28.4 3.39
      vertex -29 30.6 3.39
    endloop
  endfacet
  facet normal 0 0 1
    outer loop
      vertex -29.1078 30.5947 3.39
      vertex -29.1078 28.4053 3.39
      vertex -29 28.4 3.39
    endloop
  endfacet
  facet normal -0 0 1
    outer loop
      vertex -29.2146 30.5789 3.39
      vertex -29.1078 28.4053 3.39
      vertex -29.1078 30.5947 3.39
    endloop
  endfacet
  facet normal 0 0 1
    outer loop
      vertex -29.2146 30.5789 3.39
      vertex -29.2146 28.4211 3.39
      vertex -29.1078 28.4053 3.39
    endloop
  endfacet
  facet normal -0 0 1
    outer loop
      vertex -29.3193 30.5526 3.39
      vertex -29.2146 28.4211 3.39
      vertex -29.2146 30.5789 3.39
    endloop
  endfacet
  facet normal 0 0 1
    outer loop
      vertex -29.3193 30.5526 3.39
      vertex -29.3193 28.4474 3.39
      vertex -29.2146 28.4211 3.39
    endloop
  endfacet
  facet normal -0 0 1
    outer loop
      vertex -29.421 30.5163 3.39
      vertex -29.3193 28.4474 3.39
      vertex -29.3193 30.5526 3.39
    endloop
  endfacet
  facet normal 0 0 1
    outer loop
      vertex -29.421 30.5163 3.39
      vertex -29.421 28.4837 3.39
      vertex -29.3193 28.4474 3.39
    endloop
  endfacet
  facet normal -0 0 1
    outer loop
      vertex -29.5185 30.4701 3.39
      vertex -29.421 28.4837 3.39
      vertex -29.421 30.5163 3.39
    endloop
  endfacet
  facet normal 0 0 1
    outer loop
      vertex -29.5185 30.4701 3.39
      vertex -29.5185 28.5299 3.39
      vertex -29.421 28.4837 3.39
    endloop
  endfacet
  facet normal -0 0 1
    outer loop
      vertex -29.6111 30.4146 3.39
      vertex -29.5185 28.5299 3.39
      vertex -29.5185 30.4701 3.39
    endloop
  endfacet
  facet normal 0 0 1
    outer loop
      vertex -29.6111 30.4146 3.39
      vertex -29.6111 28.5854 3.39
      vertex -29.5185 28.5299 3.39
    endloop
  endfacet
  facet normal -0 0 1
    outer loop
      vertex -29.6978 30.3503 3.39
      vertex -29.6111 28.5854 3.39
      vertex -29.6111 30.4146 3.39
    endloop
  endfacet
  facet normal 0 0 1
    outer loop
      vertex -29.6978 30.3503 3.39
      vertex -29.6978 28.6497 3.39
      vertex -29.6111 28.5854 3.39
    endloop
  endfacet
  facet normal -0 0 1
    outer loop
      vertex -29.7778 30.2778 3.39
      vertex -29.6978 28.6497 3.39
      vertex -29.6978 30.3503 3.39
    endloop
  endfacet
  facet normal 0 0 1
    outer loop
      vertex -29.7778 30.2778 3.39
      vertex -29.7778 28.7222 3.39
      vertex -29.6978 28.6497 3.39
    endloop
  endfacet
  facet normal -0 0 1
    outer loop
      vertex -29.8503 30.1978 3.39
      vertex -29.7778 28.7222 3.39
      vertex -29.7778 30.2778 3.39
    endloop
  endfacet
  facet normal 0 0 1
    outer loop
      vertex -29.8503 30.1978 3.39
      vertex -29.8503 28.8022 3.39
      vertex -29.7778 28.7222 3.39
    endloop
  endfacet
  facet normal -0 0 1
    outer loop
      vertex -29.9146 30.1111 3.39
      vertex -29.8503 28.8022 3.39
      vertex -29.8503 30.1978 3.39
    endloop
  endfacet
  facet normal 0 0 1
    outer loop
      vertex -29.9146 30.1111 3.39
      vertex -29.9146 28.8889 3.39
      vertex -29.8503 28.8022 3.39
    endloop
  endfacet
  facet normal -0 0 1
    outer loop
      vertex -29.9701 30.0185 3.39
      vertex -29.9146 28.8889 3.39
      vertex -29.9146 30.1111 3.39
    endloop
  endfacet
  facet normal 0 0 1
    outer loop
      vertex -29.9701 30.0185 3.39
      vertex -29.9701 28.9815 3.39
      vertex -29.9146 28.8889 3.39
    endloop
  endfacet
  facet normal -0 0 1
    outer loop
      vertex -30.0163 29.921 3.39
      vertex -29.9701 28.9815 3.39
      vertex -29.9701 30.0185 3.39
    endloop
  endfacet
  facet normal 0 0 1
    outer loop
      vertex -30.0163 29.921 3.39
      vertex -30.0163 29.079 3.39
      vertex -29.9701 28.9815 3.39
    endloop
  endfacet
  facet normal -0 0 1
    outer loop
      vertex -30.0526 29.8193 3.39
      vertex -30.0163 29.079 3.39
      vertex -30.0163 29.921 3.39
    endloop
  endfacet
  facet normal 0 0 1
    outer loop
      vertex -30.0526 29.8193 3.39
      vertex -30.0526 29.1807 3.39
      vertex -30.0163 29.079 3.39
    endloop
  endfacet
  facet normal -0 0 1
    outer loop
      vertex -30.0789 29.7146 3.39
      vertex -30.0526 29.1807 3.39
      vertex -30.0526 29.8193 3.39
    endloop
  endfacet
  facet normal 0 0 1
    outer loop
      vertex -30.0789 29.7146 3.39
      vertex -30.0789 29.2854 3.39
      vertex -30.0526 29.1807 3.39
    endloop
  endfacet
  facet normal -0 0 1
    outer loop
      vertex -30.0947 29.6078 3.39
      vertex -30.0789 29.2854 3.39
      vertex -30.0789 29.7146 3.39
    endloop
  endfacet
  facet normal 0 0 1
    outer loop
      vertex -30.0947 29.6078 3.39
      vertex -30.0947 29.3922 3.39
      vertex -30.0789 29.2854 3.39
    endloop
  endfacet
  facet normal 0 -0 1
    outer loop
      vertex -30.0947 29.3922 3.39
      vertex -30.0947 29.6078 3.39
      vertex -30.1 29.5 3.39
    endloop
  endfacet
  facet normal 0.740969 0.671539 0
    outer loop
      vertex 31.319 8.40318 7.39
      vertex 31.1213 8.62132 2.4
      vertex 31.1213 8.62132 7.39
    endloop
  endfacet
  facet normal 0.740969 0.671539 0
    outer loop
      vertex 31.1213 8.62132 2.4
      vertex 31.319 8.40318 7.39
      vertex 31.319 8.40318 2.4
    endloop
  endfacet
  facet normal 0.989176 0.146736 0
    outer loop
      vertex 31.9856 6.79405 7.39
      vertex 31.9424 7.08527 2.4
      vertex 31.9424 7.08527 7.39
    endloop
  endfacet
  facet normal 0.989176 0.146736 0
    outer loop
      vertex 31.9424 7.08527 2.4
      vertex 31.9856 6.79405 7.39
      vertex 31.9856 6.79405 2.4
    endloop
  endfacet
  facet normal 0.998803 0.0489126 0
    outer loop
      vertex 32 6.5 7.39
      vertex 31.9856 6.79405 2.4
      vertex 31.9856 6.79405 7.39
    endloop
  endfacet
  facet normal 0.998803 0.0489126 0
    outer loop
      vertex 31.9856 6.79405 2.4
      vertex 32 6.5 7.39
      vertex 32 6.5 2.4
    endloop
  endfacet
  facet normal 0.969978 0.243191 0
    outer loop
      vertex 31.9424 7.08527 7.39
      vertex 31.8708 7.37085 2.4
      vertex 31.8708 7.37085 7.39
    endloop
  endfacet
  facet normal 0.969978 0.243191 0
    outer loop
      vertex 31.8708 7.37085 2.4
      vertex 31.9424 7.08527 7.39
      vertex 31.9424 7.08527 2.4
    endloop
  endfacet
  facet normal 0.336986 -0.94151 0
    outer loop
      vertex 29.8709 3.62918 2.4
      vertex 30.148 3.72836 7.39
      vertex 29.8709 3.62918 7.39
    endloop
  endfacet
  facet normal 0.336986 -0.94151 0
    outer loop
      vertex 30.148 3.72836 7.39
      vertex 29.8709 3.62918 2.4
      vertex 30.148 3.72836 2.4
    endloop
  endfacet
  facet normal 0.857661 0.514216 0
    outer loop
      vertex 31.6458 7.91419 7.39
      vertex 31.4944 8.16671 2.4
      vertex 31.4944 8.16671 7.39
    endloop
  endfacet
  facet normal 0.857661 0.514216 0
    outer loop
      vertex 31.4944 8.16671 2.4
      vertex 31.6458 7.91419 7.39
      vertex 31.6458 7.91419 2.4
    endloop
  endfacet
  facet normal 0.941527 0.336939 0
    outer loop
      vertex 31.8708 7.37085 7.39
      vertex 31.7716 7.64805 2.4
      vertex 31.7716 7.64805 7.39
    endloop
  endfacet
  facet normal 0.941527 0.336939 0
    outer loop
      vertex 31.7716 7.64805 2.4
      vertex 31.8708 7.37085 7.39
      vertex 31.8708 7.37085 2.4
    endloop
  endfacet
  facet normal 0.242983 0.970031 -0
    outer loop
      vertex 29.8709 9.37082 2.4
      vertex 29.5853 9.44236 7.39
      vertex 29.8709 9.37082 7.39
    endloop
  endfacet
  facet normal 0.242983 0.970031 0
    outer loop
      vertex 29.5853 9.44236 7.39
      vertex 29.8709 9.37082 2.4
      vertex 29.5853 9.44236 2.4
    endloop
  endfacet
  facet normal -0.740969 0.671539 0
    outer loop
      vertex 26.681 8.40318 2.4
      vertex 26.8787 8.62132 7.39
      vertex 26.8787 8.62132 2.4
    endloop
  endfacet
  facet normal -0.740969 0.671539 0
    outer loop
      vertex 26.8787 8.62132 7.39
      vertex 26.681 8.40318 2.4
      vertex 26.681 8.40318 7.39
    endloop
  endfacet
  facet normal 0.0490738 -0.998795 0
    outer loop
      vertex 29 3.5 2.4
      vertex 29.2941 3.51445 7.39
      vertex 29 3.5 7.39
    endloop
  endfacet
  facet normal 0.0490738 -0.998795 0
    outer loop
      vertex 29.2941 3.51445 7.39
      vertex 29 3.5 2.4
      vertex 29.2941 3.51445 2.4
    endloop
  endfacet
  facet normal 0.427491 0.90402 -0
    outer loop
      vertex 30.4142 9.14576 2.4
      vertex 30.148 9.27164 7.39
      vertex 30.4142 9.14576 7.39
    endloop
  endfacet
  facet normal 0.427491 0.90402 0
    outer loop
      vertex 30.148 9.27164 7.39
      vertex 30.4142 9.14576 2.4
      vertex 30.148 9.27164 2.4
    endloop
  endfacet
  facet normal 0.671625 0.740891 -0
    outer loop
      vertex 31.1213 8.62132 2.4
      vertex 30.9032 8.81903 7.39
      vertex 31.1213 8.62132 7.39
    endloop
  endfacet
  facet normal 0.671625 0.740891 0
    outer loop
      vertex 30.9032 8.81903 7.39
      vertex 31.1213 8.62132 2.4
      vertex 30.9032 8.81903 2.4
    endloop
  endfacet
  facet normal -0.595655 -0.803241 0
    outer loop
      vertex 27.0968 4.18097 2.4
      vertex 27.3333 4.00559 7.39
      vertex 27.0968 4.18097 7.39
    endloop
  endfacet
  facet normal -0.595655 -0.803241 -0
    outer loop
      vertex 27.3333 4.00559 7.39
      vertex 27.0968 4.18097 2.4
      vertex 27.3333 4.00559 2.4
    endloop
  endfacet
  facet normal 0.0490738 0.998795 -0
    outer loop
      vertex 29.2941 9.48555 2.4
      vertex 29 9.5 7.39
      vertex 29.2941 9.48555 7.39
    endloop
  endfacet
  facet normal 0.0490738 0.998795 0
    outer loop
      vertex 29 9.5 7.39
      vertex 29.2941 9.48555 2.4
      vertex 29 9.5 2.4
    endloop
  endfacet
  facet normal 0.242983 -0.970031 0
    outer loop
      vertex 29.5853 3.55764 2.4
      vertex 29.8709 3.62918 7.39
      vertex 29.5853 3.55764 7.39
    endloop
  endfacet
  facet normal 0.242983 -0.970031 0
    outer loop
      vertex 29.8709 3.62918 7.39
      vertex 29.5853 3.55764 2.4
      vertex 29.8709 3.62918 2.4
    endloop
  endfacet
  facet normal 0.989176 -0.146736 0
    outer loop
      vertex 31.9424 5.91473 7.39
      vertex 31.9856 6.20595 2.4
      vertex 31.9856 6.20595 7.39
    endloop
  endfacet
  facet normal 0.989176 -0.146736 0
    outer loop
      vertex 31.9856 6.20595 2.4
      vertex 31.9424 5.91473 7.39
      vertex 31.9424 5.91473 2.4
    endloop
  endfacet
  facet normal 0.514121 -0.857718 0
    outer loop
      vertex 30.4142 3.85424 2.4
      vertex 30.6667 4.00559 7.39
      vertex 30.4142 3.85424 7.39
    endloop
  endfacet
  facet normal 0.514121 -0.857718 0
    outer loop
      vertex 30.6667 4.00559 7.39
      vertex 30.4142 3.85424 2.4
      vertex 30.6667 4.00559 2.4
    endloop
  endfacet
  facet normal -0.242983 -0.970031 0
    outer loop
      vertex 28.1291 3.62918 2.4
      vertex 28.4147 3.55764 7.39
      vertex 28.1291 3.62918 7.39
    endloop
  endfacet
  facet normal -0.242983 -0.970031 -0
    outer loop
      vertex 28.4147 3.55764 7.39
      vertex 28.1291 3.62918 2.4
      vertex 28.4147 3.55764 2.4
    endloop
  endfacet
  facet normal -0.595655 0.803241 0
    outer loop
      vertex 27.3333 8.99441 2.4
      vertex 27.0968 8.81903 7.39
      vertex 27.3333 8.99441 7.39
    endloop
  endfacet
  facet normal -0.595655 0.803241 0
    outer loop
      vertex 27.0968 8.81903 7.39
      vertex 27.3333 8.99441 2.4
      vertex 27.0968 8.81903 2.4
    endloop
  endfacet
  facet normal -0.998803 -0.0489126 0
    outer loop
      vertex 26.0144 6.20595 2.4
      vertex 26 6.5 7.39
      vertex 26 6.5 2.4
    endloop
  endfacet
  facet normal -0.998803 -0.0489126 0
    outer loop
      vertex 26 6.5 7.39
      vertex 26.0144 6.20595 2.4
      vertex 26.0144 6.20595 7.39
    endloop
  endfacet
  facet normal -0.969978 -0.243191 0
    outer loop
      vertex 26.1292 5.62915 2.4
      vertex 26.0576 5.91473 7.39
      vertex 26.0576 5.91473 2.4
    endloop
  endfacet
  facet normal -0.969978 -0.243191 0
    outer loop
      vertex 26.0576 5.91473 7.39
      vertex 26.1292 5.62915 2.4
      vertex 26.1292 5.62915 7.39
    endloop
  endfacet
  facet normal 0.969978 -0.243191 0
    outer loop
      vertex 31.8708 5.62915 7.39
      vertex 31.9424 5.91473 2.4
      vertex 31.9424 5.91473 7.39
    endloop
  endfacet
  facet normal 0.969978 -0.243191 0
    outer loop
      vertex 31.9424 5.91473 2.4
      vertex 31.8708 5.62915 7.39
      vertex 31.8708 5.62915 2.4
    endloop
  endfacet
  facet normal -0.514121 0.857718 0
    outer loop
      vertex 27.5858 9.14576 2.4
      vertex 27.3333 8.99441 7.39
      vertex 27.5858 9.14576 7.39
    endloop
  endfacet
  facet normal -0.514121 0.857718 0
    outer loop
      vertex 27.3333 8.99441 7.39
      vertex 27.5858 9.14576 2.4
      vertex 27.3333 8.99441 2.4
    endloop
  endfacet
  facet normal 0.595655 0.803241 -0
    outer loop
      vertex 30.9032 8.81903 2.4
      vertex 30.6667 8.99441 7.39
      vertex 30.9032 8.81903 7.39
    endloop
  endfacet
  facet normal 0.595655 0.803241 0
    outer loop
      vertex 30.6667 8.99441 7.39
      vertex 30.9032 8.81903 2.4
      vertex 30.6667 8.99441 2.4
    endloop
  endfacet
  facet normal -0.904088 -0.427347 0
    outer loop
      vertex 26.3542 5.08581 2.4
      vertex 26.2284 5.35195 7.39
      vertex 26.2284 5.35195 2.4
    endloop
  endfacet
  facet normal -0.904088 -0.427347 0
    outer loop
      vertex 26.2284 5.35195 7.39
      vertex 26.3542 5.08581 2.4
      vertex 26.3542 5.08581 7.39
    endloop
  endfacet
  facet normal 0.941527 -0.336939 0
    outer loop
      vertex 31.7716 5.35195 7.39
      vertex 31.8708 5.62915 2.4
      vertex 31.8708 5.62915 7.39
    endloop
  endfacet
  facet normal 0.941527 -0.336939 0
    outer loop
      vertex 31.8708 5.62915 2.4
      vertex 31.7716 5.35195 7.39
      vertex 31.7716 5.35195 2.4
    endloop
  endfacet
  facet normal 0.146712 0.989179 -0
    outer loop
      vertex 29.5853 9.44236 2.4
      vertex 29.2941 9.48555 7.39
      vertex 29.5853 9.44236 7.39
    endloop
  endfacet
  facet normal 0.146712 0.989179 0
    outer loop
      vertex 29.2941 9.48555 7.39
      vertex 29.5853 9.44236 2.4
      vertex 29.2941 9.48555 2.4
    endloop
  endfacet
  facet normal -0.427491 0.90402 0
    outer loop
      vertex 27.852 9.27164 2.4
      vertex 27.5858 9.14576 7.39
      vertex 27.852 9.27164 7.39
    endloop
  endfacet
  facet normal -0.427491 0.90402 0
    outer loop
      vertex 27.5858 9.14576 7.39
      vertex 27.852 9.27164 2.4
      vertex 27.5858 9.14576 2.4
    endloop
  endfacet
  facet normal 0.514121 0.857718 -0
    outer loop
      vertex 30.6667 8.99441 2.4
      vertex 30.4142 9.14576 7.39
      vertex 30.6667 8.99441 7.39
    endloop
  endfacet
  facet normal 0.514121 0.857718 0
    outer loop
      vertex 30.4142 9.14576 7.39
      vertex 30.6667 8.99441 2.4
      vertex 30.4142 9.14576 2.4
    endloop
  endfacet
  facet normal 0.427491 -0.90402 0
    outer loop
      vertex 30.148 3.72836 2.4
      vertex 30.4142 3.85424 7.39
      vertex 30.148 3.72836 7.39
    endloop
  endfacet
  facet normal 0.427491 -0.90402 0
    outer loop
      vertex 30.4142 3.85424 7.39
      vertex 30.148 3.72836 2.4
      vertex 30.4142 3.85424 2.4
    endloop
  endfacet
  facet normal -0.941527 -0.336939 0
    outer loop
      vertex 26.2284 5.35195 2.4
      vertex 26.1292 5.62915 7.39
      vertex 26.1292 5.62915 2.4
    endloop
  endfacet
  facet normal -0.941527 -0.336939 0
    outer loop
      vertex 26.1292 5.62915 7.39
      vertex 26.2284 5.35195 2.4
      vertex 26.2284 5.35195 7.39
    endloop
  endfacet
  facet normal 0.857661 -0.514216 0
    outer loop
      vertex 31.4944 4.83329 7.39
      vertex 31.6458 5.08581 2.4
      vertex 31.6458 5.08581 7.39
    endloop
  endfacet
  facet normal 0.857661 -0.514216 0
    outer loop
      vertex 31.6458 5.08581 2.4
      vertex 31.4944 4.83329 7.39
      vertex 31.4944 4.83329 2.4
    endloop
  endfacet
  facet normal 0.904088 -0.427347 0
    outer loop
      vertex 31.6458 5.08581 7.39
      vertex 31.7716 5.35195 2.4
      vertex 31.7716 5.35195 7.39
    endloop
  endfacet
  facet normal 0.904088 -0.427347 0
    outer loop
      vertex 31.7716 5.35195 2.4
      vertex 31.6458 5.08581 7.39
      vertex 31.6458 5.08581 2.4
    endloop
  endfacet
  facet normal 0.998803 -0.0489126 0
    outer loop
      vertex 31.9856 6.20595 7.39
      vertex 32 6.5 2.4
      vertex 32 6.5 7.39
    endloop
  endfacet
  facet normal 0.998803 -0.0489126 0
    outer loop
      vertex 32 6.5 2.4
      vertex 31.9856 6.20595 7.39
      vertex 31.9856 6.20595 2.4
    endloop
  endfacet
  facet normal -0.146712 0.989179 0
    outer loop
      vertex 28.7059 9.48555 2.4
      vertex 28.4147 9.44236 7.39
      vertex 28.7059 9.48555 7.39
    endloop
  endfacet
  facet normal -0.146712 0.989179 0
    outer loop
      vertex 28.4147 9.44236 7.39
      vertex 28.7059 9.48555 2.4
      vertex 28.4147 9.44236 2.4
    endloop
  endfacet
  facet normal 0.146712 -0.989179 0
    outer loop
      vertex 29.2941 3.51445 2.4
      vertex 29.5853 3.55764 7.39
      vertex 29.2941 3.51445 7.39
    endloop
  endfacet
  facet normal 0.146712 -0.989179 0
    outer loop
      vertex 29.5853 3.55764 7.39
      vertex 29.2941 3.51445 2.4
      vertex 29.5853 3.55764 2.4
    endloop
  endfacet
  facet normal 0.740969 -0.671539 0
    outer loop
      vertex 31.1213 4.37868 7.39
      vertex 31.319 4.59682 2.4
      vertex 31.319 4.59682 7.39
    endloop
  endfacet
  facet normal 0.740969 -0.671539 0
    outer loop
      vertex 31.319 4.59682 2.4
      vertex 31.1213 4.37868 7.39
      vertex 31.1213 4.37868 2.4
    endloop
  endfacet
  facet normal 0.803172 -0.595747 0
    outer loop
      vertex 31.319 4.59682 7.39
      vertex 31.4944 4.83329 2.4
      vertex 31.4944 4.83329 7.39
    endloop
  endfacet
  facet normal 0.803172 -0.595747 0
    outer loop
      vertex 31.4944 4.83329 2.4
      vertex 31.319 4.59682 7.39
      vertex 31.319 4.59682 2.4
    endloop
  endfacet
  facet normal -0.242983 0.970031 0
    outer loop
      vertex 28.4147 9.44236 2.4
      vertex 28.1291 9.37082 7.39
      vertex 28.4147 9.44236 7.39
    endloop
  endfacet
  facet normal -0.242983 0.970031 0
    outer loop
      vertex 28.1291 9.37082 7.39
      vertex 28.4147 9.44236 2.4
      vertex 28.1291 9.37082 2.4
    endloop
  endfacet
  facet normal 0.803172 0.595747 0
    outer loop
      vertex 31.4944 8.16671 7.39
      vertex 31.319 8.40318 2.4
      vertex 31.319 8.40318 7.39
    endloop
  endfacet
  facet normal 0.803172 0.595747 0
    outer loop
      vertex 31.319 8.40318 2.4
      vertex 31.4944 8.16671 7.39
      vertex 31.4944 8.16671 2.4
    endloop
  endfacet
  facet normal 0.904088 0.427347 0
    outer loop
      vertex 31.7716 7.64805 7.39
      vertex 31.6458 7.91419 2.4
      vertex 31.6458 7.91419 7.39
    endloop
  endfacet
  facet normal 0.904088 0.427347 0
    outer loop
      vertex 31.6458 7.91419 2.4
      vertex 31.7716 7.64805 7.39
      vertex 31.7716 7.64805 2.4
    endloop
  endfacet
  facet normal -0.857661 0.514216 0
    outer loop
      vertex 26.3542 7.91419 2.4
      vertex 26.5056 8.16671 7.39
      vertex 26.5056 8.16671 2.4
    endloop
  endfacet
  facet normal -0.857661 0.514216 0
    outer loop
      vertex 26.5056 8.16671 7.39
      vertex 26.3542 7.91419 2.4
      vertex 26.3542 7.91419 7.39
    endloop
  endfacet
  facet normal -0.671625 0.740891 0
    outer loop
      vertex 27.0968 8.81903 2.4
      vertex 26.8787 8.62132 7.39
      vertex 27.0968 8.81903 7.39
    endloop
  endfacet
  facet normal -0.671625 0.740891 0
    outer loop
      vertex 26.8787 8.62132 7.39
      vertex 27.0968 8.81903 2.4
      vertex 26.8787 8.62132 2.4
    endloop
  endfacet
  facet normal -0.857661 -0.514216 0
    outer loop
      vertex 26.5056 4.83329 2.4
      vertex 26.3542 5.08581 7.39
      vertex 26.3542 5.08581 2.4
    endloop
  endfacet
  facet normal -0.857661 -0.514216 0
    outer loop
      vertex 26.3542 5.08581 7.39
      vertex 26.5056 4.83329 2.4
      vertex 26.5056 4.83329 7.39
    endloop
  endfacet
  facet normal -0.427491 -0.90402 0
    outer loop
      vertex 27.5858 3.85424 2.4
      vertex 27.852 3.72836 7.39
      vertex 27.5858 3.85424 7.39
    endloop
  endfacet
  facet normal -0.427491 -0.90402 -0
    outer loop
      vertex 27.852 3.72836 7.39
      vertex 27.5858 3.85424 2.4
      vertex 27.852 3.72836 2.4
    endloop
  endfacet
  facet normal -0.740969 -0.671539 0
    outer loop
      vertex 26.8787 4.37868 2.4
      vertex 26.681 4.59682 7.39
      vertex 26.681 4.59682 2.4
    endloop
  endfacet
  facet normal -0.740969 -0.671539 0
    outer loop
      vertex 26.681 4.59682 7.39
      vertex 26.8787 4.37868 2.4
      vertex 26.8787 4.37868 7.39
    endloop
  endfacet
  facet normal -0.336986 0.94151 0
    outer loop
      vertex 28.1291 9.37082 2.4
      vertex 27.852 9.27164 7.39
      vertex 28.1291 9.37082 7.39
    endloop
  endfacet
  facet normal -0.336986 0.94151 0
    outer loop
      vertex 27.852 9.27164 7.39
      vertex 28.1291 9.37082 2.4
      vertex 27.852 9.27164 2.4
    endloop
  endfacet
  facet normal -0.514121 -0.857718 0
    outer loop
      vertex 27.3333 4.00559 2.4
      vertex 27.5858 3.85424 7.39
      vertex 27.3333 4.00559 7.39
    endloop
  endfacet
  facet normal -0.514121 -0.857718 -0
    outer loop
      vertex 27.5858 3.85424 7.39
      vertex 27.3333 4.00559 2.4
      vertex 27.5858 3.85424 2.4
    endloop
  endfacet
  facet normal 0.595655 -0.803241 0
    outer loop
      vertex 30.6667 4.00559 2.4
      vertex 30.9032 4.18097 7.39
      vertex 30.6667 4.00559 7.39
    endloop
  endfacet
  facet normal 0.595655 -0.803241 0
    outer loop
      vertex 30.9032 4.18097 7.39
      vertex 30.6667 4.00559 2.4
      vertex 30.9032 4.18097 2.4
    endloop
  endfacet
  facet normal -0.0490738 0.998795 0
    outer loop
      vertex 29 9.5 2.4
      vertex 28.7059 9.48555 7.39
      vertex 29 9.5 7.39
    endloop
  endfacet
  facet normal -0.0490738 0.998795 0
    outer loop
      vertex 28.7059 9.48555 7.39
      vertex 29 9.5 2.4
      vertex 28.7059 9.48555 2.4
    endloop
  endfacet
  facet normal -0.969978 0.243191 0
    outer loop
      vertex 26.0576 7.08527 2.4
      vertex 26.1292 7.37085 7.39
      vertex 26.1292 7.37085 2.4
    endloop
  endfacet
  facet normal -0.969978 0.243191 0
    outer loop
      vertex 26.1292 7.37085 7.39
      vertex 26.0576 7.08527 2.4
      vertex 26.0576 7.08527 7.39
    endloop
  endfacet
  facet normal -0.941527 0.336939 0
    outer loop
      vertex 26.1292 7.37085 2.4
      vertex 26.2284 7.64805 7.39
      vertex 26.2284 7.64805 2.4
    endloop
  endfacet
  facet normal -0.941527 0.336939 0
    outer loop
      vertex 26.2284 7.64805 7.39
      vertex 26.1292 7.37085 2.4
      vertex 26.1292 7.37085 7.39
    endloop
  endfacet
  facet normal 0.336986 0.94151 -0
    outer loop
      vertex 30.148 9.27164 2.4
      vertex 29.8709 9.37082 7.39
      vertex 30.148 9.27164 7.39
    endloop
  endfacet
  facet normal 0.336986 0.94151 0
    outer loop
      vertex 29.8709 9.37082 7.39
      vertex 30.148 9.27164 2.4
      vertex 29.8709 9.37082 2.4
    endloop
  endfacet
  facet normal -0.803172 -0.595747 0
    outer loop
      vertex 26.681 4.59682 2.4
      vertex 26.5056 4.83329 7.39
      vertex 26.5056 4.83329 2.4
    endloop
  endfacet
  facet normal -0.803172 -0.595747 0
    outer loop
      vertex 26.5056 4.83329 7.39
      vertex 26.681 4.59682 2.4
      vertex 26.681 4.59682 7.39
    endloop
  endfacet
  facet normal -0.989176 -0.146736 0
    outer loop
      vertex 26.0576 5.91473 2.4
      vertex 26.0144 6.20595 7.39
      vertex 26.0144 6.20595 2.4
    endloop
  endfacet
  facet normal -0.989176 -0.146736 0
    outer loop
      vertex 26.0144 6.20595 7.39
      vertex 26.0576 5.91473 2.4
      vertex 26.0576 5.91473 7.39
    endloop
  endfacet
  facet normal -0.904088 0.427347 0
    outer loop
      vertex 26.2284 7.64805 2.4
      vertex 26.3542 7.91419 7.39
      vertex 26.3542 7.91419 2.4
    endloop
  endfacet
  facet normal -0.904088 0.427347 0
    outer loop
      vertex 26.3542 7.91419 7.39
      vertex 26.2284 7.64805 2.4
      vertex 26.2284 7.64805 7.39
    endloop
  endfacet
  facet normal -0.671625 -0.740891 0
    outer loop
      vertex 26.8787 4.37868 2.4
      vertex 27.0968 4.18097 7.39
      vertex 26.8787 4.37868 7.39
    endloop
  endfacet
  facet normal -0.671625 -0.740891 -0
    outer loop
      vertex 27.0968 4.18097 7.39
      vertex 26.8787 4.37868 2.4
      vertex 27.0968 4.18097 2.4
    endloop
  endfacet
  facet normal -0.803172 0.595747 0
    outer loop
      vertex 26.5056 8.16671 2.4
      vertex 26.681 8.40318 7.39
      vertex 26.681 8.40318 2.4
    endloop
  endfacet
  facet normal -0.803172 0.595747 0
    outer loop
      vertex 26.681 8.40318 7.39
      vertex 26.5056 8.16671 2.4
      vertex 26.5056 8.16671 7.39
    endloop
  endfacet
  facet normal -0.0490738 -0.998795 0
    outer loop
      vertex 28.7059 3.51445 2.4
      vertex 29 3.5 7.39
      vertex 28.7059 3.51445 7.39
    endloop
  endfacet
  facet normal -0.0490738 -0.998795 -0
    outer loop
      vertex 29 3.5 7.39
      vertex 28.7059 3.51445 2.4
      vertex 29 3.5 2.4
    endloop
  endfacet
  facet normal -0.146712 -0.989179 0
    outer loop
      vertex 28.4147 3.55764 2.4
      vertex 28.7059 3.51445 7.39
      vertex 28.4147 3.55764 7.39
    endloop
  endfacet
  facet normal -0.146712 -0.989179 -0
    outer loop
      vertex 28.7059 3.51445 7.39
      vertex 28.4147 3.55764 2.4
      vertex 28.7059 3.51445 2.4
    endloop
  endfacet
  facet normal -0.989176 0.146736 0
    outer loop
      vertex 26.0144 6.79405 2.4
      vertex 26.0576 7.08527 7.39
      vertex 26.0576 7.08527 2.4
    endloop
  endfacet
  facet normal -0.989176 0.146736 0
    outer loop
      vertex 26.0576 7.08527 7.39
      vertex 26.0144 6.79405 2.4
      vertex 26.0144 6.79405 7.39
    endloop
  endfacet
  facet normal -0.998803 0.0489126 0
    outer loop
      vertex 26 6.5 2.4
      vertex 26.0144 6.79405 7.39
      vertex 26.0144 6.79405 2.4
    endloop
  endfacet
  facet normal -0.998803 0.0489126 0
    outer loop
      vertex 26.0144 6.79405 7.39
      vertex 26 6.5 2.4
      vertex 26 6.5 7.39
    endloop
  endfacet
  facet normal -0.336986 -0.94151 0
    outer loop
      vertex 27.852 3.72836 2.4
      vertex 28.1291 3.62918 7.39
      vertex 27.852 3.72836 7.39
    endloop
  endfacet
  facet normal -0.336986 -0.94151 -0
    outer loop
      vertex 28.1291 3.62918 7.39
      vertex 27.852 3.72836 2.4
      vertex 28.1291 3.62918 2.4
    endloop
  endfacet
  facet normal 0.671625 -0.740891 0
    outer loop
      vertex 30.9032 4.18097 2.4
      vertex 31.1213 4.37868 7.39
      vertex 30.9032 4.18097 7.39
    endloop
  endfacet
  facet normal 0.671625 -0.740891 0
    outer loop
      vertex 31.1213 4.37868 7.39
      vertex 30.9032 4.18097 2.4
      vertex 31.1213 4.37868 2.4
    endloop
  endfacet
  facet normal 0 0 1
    outer loop
      vertex 30.1 6.5 7.39
      vertex 32 6.5 7.39
      vertex 31.9856 6.79405 7.39
    endloop
  endfacet
  facet normal 0 0 1
    outer loop
      vertex 30.0947 6.60782 7.39
      vertex 31.9856 6.79405 7.39
      vertex 31.9424 7.08527 7.39
    endloop
  endfacet
  facet normal 0 0 1
    outer loop
      vertex 32 6.5 7.39
      vertex 30.1 6.5 7.39
      vertex 31.9856 6.20595 7.39
    endloop
  endfacet
  facet normal 0 0 1
    outer loop
      vertex 30.0789 6.7146 7.39
      vertex 31.9424 7.08527 7.39
      vertex 31.8708 7.37085 7.39
    endloop
  endfacet
  facet normal -0 0 1
    outer loop
      vertex 30.0947 6.39218 7.39
      vertex 31.9856 6.20595 7.39
      vertex 30.1 6.5 7.39
    endloop
  endfacet
  facet normal 0 0 1
    outer loop
      vertex 30.0526 6.81931 7.39
      vertex 31.8708 7.37085 7.39
      vertex 31.7716 7.64805 7.39
    endloop
  endfacet
  facet normal 0 0 1
    outer loop
      vertex 31.9856 6.20595 7.39
      vertex 30.0947 6.39218 7.39
      vertex 31.9424 5.91473 7.39
    endloop
  endfacet
  facet normal 0 0 1
    outer loop
      vertex 30.0163 6.92095 7.39
      vertex 31.7716 7.64805 7.39
      vertex 31.6458 7.91419 7.39
    endloop
  endfacet
  facet normal -0 0 1
    outer loop
      vertex 30.0789 6.2854 7.39
      vertex 31.9424 5.91473 7.39
      vertex 30.0947 6.39218 7.39
    endloop
  endfacet
  facet normal 0 0 1
    outer loop
      vertex 29.9701 7.01854 7.39
      vertex 31.6458 7.91419 7.39
      vertex 31.4944 8.16671 7.39
    endloop
  endfacet
  facet normal 0 0 1
    outer loop
      vertex 31.9424 5.91473 7.39
      vertex 30.0789 6.2854 7.39
      vertex 31.8708 5.62915 7.39
    endloop
  endfacet
  facet normal 0 0 1
    outer loop
      vertex 29.9146 7.11113 7.39
      vertex 31.4944 8.16671 7.39
      vertex 31.319 8.40318 7.39
    endloop
  endfacet
  facet normal -0 0 1
    outer loop
      vertex 30.0526 6.18069 7.39
      vertex 31.8708 5.62915 7.39
      vertex 30.0789 6.2854 7.39
    endloop
  endfacet
  facet normal 0 0 1
    outer loop
      vertex 29.8503 7.19783 7.39
      vertex 31.319 8.40318 7.39
      vertex 31.1213 8.62132 7.39
    endloop
  endfacet
  facet normal 0 0 1
    outer loop
      vertex 31.8708 5.62915 7.39
      vertex 30.0526 6.18069 7.39
      vertex 31.7716 5.35195 7.39
    endloop
  endfacet
  facet normal 0 0 1
    outer loop
      vertex 29.7778 7.27782 7.39
      vertex 31.1213 8.62132 7.39
      vertex 30.9032 8.81903 7.39
    endloop
  endfacet
  facet normal -0 0 1
    outer loop
      vertex 30.0163 6.07905 7.39
      vertex 31.7716 5.35195 7.39
      vertex 30.0526 6.18069 7.39
    endloop
  endfacet
  facet normal 0 0 1
    outer loop
      vertex 29.6978 7.35031 7.39
      vertex 30.9032 8.81903 7.39
      vertex 30.6667 8.99441 7.39
    endloop
  endfacet
  facet normal 0 0 1
    outer loop
      vertex 31.7716 5.35195 7.39
      vertex 30.0163 6.07905 7.39
      vertex 31.6458 5.08581 7.39
    endloop
  endfacet
  facet normal 0 0 1
    outer loop
      vertex 29.6111 7.41462 7.39
      vertex 30.6667 8.99441 7.39
      vertex 30.4142 9.14576 7.39
    endloop
  endfacet
  facet normal -0 0 1
    outer loop
      vertex 29.9701 5.98146 7.39
      vertex 31.6458 5.08581 7.39
      vertex 30.0163 6.07905 7.39
    endloop
  endfacet
  facet normal 0 0 1
    outer loop
      vertex 29.5185 7.47011 7.39
      vertex 30.4142 9.14576 7.39
      vertex 30.148 9.27164 7.39
    endloop
  endfacet
  facet normal 0 0 1
    outer loop
      vertex 31.6458 5.08581 7.39
      vertex 29.9701 5.98146 7.39
      vertex 31.4944 4.83329 7.39
    endloop
  endfacet
  facet normal -0 0 1
    outer loop
      vertex 29.9146 5.88887 7.39
      vertex 31.4944 4.83329 7.39
      vertex 29.9701 5.98146 7.39
    endloop
  endfacet
  facet normal 0 0 1
    outer loop
      vertex 31.9856 6.79405 7.39
      vertex 30.0947 6.60782 7.39
      vertex 30.1 6.5 7.39
    endloop
  endfacet
  facet normal 0 0 1
    outer loop
      vertex 31.9424 7.08527 7.39
      vertex 30.0789 6.7146 7.39
      vertex 30.0947 6.60782 7.39
    endloop
  endfacet
  facet normal 0 0 1
    outer loop
      vertex 31.8708 7.37085 7.39
      vertex 30.0526 6.81931 7.39
      vertex 30.0789 6.7146 7.39
    endloop
  endfacet
  facet normal 0 0 1
    outer loop
      vertex 31.7716 7.64805 7.39
      vertex 30.0163 6.92095 7.39
      vertex 30.0526 6.81931 7.39
    endloop
  endfacet
  facet normal 0 0 1
    outer loop
      vertex 31.6458 7.91419 7.39
      vertex 29.9701 7.01854 7.39
      vertex 30.0163 6.92095 7.39
    endloop
  endfacet
  facet normal 0 0 1
    outer loop
      vertex 31.4944 8.16671 7.39
      vertex 29.9146 7.11113 7.39
      vertex 29.9701 7.01854 7.39
    endloop
  endfacet
  facet normal 0 0 1
    outer loop
      vertex 29.421 7.51627 7.39
      vertex 30.148 9.27164 7.39
      vertex 29.8709 9.37082 7.39
    endloop
  endfacet
  facet normal 0 0 1
    outer loop
      vertex 31.319 8.40318 7.39
      vertex 29.8503 7.19783 7.39
      vertex 29.9146 7.11113 7.39
    endloop
  endfacet
  facet normal 0 0 1
    outer loop
      vertex 31.1213 8.62132 7.39
      vertex 29.7778 7.27782 7.39
      vertex 29.8503 7.19783 7.39
    endloop
  endfacet
  facet normal 0 0 1
    outer loop
      vertex 30.9032 8.81903 7.39
      vertex 29.6978 7.35031 7.39
      vertex 29.7778 7.27782 7.39
    endloop
  endfacet
  facet normal 0 0 1
    outer loop
      vertex 30.6667 8.99441 7.39
      vertex 29.6111 7.41462 7.39
      vertex 29.6978 7.35031 7.39
    endloop
  endfacet
  facet normal 0 0 1
    outer loop
      vertex 29.3193 7.55263 7.39
      vertex 29.8709 9.37082 7.39
      vertex 29.5853 9.44236 7.39
    endloop
  endfacet
  facet normal 0 0 1
    outer loop
      vertex 30.4142 9.14576 7.39
      vertex 29.5185 7.47011 7.39
      vertex 29.6111 7.41462 7.39
    endloop
  endfacet
  facet normal 0 0 1
    outer loop
      vertex 30.148 9.27164 7.39
      vertex 29.421 7.51627 7.39
      vertex 29.5185 7.47011 7.39
    endloop
  endfacet
  facet normal 0 0 1
    outer loop
      vertex 29.8709 9.37082 7.39
      vertex 29.3193 7.55263 7.39
      vertex 29.421 7.51627 7.39
    endloop
  endfacet
  facet normal 0 0 1
    outer loop
      vertex 29.2146 7.57886 7.39
      vertex 29.5853 9.44236 7.39
      vertex 29.2941 9.48555 7.39
    endloop
  endfacet
  facet normal 0 0 1
    outer loop
      vertex 29.5853 9.44236 7.39
      vertex 29.2146 7.57886 7.39
      vertex 29.3193 7.55263 7.39
    endloop
  endfacet
  facet normal 0 0 1
    outer loop
      vertex 29.2941 9.48555 7.39
      vertex 29.1078 7.5947 7.39
      vertex 29.2146 7.57886 7.39
    endloop
  endfacet
  facet normal 0 0 1
    outer loop
      vertex 29 9.5 7.39
      vertex 29.1078 7.5947 7.39
      vertex 29.2941 9.48555 7.39
    endloop
  endfacet
  facet normal 0 0 1
    outer loop
      vertex 29 9.5 7.39
      vertex 29 7.6 7.39
      vertex 29.1078 7.5947 7.39
    endloop
  endfacet
  facet normal 0 0 1
    outer loop
      vertex 29 9.5 7.39
      vertex 28.8922 7.5947 7.39
      vertex 29 7.6 7.39
    endloop
  endfacet
  facet normal -0 0 1
    outer loop
      vertex 28.7059 9.48555 7.39
      vertex 28.8922 7.5947 7.39
      vertex 29 9.5 7.39
    endloop
  endfacet
  facet normal 0 0 1
    outer loop
      vertex 28.8922 7.5947 7.39
      vertex 28.7059 9.48555 7.39
      vertex 28.7854 7.57886 7.39
    endloop
  endfacet
  facet normal -0 0 1
    outer loop
      vertex 28.4147 9.44236 7.39
      vertex 28.7854 7.57886 7.39
      vertex 28.7059 9.48555 7.39
    endloop
  endfacet
  facet normal 0 0 1
    outer loop
      vertex 28.7854 7.57886 7.39
      vertex 28.4147 9.44236 7.39
      vertex 28.6807 7.55263 7.39
    endloop
  endfacet
  facet normal -0 0 1
    outer loop
      vertex 28.1291 9.37082 7.39
      vertex 28.6807 7.55263 7.39
      vertex 28.4147 9.44236 7.39
    endloop
  endfacet
  facet normal 0 0 1
    outer loop
      vertex 28.6807 7.55263 7.39
      vertex 28.1291 9.37082 7.39
      vertex 28.579 7.51627 7.39
    endloop
  endfacet
  facet normal -0 0 1
    outer loop
      vertex 27.852 9.27164 7.39
      vertex 28.579 7.51627 7.39
      vertex 28.1291 9.37082 7.39
    endloop
  endfacet
  facet normal 0 0 1
    outer loop
      vertex 28.579 7.51627 7.39
      vertex 27.852 9.27164 7.39
      vertex 28.4815 7.47011 7.39
    endloop
  endfacet
  facet normal -0 0 1
    outer loop
      vertex 27.5858 9.14576 7.39
      vertex 28.4815 7.47011 7.39
      vertex 27.852 9.27164 7.39
    endloop
  endfacet
  facet normal 0 0 1
    outer loop
      vertex 28.4815 7.47011 7.39
      vertex 27.5858 9.14576 7.39
      vertex 28.3889 7.41462 7.39
    endloop
  endfacet
  facet normal -0 0 1
    outer loop
      vertex 27.3333 8.99441 7.39
      vertex 28.3889 7.41462 7.39
      vertex 27.5858 9.14576 7.39
    endloop
  endfacet
  facet normal 0 0 1
    outer loop
      vertex 28.3889 7.41462 7.39
      vertex 27.3333 8.99441 7.39
      vertex 28.3022 7.35031 7.39
    endloop
  endfacet
  facet normal -0 0 1
    outer loop
      vertex 27.0968 8.81903 7.39
      vertex 28.3022 7.35031 7.39
      vertex 27.3333 8.99441 7.39
    endloop
  endfacet
  facet normal 0 0 1
    outer loop
      vertex 28.3022 7.35031 7.39
      vertex 27.0968 8.81903 7.39
      vertex 28.2222 7.27782 7.39
    endloop
  endfacet
  facet normal -0 0 1
    outer loop
      vertex 26.8787 8.62132 7.39
      vertex 28.2222 7.27782 7.39
      vertex 27.0968 8.81903 7.39
    endloop
  endfacet
  facet normal 0 0 1
    outer loop
      vertex 28.2222 7.27782 7.39
      vertex 26.8787 8.62132 7.39
      vertex 28.1497 7.19783 7.39
    endloop
  endfacet
  facet normal -0 0 1
    outer loop
      vertex 26.681 8.40318 7.39
      vertex 28.1497 7.19783 7.39
      vertex 26.8787 8.62132 7.39
    endloop
  endfacet
  facet normal -0 0 1
    outer loop
      vertex 26.5056 8.16671 7.39
      vertex 28.0854 7.11113 7.39
      vertex 26.681 8.40318 7.39
    endloop
  endfacet
  facet normal 0 0 1
    outer loop
      vertex 28.1497 7.19783 7.39
      vertex 26.681 8.40318 7.39
      vertex 28.0854 7.11113 7.39
    endloop
  endfacet
  facet normal 0 0 1
    outer loop
      vertex 31.4944 4.83329 7.39
      vertex 29.9146 5.88887 7.39
      vertex 31.319 4.59682 7.39
    endloop
  endfacet
  facet normal -0 0 1
    outer loop
      vertex 29.8503 5.80217 7.39
      vertex 31.319 4.59682 7.39
      vertex 29.9146 5.88887 7.39
    endloop
  endfacet
  facet normal 0 0 1
    outer loop
      vertex 31.319 4.59682 7.39
      vertex 29.8503 5.80217 7.39
      vertex 31.1213 4.37868 7.39
    endloop
  endfacet
  facet normal -0 0 1
    outer loop
      vertex 29.7778 5.72218 7.39
      vertex 31.1213 4.37868 7.39
      vertex 29.8503 5.80217 7.39
    endloop
  endfacet
  facet normal 0 0 1
    outer loop
      vertex 31.1213 4.37868 7.39
      vertex 29.7778 5.72218 7.39
      vertex 30.9032 4.18097 7.39
    endloop
  endfacet
  facet normal -0 0 1
    outer loop
      vertex 29.6978 5.64969 7.39
      vertex 30.9032 4.18097 7.39
      vertex 29.7778 5.72218 7.39
    endloop
  endfacet
  facet normal 0 0 1
    outer loop
      vertex 30.9032 4.18097 7.39
      vertex 29.6978 5.64969 7.39
      vertex 30.6667 4.00559 7.39
    endloop
  endfacet
  facet normal -0 0 1
    outer loop
      vertex 29.6111 5.58538 7.39
      vertex 30.6667 4.00559 7.39
      vertex 29.6978 5.64969 7.39
    endloop
  endfacet
  facet normal 0 0 1
    outer loop
      vertex 30.6667 4.00559 7.39
      vertex 29.6111 5.58538 7.39
      vertex 30.4142 3.85424 7.39
    endloop
  endfacet
  facet normal -0 0 1
    outer loop
      vertex 29.5185 5.52989 7.39
      vertex 30.4142 3.85424 7.39
      vertex 29.6111 5.58538 7.39
    endloop
  endfacet
  facet normal 0 0 1
    outer loop
      vertex 30.4142 3.85424 7.39
      vertex 29.5185 5.52989 7.39
      vertex 30.148 3.72836 7.39
    endloop
  endfacet
  facet normal -0 0 1
    outer loop
      vertex 29.421 5.48373 7.39
      vertex 30.148 3.72836 7.39
      vertex 29.5185 5.52989 7.39
    endloop
  endfacet
  facet normal 0 0 1
    outer loop
      vertex 30.148 3.72836 7.39
      vertex 29.421 5.48373 7.39
      vertex 29.8709 3.62918 7.39
    endloop
  endfacet
  facet normal -0 0 1
    outer loop
      vertex 29.3193 5.44737 7.39
      vertex 29.8709 3.62918 7.39
      vertex 29.421 5.48373 7.39
    endloop
  endfacet
  facet normal 0 0 1
    outer loop
      vertex 29.8709 3.62918 7.39
      vertex 29.3193 5.44737 7.39
      vertex 29.5853 3.55764 7.39
    endloop
  endfacet
  facet normal -0 0 1
    outer loop
      vertex 29.2146 5.42114 7.39
      vertex 29.5853 3.55764 7.39
      vertex 29.3193 5.44737 7.39
    endloop
  endfacet
  facet normal 0 0 1
    outer loop
      vertex 29.5853 3.55764 7.39
      vertex 29.2146 5.42114 7.39
      vertex 29.2941 3.51445 7.39
    endloop
  endfacet
  facet normal -0 0 1
    outer loop
      vertex 29.1078 5.4053 7.39
      vertex 29.2941 3.51445 7.39
      vertex 29.2146 5.42114 7.39
    endloop
  endfacet
  facet normal -0 0 1
    outer loop
      vertex 29 5.4 7.39
      vertex 29.2941 3.51445 7.39
      vertex 29.1078 5.4053 7.39
    endloop
  endfacet
  facet normal 0 0 1
    outer loop
      vertex 29 5.4 7.39
      vertex 29 3.5 7.39
      vertex 29.2941 3.51445 7.39
    endloop
  endfacet
  facet normal 0 0 1
    outer loop
      vertex 28.8922 5.4053 7.39
      vertex 29 3.5 7.39
      vertex 29 5.4 7.39
    endloop
  endfacet
  facet normal 0 0 1
    outer loop
      vertex 28.7059 3.51445 7.39
      vertex 28.8922 5.4053 7.39
      vertex 28.7854 5.42114 7.39
    endloop
  endfacet
  facet normal 0 0 1
    outer loop
      vertex 28.8922 5.4053 7.39
      vertex 28.7059 3.51445 7.39
      vertex 29 3.5 7.39
    endloop
  endfacet
  facet normal 0 0 1
    outer loop
      vertex 28.4147 3.55764 7.39
      vertex 28.7854 5.42114 7.39
      vertex 28.6807 5.44737 7.39
    endloop
  endfacet
  facet normal 0 0 1
    outer loop
      vertex 28.1291 3.62918 7.39
      vertex 28.6807 5.44737 7.39
      vertex 28.579 5.48373 7.39
    endloop
  endfacet
  facet normal 0 0 1
    outer loop
      vertex 27.852 3.72836 7.39
      vertex 28.579 5.48373 7.39
      vertex 28.4815 5.52989 7.39
    endloop
  endfacet
  facet normal 0 0 1
    outer loop
      vertex 28.7854 5.42114 7.39
      vertex 28.4147 3.55764 7.39
      vertex 28.7059 3.51445 7.39
    endloop
  endfacet
  facet normal 0 0 1
    outer loop
      vertex 27.5858 3.85424 7.39
      vertex 28.4815 5.52989 7.39
      vertex 28.3889 5.58538 7.39
    endloop
  endfacet
  facet normal 0 0 1
    outer loop
      vertex 27.3333 4.00559 7.39
      vertex 28.3889 5.58538 7.39
      vertex 28.3022 5.64969 7.39
    endloop
  endfacet
  facet normal 0 0 1
    outer loop
      vertex 27.0968 4.18097 7.39
      vertex 28.3022 5.64969 7.39
      vertex 28.2222 5.72218 7.39
    endloop
  endfacet
  facet normal 0 0 1
    outer loop
      vertex 26.8787 4.37868 7.39
      vertex 28.2222 5.72218 7.39
      vertex 28.1497 5.80217 7.39
    endloop
  endfacet
  facet normal 0 0 1
    outer loop
      vertex 28.6807 5.44737 7.39
      vertex 28.1291 3.62918 7.39
      vertex 28.4147 3.55764 7.39
    endloop
  endfacet
  facet normal 0 0 1
    outer loop
      vertex 26.681 4.59682 7.39
      vertex 28.1497 5.80217 7.39
      vertex 28.0854 5.88887 7.39
    endloop
  endfacet
  facet normal 0 0 1
    outer loop
      vertex 26.5056 4.83329 7.39
      vertex 28.0854 5.88887 7.39
      vertex 28.0299 5.98146 7.39
    endloop
  endfacet
  facet normal 0 0 1
    outer loop
      vertex 26.3542 5.08581 7.39
      vertex 28.0299 5.98146 7.39
      vertex 27.9837 6.07905 7.39
    endloop
  endfacet
  facet normal 0 0 1
    outer loop
      vertex 26.2284 5.35195 7.39
      vertex 27.9837 6.07905 7.39
      vertex 27.9474 6.18069 7.39
    endloop
  endfacet
  facet normal 0 0 1
    outer loop
      vertex 26.1292 5.62915 7.39
      vertex 27.9474 6.18069 7.39
      vertex 27.9211 6.2854 7.39
    endloop
  endfacet
  facet normal 0 0 1
    outer loop
      vertex 26.0576 5.91473 7.39
      vertex 27.9211 6.2854 7.39
      vertex 27.9053 6.39218 7.39
    endloop
  endfacet
  facet normal 0 0 1
    outer loop
      vertex 28.579 5.48373 7.39
      vertex 27.852 3.72836 7.39
      vertex 28.1291 3.62918 7.39
    endloop
  endfacet
  facet normal 0 0 1
    outer loop
      vertex 26.0144 6.20595 7.39
      vertex 27.9053 6.39218 7.39
      vertex 27.9 6.5 7.39
    endloop
  endfacet
  facet normal 0 0 1
    outer loop
      vertex 28.0854 7.11113 7.39
      vertex 26.5056 8.16671 7.39
      vertex 28.0299 7.01854 7.39
    endloop
  endfacet
  facet normal -0 0 1
    outer loop
      vertex 26.3542 7.91419 7.39
      vertex 28.0299 7.01854 7.39
      vertex 26.5056 8.16671 7.39
    endloop
  endfacet
  facet normal 0 0 1
    outer loop
      vertex 28.4815 5.52989 7.39
      vertex 27.5858 3.85424 7.39
      vertex 27.852 3.72836 7.39
    endloop
  endfacet
  facet normal 0 0 1
    outer loop
      vertex 28.0299 7.01854 7.39
      vertex 26.3542 7.91419 7.39
      vertex 27.9837 6.92095 7.39
    endloop
  endfacet
  facet normal 0 0 1
    outer loop
      vertex 28.3889 5.58538 7.39
      vertex 27.3333 4.00559 7.39
      vertex 27.5858 3.85424 7.39
    endloop
  endfacet
  facet normal -0 0 1
    outer loop
      vertex 26.2284 7.64805 7.39
      vertex 27.9837 6.92095 7.39
      vertex 26.3542 7.91419 7.39
    endloop
  endfacet
  facet normal 0 0 1
    outer loop
      vertex 28.3022 5.64969 7.39
      vertex 27.0968 4.18097 7.39
      vertex 27.3333 4.00559 7.39
    endloop
  endfacet
  facet normal 0 0 1
    outer loop
      vertex 27.9837 6.92095 7.39
      vertex 26.2284 7.64805 7.39
      vertex 27.9474 6.81931 7.39
    endloop
  endfacet
  facet normal 0 0 1
    outer loop
      vertex 28.2222 5.72218 7.39
      vertex 26.8787 4.37868 7.39
      vertex 27.0968 4.18097 7.39
    endloop
  endfacet
  facet normal -0 0 1
    outer loop
      vertex 26.1292 7.37085 7.39
      vertex 27.9474 6.81931 7.39
      vertex 26.2284 7.64805 7.39
    endloop
  endfacet
  facet normal 0 0 1
    outer loop
      vertex 28.1497 5.80217 7.39
      vertex 26.681 4.59682 7.39
      vertex 26.8787 4.37868 7.39
    endloop
  endfacet
  facet normal 0 0 1
    outer loop
      vertex 27.9474 6.81931 7.39
      vertex 26.1292 7.37085 7.39
      vertex 27.9211 6.7146 7.39
    endloop
  endfacet
  facet normal 0 0 1
    outer loop
      vertex 28.0854 5.88887 7.39
      vertex 26.5056 4.83329 7.39
      vertex 26.681 4.59682 7.39
    endloop
  endfacet
  facet normal -0 0 1
    outer loop
      vertex 26.0576 7.08527 7.39
      vertex 27.9211 6.7146 7.39
      vertex 26.1292 7.37085 7.39
    endloop
  endfacet
  facet normal 0 0 1
    outer loop
      vertex 28.0299 5.98146 7.39
      vertex 26.3542 5.08581 7.39
      vertex 26.5056 4.83329 7.39
    endloop
  endfacet
  facet normal 0 0 1
    outer loop
      vertex 27.9211 6.7146 7.39
      vertex 26.0576 7.08527 7.39
      vertex 27.9053 6.60782 7.39
    endloop
  endfacet
  facet normal 0 0 1
    outer loop
      vertex 27.9837 6.07905 7.39
      vertex 26.2284 5.35195 7.39
      vertex 26.3542 5.08581 7.39
    endloop
  endfacet
  facet normal -0 0 1
    outer loop
      vertex 26.0144 6.79405 7.39
      vertex 27.9053 6.60782 7.39
      vertex 26.0576 7.08527 7.39
    endloop
  endfacet
  facet normal 0 0 1
    outer loop
      vertex 27.9474 6.18069 7.39
      vertex 26.1292 5.62915 7.39
      vertex 26.2284 5.35195 7.39
    endloop
  endfacet
  facet normal 0 0 1
    outer loop
      vertex 27.9053 6.60782 7.39
      vertex 26.0144 6.79405 7.39
      vertex 27.9 6.5 7.39
    endloop
  endfacet
  facet normal 0 0 1
    outer loop
      vertex 27.9211 6.2854 7.39
      vertex 26.0576 5.91473 7.39
      vertex 26.1292 5.62915 7.39
    endloop
  endfacet
  facet normal 0 0 1
    outer loop
      vertex 26 6.5 7.39
      vertex 27.9 6.5 7.39
      vertex 26.0144 6.79405 7.39
    endloop
  endfacet
  facet normal 0 0 1
    outer loop
      vertex 27.9053 6.39218 7.39
      vertex 26.0144 6.20595 7.39
      vertex 26.0576 5.91473 7.39
    endloop
  endfacet
  facet normal 0 0 1
    outer loop
      vertex 27.9 6.5 7.39
      vertex 26 6.5 7.39
      vertex 26.0144 6.20595 7.39
    endloop
  endfacet
  facet normal -0.989229 -0.146374 0
    outer loop
      vertex 30.0947 6.60782 3.39
      vertex 30.0789 6.7146 7.39
      vertex 30.0789 6.7146 3.39
    endloop
  endfacet
  facet normal -0.989229 -0.146374 0
    outer loop
      vertex 30.0789 6.7146 7.39
      vertex 30.0947 6.60782 3.39
      vertex 30.0947 6.60782 7.39
    endloop
  endfacet
  facet normal -0.998794 -0.0490967 0
    outer loop
      vertex 30.1 6.5 3.39
      vertex 30.0947 6.60782 7.39
      vertex 30.0947 6.60782 3.39
    endloop
  endfacet
  facet normal -0.998794 -0.0490967 0
    outer loop
      vertex 30.0947 6.60782 7.39
      vertex 30.1 6.5 3.39
      vertex 30.1 6.5 7.39
    endloop
  endfacet
  facet normal -0.969875 -0.243603 0
    outer loop
      vertex 30.0789 6.7146 3.39
      vertex 30.0526 6.81931 7.39
      vertex 30.0526 6.81931 3.39
    endloop
  endfacet
  facet normal -0.969875 -0.243603 0
    outer loop
      vertex 30.0526 6.81931 7.39
      vertex 30.0789 6.7146 3.39
      vertex 30.0789 6.7146 7.39
    endloop
  endfacet
  facet normal 0.427903 -0.903825 0
    outer loop
      vertex 28.4815 7.47011 3.39
      vertex 28.579 7.51627 7.39
      vertex 28.4815 7.47011 7.39
    endloop
  endfacet
  facet normal 0.427903 -0.903825 0
    outer loop
      vertex 28.579 7.51627 7.39
      vertex 28.4815 7.47011 3.39
      vertex 28.579 7.51627 3.39
    endloop
  endfacet
  facet normal -0.336653 -0.941629 0
    outer loop
      vertex 29.3193 7.55263 3.39
      vertex 29.421 7.51627 7.39
      vertex 29.3193 7.55263 7.39
    endloop
  endfacet
  facet normal -0.336653 -0.941629 -0
    outer loop
      vertex 29.421 7.51627 7.39
      vertex 29.3193 7.55263 3.39
      vertex 29.421 7.51627 3.39
    endloop
  endfacet
  facet normal -0.14671 -0.98918 0
    outer loop
      vertex 29.1078 7.5947 3.39
      vertex 29.2146 7.57886 7.39
      vertex 29.1078 7.5947 7.39
    endloop
  endfacet
  facet normal -0.14671 -0.98918 -0
    outer loop
      vertex 29.2146 7.57886 7.39
      vertex 29.1078 7.5947 3.39
      vertex 29.2146 7.57886 3.39
    endloop
  endfacet
  facet normal -0.998794 0.0490967 0
    outer loop
      vertex 30.0947 6.39218 3.39
      vertex 30.1 6.5 7.39
      vertex 30.1 6.5 3.39
    endloop
  endfacet
  facet normal -0.998794 0.0490967 0
    outer loop
      vertex 30.1 6.5 7.39
      vertex 30.0947 6.39218 3.39
      vertex 30.0947 6.39218 7.39
    endloop
  endfacet
  facet normal -0.243015 0.970022 0
    outer loop
      vertex 29.3193 5.44737 3.39
      vertex 29.2146 5.42114 7.39
      vertex 29.3193 5.44737 7.39
    endloop
  endfacet
  facet normal -0.243015 0.970022 0
    outer loop
      vertex 29.2146 5.42114 7.39
      vertex 29.3193 5.44737 3.39
      vertex 29.2146 5.42114 3.39
    endloop
  endfacet
  facet normal -0.803212 0.595693 0
    outer loop
      vertex 29.8503 5.80217 3.39
      vertex 29.9146 5.88887 7.39
      vertex 29.9146 5.88887 3.39
    endloop
  endfacet
  facet normal -0.803212 0.595693 0
    outer loop
      vertex 29.9146 5.88887 7.39
      vertex 29.8503 5.80217 3.39
      vertex 29.8503 5.80217 7.39
    endloop
  endfacet
  facet normal 0.514019 -0.857779 0
    outer loop
      vertex 28.3889 7.41462 3.39
      vertex 28.4815 7.47011 7.39
      vertex 28.3889 7.41462 7.39
    endloop
  endfacet
  facet normal 0.514019 -0.857779 0
    outer loop
      vertex 28.4815 7.47011 7.39
      vertex 28.3889 7.41462 3.39
      vertex 28.4815 7.47011 3.39
    endloop
  endfacet
  facet normal 0.989229 0.146374 0
    outer loop
      vertex 27.9211 6.2854 7.39
      vertex 27.9053 6.39218 3.39
      vertex 27.9053 6.39218 7.39
    endloop
  endfacet
  facet normal 0.989229 0.146374 0
    outer loop
      vertex 27.9053 6.39218 3.39
      vertex 27.9211 6.2854 7.39
      vertex 27.9211 6.2854 3.39
    endloop
  endfacet
  facet normal 0.740945 -0.671566 0
    outer loop
      vertex 28.1497 7.19783 7.39
      vertex 28.2222 7.27782 3.39
      vertex 28.2222 7.27782 7.39
    endloop
  endfacet
  facet normal 0.740945 -0.671566 0
    outer loop
      vertex 28.2222 7.27782 3.39
      vertex 28.1497 7.19783 7.39
      vertex 28.1497 7.19783 3.39
    endloop
  endfacet
  facet normal 0.969875 -0.243603 0
    outer loop
      vertex 27.9211 6.7146 7.39
      vertex 27.9474 6.81931 3.39
      vertex 27.9474 6.81931 7.39
    endloop
  endfacet
  facet normal 0.969875 -0.243603 0
    outer loop
      vertex 27.9474 6.81931 3.39
      vertex 27.9211 6.7146 7.39
      vertex 27.9211 6.7146 3.39
    endloop
  endfacet
  facet normal -0.427903 0.903825 0
    outer loop
      vertex 29.5185 5.52989 3.39
      vertex 29.421 5.48373 7.39
      vertex 29.5185 5.52989 7.39
    endloop
  endfacet
  facet normal -0.427903 0.903825 0
    outer loop
      vertex 29.421 5.48373 7.39
      vertex 29.5185 5.52989 3.39
      vertex 29.421 5.48373 3.39
    endloop
  endfacet
  facet normal 0.0491058 -0.998794 0
    outer loop
      vertex 28.8922 7.5947 3.39
      vertex 29 7.6 7.39
      vertex 28.8922 7.5947 7.39
    endloop
  endfacet
  facet normal 0.0491058 -0.998794 0
    outer loop
      vertex 29 7.6 7.39
      vertex 28.8922 7.5947 3.39
      vertex 29 7.6 3.39
    endloop
  endfacet
  facet normal 0.671469 -0.741033 0
    outer loop
      vertex 28.2222 7.27782 3.39
      vertex 28.3022 7.35031 7.39
      vertex 28.2222 7.27782 7.39
    endloop
  endfacet
  facet normal 0.671469 -0.741033 0
    outer loop
      vertex 28.3022 7.35031 7.39
      vertex 28.2222 7.27782 3.39
      vertex 28.3022 7.35031 3.39
    endloop
  endfacet
  facet normal 0.595752 0.803168 -0
    outer loop
      vertex 28.3889 5.58538 3.39
      vertex 28.3022 5.64969 7.39
      vertex 28.3889 5.58538 7.39
    endloop
  endfacet
  facet normal 0.595752 0.803168 0
    outer loop
      vertex 28.3022 5.64969 7.39
      vertex 28.3889 5.58538 3.39
      vertex 28.3022 5.64969 3.39
    endloop
  endfacet
  facet normal -0.14671 0.98918 0
    outer loop
      vertex 29.2146 5.42114 3.39
      vertex 29.1078 5.4053 7.39
      vertex 29.2146 5.42114 7.39
    endloop
  endfacet
  facet normal -0.14671 0.98918 0
    outer loop
      vertex 29.1078 5.4053 7.39
      vertex 29.2146 5.42114 3.39
      vertex 29.1078 5.4053 3.39
    endloop
  endfacet
  facet normal 0.14671 -0.98918 0
    outer loop
      vertex 28.7854 7.57886 3.39
      vertex 28.8922 7.5947 7.39
      vertex 28.7854 7.57886 7.39
    endloop
  endfacet
  facet normal 0.14671 -0.98918 0
    outer loop
      vertex 28.8922 7.5947 7.39
      vertex 28.7854 7.57886 3.39
      vertex 28.8922 7.5947 3.39
    endloop
  endfacet
  facet normal 0.989229 -0.146374 0
    outer loop
      vertex 27.9053 6.60782 7.39
      vertex 27.9211 6.7146 3.39
      vertex 27.9211 6.7146 7.39
    endloop
  endfacet
  facet normal 0.989229 -0.146374 0
    outer loop
      vertex 27.9211 6.7146 3.39
      vertex 27.9053 6.60782 7.39
      vertex 27.9053 6.60782 3.39
    endloop
  endfacet
  facet normal 0.803212 0.595693 0
    outer loop
      vertex 28.1497 5.80217 7.39
      vertex 28.0854 5.88887 3.39
      vertex 28.0854 5.88887 7.39
    endloop
  endfacet
  facet normal 0.803212 0.595693 0
    outer loop
      vertex 28.0854 5.88887 3.39
      vertex 28.1497 5.80217 7.39
      vertex 28.1497 5.80217 3.39
    endloop
  endfacet
  facet normal -0.903834 0.427883 0
    outer loop
      vertex 29.9701 5.98146 3.39
      vertex 30.0163 6.07905 7.39
      vertex 30.0163 6.07905 3.39
    endloop
  endfacet
  facet normal -0.903834 0.427883 0
    outer loop
      vertex 30.0163 6.07905 7.39
      vertex 29.9701 5.98146 3.39
      vertex 29.9701 5.98146 7.39
    endloop
  endfacet
  facet normal -0.671469 -0.741033 0
    outer loop
      vertex 29.6978 7.35031 3.39
      vertex 29.7778 7.27782 7.39
      vertex 29.6978 7.35031 7.39
    endloop
  endfacet
  facet normal -0.671469 -0.741033 -0
    outer loop
      vertex 29.7778 7.27782 7.39
      vertex 29.6978 7.35031 3.39
      vertex 29.7778 7.27782 3.39
    endloop
  endfacet
  facet normal 0.243015 -0.970022 0
    outer loop
      vertex 28.6807 7.55263 3.39
      vertex 28.7854 7.57886 7.39
      vertex 28.6807 7.55263 7.39
    endloop
  endfacet
  facet normal 0.243015 -0.970022 0
    outer loop
      vertex 28.7854 7.57886 7.39
      vertex 28.6807 7.55263 3.39
      vertex 28.7854 7.57886 3.39
    endloop
  endfacet
  facet normal -0.427903 -0.903825 0
    outer loop
      vertex 29.421 7.51627 3.39
      vertex 29.5185 7.47011 7.39
      vertex 29.421 7.51627 7.39
    endloop
  endfacet
  facet normal -0.427903 -0.903825 -0
    outer loop
      vertex 29.5185 7.47011 7.39
      vertex 29.421 7.51627 3.39
      vertex 29.5185 7.47011 3.39
    endloop
  endfacet
  facet normal -0.0491058 0.998794 0
    outer loop
      vertex 29.1078 5.4053 3.39
      vertex 29 5.4 7.39
      vertex 29.1078 5.4053 7.39
    endloop
  endfacet
  facet normal -0.0491058 0.998794 0
    outer loop
      vertex 29 5.4 7.39
      vertex 29.1078 5.4053 3.39
      vertex 29 5.4 3.39
    endloop
  endfacet
  facet normal -0.803212 -0.595693 0
    outer loop
      vertex 29.9146 7.11113 3.39
      vertex 29.8503 7.19783 7.39
      vertex 29.8503 7.19783 3.39
    endloop
  endfacet
  facet normal -0.803212 -0.595693 0
    outer loop
      vertex 29.8503 7.19783 7.39
      vertex 29.9146 7.11113 3.39
      vertex 29.9146 7.11113 7.39
    endloop
  endfacet
  facet normal 0.903834 0.427883 0
    outer loop
      vertex 28.0299 5.98146 7.39
      vertex 27.9837 6.07905 3.39
      vertex 27.9837 6.07905 7.39
    endloop
  endfacet
  facet normal 0.903834 0.427883 0
    outer loop
      vertex 27.9837 6.07905 3.39
      vertex 28.0299 5.98146 7.39
      vertex 28.0299 5.98146 3.39
    endloop
  endfacet
  facet normal 0.740945 0.671566 0
    outer loop
      vertex 28.2222 5.72218 7.39
      vertex 28.1497 5.80217 3.39
      vertex 28.1497 5.80217 7.39
    endloop
  endfacet
  facet normal 0.740945 0.671566 0
    outer loop
      vertex 28.1497 5.80217 3.39
      vertex 28.2222 5.72218 7.39
      vertex 28.2222 5.72218 3.39
    endloop
  endfacet
  facet normal 0.336653 0.941629 -0
    outer loop
      vertex 28.6807 5.44737 3.39
      vertex 28.579 5.48373 7.39
      vertex 28.6807 5.44737 7.39
    endloop
  endfacet
  facet normal 0.336653 0.941629 0
    outer loop
      vertex 28.579 5.48373 7.39
      vertex 28.6807 5.44737 3.39
      vertex 28.579 5.48373 3.39
    endloop
  endfacet
  facet normal 0.0491058 0.998794 -0
    outer loop
      vertex 29 5.4 3.39
      vertex 28.8922 5.4053 7.39
      vertex 29 5.4 7.39
    endloop
  endfacet
  facet normal 0.0491058 0.998794 0
    outer loop
      vertex 28.8922 5.4053 7.39
      vertex 29 5.4 3.39
      vertex 28.8922 5.4053 3.39
    endloop
  endfacet
  facet normal 0.998794 -0.0490967 0
    outer loop
      vertex 27.9 6.5 7.39
      vertex 27.9053 6.60782 3.39
      vertex 27.9053 6.60782 7.39
    endloop
  endfacet
  facet normal 0.998794 -0.0490967 0
    outer loop
      vertex 27.9053 6.60782 3.39
      vertex 27.9 6.5 7.39
      vertex 27.9 6.5 3.39
    endloop
  endfacet
  facet normal -0.336653 0.941629 0
    outer loop
      vertex 29.421 5.48373 3.39
      vertex 29.3193 5.44737 7.39
      vertex 29.421 5.48373 7.39
    endloop
  endfacet
  facet normal -0.336653 0.941629 0
    outer loop
      vertex 29.3193 5.44737 7.39
      vertex 29.421 5.48373 3.39
      vertex 29.3193 5.44737 3.39
    endloop
  endfacet
  facet normal -0.969875 0.243603 0
    outer loop
      vertex 30.0526 6.18069 3.39
      vertex 30.0789 6.2854 7.39
      vertex 30.0789 6.2854 3.39
    endloop
  endfacet
  facet normal -0.969875 0.243603 0
    outer loop
      vertex 30.0789 6.2854 7.39
      vertex 30.0526 6.18069 3.39
      vertex 30.0526 6.18069 7.39
    endloop
  endfacet
  facet normal -0.941742 0.336336 0
    outer loop
      vertex 30.0163 6.07905 3.39
      vertex 30.0526 6.18069 7.39
      vertex 30.0526 6.18069 3.39
    endloop
  endfacet
  facet normal -0.941742 0.336336 0
    outer loop
      vertex 30.0526 6.18069 7.39
      vertex 30.0163 6.07905 3.39
      vertex 30.0163 6.07905 7.39
    endloop
  endfacet
  facet normal -0.740945 0.671566 0
    outer loop
      vertex 29.7778 5.72218 3.39
      vertex 29.8503 5.80217 7.39
      vertex 29.8503 5.80217 3.39
    endloop
  endfacet
  facet normal -0.740945 0.671566 0
    outer loop
      vertex 29.8503 5.80217 7.39
      vertex 29.7778 5.72218 3.39
      vertex 29.7778 5.72218 7.39
    endloop
  endfacet
  facet normal -0.514019 -0.857779 0
    outer loop
      vertex 29.5185 7.47011 3.39
      vertex 29.6111 7.41462 7.39
      vertex 29.5185 7.47011 7.39
    endloop
  endfacet
  facet normal -0.514019 -0.857779 -0
    outer loop
      vertex 29.6111 7.41462 7.39
      vertex 29.5185 7.47011 3.39
      vertex 29.6111 7.41462 3.39
    endloop
  endfacet
  facet normal -0.243015 -0.970022 0
    outer loop
      vertex 29.2146 7.57886 3.39
      vertex 29.3193 7.55263 7.39
      vertex 29.2146 7.57886 7.39
    endloop
  endfacet
  facet normal -0.243015 -0.970022 -0
    outer loop
      vertex 29.3193 7.55263 7.39
      vertex 29.2146 7.57886 3.39
      vertex 29.3193 7.55263 3.39
    endloop
  endfacet
  facet normal -0.941742 -0.336336 0
    outer loop
      vertex 30.0526 6.81931 3.39
      vertex 30.0163 6.92095 7.39
      vertex 30.0163 6.92095 3.39
    endloop
  endfacet
  facet normal -0.941742 -0.336336 0
    outer loop
      vertex 30.0163 6.92095 7.39
      vertex 30.0526 6.81931 3.39
      vertex 30.0526 6.81931 7.39
    endloop
  endfacet
  facet normal -0.595752 -0.803168 0
    outer loop
      vertex 29.6111 7.41462 3.39
      vertex 29.6978 7.35031 7.39
      vertex 29.6111 7.41462 7.39
    endloop
  endfacet
  facet normal -0.595752 -0.803168 -0
    outer loop
      vertex 29.6978 7.35031 7.39
      vertex 29.6111 7.41462 3.39
      vertex 29.6978 7.35031 3.39
    endloop
  endfacet
  facet normal 0.969875 0.243603 0
    outer loop
      vertex 27.9474 6.18069 7.39
      vertex 27.9211 6.2854 3.39
      vertex 27.9211 6.2854 7.39
    endloop
  endfacet
  facet normal 0.969875 0.243603 0
    outer loop
      vertex 27.9211 6.2854 3.39
      vertex 27.9474 6.18069 7.39
      vertex 27.9474 6.18069 3.39
    endloop
  endfacet
  facet normal -0.903834 -0.427883 0
    outer loop
      vertex 30.0163 6.92095 3.39
      vertex 29.9701 7.01854 7.39
      vertex 29.9701 7.01854 3.39
    endloop
  endfacet
  facet normal -0.903834 -0.427883 0
    outer loop
      vertex 29.9701 7.01854 7.39
      vertex 30.0163 6.92095 3.39
      vertex 30.0163 6.92095 7.39
    endloop
  endfacet
  facet normal -0.0491058 -0.998794 0
    outer loop
      vertex 29 7.6 3.39
      vertex 29.1078 7.5947 7.39
      vertex 29 7.6 7.39
    endloop
  endfacet
  facet normal -0.0491058 -0.998794 -0
    outer loop
      vertex 29.1078 7.5947 7.39
      vertex 29 7.6 3.39
      vertex 29.1078 7.5947 3.39
    endloop
  endfacet
  facet normal -0.989229 0.146374 0
    outer loop
      vertex 30.0789 6.2854 3.39
      vertex 30.0947 6.39218 7.39
      vertex 30.0947 6.39218 3.39
    endloop
  endfacet
  facet normal -0.989229 0.146374 0
    outer loop
      vertex 30.0947 6.39218 7.39
      vertex 30.0789 6.2854 3.39
      vertex 30.0789 6.2854 7.39
    endloop
  endfacet
  facet normal -0.857714 -0.514128 0
    outer loop
      vertex 29.9701 7.01854 3.39
      vertex 29.9146 7.11113 7.39
      vertex 29.9146 7.11113 3.39
    endloop
  endfacet
  facet normal -0.857714 -0.514128 0
    outer loop
      vertex 29.9146 7.11113 7.39
      vertex 29.9701 7.01854 3.39
      vertex 29.9701 7.01854 7.39
    endloop
  endfacet
  facet normal 0.671469 0.741033 -0
    outer loop
      vertex 28.3022 5.64969 3.39
      vertex 28.2222 5.72218 7.39
      vertex 28.3022 5.64969 7.39
    endloop
  endfacet
  facet normal 0.671469 0.741033 0
    outer loop
      vertex 28.2222 5.72218 7.39
      vertex 28.3022 5.64969 3.39
      vertex 28.2222 5.72218 3.39
    endloop
  endfacet
  facet normal 0.336653 -0.941629 0
    outer loop
      vertex 28.579 7.51627 3.39
      vertex 28.6807 7.55263 7.39
      vertex 28.579 7.51627 7.39
    endloop
  endfacet
  facet normal 0.336653 -0.941629 0
    outer loop
      vertex 28.6807 7.55263 7.39
      vertex 28.579 7.51627 3.39
      vertex 28.6807 7.55263 3.39
    endloop
  endfacet
  facet normal -0.857714 0.514128 0
    outer loop
      vertex 29.9146 5.88887 3.39
      vertex 29.9701 5.98146 7.39
      vertex 29.9701 5.98146 3.39
    endloop
  endfacet
  facet normal -0.857714 0.514128 0
    outer loop
      vertex 29.9701 5.98146 7.39
      vertex 29.9146 5.88887 3.39
      vertex 29.9146 5.88887 7.39
    endloop
  endfacet
  facet normal 0.857714 0.514128 0
    outer loop
      vertex 28.0854 5.88887 7.39
      vertex 28.0299 5.98146 3.39
      vertex 28.0299 5.98146 7.39
    endloop
  endfacet
  facet normal 0.857714 0.514128 0
    outer loop
      vertex 28.0299 5.98146 3.39
      vertex 28.0854 5.88887 7.39
      vertex 28.0854 5.88887 3.39
    endloop
  endfacet
  facet normal -0.671469 0.741033 0
    outer loop
      vertex 29.7778 5.72218 3.39
      vertex 29.6978 5.64969 7.39
      vertex 29.7778 5.72218 7.39
    endloop
  endfacet
  facet normal -0.671469 0.741033 0
    outer loop
      vertex 29.6978 5.64969 7.39
      vertex 29.7778 5.72218 3.39
      vertex 29.6978 5.64969 3.39
    endloop
  endfacet
  facet normal -0.595752 0.803168 0
    outer loop
      vertex 29.6978 5.64969 3.39
      vertex 29.6111 5.58538 7.39
      vertex 29.6978 5.64969 7.39
    endloop
  endfacet
  facet normal -0.595752 0.803168 0
    outer loop
      vertex 29.6111 5.58538 7.39
      vertex 29.6978 5.64969 3.39
      vertex 29.6111 5.58538 3.39
    endloop
  endfacet
  facet normal 0.857714 -0.514128 0
    outer loop
      vertex 28.0299 7.01854 7.39
      vertex 28.0854 7.11113 3.39
      vertex 28.0854 7.11113 7.39
    endloop
  endfacet
  facet normal 0.857714 -0.514128 0
    outer loop
      vertex 28.0854 7.11113 3.39
      vertex 28.0299 7.01854 7.39
      vertex 28.0299 7.01854 3.39
    endloop
  endfacet
  facet normal 0.14671 0.98918 -0
    outer loop
      vertex 28.8922 5.4053 3.39
      vertex 28.7854 5.42114 7.39
      vertex 28.8922 5.4053 7.39
    endloop
  endfacet
  facet normal 0.14671 0.98918 0
    outer loop
      vertex 28.7854 5.42114 7.39
      vertex 28.8922 5.4053 3.39
      vertex 28.7854 5.42114 3.39
    endloop
  endfacet
  facet normal 0.941742 0.336336 0
    outer loop
      vertex 27.9837 6.07905 7.39
      vertex 27.9474 6.18069 3.39
      vertex 27.9474 6.18069 7.39
    endloop
  endfacet
  facet normal 0.941742 0.336336 0
    outer loop
      vertex 27.9474 6.18069 3.39
      vertex 27.9837 6.07905 7.39
      vertex 27.9837 6.07905 3.39
    endloop
  endfacet
  facet normal -0.740945 -0.671566 0
    outer loop
      vertex 29.8503 7.19783 3.39
      vertex 29.7778 7.27782 7.39
      vertex 29.7778 7.27782 3.39
    endloop
  endfacet
  facet normal -0.740945 -0.671566 0
    outer loop
      vertex 29.7778 7.27782 7.39
      vertex 29.8503 7.19783 3.39
      vertex 29.8503 7.19783 7.39
    endloop
  endfacet
  facet normal 0.903834 -0.427883 0
    outer loop
      vertex 27.9837 6.92095 7.39
      vertex 28.0299 7.01854 3.39
      vertex 28.0299 7.01854 7.39
    endloop
  endfacet
  facet normal 0.903834 -0.427883 0
    outer loop
      vertex 28.0299 7.01854 3.39
      vertex 27.9837 6.92095 7.39
      vertex 27.9837 6.92095 3.39
    endloop
  endfacet
  facet normal 0.998794 0.0490967 0
    outer loop
      vertex 27.9053 6.39218 7.39
      vertex 27.9 6.5 3.39
      vertex 27.9 6.5 7.39
    endloop
  endfacet
  facet normal 0.998794 0.0490967 0
    outer loop
      vertex 27.9 6.5 3.39
      vertex 27.9053 6.39218 7.39
      vertex 27.9053 6.39218 3.39
    endloop
  endfacet
  facet normal -0.514019 0.857779 0
    outer loop
      vertex 29.6111 5.58538 3.39
      vertex 29.5185 5.52989 7.39
      vertex 29.6111 5.58538 7.39
    endloop
  endfacet
  facet normal -0.514019 0.857779 0
    outer loop
      vertex 29.5185 5.52989 7.39
      vertex 29.6111 5.58538 3.39
      vertex 29.5185 5.52989 3.39
    endloop
  endfacet
  facet normal 0.595752 -0.803168 0
    outer loop
      vertex 28.3022 7.35031 3.39
      vertex 28.3889 7.41462 7.39
      vertex 28.3022 7.35031 7.39
    endloop
  endfacet
  facet normal 0.595752 -0.803168 0
    outer loop
      vertex 28.3889 7.41462 7.39
      vertex 28.3022 7.35031 3.39
      vertex 28.3889 7.41462 3.39
    endloop
  endfacet
  facet normal 0.243015 0.970022 -0
    outer loop
      vertex 28.7854 5.42114 3.39
      vertex 28.6807 5.44737 7.39
      vertex 28.7854 5.42114 7.39
    endloop
  endfacet
  facet normal 0.243015 0.970022 0
    outer loop
      vertex 28.6807 5.44737 7.39
      vertex 28.7854 5.42114 3.39
      vertex 28.6807 5.44737 3.39
    endloop
  endfacet
  facet normal 0.514019 0.857779 -0
    outer loop
      vertex 28.4815 5.52989 3.39
      vertex 28.3889 5.58538 7.39
      vertex 28.4815 5.52989 7.39
    endloop
  endfacet
  facet normal 0.514019 0.857779 0
    outer loop
      vertex 28.3889 5.58538 7.39
      vertex 28.4815 5.52989 3.39
      vertex 28.3889 5.58538 3.39
    endloop
  endfacet
  facet normal 0.803212 -0.595693 0
    outer loop
      vertex 28.0854 7.11113 7.39
      vertex 28.1497 7.19783 3.39
      vertex 28.1497 7.19783 7.39
    endloop
  endfacet
  facet normal 0.803212 -0.595693 0
    outer loop
      vertex 28.1497 7.19783 3.39
      vertex 28.0854 7.11113 7.39
      vertex 28.0854 7.11113 3.39
    endloop
  endfacet
  facet normal 0.427903 0.903825 -0
    outer loop
      vertex 28.579 5.48373 3.39
      vertex 28.4815 5.52989 7.39
      vertex 28.579 5.48373 7.39
    endloop
  endfacet
  facet normal 0.427903 0.903825 0
    outer loop
      vertex 28.4815 5.52989 7.39
      vertex 28.579 5.48373 3.39
      vertex 28.4815 5.52989 3.39
    endloop
  endfacet
  facet normal 0.941742 -0.336336 0
    outer loop
      vertex 27.9474 6.81931 7.39
      vertex 27.9837 6.92095 3.39
      vertex 27.9837 6.92095 7.39
    endloop
  endfacet
  facet normal 0.941742 -0.336336 0
    outer loop
      vertex 27.9837 6.92095 3.39
      vertex 27.9474 6.81931 7.39
      vertex 27.9474 6.81931 3.39
    endloop
  endfacet
  facet normal 0 0 1
    outer loop
      vertex 30.0947 6.60782 3.39
      vertex 30.0947 6.39218 3.39
      vertex 30.1 6.5 3.39
    endloop
  endfacet
  facet normal 0 0 1
    outer loop
      vertex 30.0789 6.7146 3.39
      vertex 30.0947 6.39218 3.39
      vertex 30.0947 6.60782 3.39
    endloop
  endfacet
  facet normal 0 0 1
    outer loop
      vertex 30.0789 6.7146 3.39
      vertex 30.0789 6.2854 3.39
      vertex 30.0947 6.39218 3.39
    endloop
  endfacet
  facet normal 0 0 1
    outer loop
      vertex 30.0526 6.81931 3.39
      vertex 30.0789 6.2854 3.39
      vertex 30.0789 6.7146 3.39
    endloop
  endfacet
  facet normal 0 0 1
    outer loop
      vertex 30.0526 6.81931 3.39
      vertex 30.0526 6.18069 3.39
      vertex 30.0789 6.2854 3.39
    endloop
  endfacet
  facet normal 0 0 1
    outer loop
      vertex 30.0163 6.92095 3.39
      vertex 30.0526 6.18069 3.39
      vertex 30.0526 6.81931 3.39
    endloop
  endfacet
  facet normal 0 0 1
    outer loop
      vertex 30.0163 6.92095 3.39
      vertex 30.0163 6.07905 3.39
      vertex 30.0526 6.18069 3.39
    endloop
  endfacet
  facet normal 0 0 1
    outer loop
      vertex 29.9701 7.01854 3.39
      vertex 30.0163 6.07905 3.39
      vertex 30.0163 6.92095 3.39
    endloop
  endfacet
  facet normal 0 0 1
    outer loop
      vertex 29.9701 7.01854 3.39
      vertex 29.9701 5.98146 3.39
      vertex 30.0163 6.07905 3.39
    endloop
  endfacet
  facet normal 0 0 1
    outer loop
      vertex 29.9146 7.11113 3.39
      vertex 29.9701 5.98146 3.39
      vertex 29.9701 7.01854 3.39
    endloop
  endfacet
  facet normal 0 0 1
    outer loop
      vertex 29.9146 7.11113 3.39
      vertex 29.9146 5.88887 3.39
      vertex 29.9701 5.98146 3.39
    endloop
  endfacet
  facet normal 0 0 1
    outer loop
      vertex 29.8503 7.19783 3.39
      vertex 29.9146 5.88887 3.39
      vertex 29.9146 7.11113 3.39
    endloop
  endfacet
  facet normal 0 0 1
    outer loop
      vertex 29.8503 7.19783 3.39
      vertex 29.8503 5.80217 3.39
      vertex 29.9146 5.88887 3.39
    endloop
  endfacet
  facet normal 0 0 1
    outer loop
      vertex 29.7778 7.27782 3.39
      vertex 29.8503 5.80217 3.39
      vertex 29.8503 7.19783 3.39
    endloop
  endfacet
  facet normal 0 0 1
    outer loop
      vertex 29.7778 7.27782 3.39
      vertex 29.7778 5.72218 3.39
      vertex 29.8503 5.80217 3.39
    endloop
  endfacet
  facet normal 0 0 1
    outer loop
      vertex 29.6978 7.35031 3.39
      vertex 29.7778 5.72218 3.39
      vertex 29.7778 7.27782 3.39
    endloop
  endfacet
  facet normal 0 0 1
    outer loop
      vertex 29.6978 7.35031 3.39
      vertex 29.6978 5.64969 3.39
      vertex 29.7778 5.72218 3.39
    endloop
  endfacet
  facet normal 0 0 1
    outer loop
      vertex 29.6111 7.41462 3.39
      vertex 29.6978 5.64969 3.39
      vertex 29.6978 7.35031 3.39
    endloop
  endfacet
  facet normal 0 0 1
    outer loop
      vertex 29.6111 7.41462 3.39
      vertex 29.6111 5.58538 3.39
      vertex 29.6978 5.64969 3.39
    endloop
  endfacet
  facet normal 0 0 1
    outer loop
      vertex 29.5185 7.47011 3.39
      vertex 29.6111 5.58538 3.39
      vertex 29.6111 7.41462 3.39
    endloop
  endfacet
  facet normal 0 0 1
    outer loop
      vertex 29.5185 7.47011 3.39
      vertex 29.5185 5.52989 3.39
      vertex 29.6111 5.58538 3.39
    endloop
  endfacet
  facet normal 0 0 1
    outer loop
      vertex 29.421 7.51627 3.39
      vertex 29.5185 5.52989 3.39
      vertex 29.5185 7.47011 3.39
    endloop
  endfacet
  facet normal 0 0 1
    outer loop
      vertex 29.421 7.51627 3.39
      vertex 29.421 5.48373 3.39
      vertex 29.5185 5.52989 3.39
    endloop
  endfacet
  facet normal 0 0 1
    outer loop
      vertex 29.3193 7.55263 3.39
      vertex 29.421 5.48373 3.39
      vertex 29.421 7.51627 3.39
    endloop
  endfacet
  facet normal 0 0 1
    outer loop
      vertex 29.3193 7.55263 3.39
      vertex 29.3193 5.44737 3.39
      vertex 29.421 5.48373 3.39
    endloop
  endfacet
  facet normal 0 0 1
    outer loop
      vertex 29.2146 7.57886 3.39
      vertex 29.3193 5.44737 3.39
      vertex 29.3193 7.55263 3.39
    endloop
  endfacet
  facet normal 0 0 1
    outer loop
      vertex 29.2146 7.57886 3.39
      vertex 29.2146 5.42114 3.39
      vertex 29.3193 5.44737 3.39
    endloop
  endfacet
  facet normal 0 0 1
    outer loop
      vertex 29.1078 7.5947 3.39
      vertex 29.2146 5.42114 3.39
      vertex 29.2146 7.57886 3.39
    endloop
  endfacet
  facet normal 0 0 1
    outer loop
      vertex 29.1078 7.5947 3.39
      vertex 29.1078 5.4053 3.39
      vertex 29.2146 5.42114 3.39
    endloop
  endfacet
  facet normal 0 0 1
    outer loop
      vertex 29 7.6 3.39
      vertex 29.1078 5.4053 3.39
      vertex 29.1078 7.5947 3.39
    endloop
  endfacet
  facet normal 0 0 1
    outer loop
      vertex 29 7.6 3.39
      vertex 29 5.4 3.39
      vertex 29.1078 5.4053 3.39
    endloop
  endfacet
  facet normal -0 0 1
    outer loop
      vertex 28.8922 7.5947 3.39
      vertex 29 5.4 3.39
      vertex 29 7.6 3.39
    endloop
  endfacet
  facet normal 0 0 1
    outer loop
      vertex 28.8922 7.5947 3.39
      vertex 28.8922 5.4053 3.39
      vertex 29 5.4 3.39
    endloop
  endfacet
  facet normal -0 0 1
    outer loop
      vertex 28.7854 7.57886 3.39
      vertex 28.8922 5.4053 3.39
      vertex 28.8922 7.5947 3.39
    endloop
  endfacet
  facet normal 0 0 1
    outer loop
      vertex 28.7854 7.57886 3.39
      vertex 28.7854 5.42114 3.39
      vertex 28.8922 5.4053 3.39
    endloop
  endfacet
  facet normal -0 0 1
    outer loop
      vertex 28.6807 7.55263 3.39
      vertex 28.7854 5.42114 3.39
      vertex 28.7854 7.57886 3.39
    endloop
  endfacet
  facet normal 0 0 1
    outer loop
      vertex 28.6807 7.55263 3.39
      vertex 28.6807 5.44737 3.39
      vertex 28.7854 5.42114 3.39
    endloop
  endfacet
  facet normal -0 0 1
    outer loop
      vertex 28.579 7.51627 3.39
      vertex 28.6807 5.44737 3.39
      vertex 28.6807 7.55263 3.39
    endloop
  endfacet
  facet normal 0 0 1
    outer loop
      vertex 28.579 7.51627 3.39
      vertex 28.579 5.48373 3.39
      vertex 28.6807 5.44737 3.39
    endloop
  endfacet
  facet normal -0 0 1
    outer loop
      vertex 28.4815 7.47011 3.39
      vertex 28.579 5.48373 3.39
      vertex 28.579 7.51627 3.39
    endloop
  endfacet
  facet normal 0 0 1
    outer loop
      vertex 28.4815 7.47011 3.39
      vertex 28.4815 5.52989 3.39
      vertex 28.579 5.48373 3.39
    endloop
  endfacet
  facet normal -0 0 1
    outer loop
      vertex 28.3889 7.41462 3.39
      vertex 28.4815 5.52989 3.39
      vertex 28.4815 7.47011 3.39
    endloop
  endfacet
  facet normal 0 0 1
    outer loop
      vertex 28.3889 7.41462 3.39
      vertex 28.3889 5.58538 3.39
      vertex 28.4815 5.52989 3.39
    endloop
  endfacet
  facet normal -0 0 1
    outer loop
      vertex 28.3022 7.35031 3.39
      vertex 28.3889 5.58538 3.39
      vertex 28.3889 7.41462 3.39
    endloop
  endfacet
  facet normal 0 0 1
    outer loop
      vertex 28.3022 7.35031 3.39
      vertex 28.3022 5.64969 3.39
      vertex 28.3889 5.58538 3.39
    endloop
  endfacet
  facet normal -0 0 1
    outer loop
      vertex 28.2222 7.27782 3.39
      vertex 28.3022 5.64969 3.39
      vertex 28.3022 7.35031 3.39
    endloop
  endfacet
  facet normal 0 0 1
    outer loop
      vertex 28.2222 7.27782 3.39
      vertex 28.2222 5.72218 3.39
      vertex 28.3022 5.64969 3.39
    endloop
  endfacet
  facet normal -0 0 1
    outer loop
      vertex 28.1497 7.19783 3.39
      vertex 28.2222 5.72218 3.39
      vertex 28.2222 7.27782 3.39
    endloop
  endfacet
  facet normal 0 0 1
    outer loop
      vertex 28.1497 7.19783 3.39
      vertex 28.1497 5.80217 3.39
      vertex 28.2222 5.72218 3.39
    endloop
  endfacet
  facet normal -0 0 1
    outer loop
      vertex 28.0854 7.11113 3.39
      vertex 28.1497 5.80217 3.39
      vertex 28.1497 7.19783 3.39
    endloop
  endfacet
  facet normal 0 0 1
    outer loop
      vertex 28.0854 7.11113 3.39
      vertex 28.0854 5.88887 3.39
      vertex 28.1497 5.80217 3.39
    endloop
  endfacet
  facet normal -0 0 1
    outer loop
      vertex 28.0299 7.01854 3.39
      vertex 28.0854 5.88887 3.39
      vertex 28.0854 7.11113 3.39
    endloop
  endfacet
  facet normal 0 0 1
    outer loop
      vertex 28.0299 7.01854 3.39
      vertex 28.0299 5.98146 3.39
      vertex 28.0854 5.88887 3.39
    endloop
  endfacet
  facet normal -0 0 1
    outer loop
      vertex 27.9837 6.92095 3.39
      vertex 28.0299 5.98146 3.39
      vertex 28.0299 7.01854 3.39
    endloop
  endfacet
  facet normal 0 0 1
    outer loop
      vertex 27.9837 6.92095 3.39
      vertex 27.9837 6.07905 3.39
      vertex 28.0299 5.98146 3.39
    endloop
  endfacet
  facet normal -0 0 1
    outer loop
      vertex 27.9474 6.81931 3.39
      vertex 27.9837 6.07905 3.39
      vertex 27.9837 6.92095 3.39
    endloop
  endfacet
  facet normal 0 0 1
    outer loop
      vertex 27.9474 6.81931 3.39
      vertex 27.9474 6.18069 3.39
      vertex 27.9837 6.07905 3.39
    endloop
  endfacet
  facet normal -0 0 1
    outer loop
      vertex 27.9211 6.7146 3.39
      vertex 27.9474 6.18069 3.39
      vertex 27.9474 6.81931 3.39
    endloop
  endfacet
  facet normal 0 0 1
    outer loop
      vertex 27.9211 6.7146 3.39
      vertex 27.9211 6.2854 3.39
      vertex 27.9474 6.18069 3.39
    endloop
  endfacet
  facet normal -0 0 1
    outer loop
      vertex 27.9053 6.60782 3.39
      vertex 27.9211 6.2854 3.39
      vertex 27.9211 6.7146 3.39
    endloop
  endfacet
  facet normal 0 0 1
    outer loop
      vertex 27.9053 6.60782 3.39
      vertex 27.9053 6.39218 3.39
      vertex 27.9211 6.2854 3.39
    endloop
  endfacet
  facet normal 0 -0 1
    outer loop
      vertex 27.9053 6.39218 3.39
      vertex 27.9053 6.60782 3.39
      vertex 27.9 6.5 3.39
    endloop
  endfacet
  facet normal 0.740908 0.671607 0
    outer loop
      vertex 31.319 31.4032 7.39
      vertex 31.1213 31.6213 2.4
      vertex 31.1213 31.6213 7.39
    endloop
  endfacet
  facet normal 0.740908 0.671607 0
    outer loop
      vertex 31.1213 31.6213 2.4
      vertex 31.319 31.4032 7.39
      vertex 31.319 31.4032 2.4
    endloop
  endfacet
  facet normal 0.989174 0.146746 0
    outer loop
      vertex 31.9856 29.7941 7.39
      vertex 31.9424 30.0853 2.4
      vertex 31.9424 30.0853 7.39
    endloop
  endfacet
  facet normal 0.989174 0.146746 0
    outer loop
      vertex 31.9424 30.0853 2.4
      vertex 31.9856 29.7941 7.39
      vertex 31.9856 29.7941 2.4
    endloop
  endfacet
  facet normal 0.998803 0.0489044 0
    outer loop
      vertex 32 29.5 7.39
      vertex 31.9856 29.7941 2.4
      vertex 31.9856 29.7941 7.39
    endloop
  endfacet
  facet normal 0.998803 0.0489044 0
    outer loop
      vertex 31.9856 29.7941 2.4
      vertex 32 29.5 7.39
      vertex 32 29.5 2.4
    endloop
  endfacet
  facet normal 0.969982 0.243175 0
    outer loop
      vertex 31.9424 30.0853 7.39
      vertex 31.8708 30.3709 2.4
      vertex 31.8708 30.3709 7.39
    endloop
  endfacet
  facet normal 0.969982 0.243175 0
    outer loop
      vertex 31.8708 30.3709 2.4
      vertex 31.9424 30.0853 7.39
      vertex 31.9424 30.0853 2.4
    endloop
  endfacet
  facet normal 0.337047 -0.941488 0
    outer loop
      vertex 29.8709 26.6292 2.4
      vertex 30.148 26.7284 7.39
      vertex 29.8709 26.6292 7.39
    endloop
  endfacet
  facet normal 0.337047 -0.941488 0
    outer loop
      vertex 30.148 26.7284 7.39
      vertex 29.8709 26.6292 2.4
      vertex 30.148 26.7284 2.4
    endloop
  endfacet
  facet normal 0.857643 0.514246 0
    outer loop
      vertex 31.6458 30.9142 7.39
      vertex 31.4944 31.1667 2.4
      vertex 31.4944 31.1667 7.39
    endloop
  endfacet
  facet normal 0.857643 0.514246 0
    outer loop
      vertex 31.4944 31.1667 2.4
      vertex 31.6458 30.9142 7.39
      vertex 31.6458 30.9142 2.4
    endloop
  endfacet
  facet normal 0.941488 0.337047 0
    outer loop
      vertex 31.8708 30.3709 7.39
      vertex 31.7716 30.648 2.4
      vertex 31.7716 30.648 7.39
    endloop
  endfacet
  facet normal 0.941488 0.337047 0
    outer loop
      vertex 31.7716 30.648 2.4
      vertex 31.8708 30.3709 7.39
      vertex 31.8708 30.3709 2.4
    endloop
  endfacet
  facet normal 0.243175 0.969982 -0
    outer loop
      vertex 29.8709 32.3708 2.4
      vertex 29.5853 32.4424 7.39
      vertex 29.8709 32.3708 7.39
    endloop
  endfacet
  facet normal 0.243175 0.969982 0
    outer loop
      vertex 29.5853 32.4424 7.39
      vertex 29.8709 32.3708 2.4
      vertex 29.5853 32.4424 2.4
    endloop
  endfacet
  facet normal -0.740908 0.671607 0
    outer loop
      vertex 26.681 31.4032 2.4
      vertex 26.8787 31.6213 7.39
      vertex 26.8787 31.6213 2.4
    endloop
  endfacet
  facet normal -0.740908 0.671607 0
    outer loop
      vertex 26.8787 31.6213 7.39
      vertex 26.681 31.4032 2.4
      vertex 26.681 31.4032 7.39
    endloop
  endfacet
  facet normal 0.0489044 -0.998803 0
    outer loop
      vertex 29 26.5 2.4
      vertex 29.2941 26.5144 7.39
      vertex 29 26.5 7.39
    endloop
  endfacet
  facet normal 0.0489044 -0.998803 0
    outer loop
      vertex 29.2941 26.5144 7.39
      vertex 29 26.5 2.4
      vertex 29.2941 26.5144 2.4
    endloop
  endfacet
  facet normal 0.427269 0.904125 -0
    outer loop
      vertex 30.4142 32.1458 2.4
      vertex 30.148 32.2716 7.39
      vertex 30.4142 32.1458 7.39
    endloop
  endfacet
  facet normal 0.427269 0.904125 0
    outer loop
      vertex 30.148 32.2716 7.39
      vertex 30.4142 32.1458 2.4
      vertex 30.148 32.2716 2.4
    endloop
  endfacet
  facet normal 0.671607 0.740908 -0
    outer loop
      vertex 31.1213 31.6213 2.4
      vertex 30.9032 31.819 7.39
      vertex 31.1213 31.6213 7.39
    endloop
  endfacet
  facet normal 0.671607 0.740908 0
    outer loop
      vertex 30.9032 31.819 7.39
      vertex 31.1213 31.6213 2.4
      vertex 30.9032 31.819 2.4
    endloop
  endfacet
  facet normal -0.595699 -0.803208 0
    outer loop
      vertex 27.0968 27.181 2.4
      vertex 27.3333 27.0056 7.39
      vertex 27.0968 27.181 7.39
    endloop
  endfacet
  facet normal -0.595699 -0.803208 -0
    outer loop
      vertex 27.3333 27.0056 7.39
      vertex 27.0968 27.181 2.4
      vertex 27.3333 27.0056 2.4
    endloop
  endfacet
  facet normal 0.0489044 0.998803 -0
    outer loop
      vertex 29.2941 32.4856 2.4
      vertex 29 32.5 7.39
      vertex 29.2941 32.4856 7.39
    endloop
  endfacet
  facet normal 0.0489044 0.998803 0
    outer loop
      vertex 29 32.5 7.39
      vertex 29.2941 32.4856 2.4
      vertex 29 32.5 2.4
    endloop
  endfacet
  facet normal 0.243175 -0.969982 0
    outer loop
      vertex 29.5853 26.5576 2.4
      vertex 29.8709 26.6292 7.39
      vertex 29.5853 26.5576 7.39
    endloop
  endfacet
  facet normal 0.243175 -0.969982 0
    outer loop
      vertex 29.8709 26.6292 7.39
      vertex 29.5853 26.5576 2.4
      vertex 29.8709 26.6292 2.4
    endloop
  endfacet
  facet normal 0.989174 -0.146746 0
    outer loop
      vertex 31.9424 28.9147 7.39
      vertex 31.9856 29.2059 2.4
      vertex 31.9856 29.2059 7.39
    endloop
  endfacet
  facet normal 0.989174 -0.146746 0
    outer loop
      vertex 31.9856 29.2059 2.4
      vertex 31.9424 28.9147 7.39
      vertex 31.9424 28.9147 2.4
    endloop
  endfacet
  facet normal 0.514246 -0.857643 0
    outer loop
      vertex 30.4142 26.8542 2.4
      vertex 30.6667 27.0056 7.39
      vertex 30.4142 26.8542 7.39
    endloop
  endfacet
  facet normal 0.514246 -0.857643 0
    outer loop
      vertex 30.6667 27.0056 7.39
      vertex 30.4142 26.8542 2.4
      vertex 30.6667 27.0056 2.4
    endloop
  endfacet
  facet normal -0.243175 -0.969982 0
    outer loop
      vertex 28.1291 26.6292 2.4
      vertex 28.4147 26.5576 7.39
      vertex 28.1291 26.6292 7.39
    endloop
  endfacet
  facet normal -0.243175 -0.969982 -0
    outer loop
      vertex 28.4147 26.5576 7.39
      vertex 28.1291 26.6292 2.4
      vertex 28.4147 26.5576 2.4
    endloop
  endfacet
  facet normal -0.595699 0.803208 0
    outer loop
      vertex 27.3333 31.9944 2.4
      vertex 27.0968 31.819 7.39
      vertex 27.3333 31.9944 7.39
    endloop
  endfacet
  facet normal -0.595699 0.803208 0
    outer loop
      vertex 27.0968 31.819 7.39
      vertex 27.3333 31.9944 2.4
      vertex 27.0968 31.819 2.4
    endloop
  endfacet
  facet normal -0.998803 -0.0489044 0
    outer loop
      vertex 26.0144 29.2059 2.4
      vertex 26 29.5 7.39
      vertex 26 29.5 2.4
    endloop
  endfacet
  facet normal -0.998803 -0.0489044 0
    outer loop
      vertex 26 29.5 7.39
      vertex 26.0144 29.2059 2.4
      vertex 26.0144 29.2059 7.39
    endloop
  endfacet
  facet normal -0.969982 -0.243175 0
    outer loop
      vertex 26.1292 28.6291 2.4
      vertex 26.0576 28.9147 7.39
      vertex 26.0576 28.9147 2.4
    endloop
  endfacet
  facet normal -0.969982 -0.243175 0
    outer loop
      vertex 26.0576 28.9147 7.39
      vertex 26.1292 28.6291 2.4
      vertex 26.1292 28.6291 7.39
    endloop
  endfacet
  facet normal 0.969982 -0.243175 0
    outer loop
      vertex 31.8708 28.6291 7.39
      vertex 31.9424 28.9147 2.4
      vertex 31.9424 28.9147 7.39
    endloop
  endfacet
  facet normal 0.969982 -0.243175 0
    outer loop
      vertex 31.9424 28.9147 2.4
      vertex 31.8708 28.6291 7.39
      vertex 31.8708 28.6291 2.4
    endloop
  endfacet
  facet normal -0.514246 0.857643 0
    outer loop
      vertex 27.5858 32.1458 2.4
      vertex 27.3333 31.9944 7.39
      vertex 27.5858 32.1458 7.39
    endloop
  endfacet
  facet normal -0.514246 0.857643 0
    outer loop
      vertex 27.3333 31.9944 7.39
      vertex 27.5858 32.1458 2.4
      vertex 27.3333 31.9944 2.4
    endloop
  endfacet
  facet normal 0.595699 0.803208 -0
    outer loop
      vertex 30.9032 31.819 2.4
      vertex 30.6667 31.9944 7.39
      vertex 30.9032 31.819 7.39
    endloop
  endfacet
  facet normal 0.595699 0.803208 0
    outer loop
      vertex 30.6667 31.9944 7.39
      vertex 30.9032 31.819 2.4
      vertex 30.6667 31.9944 2.4
    endloop
  endfacet
  facet normal -0.904125 -0.427269 0
    outer loop
      vertex 26.3542 28.0858 2.4
      vertex 26.2284 28.352 7.39
      vertex 26.2284 28.352 2.4
    endloop
  endfacet
  facet normal -0.904125 -0.427269 0
    outer loop
      vertex 26.2284 28.352 7.39
      vertex 26.3542 28.0858 2.4
      vertex 26.3542 28.0858 7.39
    endloop
  endfacet
  facet normal 0.941488 -0.337047 0
    outer loop
      vertex 31.7716 28.352 7.39
      vertex 31.8708 28.6291 2.4
      vertex 31.8708 28.6291 7.39
    endloop
  endfacet
  facet normal 0.941488 -0.337047 0
    outer loop
      vertex 31.8708 28.6291 2.4
      vertex 31.7716 28.352 7.39
      vertex 31.7716 28.352 2.4
    endloop
  endfacet
  facet normal 0.146746 0.989174 -0
    outer loop
      vertex 29.5853 32.4424 2.4
      vertex 29.2941 32.4856 7.39
      vertex 29.5853 32.4424 7.39
    endloop
  endfacet
  facet normal 0.146746 0.989174 0
    outer loop
      vertex 29.2941 32.4856 7.39
      vertex 29.5853 32.4424 2.4
      vertex 29.2941 32.4856 2.4
    endloop
  endfacet
  facet normal -0.427269 0.904125 0
    outer loop
      vertex 27.852 32.2716 2.4
      vertex 27.5858 32.1458 7.39
      vertex 27.852 32.2716 7.39
    endloop
  endfacet
  facet normal -0.427269 0.904125 0
    outer loop
      vertex 27.5858 32.1458 7.39
      vertex 27.852 32.2716 2.4
      vertex 27.5858 32.1458 2.4
    endloop
  endfacet
  facet normal 0.514246 0.857643 -0
    outer loop
      vertex 30.6667 31.9944 2.4
      vertex 30.4142 32.1458 7.39
      vertex 30.6667 31.9944 7.39
    endloop
  endfacet
  facet normal 0.514246 0.857643 0
    outer loop
      vertex 30.4142 32.1458 7.39
      vertex 30.6667 31.9944 2.4
      vertex 30.4142 32.1458 2.4
    endloop
  endfacet
  facet normal 0.427269 -0.904125 0
    outer loop
      vertex 30.148 26.7284 2.4
      vertex 30.4142 26.8542 7.39
      vertex 30.148 26.7284 7.39
    endloop
  endfacet
  facet normal 0.427269 -0.904125 0
    outer loop
      vertex 30.4142 26.8542 7.39
      vertex 30.148 26.7284 2.4
      vertex 30.4142 26.8542 2.4
    endloop
  endfacet
  facet normal -0.941488 -0.337047 0
    outer loop
      vertex 26.2284 28.352 2.4
      vertex 26.1292 28.6291 7.39
      vertex 26.1292 28.6291 2.4
    endloop
  endfacet
  facet normal -0.941488 -0.337047 0
    outer loop
      vertex 26.1292 28.6291 7.39
      vertex 26.2284 28.352 2.4
      vertex 26.2284 28.352 7.39
    endloop
  endfacet
  facet normal 0.857643 -0.514246 0
    outer loop
      vertex 31.4944 27.8333 7.39
      vertex 31.6458 28.0858 2.4
      vertex 31.6458 28.0858 7.39
    endloop
  endfacet
  facet normal 0.857643 -0.514246 0
    outer loop
      vertex 31.6458 28.0858 2.4
      vertex 31.4944 27.8333 7.39
      vertex 31.4944 27.8333 2.4
    endloop
  endfacet
  facet normal 0.904125 -0.427269 0
    outer loop
      vertex 31.6458 28.0858 7.39
      vertex 31.7716 28.352 2.4
      vertex 31.7716 28.352 7.39
    endloop
  endfacet
  facet normal 0.904125 -0.427269 0
    outer loop
      vertex 31.7716 28.352 2.4
      vertex 31.6458 28.0858 7.39
      vertex 31.6458 28.0858 2.4
    endloop
  endfacet
  facet normal 0.998803 -0.0489044 0
    outer loop
      vertex 31.9856 29.2059 7.39
      vertex 32 29.5 2.4
      vertex 32 29.5 7.39
    endloop
  endfacet
  facet normal 0.998803 -0.0489044 0
    outer loop
      vertex 32 29.5 2.4
      vertex 31.9856 29.2059 7.39
      vertex 31.9856 29.2059 2.4
    endloop
  endfacet
  facet normal -0.146746 0.989174 0
    outer loop
      vertex 28.7059 32.4856 2.4
      vertex 28.4147 32.4424 7.39
      vertex 28.7059 32.4856 7.39
    endloop
  endfacet
  facet normal -0.146746 0.989174 0
    outer loop
      vertex 28.4147 32.4424 7.39
      vertex 28.7059 32.4856 2.4
      vertex 28.4147 32.4424 2.4
    endloop
  endfacet
  facet normal 0.146746 -0.989174 0
    outer loop
      vertex 29.2941 26.5144 2.4
      vertex 29.5853 26.5576 7.39
      vertex 29.2941 26.5144 7.39
    endloop
  endfacet
  facet normal 0.146746 -0.989174 0
    outer loop
      vertex 29.5853 26.5576 7.39
      vertex 29.2941 26.5144 2.4
      vertex 29.5853 26.5576 2.4
    endloop
  endfacet
  facet normal 0.740908 -0.671607 0
    outer loop
      vertex 31.1213 27.3787 7.39
      vertex 31.319 27.5968 2.4
      vertex 31.319 27.5968 7.39
    endloop
  endfacet
  facet normal 0.740908 -0.671607 0
    outer loop
      vertex 31.319 27.5968 2.4
      vertex 31.1213 27.3787 7.39
      vertex 31.1213 27.3787 2.4
    endloop
  endfacet
  facet normal 0.803208 -0.595699 0
    outer loop
      vertex 31.319 27.5968 7.39
      vertex 31.4944 27.8333 2.4
      vertex 31.4944 27.8333 7.39
    endloop
  endfacet
  facet normal 0.803208 -0.595699 0
    outer loop
      vertex 31.4944 27.8333 2.4
      vertex 31.319 27.5968 7.39
      vertex 31.319 27.5968 2.4
    endloop
  endfacet
  facet normal -0.243175 0.969982 0
    outer loop
      vertex 28.4147 32.4424 2.4
      vertex 28.1291 32.3708 7.39
      vertex 28.4147 32.4424 7.39
    endloop
  endfacet
  facet normal -0.243175 0.969982 0
    outer loop
      vertex 28.1291 32.3708 7.39
      vertex 28.4147 32.4424 2.4
      vertex 28.1291 32.3708 2.4
    endloop
  endfacet
  facet normal 0.803208 0.595699 0
    outer loop
      vertex 31.4944 31.1667 7.39
      vertex 31.319 31.4032 2.4
      vertex 31.319 31.4032 7.39
    endloop
  endfacet
  facet normal 0.803208 0.595699 0
    outer loop
      vertex 31.319 31.4032 2.4
      vertex 31.4944 31.1667 7.39
      vertex 31.4944 31.1667 2.4
    endloop
  endfacet
  facet normal 0.904125 0.427269 0
    outer loop
      vertex 31.7716 30.648 7.39
      vertex 31.6458 30.9142 2.4
      vertex 31.6458 30.9142 7.39
    endloop
  endfacet
  facet normal 0.904125 0.427269 0
    outer loop
      vertex 31.6458 30.9142 2.4
      vertex 31.7716 30.648 7.39
      vertex 31.7716 30.648 2.4
    endloop
  endfacet
  facet normal -0.857643 0.514246 0
    outer loop
      vertex 26.3542 30.9142 2.4
      vertex 26.5056 31.1667 7.39
      vertex 26.5056 31.1667 2.4
    endloop
  endfacet
  facet normal -0.857643 0.514246 0
    outer loop
      vertex 26.5056 31.1667 7.39
      vertex 26.3542 30.9142 2.4
      vertex 26.3542 30.9142 7.39
    endloop
  endfacet
  facet normal -0.671607 0.740908 0
    outer loop
      vertex 27.0968 31.819 2.4
      vertex 26.8787 31.6213 7.39
      vertex 27.0968 31.819 7.39
    endloop
  endfacet
  facet normal -0.671607 0.740908 0
    outer loop
      vertex 26.8787 31.6213 7.39
      vertex 27.0968 31.819 2.4
      vertex 26.8787 31.6213 2.4
    endloop
  endfacet
  facet normal -0.857643 -0.514246 0
    outer loop
      vertex 26.5056 27.8333 2.4
      vertex 26.3542 28.0858 7.39
      vertex 26.3542 28.0858 2.4
    endloop
  endfacet
  facet normal -0.857643 -0.514246 0
    outer loop
      vertex 26.3542 28.0858 7.39
      vertex 26.5056 27.8333 2.4
      vertex 26.5056 27.8333 7.39
    endloop
  endfacet
  facet normal -0.427269 -0.904125 0
    outer loop
      vertex 27.5858 26.8542 2.4
      vertex 27.852 26.7284 7.39
      vertex 27.5858 26.8542 7.39
    endloop
  endfacet
  facet normal -0.427269 -0.904125 -0
    outer loop
      vertex 27.852 26.7284 7.39
      vertex 27.5858 26.8542 2.4
      vertex 27.852 26.7284 2.4
    endloop
  endfacet
  facet normal -0.740908 -0.671607 0
    outer loop
      vertex 26.8787 27.3787 2.4
      vertex 26.681 27.5968 7.39
      vertex 26.681 27.5968 2.4
    endloop
  endfacet
  facet normal -0.740908 -0.671607 0
    outer loop
      vertex 26.681 27.5968 7.39
      vertex 26.8787 27.3787 2.4
      vertex 26.8787 27.3787 7.39
    endloop
  endfacet
  facet normal -0.337047 0.941488 0
    outer loop
      vertex 28.1291 32.3708 2.4
      vertex 27.852 32.2716 7.39
      vertex 28.1291 32.3708 7.39
    endloop
  endfacet
  facet normal -0.337047 0.941488 0
    outer loop
      vertex 27.852 32.2716 7.39
      vertex 28.1291 32.3708 2.4
      vertex 27.852 32.2716 2.4
    endloop
  endfacet
  facet normal -0.514246 -0.857643 0
    outer loop
      vertex 27.3333 27.0056 2.4
      vertex 27.5858 26.8542 7.39
      vertex 27.3333 27.0056 7.39
    endloop
  endfacet
  facet normal -0.514246 -0.857643 -0
    outer loop
      vertex 27.5858 26.8542 7.39
      vertex 27.3333 27.0056 2.4
      vertex 27.5858 26.8542 2.4
    endloop
  endfacet
  facet normal 0.595699 -0.803208 0
    outer loop
      vertex 30.6667 27.0056 2.4
      vertex 30.9032 27.181 7.39
      vertex 30.6667 27.0056 7.39
    endloop
  endfacet
  facet normal 0.595699 -0.803208 0
    outer loop
      vertex 30.9032 27.181 7.39
      vertex 30.6667 27.0056 2.4
      vertex 30.9032 27.181 2.4
    endloop
  endfacet
  facet normal -0.0489044 0.998803 0
    outer loop
      vertex 29 32.5 2.4
      vertex 28.7059 32.4856 7.39
      vertex 29 32.5 7.39
    endloop
  endfacet
  facet normal -0.0489044 0.998803 0
    outer loop
      vertex 28.7059 32.4856 7.39
      vertex 29 32.5 2.4
      vertex 28.7059 32.4856 2.4
    endloop
  endfacet
  facet normal -0.969982 0.243175 0
    outer loop
      vertex 26.0576 30.0853 2.4
      vertex 26.1292 30.3709 7.39
      vertex 26.1292 30.3709 2.4
    endloop
  endfacet
  facet normal -0.969982 0.243175 0
    outer loop
      vertex 26.1292 30.3709 7.39
      vertex 26.0576 30.0853 2.4
      vertex 26.0576 30.0853 7.39
    endloop
  endfacet
  facet normal -0.941488 0.337047 0
    outer loop
      vertex 26.1292 30.3709 2.4
      vertex 26.2284 30.648 7.39
      vertex 26.2284 30.648 2.4
    endloop
  endfacet
  facet normal -0.941488 0.337047 0
    outer loop
      vertex 26.2284 30.648 7.39
      vertex 26.1292 30.3709 2.4
      vertex 26.1292 30.3709 7.39
    endloop
  endfacet
  facet normal 0.337047 0.941488 -0
    outer loop
      vertex 30.148 32.2716 2.4
      vertex 29.8709 32.3708 7.39
      vertex 30.148 32.2716 7.39
    endloop
  endfacet
  facet normal 0.337047 0.941488 0
    outer loop
      vertex 29.8709 32.3708 7.39
      vertex 30.148 32.2716 2.4
      vertex 29.8709 32.3708 2.4
    endloop
  endfacet
  facet normal -0.803208 -0.595699 0
    outer loop
      vertex 26.681 27.5968 2.4
      vertex 26.5056 27.8333 7.39
      vertex 26.5056 27.8333 2.4
    endloop
  endfacet
  facet normal -0.803208 -0.595699 0
    outer loop
      vertex 26.5056 27.8333 7.39
      vertex 26.681 27.5968 2.4
      vertex 26.681 27.5968 7.39
    endloop
  endfacet
  facet normal -0.989174 -0.146746 0
    outer loop
      vertex 26.0576 28.9147 2.4
      vertex 26.0144 29.2059 7.39
      vertex 26.0144 29.2059 2.4
    endloop
  endfacet
  facet normal -0.989174 -0.146746 0
    outer loop
      vertex 26.0144 29.2059 7.39
      vertex 26.0576 28.9147 2.4
      vertex 26.0576 28.9147 7.39
    endloop
  endfacet
  facet normal -0.904125 0.427269 0
    outer loop
      vertex 26.2284 30.648 2.4
      vertex 26.3542 30.9142 7.39
      vertex 26.3542 30.9142 2.4
    endloop
  endfacet
  facet normal -0.904125 0.427269 0
    outer loop
      vertex 26.3542 30.9142 7.39
      vertex 26.2284 30.648 2.4
      vertex 26.2284 30.648 7.39
    endloop
  endfacet
  facet normal -0.671607 -0.740908 0
    outer loop
      vertex 26.8787 27.3787 2.4
      vertex 27.0968 27.181 7.39
      vertex 26.8787 27.3787 7.39
    endloop
  endfacet
  facet normal -0.671607 -0.740908 -0
    outer loop
      vertex 27.0968 27.181 7.39
      vertex 26.8787 27.3787 2.4
      vertex 27.0968 27.181 2.4
    endloop
  endfacet
  facet normal -0.803208 0.595699 0
    outer loop
      vertex 26.5056 31.1667 2.4
      vertex 26.681 31.4032 7.39
      vertex 26.681 31.4032 2.4
    endloop
  endfacet
  facet normal -0.803208 0.595699 0
    outer loop
      vertex 26.681 31.4032 7.39
      vertex 26.5056 31.1667 2.4
      vertex 26.5056 31.1667 7.39
    endloop
  endfacet
  facet normal -0.0489044 -0.998803 0
    outer loop
      vertex 28.7059 26.5144 2.4
      vertex 29 26.5 7.39
      vertex 28.7059 26.5144 7.39
    endloop
  endfacet
  facet normal -0.0489044 -0.998803 -0
    outer loop
      vertex 29 26.5 7.39
      vertex 28.7059 26.5144 2.4
      vertex 29 26.5 2.4
    endloop
  endfacet
  facet normal -0.146746 -0.989174 0
    outer loop
      vertex 28.4147 26.5576 2.4
      vertex 28.7059 26.5144 7.39
      vertex 28.4147 26.5576 7.39
    endloop
  endfacet
  facet normal -0.146746 -0.989174 -0
    outer loop
      vertex 28.7059 26.5144 7.39
      vertex 28.4147 26.5576 2.4
      vertex 28.7059 26.5144 2.4
    endloop
  endfacet
  facet normal -0.989174 0.146746 0
    outer loop
      vertex 26.0144 29.7941 2.4
      vertex 26.0576 30.0853 7.39
      vertex 26.0576 30.0853 2.4
    endloop
  endfacet
  facet normal -0.989174 0.146746 0
    outer loop
      vertex 26.0576 30.0853 7.39
      vertex 26.0144 29.7941 2.4
      vertex 26.0144 29.7941 7.39
    endloop
  endfacet
  facet normal -0.998803 0.0489044 0
    outer loop
      vertex 26 29.5 2.4
      vertex 26.0144 29.7941 7.39
      vertex 26.0144 29.7941 2.4
    endloop
  endfacet
  facet normal -0.998803 0.0489044 0
    outer loop
      vertex 26.0144 29.7941 7.39
      vertex 26 29.5 2.4
      vertex 26 29.5 7.39
    endloop
  endfacet
  facet normal -0.337047 -0.941488 0
    outer loop
      vertex 27.852 26.7284 2.4
      vertex 28.1291 26.6292 7.39
      vertex 27.852 26.7284 7.39
    endloop
  endfacet
  facet normal -0.337047 -0.941488 -0
    outer loop
      vertex 28.1291 26.6292 7.39
      vertex 27.852 26.7284 2.4
      vertex 28.1291 26.6292 2.4
    endloop
  endfacet
  facet normal 0.671607 -0.740908 0
    outer loop
      vertex 30.9032 27.181 2.4
      vertex 31.1213 27.3787 7.39
      vertex 30.9032 27.181 7.39
    endloop
  endfacet
  facet normal 0.671607 -0.740908 0
    outer loop
      vertex 31.1213 27.3787 7.39
      vertex 30.9032 27.181 2.4
      vertex 31.1213 27.3787 2.4
    endloop
  endfacet
  facet normal 0 0 1
    outer loop
      vertex 30.1 29.5 7.39
      vertex 32 29.5 7.39
      vertex 31.9856 29.7941 7.39
    endloop
  endfacet
  facet normal 0 0 1
    outer loop
      vertex 30.0947 29.6078 7.39
      vertex 31.9856 29.7941 7.39
      vertex 31.9424 30.0853 7.39
    endloop
  endfacet
  facet normal 0 0 1
    outer loop
      vertex 32 29.5 7.39
      vertex 30.1 29.5 7.39
      vertex 31.9856 29.2059 7.39
    endloop
  endfacet
  facet normal 0 0 1
    outer loop
      vertex 30.0789 29.7146 7.39
      vertex 31.9424 30.0853 7.39
      vertex 31.8708 30.3709 7.39
    endloop
  endfacet
  facet normal -0 0 1
    outer loop
      vertex 30.0947 29.3922 7.39
      vertex 31.9856 29.2059 7.39
      vertex 30.1 29.5 7.39
    endloop
  endfacet
  facet normal 0 0 1
    outer loop
      vertex 30.0526 29.8193 7.39
      vertex 31.8708 30.3709 7.39
      vertex 31.7716 30.648 7.39
    endloop
  endfacet
  facet normal 0 0 1
    outer loop
      vertex 31.9856 29.2059 7.39
      vertex 30.0947 29.3922 7.39
      vertex 31.9424 28.9147 7.39
    endloop
  endfacet
  facet normal 0 0 1
    outer loop
      vertex 30.0163 29.921 7.39
      vertex 31.7716 30.648 7.39
      vertex 31.6458 30.9142 7.39
    endloop
  endfacet
  facet normal -0 0 1
    outer loop
      vertex 30.0789 29.2854 7.39
      vertex 31.9424 28.9147 7.39
      vertex 30.0947 29.3922 7.39
    endloop
  endfacet
  facet normal 0 0 1
    outer loop
      vertex 29.9701 30.0185 7.39
      vertex 31.6458 30.9142 7.39
      vertex 31.4944 31.1667 7.39
    endloop
  endfacet
  facet normal 0 0 1
    outer loop
      vertex 31.9424 28.9147 7.39
      vertex 30.0789 29.2854 7.39
      vertex 31.8708 28.6291 7.39
    endloop
  endfacet
  facet normal 0 0 1
    outer loop
      vertex 29.9146 30.1111 7.39
      vertex 31.4944 31.1667 7.39
      vertex 31.319 31.4032 7.39
    endloop
  endfacet
  facet normal -0 0 1
    outer loop
      vertex 30.0526 29.1807 7.39
      vertex 31.8708 28.6291 7.39
      vertex 30.0789 29.2854 7.39
    endloop
  endfacet
  facet normal 0 0 1
    outer loop
      vertex 29.8503 30.1978 7.39
      vertex 31.319 31.4032 7.39
      vertex 31.1213 31.6213 7.39
    endloop
  endfacet
  facet normal 0 0 1
    outer loop
      vertex 31.8708 28.6291 7.39
      vertex 30.0526 29.1807 7.39
      vertex 31.7716 28.352 7.39
    endloop
  endfacet
  facet normal 0 0 1
    outer loop
      vertex 29.7778 30.2778 7.39
      vertex 31.1213 31.6213 7.39
      vertex 30.9032 31.819 7.39
    endloop
  endfacet
  facet normal -0 0 1
    outer loop
      vertex 30.0163 29.079 7.39
      vertex 31.7716 28.352 7.39
      vertex 30.0526 29.1807 7.39
    endloop
  endfacet
  facet normal 0 0 1
    outer loop
      vertex 29.6978 30.3503 7.39
      vertex 30.9032 31.819 7.39
      vertex 30.6667 31.9944 7.39
    endloop
  endfacet
  facet normal 0 0 1
    outer loop
      vertex 31.7716 28.352 7.39
      vertex 30.0163 29.079 7.39
      vertex 31.6458 28.0858 7.39
    endloop
  endfacet
  facet normal 0 0 1
    outer loop
      vertex 29.6111 30.4146 7.39
      vertex 30.6667 31.9944 7.39
      vertex 30.4142 32.1458 7.39
    endloop
  endfacet
  facet normal -0 0 1
    outer loop
      vertex 29.9701 28.9815 7.39
      vertex 31.6458 28.0858 7.39
      vertex 30.0163 29.079 7.39
    endloop
  endfacet
  facet normal 0 0 1
    outer loop
      vertex 29.5185 30.4701 7.39
      vertex 30.4142 32.1458 7.39
      vertex 30.148 32.2716 7.39
    endloop
  endfacet
  facet normal 0 0 1
    outer loop
      vertex 31.6458 28.0858 7.39
      vertex 29.9701 28.9815 7.39
      vertex 31.4944 27.8333 7.39
    endloop
  endfacet
  facet normal -0 0 1
    outer loop
      vertex 29.9146 28.8889 7.39
      vertex 31.4944 27.8333 7.39
      vertex 29.9701 28.9815 7.39
    endloop
  endfacet
  facet normal 0 0 1
    outer loop
      vertex 31.9856 29.7941 7.39
      vertex 30.0947 29.6078 7.39
      vertex 30.1 29.5 7.39
    endloop
  endfacet
  facet normal 0 0 1
    outer loop
      vertex 31.9424 30.0853 7.39
      vertex 30.0789 29.7146 7.39
      vertex 30.0947 29.6078 7.39
    endloop
  endfacet
  facet normal 0 0 1
    outer loop
      vertex 31.8708 30.3709 7.39
      vertex 30.0526 29.8193 7.39
      vertex 30.0789 29.7146 7.39
    endloop
  endfacet
  facet normal 0 0 1
    outer loop
      vertex 31.7716 30.648 7.39
      vertex 30.0163 29.921 7.39
      vertex 30.0526 29.8193 7.39
    endloop
  endfacet
  facet normal 0 0 1
    outer loop
      vertex 31.6458 30.9142 7.39
      vertex 29.9701 30.0185 7.39
      vertex 30.0163 29.921 7.39
    endloop
  endfacet
  facet normal 0 0 1
    outer loop
      vertex 31.4944 31.1667 7.39
      vertex 29.9146 30.1111 7.39
      vertex 29.9701 30.0185 7.39
    endloop
  endfacet
  facet normal 0 0 1
    outer loop
      vertex 29.421 30.5163 7.39
      vertex 30.148 32.2716 7.39
      vertex 29.8709 32.3708 7.39
    endloop
  endfacet
  facet normal 0 0 1
    outer loop
      vertex 31.319 31.4032 7.39
      vertex 29.8503 30.1978 7.39
      vertex 29.9146 30.1111 7.39
    endloop
  endfacet
  facet normal 0 0 1
    outer loop
      vertex 31.1213 31.6213 7.39
      vertex 29.7778 30.2778 7.39
      vertex 29.8503 30.1978 7.39
    endloop
  endfacet
  facet normal 0 0 1
    outer loop
      vertex 30.9032 31.819 7.39
      vertex 29.6978 30.3503 7.39
      vertex 29.7778 30.2778 7.39
    endloop
  endfacet
  facet normal 0 0 1
    outer loop
      vertex 30.6667 31.9944 7.39
      vertex 29.6111 30.4146 7.39
      vertex 29.6978 30.3503 7.39
    endloop
  endfacet
  facet normal 0 0 1
    outer loop
      vertex 29.3193 30.5526 7.39
      vertex 29.8709 32.3708 7.39
      vertex 29.5853 32.4424 7.39
    endloop
  endfacet
  facet normal 0 0 1
    outer loop
      vertex 30.4142 32.1458 7.39
      vertex 29.5185 30.4701 7.39
      vertex 29.6111 30.4146 7.39
    endloop
  endfacet
  facet normal 0 0 1
    outer loop
      vertex 30.148 32.2716 7.39
      vertex 29.421 30.5163 7.39
      vertex 29.5185 30.4701 7.39
    endloop
  endfacet
  facet normal 0 0 1
    outer loop
      vertex 29.8709 32.3708 7.39
      vertex 29.3193 30.5526 7.39
      vertex 29.421 30.5163 7.39
    endloop
  endfacet
  facet normal 0 0 1
    outer loop
      vertex 29.2146 30.5789 7.39
      vertex 29.5853 32.4424 7.39
      vertex 29.2941 32.4856 7.39
    endloop
  endfacet
  facet normal 0 0 1
    outer loop
      vertex 29.5853 32.4424 7.39
      vertex 29.2146 30.5789 7.39
      vertex 29.3193 30.5526 7.39
    endloop
  endfacet
  facet normal 0 0 1
    outer loop
      vertex 29.2941 32.4856 7.39
      vertex 29.1078 30.5947 7.39
      vertex 29.2146 30.5789 7.39
    endloop
  endfacet
  facet normal 0 0 1
    outer loop
      vertex 29 32.5 7.39
      vertex 29.1078 30.5947 7.39
      vertex 29.2941 32.4856 7.39
    endloop
  endfacet
  facet normal 0 0 1
    outer loop
      vertex 29 32.5 7.39
      vertex 29 30.6 7.39
      vertex 29.1078 30.5947 7.39
    endloop
  endfacet
  facet normal 0 0 1
    outer loop
      vertex 29 32.5 7.39
      vertex 28.8922 30.5947 7.39
      vertex 29 30.6 7.39
    endloop
  endfacet
  facet normal -0 0 1
    outer loop
      vertex 28.7059 32.4856 7.39
      vertex 28.8922 30.5947 7.39
      vertex 29 32.5 7.39
    endloop
  endfacet
  facet normal 0 0 1
    outer loop
      vertex 28.8922 30.5947 7.39
      vertex 28.7059 32.4856 7.39
      vertex 28.7854 30.5789 7.39
    endloop
  endfacet
  facet normal -0 0 1
    outer loop
      vertex 28.4147 32.4424 7.39
      vertex 28.7854 30.5789 7.39
      vertex 28.7059 32.4856 7.39
    endloop
  endfacet
  facet normal 0 0 1
    outer loop
      vertex 28.7854 30.5789 7.39
      vertex 28.4147 32.4424 7.39
      vertex 28.6807 30.5526 7.39
    endloop
  endfacet
  facet normal -0 0 1
    outer loop
      vertex 28.1291 32.3708 7.39
      vertex 28.6807 30.5526 7.39
      vertex 28.4147 32.4424 7.39
    endloop
  endfacet
  facet normal 0 0 1
    outer loop
      vertex 28.6807 30.5526 7.39
      vertex 28.1291 32.3708 7.39
      vertex 28.579 30.5163 7.39
    endloop
  endfacet
  facet normal -0 0 1
    outer loop
      vertex 27.852 32.2716 7.39
      vertex 28.579 30.5163 7.39
      vertex 28.1291 32.3708 7.39
    endloop
  endfacet
  facet normal 0 0 1
    outer loop
      vertex 28.579 30.5163 7.39
      vertex 27.852 32.2716 7.39
      vertex 28.4815 30.4701 7.39
    endloop
  endfacet
  facet normal -0 0 1
    outer loop
      vertex 27.5858 32.1458 7.39
      vertex 28.4815 30.4701 7.39
      vertex 27.852 32.2716 7.39
    endloop
  endfacet
  facet normal 0 0 1
    outer loop
      vertex 28.4815 30.4701 7.39
      vertex 27.5858 32.1458 7.39
      vertex 28.3889 30.4146 7.39
    endloop
  endfacet
  facet normal -0 0 1
    outer loop
      vertex 27.3333 31.9944 7.39
      vertex 28.3889 30.4146 7.39
      vertex 27.5858 32.1458 7.39
    endloop
  endfacet
  facet normal 0 0 1
    outer loop
      vertex 28.3889 30.4146 7.39
      vertex 27.3333 31.9944 7.39
      vertex 28.3022 30.3503 7.39
    endloop
  endfacet
  facet normal -0 0 1
    outer loop
      vertex 27.0968 31.819 7.39
      vertex 28.3022 30.3503 7.39
      vertex 27.3333 31.9944 7.39
    endloop
  endfacet
  facet normal 0 0 1
    outer loop
      vertex 28.3022 30.3503 7.39
      vertex 27.0968 31.819 7.39
      vertex 28.2222 30.2778 7.39
    endloop
  endfacet
  facet normal -0 0 1
    outer loop
      vertex 26.8787 31.6213 7.39
      vertex 28.2222 30.2778 7.39
      vertex 27.0968 31.819 7.39
    endloop
  endfacet
  facet normal 0 0 1
    outer loop
      vertex 28.2222 30.2778 7.39
      vertex 26.8787 31.6213 7.39
      vertex 28.1497 30.1978 7.39
    endloop
  endfacet
  facet normal -0 0 1
    outer loop
      vertex 26.681 31.4032 7.39
      vertex 28.1497 30.1978 7.39
      vertex 26.8787 31.6213 7.39
    endloop
  endfacet
  facet normal -0 0 1
    outer loop
      vertex 26.5056 31.1667 7.39
      vertex 28.0854 30.1111 7.39
      vertex 26.681 31.4032 7.39
    endloop
  endfacet
  facet normal 0 0 1
    outer loop
      vertex 28.1497 30.1978 7.39
      vertex 26.681 31.4032 7.39
      vertex 28.0854 30.1111 7.39
    endloop
  endfacet
  facet normal 0 0 1
    outer loop
      vertex 31.4944 27.8333 7.39
      vertex 29.9146 28.8889 7.39
      vertex 31.319 27.5968 7.39
    endloop
  endfacet
  facet normal -0 0 1
    outer loop
      vertex 29.8503 28.8022 7.39
      vertex 31.319 27.5968 7.39
      vertex 29.9146 28.8889 7.39
    endloop
  endfacet
  facet normal 0 0 1
    outer loop
      vertex 31.319 27.5968 7.39
      vertex 29.8503 28.8022 7.39
      vertex 31.1213 27.3787 7.39
    endloop
  endfacet
  facet normal -0 0 1
    outer loop
      vertex 29.7778 28.7222 7.39
      vertex 31.1213 27.3787 7.39
      vertex 29.8503 28.8022 7.39
    endloop
  endfacet
  facet normal 0 0 1
    outer loop
      vertex 31.1213 27.3787 7.39
      vertex 29.7778 28.7222 7.39
      vertex 30.9032 27.181 7.39
    endloop
  endfacet
  facet normal -0 0 1
    outer loop
      vertex 29.6978 28.6497 7.39
      vertex 30.9032 27.181 7.39
      vertex 29.7778 28.7222 7.39
    endloop
  endfacet
  facet normal 0 0 1
    outer loop
      vertex 30.9032 27.181 7.39
      vertex 29.6978 28.6497 7.39
      vertex 30.6667 27.0056 7.39
    endloop
  endfacet
  facet normal -0 0 1
    outer loop
      vertex 29.6111 28.5854 7.39
      vertex 30.6667 27.0056 7.39
      vertex 29.6978 28.6497 7.39
    endloop
  endfacet
  facet normal 0 0 1
    outer loop
      vertex 30.6667 27.0056 7.39
      vertex 29.6111 28.5854 7.39
      vertex 30.4142 26.8542 7.39
    endloop
  endfacet
  facet normal -0 0 1
    outer loop
      vertex 29.5185 28.5299 7.39
      vertex 30.4142 26.8542 7.39
      vertex 29.6111 28.5854 7.39
    endloop
  endfacet
  facet normal 0 0 1
    outer loop
      vertex 30.4142 26.8542 7.39
      vertex 29.5185 28.5299 7.39
      vertex 30.148 26.7284 7.39
    endloop
  endfacet
  facet normal -0 0 1
    outer loop
      vertex 29.421 28.4837 7.39
      vertex 30.148 26.7284 7.39
      vertex 29.5185 28.5299 7.39
    endloop
  endfacet
  facet normal 0 0 1
    outer loop
      vertex 30.148 26.7284 7.39
      vertex 29.421 28.4837 7.39
      vertex 29.8709 26.6292 7.39
    endloop
  endfacet
  facet normal -0 0 1
    outer loop
      vertex 29.3193 28.4474 7.39
      vertex 29.8709 26.6292 7.39
      vertex 29.421 28.4837 7.39
    endloop
  endfacet
  facet normal 0 0 1
    outer loop
      vertex 29.8709 26.6292 7.39
      vertex 29.3193 28.4474 7.39
      vertex 29.5853 26.5576 7.39
    endloop
  endfacet
  facet normal -0 0 1
    outer loop
      vertex 29.2146 28.4211 7.39
      vertex 29.5853 26.5576 7.39
      vertex 29.3193 28.4474 7.39
    endloop
  endfacet
  facet normal 0 0 1
    outer loop
      vertex 29.5853 26.5576 7.39
      vertex 29.2146 28.4211 7.39
      vertex 29.2941 26.5144 7.39
    endloop
  endfacet
  facet normal -0 0 1
    outer loop
      vertex 29.1078 28.4053 7.39
      vertex 29.2941 26.5144 7.39
      vertex 29.2146 28.4211 7.39
    endloop
  endfacet
  facet normal -0 0 1
    outer loop
      vertex 29 28.4 7.39
      vertex 29.2941 26.5144 7.39
      vertex 29.1078 28.4053 7.39
    endloop
  endfacet
  facet normal 0 0 1
    outer loop
      vertex 29 28.4 7.39
      vertex 29 26.5 7.39
      vertex 29.2941 26.5144 7.39
    endloop
  endfacet
  facet normal 0 0 1
    outer loop
      vertex 28.8922 28.4053 7.39
      vertex 29 26.5 7.39
      vertex 29 28.4 7.39
    endloop
  endfacet
  facet normal 0 0 1
    outer loop
      vertex 28.7059 26.5144 7.39
      vertex 28.8922 28.4053 7.39
      vertex 28.7854 28.4211 7.39
    endloop
  endfacet
  facet normal 0 0 1
    outer loop
      vertex 28.8922 28.4053 7.39
      vertex 28.7059 26.5144 7.39
      vertex 29 26.5 7.39
    endloop
  endfacet
  facet normal 0 0 1
    outer loop
      vertex 28.4147 26.5576 7.39
      vertex 28.7854 28.4211 7.39
      vertex 28.6807 28.4474 7.39
    endloop
  endfacet
  facet normal 0 0 1
    outer loop
      vertex 28.1291 26.6292 7.39
      vertex 28.6807 28.4474 7.39
      vertex 28.579 28.4837 7.39
    endloop
  endfacet
  facet normal 0 0 1
    outer loop
      vertex 27.852 26.7284 7.39
      vertex 28.579 28.4837 7.39
      vertex 28.4815 28.5299 7.39
    endloop
  endfacet
  facet normal 0 0 1
    outer loop
      vertex 28.7854 28.4211 7.39
      vertex 28.4147 26.5576 7.39
      vertex 28.7059 26.5144 7.39
    endloop
  endfacet
  facet normal 0 0 1
    outer loop
      vertex 27.5858 26.8542 7.39
      vertex 28.4815 28.5299 7.39
      vertex 28.3889 28.5854 7.39
    endloop
  endfacet
  facet normal 0 0 1
    outer loop
      vertex 27.3333 27.0056 7.39
      vertex 28.3889 28.5854 7.39
      vertex 28.3022 28.6497 7.39
    endloop
  endfacet
  facet normal 0 0 1
    outer loop
      vertex 27.0968 27.181 7.39
      vertex 28.3022 28.6497 7.39
      vertex 28.2222 28.7222 7.39
    endloop
  endfacet
  facet normal 0 0 1
    outer loop
      vertex 26.8787 27.3787 7.39
      vertex 28.2222 28.7222 7.39
      vertex 28.1497 28.8022 7.39
    endloop
  endfacet
  facet normal 0 0 1
    outer loop
      vertex 28.6807 28.4474 7.39
      vertex 28.1291 26.6292 7.39
      vertex 28.4147 26.5576 7.39
    endloop
  endfacet
  facet normal 0 0 1
    outer loop
      vertex 26.681 27.5968 7.39
      vertex 28.1497 28.8022 7.39
      vertex 28.0854 28.8889 7.39
    endloop
  endfacet
  facet normal 0 0 1
    outer loop
      vertex 26.5056 27.8333 7.39
      vertex 28.0854 28.8889 7.39
      vertex 28.0299 28.9815 7.39
    endloop
  endfacet
  facet normal 0 0 1
    outer loop
      vertex 26.3542 28.0858 7.39
      vertex 28.0299 28.9815 7.39
      vertex 27.9837 29.079 7.39
    endloop
  endfacet
  facet normal 0 0 1
    outer loop
      vertex 26.2284 28.352 7.39
      vertex 27.9837 29.079 7.39
      vertex 27.9474 29.1807 7.39
    endloop
  endfacet
  facet normal 0 0 1
    outer loop
      vertex 26.1292 28.6291 7.39
      vertex 27.9474 29.1807 7.39
      vertex 27.9211 29.2854 7.39
    endloop
  endfacet
  facet normal 0 0 1
    outer loop
      vertex 26.0576 28.9147 7.39
      vertex 27.9211 29.2854 7.39
      vertex 27.9053 29.3922 7.39
    endloop
  endfacet
  facet normal 0 0 1
    outer loop
      vertex 28.579 28.4837 7.39
      vertex 27.852 26.7284 7.39
      vertex 28.1291 26.6292 7.39
    endloop
  endfacet
  facet normal 0 0 1
    outer loop
      vertex 26.0144 29.2059 7.39
      vertex 27.9053 29.3922 7.39
      vertex 27.9 29.5 7.39
    endloop
  endfacet
  facet normal 0 0 1
    outer loop
      vertex 28.0854 30.1111 7.39
      vertex 26.5056 31.1667 7.39
      vertex 28.0299 30.0185 7.39
    endloop
  endfacet
  facet normal -0 0 1
    outer loop
      vertex 26.3542 30.9142 7.39
      vertex 28.0299 30.0185 7.39
      vertex 26.5056 31.1667 7.39
    endloop
  endfacet
  facet normal 0 0 1
    outer loop
      vertex 28.4815 28.5299 7.39
      vertex 27.5858 26.8542 7.39
      vertex 27.852 26.7284 7.39
    endloop
  endfacet
  facet normal 0 0 1
    outer loop
      vertex 28.0299 30.0185 7.39
      vertex 26.3542 30.9142 7.39
      vertex 27.9837 29.921 7.39
    endloop
  endfacet
  facet normal 0 0 1
    outer loop
      vertex 28.3889 28.5854 7.39
      vertex 27.3333 27.0056 7.39
      vertex 27.5858 26.8542 7.39
    endloop
  endfacet
  facet normal -0 0 1
    outer loop
      vertex 26.2284 30.648 7.39
      vertex 27.9837 29.921 7.39
      vertex 26.3542 30.9142 7.39
    endloop
  endfacet
  facet normal 0 0 1
    outer loop
      vertex 28.3022 28.6497 7.39
      vertex 27.0968 27.181 7.39
      vertex 27.3333 27.0056 7.39
    endloop
  endfacet
  facet normal 0 0 1
    outer loop
      vertex 27.9837 29.921 7.39
      vertex 26.2284 30.648 7.39
      vertex 27.9474 29.8193 7.39
    endloop
  endfacet
  facet normal 0 0 1
    outer loop
      vertex 28.2222 28.7222 7.39
      vertex 26.8787 27.3787 7.39
      vertex 27.0968 27.181 7.39
    endloop
  endfacet
  facet normal -0 0 1
    outer loop
      vertex 26.1292 30.3709 7.39
      vertex 27.9474 29.8193 7.39
      vertex 26.2284 30.648 7.39
    endloop
  endfacet
  facet normal 0 0 1
    outer loop
      vertex 28.1497 28.8022 7.39
      vertex 26.681 27.5968 7.39
      vertex 26.8787 27.3787 7.39
    endloop
  endfacet
  facet normal 0 0 1
    outer loop
      vertex 27.9474 29.8193 7.39
      vertex 26.1292 30.3709 7.39
      vertex 27.9211 29.7146 7.39
    endloop
  endfacet
  facet normal 0 0 1
    outer loop
      vertex 28.0854 28.8889 7.39
      vertex 26.5056 27.8333 7.39
      vertex 26.681 27.5968 7.39
    endloop
  endfacet
  facet normal -0 0 1
    outer loop
      vertex 26.0576 30.0853 7.39
      vertex 27.9211 29.7146 7.39
      vertex 26.1292 30.3709 7.39
    endloop
  endfacet
  facet normal 0 0 1
    outer loop
      vertex 28.0299 28.9815 7.39
      vertex 26.3542 28.0858 7.39
      vertex 26.5056 27.8333 7.39
    endloop
  endfacet
  facet normal 0 0 1
    outer loop
      vertex 27.9211 29.7146 7.39
      vertex 26.0576 30.0853 7.39
      vertex 27.9053 29.6078 7.39
    endloop
  endfacet
  facet normal 0 0 1
    outer loop
      vertex 27.9837 29.079 7.39
      vertex 26.2284 28.352 7.39
      vertex 26.3542 28.0858 7.39
    endloop
  endfacet
  facet normal -0 0 1
    outer loop
      vertex 26.0144 29.7941 7.39
      vertex 27.9053 29.6078 7.39
      vertex 26.0576 30.0853 7.39
    endloop
  endfacet
  facet normal 0 0 1
    outer loop
      vertex 27.9474 29.1807 7.39
      vertex 26.1292 28.6291 7.39
      vertex 26.2284 28.352 7.39
    endloop
  endfacet
  facet normal 0 0 1
    outer loop
      vertex 27.9053 29.6078 7.39
      vertex 26.0144 29.7941 7.39
      vertex 27.9 29.5 7.39
    endloop
  endfacet
  facet normal 0 0 1
    outer loop
      vertex 27.9211 29.2854 7.39
      vertex 26.0576 28.9147 7.39
      vertex 26.1292 28.6291 7.39
    endloop
  endfacet
  facet normal 0 0 1
    outer loop
      vertex 26 29.5 7.39
      vertex 27.9 29.5 7.39
      vertex 26.0144 29.7941 7.39
    endloop
  endfacet
  facet normal 0 0 1
    outer loop
      vertex 27.9053 29.3922 7.39
      vertex 26.0144 29.2059 7.39
      vertex 26.0576 28.9147 7.39
    endloop
  endfacet
  facet normal 0 0 1
    outer loop
      vertex 27.9 29.5 7.39
      vertex 26 29.5 7.39
      vertex 26.0144 29.2059 7.39
    endloop
  endfacet
  facet normal -0.989233 -0.146347 0
    outer loop
      vertex 30.0947 29.6078 3.39
      vertex 30.0789 29.7146 7.39
      vertex 30.0789 29.7146 3.39
    endloop
  endfacet
  facet normal -0.989233 -0.146347 0
    outer loop
      vertex 30.0789 29.7146 7.39
      vertex 30.0947 29.6078 3.39
      vertex 30.0947 29.6078 7.39
    endloop
  endfacet
  facet normal -0.998794 -0.0491058 0
    outer loop
      vertex 30.1 29.5 3.39
      vertex 30.0947 29.6078 7.39
      vertex 30.0947 29.6078 3.39
    endloop
  endfacet
  facet normal -0.998794 -0.0491058 0
    outer loop
      vertex 30.0947 29.6078 7.39
      vertex 30.1 29.5 3.39
      vertex 30.1 29.5 7.39
    endloop
  endfacet
  facet normal -0.969869 -0.243625 0
    outer loop
      vertex 30.0789 29.7146 3.39
      vertex 30.0526 29.8193 7.39
      vertex 30.0526 29.8193 3.39
    endloop
  endfacet
  facet normal -0.969869 -0.243625 0
    outer loop
      vertex 30.0526 29.8193 7.39
      vertex 30.0789 29.7146 3.39
      vertex 30.0789 29.7146 7.39
    endloop
  endfacet
  facet normal 0.428206 -0.903681 0
    outer loop
      vertex 28.4815 30.4701 3.39
      vertex 28.579 30.5163 7.39
      vertex 28.4815 30.4701 7.39
    endloop
  endfacet
  facet normal 0.428206 -0.903681 0
    outer loop
      vertex 28.579 30.5163 7.39
      vertex 28.4815 30.4701 3.39
      vertex 28.579 30.5163 3.39
    endloop
  endfacet
  facet normal -0.33616 -0.941805 0
    outer loop
      vertex 29.3193 30.5526 3.39
      vertex 29.421 30.5163 7.39
      vertex 29.3193 30.5526 7.39
    endloop
  endfacet
  facet normal -0.33616 -0.941805 -0
    outer loop
      vertex 29.421 30.5163 7.39
      vertex 29.3193 30.5526 3.39
      vertex 29.421 30.5163 3.39
    endloop
  endfacet
  facet normal -0.146347 -0.989233 0
    outer loop
      vertex 29.1078 30.5947 3.39
      vertex 29.2146 30.5789 7.39
      vertex 29.1078 30.5947 7.39
    endloop
  endfacet
  facet normal -0.146347 -0.989233 -0
    outer loop
      vertex 29.2146 30.5789 7.39
      vertex 29.1078 30.5947 3.39
      vertex 29.2146 30.5789 3.39
    endloop
  endfacet
  facet normal -0.998794 0.0491058 0
    outer loop
      vertex 30.0947 29.3922 3.39
      vertex 30.1 29.5 7.39
      vertex 30.1 29.5 3.39
    endloop
  endfacet
  facet normal -0.998794 0.0491058 0
    outer loop
      vertex 30.1 29.5 7.39
      vertex 30.0947 29.3922 3.39
      vertex 30.0947 29.3922 7.39
    endloop
  endfacet
  facet normal -0.243625 0.969869 0
    outer loop
      vertex 29.3193 28.4474 3.39
      vertex 29.2146 28.4211 7.39
      vertex 29.3193 28.4474 7.39
    endloop
  endfacet
  facet normal -0.243625 0.969869 0
    outer loop
      vertex 29.2146 28.4211 7.39
      vertex 29.3193 28.4474 3.39
      vertex 29.2146 28.4211 3.39
    endloop
  endfacet
  facet normal -0.803212 0.595693 0
    outer loop
      vertex 29.8503 28.8022 3.39
      vertex 29.9146 28.8889 7.39
      vertex 29.9146 28.8889 3.39
    endloop
  endfacet
  facet normal -0.803212 0.595693 0
    outer loop
      vertex 29.9146 28.8889 7.39
      vertex 29.8503 28.8022 3.39
      vertex 29.8503 28.8022 7.39
    endloop
  endfacet
  facet normal 0.514087 -0.857738 0
    outer loop
      vertex 28.3889 30.4146 3.39
      vertex 28.4815 30.4701 7.39
      vertex 28.3889 30.4146 7.39
    endloop
  endfacet
  facet normal 0.514087 -0.857738 0
    outer loop
      vertex 28.4815 30.4701 7.39
      vertex 28.3889 30.4146 3.39
      vertex 28.4815 30.4701 3.39
    endloop
  endfacet
  facet normal 0.989233 0.146347 0
    outer loop
      vertex 27.9211 29.2854 7.39
      vertex 27.9053 29.3922 3.39
      vertex 27.9053 29.3922 7.39
    endloop
  endfacet
  facet normal 0.989233 0.146347 0
    outer loop
      vertex 27.9053 29.3922 3.39
      vertex 27.9211 29.2854 7.39
      vertex 27.9211 29.2854 3.39
    endloop
  endfacet
  facet normal 0.740987 -0.671519 0
    outer loop
      vertex 28.1497 30.1978 7.39
      vertex 28.2222 30.2778 3.39
      vertex 28.2222 30.2778 7.39
    endloop
  endfacet
  facet normal 0.740987 -0.671519 0
    outer loop
      vertex 28.2222 30.2778 3.39
      vertex 28.1497 30.1978 7.39
      vertex 28.1497 30.1978 3.39
    endloop
  endfacet
  facet normal 0.969869 -0.243625 0
    outer loop
      vertex 27.9211 29.7146 7.39
      vertex 27.9474 29.8193 3.39
      vertex 27.9474 29.8193 7.39
    endloop
  endfacet
  facet normal 0.969869 -0.243625 0
    outer loop
      vertex 27.9474 29.8193 3.39
      vertex 27.9211 29.7146 7.39
      vertex 27.9211 29.7146 3.39
    endloop
  endfacet
  facet normal -0.428206 0.903681 0
    outer loop
      vertex 29.5185 28.5299 3.39
      vertex 29.421 28.4837 7.39
      vertex 29.5185 28.5299 7.39
    endloop
  endfacet
  facet normal -0.428206 0.903681 0
    outer loop
      vertex 29.421 28.4837 7.39
      vertex 29.5185 28.5299 3.39
      vertex 29.421 28.4837 3.39
    endloop
  endfacet
  facet normal 0.0491058 -0.998794 0
    outer loop
      vertex 28.8922 30.5947 3.39
      vertex 29 30.6 7.39
      vertex 28.8922 30.5947 7.39
    endloop
  endfacet
  facet normal 0.0491058 -0.998794 0
    outer loop
      vertex 29 30.6 7.39
      vertex 28.8922 30.5947 3.39
      vertex 29 30.6 3.39
    endloop
  endfacet
  facet normal 0.671519 -0.740987 0
    outer loop
      vertex 28.2222 30.2778 3.39
      vertex 28.3022 30.3503 7.39
      vertex 28.2222 30.2778 7.39
    endloop
  endfacet
  facet normal 0.671519 -0.740987 0
    outer loop
      vertex 28.3022 30.3503 7.39
      vertex 28.2222 30.2778 3.39
      vertex 28.3022 30.3503 3.39
    endloop
  endfacet
  facet normal 0.595693 0.803212 -0
    outer loop
      vertex 28.3889 28.5854 3.39
      vertex 28.3022 28.6497 7.39
      vertex 28.3889 28.5854 7.39
    endloop
  endfacet
  facet normal 0.595693 0.803212 0
    outer loop
      vertex 28.3022 28.6497 7.39
      vertex 28.3889 28.5854 3.39
      vertex 28.3022 28.6497 3.39
    endloop
  endfacet
  facet normal -0.146347 0.989233 0
    outer loop
      vertex 29.2146 28.4211 3.39
      vertex 29.1078 28.4053 7.39
      vertex 29.2146 28.4211 7.39
    endloop
  endfacet
  facet normal -0.146347 0.989233 0
    outer loop
      vertex 29.1078 28.4053 7.39
      vertex 29.2146 28.4211 3.39
      vertex 29.1078 28.4053 3.39
    endloop
  endfacet
  facet normal 0.146347 -0.989233 0
    outer loop
      vertex 28.7854 30.5789 3.39
      vertex 28.8922 30.5947 7.39
      vertex 28.7854 30.5789 7.39
    endloop
  endfacet
  facet normal 0.146347 -0.989233 0
    outer loop
      vertex 28.8922 30.5947 7.39
      vertex 28.7854 30.5789 3.39
      vertex 28.8922 30.5947 3.39
    endloop
  endfacet
  facet normal 0.989233 -0.146347 0
    outer loop
      vertex 27.9053 29.6078 7.39
      vertex 27.9211 29.7146 3.39
      vertex 27.9211 29.7146 7.39
    endloop
  endfacet
  facet normal 0.989233 -0.146347 0
    outer loop
      vertex 27.9211 29.7146 3.39
      vertex 27.9053 29.6078 7.39
      vertex 27.9053 29.6078 3.39
    endloop
  endfacet
  facet normal 0.803212 0.595693 0
    outer loop
      vertex 28.1497 28.8022 7.39
      vertex 28.0854 28.8889 3.39
      vertex 28.0854 28.8889 7.39
    endloop
  endfacet
  facet normal 0.803212 0.595693 0
    outer loop
      vertex 28.0854 28.8889 3.39
      vertex 28.1497 28.8022 7.39
      vertex 28.1497 28.8022 3.39
    endloop
  endfacet
  facet normal -0.903681 0.428206 0
    outer loop
      vertex 29.9701 28.9815 3.39
      vertex 30.0163 29.079 7.39
      vertex 30.0163 29.079 3.39
    endloop
  endfacet
  facet normal -0.903681 0.428206 0
    outer loop
      vertex 30.0163 29.079 7.39
      vertex 29.9701 28.9815 3.39
      vertex 29.9701 28.9815 7.39
    endloop
  endfacet
  facet normal -0.671519 -0.740987 0
    outer loop
      vertex 29.6978 30.3503 3.39
      vertex 29.7778 30.2778 7.39
      vertex 29.6978 30.3503 7.39
    endloop
  endfacet
  facet normal -0.671519 -0.740987 -0
    outer loop
      vertex 29.7778 30.2778 7.39
      vertex 29.6978 30.3503 3.39
      vertex 29.7778 30.2778 3.39
    endloop
  endfacet
  facet normal 0.243625 -0.969869 0
    outer loop
      vertex 28.6807 30.5526 3.39
      vertex 28.7854 30.5789 7.39
      vertex 28.6807 30.5526 7.39
    endloop
  endfacet
  facet normal 0.243625 -0.969869 0
    outer loop
      vertex 28.7854 30.5789 7.39
      vertex 28.6807 30.5526 3.39
      vertex 28.7854 30.5789 3.39
    endloop
  endfacet
  facet normal -0.428206 -0.903681 0
    outer loop
      vertex 29.421 30.5163 3.39
      vertex 29.5185 30.4701 7.39
      vertex 29.421 30.5163 7.39
    endloop
  endfacet
  facet normal -0.428206 -0.903681 -0
    outer loop
      vertex 29.5185 30.4701 7.39
      vertex 29.421 30.5163 3.39
      vertex 29.5185 30.4701 3.39
    endloop
  endfacet
  facet normal -0.0491058 0.998794 0
    outer loop
      vertex 29.1078 28.4053 3.39
      vertex 29 28.4 7.39
      vertex 29.1078 28.4053 7.39
    endloop
  endfacet
  facet normal -0.0491058 0.998794 0
    outer loop
      vertex 29 28.4 7.39
      vertex 29.1078 28.4053 3.39
      vertex 29 28.4 3.39
    endloop
  endfacet
  facet normal -0.803212 -0.595693 0
    outer loop
      vertex 29.9146 30.1111 3.39
      vertex 29.8503 30.1978 7.39
      vertex 29.8503 30.1978 3.39
    endloop
  endfacet
  facet normal -0.803212 -0.595693 0
    outer loop
      vertex 29.8503 30.1978 7.39
      vertex 29.9146 30.1111 3.39
      vertex 29.9146 30.1111 7.39
    endloop
  endfacet
  facet normal 0.903681 0.428206 0
    outer loop
      vertex 28.0299 28.9815 7.39
      vertex 27.9837 29.079 3.39
      vertex 27.9837 29.079 7.39
    endloop
  endfacet
  facet normal 0.903681 0.428206 0
    outer loop
      vertex 27.9837 29.079 3.39
      vertex 28.0299 28.9815 7.39
      vertex 28.0299 28.9815 3.39
    endloop
  endfacet
  facet normal 0.740987 0.671519 0
    outer loop
      vertex 28.2222 28.7222 7.39
      vertex 28.1497 28.8022 3.39
      vertex 28.1497 28.8022 7.39
    endloop
  endfacet
  facet normal 0.740987 0.671519 0
    outer loop
      vertex 28.1497 28.8022 3.39
      vertex 28.2222 28.7222 7.39
      vertex 28.2222 28.7222 3.39
    endloop
  endfacet
  facet normal 0.33616 0.941805 -0
    outer loop
      vertex 28.6807 28.4474 3.39
      vertex 28.579 28.4837 7.39
      vertex 28.6807 28.4474 7.39
    endloop
  endfacet
  facet normal 0.33616 0.941805 0
    outer loop
      vertex 28.579 28.4837 7.39
      vertex 28.6807 28.4474 3.39
      vertex 28.579 28.4837 3.39
    endloop
  endfacet
  facet normal 0.0491058 0.998794 -0
    outer loop
      vertex 29 28.4 3.39
      vertex 28.8922 28.4053 7.39
      vertex 29 28.4 7.39
    endloop
  endfacet
  facet normal 0.0491058 0.998794 0
    outer loop
      vertex 28.8922 28.4053 7.39
      vertex 29 28.4 3.39
      vertex 28.8922 28.4053 3.39
    endloop
  endfacet
  facet normal 0.998794 -0.0491058 0
    outer loop
      vertex 27.9 29.5 7.39
      vertex 27.9053 29.6078 3.39
      vertex 27.9053 29.6078 7.39
    endloop
  endfacet
  facet normal 0.998794 -0.0491058 0
    outer loop
      vertex 27.9053 29.6078 3.39
      vertex 27.9 29.5 7.39
      vertex 27.9 29.5 3.39
    endloop
  endfacet
  facet normal -0.33616 0.941805 0
    outer loop
      vertex 29.421 28.4837 3.39
      vertex 29.3193 28.4474 7.39
      vertex 29.421 28.4837 7.39
    endloop
  endfacet
  facet normal -0.33616 0.941805 0
    outer loop
      vertex 29.3193 28.4474 7.39
      vertex 29.421 28.4837 3.39
      vertex 29.3193 28.4474 3.39
    endloop
  endfacet
  facet normal -0.969869 0.243625 0
    outer loop
      vertex 30.0526 29.1807 3.39
      vertex 30.0789 29.2854 7.39
      vertex 30.0789 29.2854 3.39
    endloop
  endfacet
  facet normal -0.969869 0.243625 0
    outer loop
      vertex 30.0789 29.2854 7.39
      vertex 30.0526 29.1807 3.39
      vertex 30.0526 29.1807 7.39
    endloop
  endfacet
  facet normal -0.941805 0.33616 0
    outer loop
      vertex 30.0163 29.079 3.39
      vertex 30.0526 29.1807 7.39
      vertex 30.0526 29.1807 3.39
    endloop
  endfacet
  facet normal -0.941805 0.33616 0
    outer loop
      vertex 30.0526 29.1807 7.39
      vertex 30.0163 29.079 3.39
      vertex 30.0163 29.079 7.39
    endloop
  endfacet
  facet normal -0.740987 0.671519 0
    outer loop
      vertex 29.7778 28.7222 3.39
      vertex 29.8503 28.8022 7.39
      vertex 29.8503 28.8022 3.39
    endloop
  endfacet
  facet normal -0.740987 0.671519 0
    outer loop
      vertex 29.8503 28.8022 7.39
      vertex 29.7778 28.7222 3.39
      vertex 29.7778 28.7222 7.39
    endloop
  endfacet
  facet normal -0.514087 -0.857738 0
    outer loop
      vertex 29.5185 30.4701 3.39
      vertex 29.6111 30.4146 7.39
      vertex 29.5185 30.4701 7.39
    endloop
  endfacet
  facet normal -0.514087 -0.857738 -0
    outer loop
      vertex 29.6111 30.4146 7.39
      vertex 29.5185 30.4701 3.39
      vertex 29.6111 30.4146 3.39
    endloop
  endfacet
  facet normal -0.243625 -0.969869 0
    outer loop
      vertex 29.2146 30.5789 3.39
      vertex 29.3193 30.5526 7.39
      vertex 29.2146 30.5789 7.39
    endloop
  endfacet
  facet normal -0.243625 -0.969869 -0
    outer loop
      vertex 29.3193 30.5526 7.39
      vertex 29.2146 30.5789 3.39
      vertex 29.3193 30.5526 3.39
    endloop
  endfacet
  facet normal -0.941805 -0.33616 0
    outer loop
      vertex 30.0526 29.8193 3.39
      vertex 30.0163 29.921 7.39
      vertex 30.0163 29.921 3.39
    endloop
  endfacet
  facet normal -0.941805 -0.33616 0
    outer loop
      vertex 30.0163 29.921 7.39
      vertex 30.0526 29.8193 3.39
      vertex 30.0526 29.8193 7.39
    endloop
  endfacet
  facet normal -0.595693 -0.803212 0
    outer loop
      vertex 29.6111 30.4146 3.39
      vertex 29.6978 30.3503 7.39
      vertex 29.6111 30.4146 7.39
    endloop
  endfacet
  facet normal -0.595693 -0.803212 -0
    outer loop
      vertex 29.6978 30.3503 7.39
      vertex 29.6111 30.4146 3.39
      vertex 29.6978 30.3503 3.39
    endloop
  endfacet
  facet normal 0.969869 0.243625 0
    outer loop
      vertex 27.9474 29.1807 7.39
      vertex 27.9211 29.2854 3.39
      vertex 27.9211 29.2854 7.39
    endloop
  endfacet
  facet normal 0.969869 0.243625 0
    outer loop
      vertex 27.9211 29.2854 3.39
      vertex 27.9474 29.1807 7.39
      vertex 27.9474 29.1807 3.39
    endloop
  endfacet
  facet normal -0.903681 -0.428206 0
    outer loop
      vertex 30.0163 29.921 3.39
      vertex 29.9701 30.0185 7.39
      vertex 29.9701 30.0185 3.39
    endloop
  endfacet
  facet normal -0.903681 -0.428206 0
    outer loop
      vertex 29.9701 30.0185 7.39
      vertex 30.0163 29.921 3.39
      vertex 30.0163 29.921 7.39
    endloop
  endfacet
  facet normal -0.0491058 -0.998794 0
    outer loop
      vertex 29 30.6 3.39
      vertex 29.1078 30.5947 7.39
      vertex 29 30.6 7.39
    endloop
  endfacet
  facet normal -0.0491058 -0.998794 -0
    outer loop
      vertex 29.1078 30.5947 7.39
      vertex 29 30.6 3.39
      vertex 29.1078 30.5947 3.39
    endloop
  endfacet
  facet normal -0.989233 0.146347 0
    outer loop
      vertex 30.0789 29.2854 3.39
      vertex 30.0947 29.3922 7.39
      vertex 30.0947 29.3922 3.39
    endloop
  endfacet
  facet normal -0.989233 0.146347 0
    outer loop
      vertex 30.0947 29.3922 7.39
      vertex 30.0789 29.2854 3.39
      vertex 30.0789 29.2854 7.39
    endloop
  endfacet
  facet normal -0.857738 -0.514087 0
    outer loop
      vertex 29.9701 30.0185 3.39
      vertex 29.9146 30.1111 7.39
      vertex 29.9146 30.1111 3.39
    endloop
  endfacet
  facet normal -0.857738 -0.514087 0
    outer loop
      vertex 29.9146 30.1111 7.39
      vertex 29.9701 30.0185 3.39
      vertex 29.9701 30.0185 7.39
    endloop
  endfacet
  facet normal 0.671519 0.740987 -0
    outer loop
      vertex 28.3022 28.6497 3.39
      vertex 28.2222 28.7222 7.39
      vertex 28.3022 28.6497 7.39
    endloop
  endfacet
  facet normal 0.671519 0.740987 0
    outer loop
      vertex 28.2222 28.7222 7.39
      vertex 28.3022 28.6497 3.39
      vertex 28.2222 28.7222 3.39
    endloop
  endfacet
  facet normal 0.33616 -0.941805 0
    outer loop
      vertex 28.579 30.5163 3.39
      vertex 28.6807 30.5526 7.39
      vertex 28.579 30.5163 7.39
    endloop
  endfacet
  facet normal 0.33616 -0.941805 0
    outer loop
      vertex 28.6807 30.5526 7.39
      vertex 28.579 30.5163 3.39
      vertex 28.6807 30.5526 3.39
    endloop
  endfacet
  facet normal -0.857738 0.514087 0
    outer loop
      vertex 29.9146 28.8889 3.39
      vertex 29.9701 28.9815 7.39
      vertex 29.9701 28.9815 3.39
    endloop
  endfacet
  facet normal -0.857738 0.514087 0
    outer loop
      vertex 29.9701 28.9815 7.39
      vertex 29.9146 28.8889 3.39
      vertex 29.9146 28.8889 7.39
    endloop
  endfacet
  facet normal 0.857738 0.514087 0
    outer loop
      vertex 28.0854 28.8889 7.39
      vertex 28.0299 28.9815 3.39
      vertex 28.0299 28.9815 7.39
    endloop
  endfacet
  facet normal 0.857738 0.514087 0
    outer loop
      vertex 28.0299 28.9815 3.39
      vertex 28.0854 28.8889 7.39
      vertex 28.0854 28.8889 3.39
    endloop
  endfacet
  facet normal -0.671519 0.740987 0
    outer loop
      vertex 29.7778 28.7222 3.39
      vertex 29.6978 28.6497 7.39
      vertex 29.7778 28.7222 7.39
    endloop
  endfacet
  facet normal -0.671519 0.740987 0
    outer loop
      vertex 29.6978 28.6497 7.39
      vertex 29.7778 28.7222 3.39
      vertex 29.6978 28.6497 3.39
    endloop
  endfacet
  facet normal -0.595693 0.803212 0
    outer loop
      vertex 29.6978 28.6497 3.39
      vertex 29.6111 28.5854 7.39
      vertex 29.6978 28.6497 7.39
    endloop
  endfacet
  facet normal -0.595693 0.803212 0
    outer loop
      vertex 29.6111 28.5854 7.39
      vertex 29.6978 28.6497 3.39
      vertex 29.6111 28.5854 3.39
    endloop
  endfacet
  facet normal 0.857738 -0.514087 0
    outer loop
      vertex 28.0299 30.0185 7.39
      vertex 28.0854 30.1111 3.39
      vertex 28.0854 30.1111 7.39
    endloop
  endfacet
  facet normal 0.857738 -0.514087 0
    outer loop
      vertex 28.0854 30.1111 3.39
      vertex 28.0299 30.0185 7.39
      vertex 28.0299 30.0185 3.39
    endloop
  endfacet
  facet normal 0.146347 0.989233 -0
    outer loop
      vertex 28.8922 28.4053 3.39
      vertex 28.7854 28.4211 7.39
      vertex 28.8922 28.4053 7.39
    endloop
  endfacet
  facet normal 0.146347 0.989233 0
    outer loop
      vertex 28.7854 28.4211 7.39
      vertex 28.8922 28.4053 3.39
      vertex 28.7854 28.4211 3.39
    endloop
  endfacet
  facet normal 0.941805 0.33616 0
    outer loop
      vertex 27.9837 29.079 7.39
      vertex 27.9474 29.1807 3.39
      vertex 27.9474 29.1807 7.39
    endloop
  endfacet
  facet normal 0.941805 0.33616 0
    outer loop
      vertex 27.9474 29.1807 3.39
      vertex 27.9837 29.079 7.39
      vertex 27.9837 29.079 3.39
    endloop
  endfacet
  facet normal -0.740987 -0.671519 0
    outer loop
      vertex 29.8503 30.1978 3.39
      vertex 29.7778 30.2778 7.39
      vertex 29.7778 30.2778 3.39
    endloop
  endfacet
  facet normal -0.740987 -0.671519 0
    outer loop
      vertex 29.7778 30.2778 7.39
      vertex 29.8503 30.1978 3.39
      vertex 29.8503 30.1978 7.39
    endloop
  endfacet
  facet normal 0.903681 -0.428206 0
    outer loop
      vertex 27.9837 29.921 7.39
      vertex 28.0299 30.0185 3.39
      vertex 28.0299 30.0185 7.39
    endloop
  endfacet
  facet normal 0.903681 -0.428206 0
    outer loop
      vertex 28.0299 30.0185 3.39
      vertex 27.9837 29.921 7.39
      vertex 27.9837 29.921 3.39
    endloop
  endfacet
  facet normal 0.998794 0.0491058 0
    outer loop
      vertex 27.9053 29.3922 7.39
      vertex 27.9 29.5 3.39
      vertex 27.9 29.5 7.39
    endloop
  endfacet
  facet normal 0.998794 0.0491058 0
    outer loop
      vertex 27.9 29.5 3.39
      vertex 27.9053 29.3922 7.39
      vertex 27.9053 29.3922 3.39
    endloop
  endfacet
  facet normal -0.514087 0.857738 0
    outer loop
      vertex 29.6111 28.5854 3.39
      vertex 29.5185 28.5299 7.39
      vertex 29.6111 28.5854 7.39
    endloop
  endfacet
  facet normal -0.514087 0.857738 0
    outer loop
      vertex 29.5185 28.5299 7.39
      vertex 29.6111 28.5854 3.39
      vertex 29.5185 28.5299 3.39
    endloop
  endfacet
  facet normal 0.595693 -0.803212 0
    outer loop
      vertex 28.3022 30.3503 3.39
      vertex 28.3889 30.4146 7.39
      vertex 28.3022 30.3503 7.39
    endloop
  endfacet
  facet normal 0.595693 -0.803212 0
    outer loop
      vertex 28.3889 30.4146 7.39
      vertex 28.3022 30.3503 3.39
      vertex 28.3889 30.4146 3.39
    endloop
  endfacet
  facet normal 0.243625 0.969869 -0
    outer loop
      vertex 28.7854 28.4211 3.39
      vertex 28.6807 28.4474 7.39
      vertex 28.7854 28.4211 7.39
    endloop
  endfacet
  facet normal 0.243625 0.969869 0
    outer loop
      vertex 28.6807 28.4474 7.39
      vertex 28.7854 28.4211 3.39
      vertex 28.6807 28.4474 3.39
    endloop
  endfacet
  facet normal 0.514087 0.857738 -0
    outer loop
      vertex 28.4815 28.5299 3.39
      vertex 28.3889 28.5854 7.39
      vertex 28.4815 28.5299 7.39
    endloop
  endfacet
  facet normal 0.514087 0.857738 0
    outer loop
      vertex 28.3889 28.5854 7.39
      vertex 28.4815 28.5299 3.39
      vertex 28.3889 28.5854 3.39
    endloop
  endfacet
  facet normal 0.803212 -0.595693 0
    outer loop
      vertex 28.0854 30.1111 7.39
      vertex 28.1497 30.1978 3.39
      vertex 28.1497 30.1978 7.39
    endloop
  endfacet
  facet normal 0.803212 -0.595693 0
    outer loop
      vertex 28.1497 30.1978 3.39
      vertex 28.0854 30.1111 7.39
      vertex 28.0854 30.1111 3.39
    endloop
  endfacet
  facet normal 0.428206 0.903681 -0
    outer loop
      vertex 28.579 28.4837 3.39
      vertex 28.4815 28.5299 7.39
      vertex 28.579 28.4837 7.39
    endloop
  endfacet
  facet normal 0.428206 0.903681 0
    outer loop
      vertex 28.4815 28.5299 7.39
      vertex 28.579 28.4837 3.39
      vertex 28.4815 28.5299 3.39
    endloop
  endfacet
  facet normal 0.941805 -0.33616 0
    outer loop
      vertex 27.9474 29.8193 7.39
      vertex 27.9837 29.921 3.39
      vertex 27.9837 29.921 7.39
    endloop
  endfacet
  facet normal 0.941805 -0.33616 0
    outer loop
      vertex 27.9837 29.921 3.39
      vertex 27.9474 29.8193 7.39
      vertex 27.9474 29.8193 3.39
    endloop
  endfacet
  facet normal 0 0 1
    outer loop
      vertex 30.0947 29.6078 3.39
      vertex 30.0947 29.3922 3.39
      vertex 30.1 29.5 3.39
    endloop
  endfacet
  facet normal 0 0 1
    outer loop
      vertex 30.0789 29.7146 3.39
      vertex 30.0947 29.3922 3.39
      vertex 30.0947 29.6078 3.39
    endloop
  endfacet
  facet normal 0 0 1
    outer loop
      vertex 30.0789 29.7146 3.39
      vertex 30.0789 29.2854 3.39
      vertex 30.0947 29.3922 3.39
    endloop
  endfacet
  facet normal 0 0 1
    outer loop
      vertex 30.0526 29.8193 3.39
      vertex 30.0789 29.2854 3.39
      vertex 30.0789 29.7146 3.39
    endloop
  endfacet
  facet normal 0 0 1
    outer loop
      vertex 30.0526 29.8193 3.39
      vertex 30.0526 29.1807 3.39
      vertex 30.0789 29.2854 3.39
    endloop
  endfacet
  facet normal 0 0 1
    outer loop
      vertex 30.0163 29.921 3.39
      vertex 30.0526 29.1807 3.39
      vertex 30.0526 29.8193 3.39
    endloop
  endfacet
  facet normal 0 0 1
    outer loop
      vertex 30.0163 29.921 3.39
      vertex 30.0163 29.079 3.39
      vertex 30.0526 29.1807 3.39
    endloop
  endfacet
  facet normal 0 0 1
    outer loop
      vertex 29.9701 30.0185 3.39
      vertex 30.0163 29.079 3.39
      vertex 30.0163 29.921 3.39
    endloop
  endfacet
  facet normal 0 0 1
    outer loop
      vertex 29.9701 30.0185 3.39
      vertex 29.9701 28.9815 3.39
      vertex 30.0163 29.079 3.39
    endloop
  endfacet
  facet normal 0 0 1
    outer loop
      vertex 29.9146 30.1111 3.39
      vertex 29.9701 28.9815 3.39
      vertex 29.9701 30.0185 3.39
    endloop
  endfacet
  facet normal 0 0 1
    outer loop
      vertex 29.9146 30.1111 3.39
      vertex 29.9146 28.8889 3.39
      vertex 29.9701 28.9815 3.39
    endloop
  endfacet
  facet normal 0 0 1
    outer loop
      vertex 29.8503 30.1978 3.39
      vertex 29.9146 28.8889 3.39
      vertex 29.9146 30.1111 3.39
    endloop
  endfacet
  facet normal 0 0 1
    outer loop
      vertex 29.8503 30.1978 3.39
      vertex 29.8503 28.8022 3.39
      vertex 29.9146 28.8889 3.39
    endloop
  endfacet
  facet normal 0 0 1
    outer loop
      vertex 29.7778 30.2778 3.39
      vertex 29.8503 28.8022 3.39
      vertex 29.8503 30.1978 3.39
    endloop
  endfacet
  facet normal 0 0 1
    outer loop
      vertex 29.7778 30.2778 3.39
      vertex 29.7778 28.7222 3.39
      vertex 29.8503 28.8022 3.39
    endloop
  endfacet
  facet normal 0 0 1
    outer loop
      vertex 29.6978 30.3503 3.39
      vertex 29.7778 28.7222 3.39
      vertex 29.7778 30.2778 3.39
    endloop
  endfacet
  facet normal 0 0 1
    outer loop
      vertex 29.6978 30.3503 3.39
      vertex 29.6978 28.6497 3.39
      vertex 29.7778 28.7222 3.39
    endloop
  endfacet
  facet normal 0 0 1
    outer loop
      vertex 29.6111 30.4146 3.39
      vertex 29.6978 28.6497 3.39
      vertex 29.6978 30.3503 3.39
    endloop
  endfacet
  facet normal 0 0 1
    outer loop
      vertex 29.6111 30.4146 3.39
      vertex 29.6111 28.5854 3.39
      vertex 29.6978 28.6497 3.39
    endloop
  endfacet
  facet normal 0 0 1
    outer loop
      vertex 29.5185 30.4701 3.39
      vertex 29.6111 28.5854 3.39
      vertex 29.6111 30.4146 3.39
    endloop
  endfacet
  facet normal 0 0 1
    outer loop
      vertex 29.5185 30.4701 3.39
      vertex 29.5185 28.5299 3.39
      vertex 29.6111 28.5854 3.39
    endloop
  endfacet
  facet normal 0 0 1
    outer loop
      vertex 29.421 30.5163 3.39
      vertex 29.5185 28.5299 3.39
      vertex 29.5185 30.4701 3.39
    endloop
  endfacet
  facet normal 0 0 1
    outer loop
      vertex 29.421 30.5163 3.39
      vertex 29.421 28.4837 3.39
      vertex 29.5185 28.5299 3.39
    endloop
  endfacet
  facet normal 0 0 1
    outer loop
      vertex 29.3193 30.5526 3.39
      vertex 29.421 28.4837 3.39
      vertex 29.421 30.5163 3.39
    endloop
  endfacet
  facet normal 0 0 1
    outer loop
      vertex 29.3193 30.5526 3.39
      vertex 29.3193 28.4474 3.39
      vertex 29.421 28.4837 3.39
    endloop
  endfacet
  facet normal 0 0 1
    outer loop
      vertex 29.2146 30.5789 3.39
      vertex 29.3193 28.4474 3.39
      vertex 29.3193 30.5526 3.39
    endloop
  endfacet
  facet normal 0 0 1
    outer loop
      vertex 29.2146 30.5789 3.39
      vertex 29.2146 28.4211 3.39
      vertex 29.3193 28.4474 3.39
    endloop
  endfacet
  facet normal 0 0 1
    outer loop
      vertex 29.1078 30.5947 3.39
      vertex 29.2146 28.4211 3.39
      vertex 29.2146 30.5789 3.39
    endloop
  endfacet
  facet normal 0 0 1
    outer loop
      vertex 29.1078 30.5947 3.39
      vertex 29.1078 28.4053 3.39
      vertex 29.2146 28.4211 3.39
    endloop
  endfacet
  facet normal 0 0 1
    outer loop
      vertex 29 30.6 3.39
      vertex 29.1078 28.4053 3.39
      vertex 29.1078 30.5947 3.39
    endloop
  endfacet
  facet normal 0 0 1
    outer loop
      vertex 29 30.6 3.39
      vertex 29 28.4 3.39
      vertex 29.1078 28.4053 3.39
    endloop
  endfacet
  facet normal -0 0 1
    outer loop
      vertex 28.8922 30.5947 3.39
      vertex 29 28.4 3.39
      vertex 29 30.6 3.39
    endloop
  endfacet
  facet normal 0 0 1
    outer loop
      vertex 28.8922 30.5947 3.39
      vertex 28.8922 28.4053 3.39
      vertex 29 28.4 3.39
    endloop
  endfacet
  facet normal -0 0 1
    outer loop
      vertex 28.7854 30.5789 3.39
      vertex 28.8922 28.4053 3.39
      vertex 28.8922 30.5947 3.39
    endloop
  endfacet
  facet normal 0 0 1
    outer loop
      vertex 28.7854 30.5789 3.39
      vertex 28.7854 28.4211 3.39
      vertex 28.8922 28.4053 3.39
    endloop
  endfacet
  facet normal -0 0 1
    outer loop
      vertex 28.6807 30.5526 3.39
      vertex 28.7854 28.4211 3.39
      vertex 28.7854 30.5789 3.39
    endloop
  endfacet
  facet normal 0 0 1
    outer loop
      vertex 28.6807 30.5526 3.39
      vertex 28.6807 28.4474 3.39
      vertex 28.7854 28.4211 3.39
    endloop
  endfacet
  facet normal -0 0 1
    outer loop
      vertex 28.579 30.5163 3.39
      vertex 28.6807 28.4474 3.39
      vertex 28.6807 30.5526 3.39
    endloop
  endfacet
  facet normal 0 0 1
    outer loop
      vertex 28.579 30.5163 3.39
      vertex 28.579 28.4837 3.39
      vertex 28.6807 28.4474 3.39
    endloop
  endfacet
  facet normal -0 0 1
    outer loop
      vertex 28.4815 30.4701 3.39
      vertex 28.579 28.4837 3.39
      vertex 28.579 30.5163 3.39
    endloop
  endfacet
  facet normal 0 0 1
    outer loop
      vertex 28.4815 30.4701 3.39
      vertex 28.4815 28.5299 3.39
      vertex 28.579 28.4837 3.39
    endloop
  endfacet
  facet normal -0 0 1
    outer loop
      vertex 28.3889 30.4146 3.39
      vertex 28.4815 28.5299 3.39
      vertex 28.4815 30.4701 3.39
    endloop
  endfacet
  facet normal 0 0 1
    outer loop
      vertex 28.3889 30.4146 3.39
      vertex 28.3889 28.5854 3.39
      vertex 28.4815 28.5299 3.39
    endloop
  endfacet
  facet normal -0 0 1
    outer loop
      vertex 28.3022 30.3503 3.39
      vertex 28.3889 28.5854 3.39
      vertex 28.3889 30.4146 3.39
    endloop
  endfacet
  facet normal 0 0 1
    outer loop
      vertex 28.3022 30.3503 3.39
      vertex 28.3022 28.6497 3.39
      vertex 28.3889 28.5854 3.39
    endloop
  endfacet
  facet normal -0 0 1
    outer loop
      vertex 28.2222 30.2778 3.39
      vertex 28.3022 28.6497 3.39
      vertex 28.3022 30.3503 3.39
    endloop
  endfacet
  facet normal 0 0 1
    outer loop
      vertex 28.2222 30.2778 3.39
      vertex 28.2222 28.7222 3.39
      vertex 28.3022 28.6497 3.39
    endloop
  endfacet
  facet normal -0 0 1
    outer loop
      vertex 28.1497 30.1978 3.39
      vertex 28.2222 28.7222 3.39
      vertex 28.2222 30.2778 3.39
    endloop
  endfacet
  facet normal 0 0 1
    outer loop
      vertex 28.1497 30.1978 3.39
      vertex 28.1497 28.8022 3.39
      vertex 28.2222 28.7222 3.39
    endloop
  endfacet
  facet normal -0 0 1
    outer loop
      vertex 28.0854 30.1111 3.39
      vertex 28.1497 28.8022 3.39
      vertex 28.1497 30.1978 3.39
    endloop
  endfacet
  facet normal 0 0 1
    outer loop
      vertex 28.0854 30.1111 3.39
      vertex 28.0854 28.8889 3.39
      vertex 28.1497 28.8022 3.39
    endloop
  endfacet
  facet normal -0 0 1
    outer loop
      vertex 28.0299 30.0185 3.39
      vertex 28.0854 28.8889 3.39
      vertex 28.0854 30.1111 3.39
    endloop
  endfacet
  facet normal 0 0 1
    outer loop
      vertex 28.0299 30.0185 3.39
      vertex 28.0299 28.9815 3.39
      vertex 28.0854 28.8889 3.39
    endloop
  endfacet
  facet normal -0 0 1
    outer loop
      vertex 27.9837 29.921 3.39
      vertex 28.0299 28.9815 3.39
      vertex 28.0299 30.0185 3.39
    endloop
  endfacet
  facet normal 0 0 1
    outer loop
      vertex 27.9837 29.921 3.39
      vertex 27.9837 29.079 3.39
      vertex 28.0299 28.9815 3.39
    endloop
  endfacet
  facet normal -0 0 1
    outer loop
      vertex 27.9474 29.8193 3.39
      vertex 27.9837 29.079 3.39
      vertex 27.9837 29.921 3.39
    endloop
  endfacet
  facet normal 0 0 1
    outer loop
      vertex 27.9474 29.8193 3.39
      vertex 27.9474 29.1807 3.39
      vertex 27.9837 29.079 3.39
    endloop
  endfacet
  facet normal -0 0 1
    outer loop
      vertex 27.9211 29.7146 3.39
      vertex 27.9474 29.1807 3.39
      vertex 27.9474 29.8193 3.39
    endloop
  endfacet
  facet normal 0 0 1
    outer loop
      vertex 27.9211 29.7146 3.39
      vertex 27.9211 29.2854 3.39
      vertex 27.9474 29.1807 3.39
    endloop
  endfacet
  facet normal -0 0 1
    outer loop
      vertex 27.9053 29.6078 3.39
      vertex 27.9211 29.2854 3.39
      vertex 27.9211 29.7146 3.39
    endloop
  endfacet
  facet normal 0 0 1
    outer loop
      vertex 27.9053 29.6078 3.39
      vertex 27.9053 29.3922 3.39
      vertex 27.9211 29.2854 3.39
    endloop
  endfacet
  facet normal 0 -0 1
    outer loop
      vertex 27.9053 29.3922 3.39
      vertex 27.9053 29.6078 3.39
      vertex 27.9 29.5 3.39
    endloop
  endfacet
  facet normal 0.989172 0.14676 0
    outer loop
      vertex -46.0169 -31.1569 38.79
      vertex -46.0673 -30.8172 2.4
      vertex -46.0673 -30.8172 38.79
    endloop
  endfacet
  facet normal 0.989172 0.14676 0
    outer loop
      vertex -46.0673 -30.8172 2.4
      vertex -46.0169 -31.1569 38.79
      vertex -46.0169 -31.1569 2.4
    endloop
  endfacet
  facet normal 0.998789 0.0491971 0
    outer loop
      vertex -46 -31.5 38.79
      vertex -46.0169 -31.1569 2.4
      vertex -46.0169 -31.1569 38.79
    endloop
  endfacet
  facet normal 0.998789 0.0491971 0
    outer loop
      vertex -46.0169 -31.1569 2.4
      vertex -46 -31.5 38.79
      vertex -46 -31.5 2.4
    endloop
  endfacet
  facet normal 0.970074 0.24281 0
    outer loop
      vertex -46.0673 -30.8172 38.79
      vertex -46.1507 -30.484 2.4
      vertex -46.1507 -30.484 38.79
    endloop
  endfacet
  facet normal 0.970074 0.24281 0
    outer loop
      vertex -46.1507 -30.484 2.4
      vertex -46.0673 -30.8172 38.79
      vertex -46.0673 -30.8172 2.4
    endloop
  endfacet
  facet normal 0.514153 0.857698 -0
    outer loop
      vertex -47.5555 -28.5899 2.4
      vertex -47.8501 -28.4133 38.79
      vertex -47.5555 -28.5899 38.79
    endloop
  endfacet
  facet normal 0.514153 0.857698 0
    outer loop
      vertex -47.8501 -28.4133 38.79
      vertex -47.5555 -28.5899 2.4
      vertex -47.8501 -28.4133 2.4
    endloop
  endfacet
  facet normal -0.24281 0.970074 0
    outer loop
      vertex -50.1828 -28.0673 2.4
      vertex -50.516 -28.1507 38.79
      vertex -50.1828 -28.0673 38.79
    endloop
  endfacet
  facet normal -0.24281 0.970074 0
    outer loop
      vertex -50.516 -28.1507 38.79
      vertex -50.1828 -28.0673 2.4
      vertex -50.516 -28.1507 2.4
    endloop
  endfacet
  facet normal 0.741046 0.671454 0
    outer loop
      vertex -46.7945 -29.2796 38.79
      vertex -47.0251 -29.0251 2.4
      vertex -47.0251 -29.0251 38.79
    endloop
  endfacet
  facet normal 0.741046 0.671454 0
    outer loop
      vertex -47.0251 -29.0251 2.4
      vertex -46.7945 -29.2796 38.79
      vertex -46.7945 -29.2796 2.4
    endloop
  endfacet
  facet normal 0.857698 0.514153 0
    outer loop
      vertex -46.4133 -29.8501 38.79
      vertex -46.5899 -29.5555 2.4
      vertex -46.5899 -29.5555 38.79
    endloop
  endfacet
  facet normal 0.857698 0.514153 0
    outer loop
      vertex -46.5899 -29.5555 2.4
      vertex -46.4133 -29.8501 38.79
      vertex -46.4133 -29.8501 2.4
    endloop
  endfacet
  facet normal 0.671454 0.741046 -0
    outer loop
      vertex -47.0251 -29.0251 2.4
      vertex -47.2796 -28.7945 38.79
      vertex -47.0251 -29.0251 38.79
    endloop
  endfacet
  facet normal 0.671454 0.741046 0
    outer loop
      vertex -47.2796 -28.7945 38.79
      vertex -47.0251 -29.0251 2.4
      vertex -47.2796 -28.7945 2.4
    endloop
  endfacet
  facet normal 0.941557 0.336853 0
    outer loop
      vertex -46.1507 -30.484 38.79
      vertex -46.2664 -30.1606 2.4
      vertex -46.2664 -30.1606 38.79
    endloop
  endfacet
  facet normal 0.941557 0.336853 0
    outer loop
      vertex -46.2664 -30.1606 2.4
      vertex -46.1507 -30.484 38.79
      vertex -46.1507 -30.484 2.4
    endloop
  endfacet
  facet normal -0.0491971 0.998789 0
    outer loop
      vertex -49.5 -28 2.4
      vertex -49.8431 -28.0169 38.79
      vertex -49.5 -28 38.79
    endloop
  endfacet
  facet normal -0.0491971 0.998789 0
    outer loop
      vertex -49.8431 -28.0169 38.79
      vertex -49.5 -28 2.4
      vertex -49.8431 -28.0169 2.4
    endloop
  endfacet
  facet normal 0.903939 -0.427661 0
    outer loop
      vertex -46.4133 -33.1499 38.79
      vertex -46.2664 -32.8394 2.4
      vertex -46.2664 -32.8394 38.79
    endloop
  endfacet
  facet normal 0.903939 -0.427661 0
    outer loop
      vertex -46.2664 -32.8394 2.4
      vertex -46.4133 -33.1499 38.79
      vertex -46.4133 -33.1499 2.4
    endloop
  endfacet
  facet normal 0.595659 0.803237 -0
    outer loop
      vertex -47.2796 -28.7945 2.4
      vertex -47.5555 -28.5899 38.79
      vertex -47.2796 -28.7945 38.79
    endloop
  endfacet
  facet normal 0.595659 0.803237 0
    outer loop
      vertex -47.5555 -28.5899 38.79
      vertex -47.2796 -28.7945 2.4
      vertex -47.5555 -28.5899 2.4
    endloop
  endfacet
  facet normal 0.998789 -0.0491971 0
    outer loop
      vertex -46.0169 -31.8431 38.79
      vertex -46 -31.5 2.4
      vertex -46 -31.5 38.79
    endloop
  endfacet
  facet normal 0.998789 -0.0491971 0
    outer loop
      vertex -46 -31.5 2.4
      vertex -46.0169 -31.8431 38.79
      vertex -46.0169 -31.8431 2.4
    endloop
  endfacet
  facet normal 0.803237 0.595659 0
    outer loop
      vertex -46.5899 -29.5555 38.79
      vertex -46.7945 -29.2796 2.4
      vertex -46.7945 -29.2796 38.79
    endloop
  endfacet
  facet normal 0.803237 0.595659 0
    outer loop
      vertex -46.7945 -29.2796 2.4
      vertex -46.5899 -29.5555 38.79
      vertex -46.5899 -29.5555 2.4
    endloop
  endfacet
  facet normal -0.671454 0.741046 0
    outer loop
      vertex -51.7204 -28.7945 2.4
      vertex -51.9749 -29.0251 38.79
      vertex -51.7204 -28.7945 38.79
    endloop
  endfacet
  facet normal -0.671454 0.741046 0
    outer loop
      vertex -51.9749 -29.0251 38.79
      vertex -51.7204 -28.7945 2.4
      vertex -51.9749 -29.0251 2.4
    endloop
  endfacet
  facet normal 0.14676 0.989172 -0
    outer loop
      vertex -48.8172 -28.0673 2.4
      vertex -49.1569 -28.0169 38.79
      vertex -48.8172 -28.0673 38.79
    endloop
  endfacet
  facet normal 0.14676 0.989172 0
    outer loop
      vertex -49.1569 -28.0169 38.79
      vertex -48.8172 -28.0673 2.4
      vertex -49.1569 -28.0169 2.4
    endloop
  endfacet
  facet normal 0.427661 0.903939 -0
    outer loop
      vertex -47.8501 -28.4133 2.4
      vertex -48.1606 -28.2664 38.79
      vertex -47.8501 -28.4133 38.79
    endloop
  endfacet
  facet normal 0.427661 0.903939 0
    outer loop
      vertex -48.1606 -28.2664 38.79
      vertex -47.8501 -28.4133 2.4
      vertex -48.1606 -28.2664 2.4
    endloop
  endfacet
  facet normal 0.941557 -0.336853 0
    outer loop
      vertex -46.2664 -32.8394 38.79
      vertex -46.1507 -32.516 2.4
      vertex -46.1507 -32.516 38.79
    endloop
  endfacet
  facet normal 0.941557 -0.336853 0
    outer loop
      vertex -46.1507 -32.516 2.4
      vertex -46.2664 -32.8394 38.79
      vertex -46.2664 -32.8394 2.4
    endloop
  endfacet
  facet normal 0.741046 -0.671454 0
    outer loop
      vertex -47.0251 -33.9749 38.79
      vertex -46.7945 -33.7204 2.4
      vertex -46.7945 -33.7204 38.79
    endloop
  endfacet
  facet normal 0.741046 -0.671454 0
    outer loop
      vertex -46.7945 -33.7204 2.4
      vertex -47.0251 -33.9749 38.79
      vertex -47.0251 -33.9749 2.4
    endloop
  endfacet
  facet normal -0.741029 0.671474 0
    outer loop
      vertex -52 -29.0528 2.4
      vertex -51.9749 -29.0251 38.79
      vertex -51.9749 -29.0251 2.4
    endloop
  endfacet
  facet normal -0.741029 0.671474 0
    outer loop
      vertex -51.9749 -29.0251 38.79
      vertex -52 -29.0528 2.4
      vertex -52 -29.0528 38.79
    endloop
  endfacet
  facet normal 0.903939 0.427661 0
    outer loop
      vertex -46.2664 -30.1606 38.79
      vertex -46.4133 -29.8501 2.4
      vertex -46.4133 -29.8501 38.79
    endloop
  endfacet
  facet normal 0.903939 0.427661 0
    outer loop
      vertex -46.4133 -29.8501 2.4
      vertex -46.2664 -30.1606 38.79
      vertex -46.2664 -30.1606 2.4
    endloop
  endfacet
  facet normal -0.514153 0.857698 0
    outer loop
      vertex -51.1499 -28.4133 2.4
      vertex -51.4445 -28.5899 38.79
      vertex -51.1499 -28.4133 38.79
    endloop
  endfacet
  facet normal -0.514153 0.857698 0
    outer loop
      vertex -51.4445 -28.5899 38.79
      vertex -51.1499 -28.4133 2.4
      vertex -51.4445 -28.5899 2.4
    endloop
  endfacet
  facet normal 0.989172 -0.14676 0
    outer loop
      vertex -46.0673 -32.1828 38.79
      vertex -46.0169 -31.8431 2.4
      vertex -46.0169 -31.8431 38.79
    endloop
  endfacet
  facet normal 0.989172 -0.14676 0
    outer loop
      vertex -46.0169 -31.8431 2.4
      vertex -46.0673 -32.1828 38.79
      vertex -46.0673 -32.1828 2.4
    endloop
  endfacet
  facet normal 0.336853 0.941557 -0
    outer loop
      vertex -48.1606 -28.2664 2.4
      vertex -48.484 -28.1507 38.79
      vertex -48.1606 -28.2664 38.79
    endloop
  endfacet
  facet normal 0.336853 0.941557 0
    outer loop
      vertex -48.484 -28.1507 38.79
      vertex -48.1606 -28.2664 2.4
      vertex -48.484 -28.1507 2.4
    endloop
  endfacet
  facet normal 0.24281 0.970074 -0
    outer loop
      vertex -48.484 -28.1507 2.4
      vertex -48.8172 -28.0673 38.79
      vertex -48.484 -28.1507 38.79
    endloop
  endfacet
  facet normal 0.24281 0.970074 0
    outer loop
      vertex -48.8172 -28.0673 38.79
      vertex -48.484 -28.1507 2.4
      vertex -48.8172 -28.0673 2.4
    endloop
  endfacet
  facet normal -0.427661 0.903939 0
    outer loop
      vertex -50.8394 -28.2664 2.4
      vertex -51.1499 -28.4133 38.79
      vertex -50.8394 -28.2664 38.79
    endloop
  endfacet
  facet normal -0.427661 0.903939 0
    outer loop
      vertex -51.1499 -28.4133 38.79
      vertex -50.8394 -28.2664 2.4
      vertex -51.1499 -28.4133 2.4
    endloop
  endfacet
  facet normal -0.595659 0.803237 0
    outer loop
      vertex -51.4445 -28.5899 2.4
      vertex -51.7204 -28.7945 38.79
      vertex -51.4445 -28.5899 38.79
    endloop
  endfacet
  facet normal -0.595659 0.803237 0
    outer loop
      vertex -51.7204 -28.7945 38.79
      vertex -51.4445 -28.5899 2.4
      vertex -51.7204 -28.7945 2.4
    endloop
  endfacet
  facet normal -0.14676 0.989172 0
    outer loop
      vertex -49.8431 -28.0169 2.4
      vertex -50.1828 -28.0673 38.79
      vertex -49.8431 -28.0169 38.79
    endloop
  endfacet
  facet normal -0.14676 0.989172 0
    outer loop
      vertex -50.1828 -28.0673 38.79
      vertex -49.8431 -28.0169 2.4
      vertex -50.1828 -28.0673 2.4
    endloop
  endfacet
  facet normal -0.336853 0.941557 0
    outer loop
      vertex -50.516 -28.1507 2.4
      vertex -50.8394 -28.2664 38.79
      vertex -50.516 -28.1507 38.79
    endloop
  endfacet
  facet normal -0.336853 0.941557 0
    outer loop
      vertex -50.8394 -28.2664 38.79
      vertex -50.516 -28.1507 2.4
      vertex -50.8394 -28.2664 2.4
    endloop
  endfacet
  facet normal 0.970074 -0.24281 0
    outer loop
      vertex -46.1507 -32.516 38.79
      vertex -46.0673 -32.1828 2.4
      vertex -46.0673 -32.1828 38.79
    endloop
  endfacet
  facet normal 0.970074 -0.24281 0
    outer loop
      vertex -46.0673 -32.1828 2.4
      vertex -46.1507 -32.516 38.79
      vertex -46.1507 -32.516 2.4
    endloop
  endfacet
  facet normal 0.0491971 0.998789 -0
    outer loop
      vertex -49.1569 -28.0169 2.4
      vertex -49.5 -28 38.79
      vertex -49.1569 -28.0169 38.79
    endloop
  endfacet
  facet normal 0.0491971 0.998789 0
    outer loop
      vertex -49.5 -28 38.79
      vertex -49.1569 -28.0169 2.4
      vertex -49.5 -28 2.4
    endloop
  endfacet
  facet normal 0.857698 -0.514153 0
    outer loop
      vertex -46.5899 -33.4445 38.79
      vertex -46.4133 -33.1499 2.4
      vertex -46.4133 -33.1499 38.79
    endloop
  endfacet
  facet normal 0.857698 -0.514153 0
    outer loop
      vertex -46.4133 -33.1499 2.4
      vertex -46.5899 -33.4445 38.79
      vertex -46.5899 -33.4445 2.4
    endloop
  endfacet
  facet normal 0.803237 -0.595659 0
    outer loop
      vertex -46.7945 -33.7204 38.79
      vertex -46.5899 -33.4445 2.4
      vertex -46.5899 -33.4445 38.79
    endloop
  endfacet
  facet normal 0.803237 -0.595659 0
    outer loop
      vertex -46.5899 -33.4445 2.4
      vertex -46.7945 -33.7204 38.79
      vertex -46.7945 -33.7204 2.4
    endloop
  endfacet
  facet normal 0.671474 -0.741029 0
    outer loop
      vertex -47.0528 -34 2.4
      vertex -47.0251 -33.9749 38.79
      vertex -47.0528 -34 38.79
    endloop
  endfacet
  facet normal 0.671474 -0.741029 0
    outer loop
      vertex -47.0251 -33.9749 38.79
      vertex -47.0528 -34 2.4
      vertex -47.0251 -33.9749 2.4
    endloop
  endfacet
  facet normal 0 0 1
    outer loop
      vertex -46.0169 -31.1569 38.79
      vertex -48.256 -31.3775 38.79
      vertex -48.25 -31.5 38.79
    endloop
  endfacet
  facet normal 0 0 1
    outer loop
      vertex -47.8501 -28.4133 38.79
      vertex -48.274 -31.2561 38.79
      vertex -48.256 -31.3775 38.79
    endloop
  endfacet
  facet normal 0 0 1
    outer loop
      vertex -47.8501 -28.4133 38.79
      vertex -48.3038 -31.1371 38.79
      vertex -48.274 -31.2561 38.79
    endloop
  endfacet
  facet normal 0 0 1
    outer loop
      vertex -47.8501 -28.4133 38.79
      vertex -48.3451 -31.0216 38.79
      vertex -48.3038 -31.1371 38.79
    endloop
  endfacet
  facet normal 0 0 1
    outer loop
      vertex -47.8501 -28.4133 38.79
      vertex -48.3976 -30.9108 38.79
      vertex -48.3451 -31.0216 38.79
    endloop
  endfacet
  facet normal 0 0 1
    outer loop
      vertex -47.8501 -28.4133 38.79
      vertex -48.4607 -30.8055 38.79
      vertex -48.3976 -30.9108 38.79
    endloop
  endfacet
  facet normal 0 0 1
    outer loop
      vertex -49.0216 -30.3451 38.79
      vertex -48.1606 -28.2664 38.79
      vertex -48.484 -28.1507 38.79
    endloop
  endfacet
  facet normal 0 0 1
    outer loop
      vertex -47.8501 -28.4133 38.79
      vertex -48.5337 -30.707 38.79
      vertex -48.4607 -30.8055 38.79
    endloop
  endfacet
  facet normal 0 0 1
    outer loop
      vertex -47.8501 -28.4133 38.79
      vertex -48.6161 -30.6161 38.79
      vertex -48.5337 -30.707 38.79
    endloop
  endfacet
  facet normal 0 0 1
    outer loop
      vertex -47.8501 -28.4133 38.79
      vertex -48.707 -30.5337 38.79
      vertex -48.6161 -30.6161 38.79
    endloop
  endfacet
  facet normal 0 0 1
    outer loop
      vertex -47.8501 -28.4133 38.79
      vertex -48.8055 -30.4607 38.79
      vertex -48.707 -30.5337 38.79
    endloop
  endfacet
  facet normal 0 0 1
    outer loop
      vertex -49.1371 -30.3038 38.79
      vertex -48.484 -28.1507 38.79
      vertex -48.8172 -28.0673 38.79
    endloop
  endfacet
  facet normal 0 0 1
    outer loop
      vertex -47.8501 -28.4133 38.79
      vertex -48.9108 -30.3976 38.79
      vertex -48.8055 -30.4607 38.79
    endloop
  endfacet
  facet normal 0 0 1
    outer loop
      vertex -48.1606 -28.2664 38.79
      vertex -49.0216 -30.3451 38.79
      vertex -48.9108 -30.3976 38.79
    endloop
  endfacet
  facet normal 0 0 1
    outer loop
      vertex -48.484 -28.1507 38.79
      vertex -49.1371 -30.3038 38.79
      vertex -49.0216 -30.3451 38.79
    endloop
  endfacet
  facet normal 0 0 1
    outer loop
      vertex -49.2561 -30.274 38.79
      vertex -48.8172 -28.0673 38.79
      vertex -49.1569 -28.0169 38.79
    endloop
  endfacet
  facet normal 0 0 1
    outer loop
      vertex -48.8172 -28.0673 38.79
      vertex -49.2561 -30.274 38.79
      vertex -49.1371 -30.3038 38.79
    endloop
  endfacet
  facet normal 0 0 1
    outer loop
      vertex -49.1569 -28.0169 38.79
      vertex -49.3775 -30.256 38.79
      vertex -49.2561 -30.274 38.79
    endloop
  endfacet
  facet normal 0 0 1
    outer loop
      vertex -49.5 -28 38.79
      vertex -49.3775 -30.256 38.79
      vertex -49.1569 -28.0169 38.79
    endloop
  endfacet
  facet normal 0 0 1
    outer loop
      vertex -49.5 -28 38.79
      vertex -49.5 -30.25 38.79
      vertex -49.3775 -30.256 38.79
    endloop
  endfacet
  facet normal 0 0 1
    outer loop
      vertex -49.5 -28 38.79
      vertex -49.6225 -30.256 38.79
      vertex -49.5 -30.25 38.79
    endloop
  endfacet
  facet normal -0 0 1
    outer loop
      vertex -49.8431 -28.0169 38.79
      vertex -49.6225 -30.256 38.79
      vertex -49.5 -28 38.79
    endloop
  endfacet
  facet normal 0 0 1
    outer loop
      vertex -49.6225 -30.256 38.79
      vertex -49.8431 -28.0169 38.79
      vertex -49.7439 -30.274 38.79
    endloop
  endfacet
  facet normal -0 0 1
    outer loop
      vertex -50.1828 -28.0673 38.79
      vertex -49.7439 -30.274 38.79
      vertex -49.8431 -28.0169 38.79
    endloop
  endfacet
  facet normal 0 0 1
    outer loop
      vertex -49.7439 -30.274 38.79
      vertex -50.1828 -28.0673 38.79
      vertex -49.8629 -30.3038 38.79
    endloop
  endfacet
  facet normal -0 0 1
    outer loop
      vertex -50.516 -28.1507 38.79
      vertex -49.8629 -30.3038 38.79
      vertex -50.1828 -28.0673 38.79
    endloop
  endfacet
  facet normal 0 0 1
    outer loop
      vertex -49.8629 -30.3038 38.79
      vertex -50.516 -28.1507 38.79
      vertex -49.9784 -30.3451 38.79
    endloop
  endfacet
  facet normal -0 0 1
    outer loop
      vertex -50.8394 -28.2664 38.79
      vertex -49.9784 -30.3451 38.79
      vertex -50.516 -28.1507 38.79
    endloop
  endfacet
  facet normal 0 0 1
    outer loop
      vertex -49.9784 -30.3451 38.79
      vertex -50.8394 -28.2664 38.79
      vertex -50.0892 -30.3976 38.79
    endloop
  endfacet
  facet normal -0 0 1
    outer loop
      vertex -51.1499 -28.4133 38.79
      vertex -50.0892 -30.3976 38.79
      vertex -50.8394 -28.2664 38.79
    endloop
  endfacet
  facet normal 0 0 1
    outer loop
      vertex -50.0892 -30.3976 38.79
      vertex -51.1499 -28.4133 38.79
      vertex -50.1945 -30.4607 38.79
    endloop
  endfacet
  facet normal -0 0 1
    outer loop
      vertex -51.4445 -28.5899 38.79
      vertex -50.1945 -30.4607 38.79
      vertex -51.1499 -28.4133 38.79
    endloop
  endfacet
  facet normal 0 0 1
    outer loop
      vertex -50.1945 -30.4607 38.79
      vertex -51.4445 -28.5899 38.79
      vertex -50.293 -30.5337 38.79
    endloop
  endfacet
  facet normal -0 0 1
    outer loop
      vertex -51.7204 -28.7945 38.79
      vertex -50.293 -30.5337 38.79
      vertex -51.4445 -28.5899 38.79
    endloop
  endfacet
  facet normal 0 0 1
    outer loop
      vertex -50.293 -30.5337 38.79
      vertex -51.7204 -28.7945 38.79
      vertex -50.3839 -30.6161 38.79
    endloop
  endfacet
  facet normal -0 0 1
    outer loop
      vertex -52 -30.4 38.79
      vertex -50.3839 -30.6161 38.79
      vertex -51.7204 -28.7945 38.79
    endloop
  endfacet
  facet normal 0 0 1
    outer loop
      vertex -50.3839 -30.6161 38.79
      vertex -52 -30.4 38.79
      vertex -50.4663 -30.707 38.79
    endloop
  endfacet
  facet normal 0 0 1
    outer loop
      vertex -50.4663 -30.707 38.79
      vertex -52 -30.4 38.79
      vertex -50.5393 -30.8055 38.79
    endloop
  endfacet
  facet normal -0 -0 1
    outer loop
      vertex -51.9827 -30.7529 38.79
      vertex -50.6024 -30.9108 38.79
      vertex -52 -30.4 38.79
    endloop
  endfacet
  facet normal 0 0 1
    outer loop
      vertex -50.5393 -30.8055 38.79
      vertex -52 -30.4 38.79
      vertex -50.6024 -30.9108 38.79
    endloop
  endfacet
  facet normal 0 0 1
    outer loop
      vertex -48.25 -31.5 38.79
      vertex -46 -31.5 38.79
      vertex -46.0169 -31.1569 38.79
    endloop
  endfacet
  facet normal 0 0 1
    outer loop
      vertex -48.256 -31.3775 38.79
      vertex -46.0169 -31.1569 38.79
      vertex -46.0673 -30.8172 38.79
    endloop
  endfacet
  facet normal 0 0 1
    outer loop
      vertex -46 -31.5 38.79
      vertex -48.25 -31.5 38.79
      vertex -46.0169 -31.8431 38.79
    endloop
  endfacet
  facet normal 0 0 1
    outer loop
      vertex -48.256 -31.3775 38.79
      vertex -46.0673 -30.8172 38.79
      vertex -46.1507 -30.484 38.79
    endloop
  endfacet
  facet normal -0 0 1
    outer loop
      vertex -48.256 -31.6225 38.79
      vertex -46.0169 -31.8431 38.79
      vertex -48.25 -31.5 38.79
    endloop
  endfacet
  facet normal 0 0 1
    outer loop
      vertex -48.256 -31.3775 38.79
      vertex -46.1507 -30.484 38.79
      vertex -46.2664 -30.1606 38.79
    endloop
  endfacet
  facet normal 0 0 1
    outer loop
      vertex -46.0169 -31.8431 38.79
      vertex -48.256 -31.6225 38.79
      vertex -46.0673 -32.1828 38.79
    endloop
  endfacet
  facet normal 0 0 1
    outer loop
      vertex -48.256 -31.3775 38.79
      vertex -46.2664 -30.1606 38.79
      vertex -46.4133 -29.8501 38.79
    endloop
  endfacet
  facet normal -0 0 1
    outer loop
      vertex -48.274 -31.7439 38.79
      vertex -46.0673 -32.1828 38.79
      vertex -48.256 -31.6225 38.79
    endloop
  endfacet
  facet normal 0 0 1
    outer loop
      vertex -48.256 -31.3775 38.79
      vertex -46.4133 -29.8501 38.79
      vertex -46.5899 -29.5555 38.79
    endloop
  endfacet
  facet normal 0 0 1
    outer loop
      vertex -46.0673 -32.1828 38.79
      vertex -48.274 -31.7439 38.79
      vertex -46.1507 -32.516 38.79
    endloop
  endfacet
  facet normal 0 0 1
    outer loop
      vertex -48.256 -31.3775 38.79
      vertex -46.5899 -29.5555 38.79
      vertex -46.7945 -29.2796 38.79
    endloop
  endfacet
  facet normal -0 0 1
    outer loop
      vertex -48.3038 -31.8629 38.79
      vertex -46.1507 -32.516 38.79
      vertex -48.274 -31.7439 38.79
    endloop
  endfacet
  facet normal 0 0 1
    outer loop
      vertex -48.256 -31.3775 38.79
      vertex -46.7945 -29.2796 38.79
      vertex -47.0251 -29.0251 38.79
    endloop
  endfacet
  facet normal 0 0 1
    outer loop
      vertex -46.1507 -32.516 38.79
      vertex -48.3038 -31.8629 38.79
      vertex -46.2664 -32.8394 38.79
    endloop
  endfacet
  facet normal -0 0 1
    outer loop
      vertex -48.3451 -31.9784 38.79
      vertex -46.2664 -32.8394 38.79
      vertex -48.3038 -31.8629 38.79
    endloop
  endfacet
  facet normal 0 0 1
    outer loop
      vertex -48.256 -31.3775 38.79
      vertex -47.0251 -29.0251 38.79
      vertex -47.2796 -28.7945 38.79
    endloop
  endfacet
  facet normal 0 0 1
    outer loop
      vertex -48.256 -31.3775 38.79
      vertex -47.2796 -28.7945 38.79
      vertex -47.5555 -28.5899 38.79
    endloop
  endfacet
  facet normal 0 0 1
    outer loop
      vertex -48.256 -31.3775 38.79
      vertex -47.5555 -28.5899 38.79
      vertex -47.8501 -28.4133 38.79
    endloop
  endfacet
  facet normal 0 0 1
    outer loop
      vertex -48.9108 -30.3976 38.79
      vertex -47.8501 -28.4133 38.79
      vertex -48.1606 -28.2664 38.79
    endloop
  endfacet
  facet normal 0 0 1
    outer loop
      vertex -46.2664 -32.8394 38.79
      vertex -48.3451 -31.9784 38.79
      vertex -46.4133 -33.1499 38.79
    endloop
  endfacet
  facet normal -0 0 1
    outer loop
      vertex -48.3976 -32.0892 38.79
      vertex -46.4133 -33.1499 38.79
      vertex -48.3451 -31.9784 38.79
    endloop
  endfacet
  facet normal 0 0 1
    outer loop
      vertex -46.4133 -33.1499 38.79
      vertex -48.3976 -32.0892 38.79
      vertex -46.5899 -33.4445 38.79
    endloop
  endfacet
  facet normal -0 0 1
    outer loop
      vertex -48.4607 -32.1945 38.79
      vertex -46.5899 -33.4445 38.79
      vertex -48.3976 -32.0892 38.79
    endloop
  endfacet
  facet normal 0 0 1
    outer loop
      vertex -46.5899 -33.4445 38.79
      vertex -48.4607 -32.1945 38.79
      vertex -46.7945 -33.7204 38.79
    endloop
  endfacet
  facet normal -0 0 1
    outer loop
      vertex -48.5337 -32.293 38.79
      vertex -46.7945 -33.7204 38.79
      vertex -48.4607 -32.1945 38.79
    endloop
  endfacet
  facet normal 0 -0 1
    outer loop
      vertex -48.4 -34 38.79
      vertex -46.7945 -33.7204 38.79
      vertex -48.5337 -32.293 38.79
    endloop
  endfacet
  facet normal 0 0 1
    outer loop
      vertex -46.7945 -33.7204 38.79
      vertex -48.4 -34 38.79
      vertex -47.0251 -33.9749 38.79
    endloop
  endfacet
  facet normal 0 0 1
    outer loop
      vertex -47.0251 -33.9749 38.79
      vertex -48.4 -34 38.79
      vertex -47.0528 -34 38.79
    endloop
  endfacet
  facet normal -0 0 1
    outer loop
      vertex -48.6161 -32.3839 38.79
      vertex -48.4 -34 38.79
      vertex -48.5337 -32.293 38.79
    endloop
  endfacet
  facet normal -0 0 1
    outer loop
      vertex -48.707 -32.4663 38.79
      vertex -48.4 -34 38.79
      vertex -48.6161 -32.3839 38.79
    endloop
  endfacet
  facet normal -0 0 1
    outer loop
      vertex -48.8055 -32.5393 38.79
      vertex -48.4 -34 38.79
      vertex -48.707 -32.4663 38.79
    endloop
  endfacet
  facet normal -0 0 1
    outer loop
      vertex -48.9108 -32.6024 38.79
      vertex -48.4 -34 38.79
      vertex -48.8055 -32.5393 38.79
    endloop
  endfacet
  facet normal 0 0 1
    outer loop
      vertex -48.4 -34 38.79
      vertex -48.9108 -32.6024 38.79
      vertex -48.7529 -33.9827 38.79
    endloop
  endfacet
  facet normal -0 0 1
    outer loop
      vertex -49.0216 -32.6549 38.79
      vertex -48.7529 -33.9827 38.79
      vertex -48.9108 -32.6024 38.79
    endloop
  endfacet
  facet normal 0 0 1
    outer loop
      vertex -49.0216 -32.6549 38.79
      vertex -49.1023 -33.9308 38.79
      vertex -48.7529 -33.9827 38.79
    endloop
  endfacet
  facet normal -0 0 1
    outer loop
      vertex -49.1371 -32.6962 38.79
      vertex -49.1023 -33.9308 38.79
      vertex -49.0216 -32.6549 38.79
    endloop
  endfacet
  facet normal -0 0 1
    outer loop
      vertex -49.2561 -32.726 38.79
      vertex -49.1023 -33.9308 38.79
      vertex -49.1371 -32.6962 38.79
    endloop
  endfacet
  facet normal 0 0 1
    outer loop
      vertex -49.445 -33.845 38.79
      vertex -49.2561 -32.726 38.79
      vertex -49.3775 -32.744 38.79
    endloop
  endfacet
  facet normal 0 0 1
    outer loop
      vertex -49.2561 -32.726 38.79
      vertex -49.445 -33.845 38.79
      vertex -49.1023 -33.9308 38.79
    endloop
  endfacet
  facet normal -0 0 1
    outer loop
      vertex -49.5 -32.75 38.79
      vertex -49.445 -33.845 38.79
      vertex -49.3775 -32.744 38.79
    endloop
  endfacet
  facet normal 0 0 1
    outer loop
      vertex -49.7776 -33.726 38.79
      vertex -49.5 -32.75 38.79
      vertex -49.6225 -32.744 38.79
    endloop
  endfacet
  facet normal 0 0 1
    outer loop
      vertex -50.097 -33.5749 38.79
      vertex -49.6225 -32.744 38.79
      vertex -49.7439 -32.726 38.79
    endloop
  endfacet
  facet normal 0 0 1
    outer loop
      vertex -49.5 -32.75 38.79
      vertex -49.7776 -33.726 38.79
      vertex -49.445 -33.845 38.79
    endloop
  endfacet
  facet normal 0 0 1
    outer loop
      vertex -50.097 -33.5749 38.79
      vertex -49.7439 -32.726 38.79
      vertex -49.8629 -32.6962 38.79
    endloop
  endfacet
  facet normal 0 0 1
    outer loop
      vertex -50.4 -33.3933 38.79
      vertex -49.8629 -32.6962 38.79
      vertex -49.9784 -32.6549 38.79
    endloop
  endfacet
  facet normal 0 0 1
    outer loop
      vertex -50.4 -33.3933 38.79
      vertex -49.9784 -32.6549 38.79
      vertex -50.0892 -32.6024 38.79
    endloop
  endfacet
  facet normal 0 0 1
    outer loop
      vertex -49.6225 -32.744 38.79
      vertex -50.097 -33.5749 38.79
      vertex -49.7776 -33.726 38.79
    endloop
  endfacet
  facet normal 0 0 1
    outer loop
      vertex -50.6838 -33.1828 38.79
      vertex -50.0892 -32.6024 38.79
      vertex -50.1945 -32.5393 38.79
    endloop
  endfacet
  facet normal 0 0 1
    outer loop
      vertex -50.6838 -33.1828 38.79
      vertex -50.1945 -32.5393 38.79
      vertex -50.293 -32.4663 38.79
    endloop
  endfacet
  facet normal 0 0 1
    outer loop
      vertex -50.9456 -32.9456 38.79
      vertex -50.293 -32.4663 38.79
      vertex -50.3839 -32.3839 38.79
    endloop
  endfacet
  facet normal 0 0 1
    outer loop
      vertex -49.8629 -32.6962 38.79
      vertex -50.4 -33.3933 38.79
      vertex -50.097 -33.5749 38.79
    endloop
  endfacet
  facet normal 0 0 1
    outer loop
      vertex -50.9456 -32.9456 38.79
      vertex -50.3839 -32.3839 38.79
      vertex -50.4663 -32.293 38.79
    endloop
  endfacet
  facet normal 0 0 1
    outer loop
      vertex -51.1828 -32.6838 38.79
      vertex -50.4663 -32.293 38.79
      vertex -50.5393 -32.1945 38.79
    endloop
  endfacet
  facet normal 0 0 1
    outer loop
      vertex -51.1828 -32.6838 38.79
      vertex -50.5393 -32.1945 38.79
      vertex -50.6024 -32.0892 38.79
    endloop
  endfacet
  facet normal 0 0 1
    outer loop
      vertex -51.3933 -32.4 38.79
      vertex -50.6024 -32.0892 38.79
      vertex -50.6549 -31.9784 38.79
    endloop
  endfacet
  facet normal 0 0 1
    outer loop
      vertex -50.0892 -32.6024 38.79
      vertex -50.6838 -33.1828 38.79
      vertex -50.4 -33.3933 38.79
    endloop
  endfacet
  facet normal 0 0 1
    outer loop
      vertex -51.3933 -32.4 38.79
      vertex -50.6549 -31.9784 38.79
      vertex -50.6962 -31.8629 38.79
    endloop
  endfacet
  facet normal 0 0 1
    outer loop
      vertex -51.5749 -32.097 38.79
      vertex -50.6962 -31.8629 38.79
      vertex -50.726 -31.7439 38.79
    endloop
  endfacet
  facet normal 0 0 1
    outer loop
      vertex -51.5749 -32.097 38.79
      vertex -50.726 -31.7439 38.79
      vertex -50.744 -31.6225 38.79
    endloop
  endfacet
  facet normal 0 0 1
    outer loop
      vertex -51.726 -31.7776 38.79
      vertex -50.744 -31.6225 38.79
      vertex -50.75 -31.5 38.79
    endloop
  endfacet
  facet normal 0 0 1
    outer loop
      vertex -50.293 -32.4663 38.79
      vertex -50.9456 -32.9456 38.79
      vertex -50.6838 -33.1828 38.79
    endloop
  endfacet
  facet normal 0 -0 1
    outer loop
      vertex -51.9308 -31.1023 38.79
      vertex -50.6549 -31.0216 38.79
      vertex -51.9827 -30.7529 38.79
    endloop
  endfacet
  facet normal 0 0 1
    outer loop
      vertex -50.6962 -31.1371 38.79
      vertex -51.9308 -31.1023 38.79
      vertex -50.726 -31.2561 38.79
    endloop
  endfacet
  facet normal 0 0 1
    outer loop
      vertex -50.4663 -32.293 38.79
      vertex -51.1828 -32.6838 38.79
      vertex -50.9456 -32.9456 38.79
    endloop
  endfacet
  facet normal 0 0 1
    outer loop
      vertex -50.6024 -32.0892 38.79
      vertex -51.3933 -32.4 38.79
      vertex -51.1828 -32.6838 38.79
    endloop
  endfacet
  facet normal 0 0 1
    outer loop
      vertex -50.6549 -31.0216 38.79
      vertex -51.9308 -31.1023 38.79
      vertex -50.6962 -31.1371 38.79
    endloop
  endfacet
  facet normal 0 0 1
    outer loop
      vertex -50.6962 -31.8629 38.79
      vertex -51.5749 -32.097 38.79
      vertex -51.3933 -32.4 38.79
    endloop
  endfacet
  facet normal 0 0 1
    outer loop
      vertex -50.6024 -30.9108 38.79
      vertex -51.9827 -30.7529 38.79
      vertex -50.6549 -31.0216 38.79
    endloop
  endfacet
  facet normal 0 -0 1
    outer loop
      vertex -51.845 -31.445 38.79
      vertex -50.726 -31.2561 38.79
      vertex -51.9308 -31.1023 38.79
    endloop
  endfacet
  facet normal 0 0 1
    outer loop
      vertex -50.744 -31.6225 38.79
      vertex -51.726 -31.7776 38.79
      vertex -51.5749 -32.097 38.79
    endloop
  endfacet
  facet normal 0 0 1
    outer loop
      vertex -50.75 -31.5 38.79
      vertex -51.845 -31.445 38.79
      vertex -51.726 -31.7776 38.79
    endloop
  endfacet
  facet normal 0 0 1
    outer loop
      vertex -52 -30.4 38.79
      vertex -51.7204 -28.7945 38.79
      vertex -51.9749 -29.0251 38.79
    endloop
  endfacet
  facet normal 0 0 1
    outer loop
      vertex -50.744 -31.3775 38.79
      vertex -51.845 -31.445 38.79
      vertex -50.75 -31.5 38.79
    endloop
  endfacet
  facet normal 0 0 1
    outer loop
      vertex -52 -30.4 38.79
      vertex -51.9749 -29.0251 38.79
      vertex -52 -29.0528 38.79
    endloop
  endfacet
  facet normal 0 0 1
    outer loop
      vertex -50.726 -31.2561 38.79
      vertex -51.845 -31.445 38.79
      vertex -50.744 -31.3775 38.79
    endloop
  endfacet
  facet normal -0.989186 -0.146667 0
    outer loop
      vertex -48.256 -31.3775 28.79
      vertex -48.274 -31.2561 38.79
      vertex -48.274 -31.2561 28.79
    endloop
  endfacet
  facet normal -0.989186 -0.146667 0
    outer loop
      vertex -48.274 -31.2561 38.79
      vertex -48.256 -31.3775 28.79
      vertex -48.256 -31.3775 38.79
    endloop
  endfacet
  facet normal -0.998803 -0.0489209 0
    outer loop
      vertex -48.25 -31.5 28.79
      vertex -48.256 -31.3775 38.79
      vertex -48.256 -31.3775 28.79
    endloop
  endfacet
  facet normal -0.998803 -0.0489209 0
    outer loop
      vertex -48.256 -31.3775 38.79
      vertex -48.25 -31.5 28.79
      vertex -48.25 -31.5 38.79
    endloop
  endfacet
  facet normal -0.970047 -0.242919 0
    outer loop
      vertex -48.274 -31.2561 28.79
      vertex -48.3038 -31.1371 38.79
      vertex -48.3038 -31.1371 28.79
    endloop
  endfacet
  facet normal -0.970047 -0.242919 0
    outer loop
      vertex -48.3038 -31.1371 38.79
      vertex -48.274 -31.2561 28.79
      vertex -48.274 -31.2561 38.79
    endloop
  endfacet
  facet normal -0.336698 0.941613 0
    outer loop
      vertex -49.0216 -32.6549 28.79
      vertex -49.1371 -32.6962 38.79
      vertex -49.0216 -32.6549 38.79
    endloop
  endfacet
  facet normal -0.336698 0.941613 0
    outer loop
      vertex -49.1371 -32.6962 38.79
      vertex -49.0216 -32.6549 28.79
      vertex -49.1371 -32.6962 28.79
    endloop
  endfacet
  facet normal -0.671617 -0.740898 0
    outer loop
      vertex -48.707 -30.5337 28.79
      vertex -48.6161 -30.6161 38.79
      vertex -48.707 -30.5337 38.79
    endloop
  endfacet
  facet normal -0.671617 -0.740898 -0
    outer loop
      vertex -48.6161 -30.6161 38.79
      vertex -48.707 -30.5337 28.79
      vertex -48.6161 -30.6161 28.79
    endloop
  endfacet
  facet normal 0.85778 -0.514016 0
    outer loop
      vertex -50.6024 -30.9108 38.79
      vertex -50.5393 -30.8055 28.79
      vertex -50.5393 -30.8055 38.79
    endloop
  endfacet
  facet normal 0.85778 -0.514016 0
    outer loop
      vertex -50.5393 -30.8055 28.79
      vertex -50.6024 -30.9108 38.79
      vertex -50.6024 -30.9108 28.79
    endloop
  endfacet
  facet normal 0.146667 0.989186 -0
    outer loop
      vertex -49.6225 -32.744 28.79
      vertex -49.7439 -32.726 38.79
      vertex -49.6225 -32.744 38.79
    endloop
  endfacet
  facet normal 0.146667 0.989186 0
    outer loop
      vertex -49.7439 -32.726 38.79
      vertex -49.6225 -32.744 28.79
      vertex -49.7439 -32.726 28.79
    endloop
  endfacet
  facet normal -0.941613 -0.336698 0
    outer loop
      vertex -48.3038 -31.1371 28.79
      vertex -48.3451 -31.0216 38.79
      vertex -48.3451 -31.0216 28.79
    endloop
  endfacet
  facet normal -0.941613 -0.336698 0
    outer loop
      vertex -48.3451 -31.0216 38.79
      vertex -48.3038 -31.1371 28.79
      vertex -48.3038 -31.1371 38.79
    endloop
  endfacet
  facet normal 0.0489209 -0.998803 0
    outer loop
      vertex -49.6225 -30.256 28.79
      vertex -49.5 -30.25 38.79
      vertex -49.6225 -30.256 38.79
    endloop
  endfacet
  facet normal 0.0489209 -0.998803 0
    outer loop
      vertex -49.5 -30.25 38.79
      vertex -49.6225 -30.256 28.79
      vertex -49.5 -30.25 28.79
    endloop
  endfacet
  facet normal -0.0489209 0.998803 0
    outer loop
      vertex -49.3775 -32.744 28.79
      vertex -49.5 -32.75 38.79
      vertex -49.3775 -32.744 38.79
    endloop
  endfacet
  facet normal -0.0489209 0.998803 0
    outer loop
      vertex -49.5 -32.75 38.79
      vertex -49.3775 -32.744 28.79
      vertex -49.5 -32.75 28.79
    endloop
  endfacet
  facet normal 0.903688 0.428192 0
    outer loop
      vertex -50.6024 -32.0892 38.79
      vertex -50.6549 -31.9784 28.79
      vertex -50.6549 -31.9784 38.79
    endloop
  endfacet
  facet normal 0.903688 0.428192 0
    outer loop
      vertex -50.6549 -31.9784 28.79
      vertex -50.6024 -32.0892 38.79
      vertex -50.6024 -32.0892 28.79
    endloop
  endfacet
  facet normal 0.595423 0.803413 -0
    outer loop
      vertex -50.1945 -32.5393 28.79
      vertex -50.293 -32.4663 38.79
      vertex -50.1945 -32.5393 38.79
    endloop
  endfacet
  facet normal 0.595423 0.803413 0
    outer loop
      vertex -50.293 -32.4663 38.79
      vertex -50.1945 -32.5393 28.79
      vertex -50.293 -32.4663 28.79
    endloop
  endfacet
  facet normal 0.803413 -0.595423 0
    outer loop
      vertex -50.5393 -30.8055 38.79
      vertex -50.4663 -30.707 28.79
      vertex -50.4663 -30.707 38.79
    endloop
  endfacet
  facet normal 0.803413 -0.595423 0
    outer loop
      vertex -50.4663 -30.707 28.79
      vertex -50.5393 -30.8055 38.79
      vertex -50.5393 -30.8055 28.79
    endloop
  endfacet
  facet normal -0.970047 0.242919 0
    outer loop
      vertex -48.3038 -31.8629 28.79
      vertex -48.274 -31.7439 38.79
      vertex -48.274 -31.7439 28.79
    endloop
  endfacet
  facet normal -0.970047 0.242919 0
    outer loop
      vertex -48.274 -31.7439 38.79
      vertex -48.3038 -31.8629 28.79
      vertex -48.3038 -31.8629 38.79
    endloop
  endfacet
  facet normal -0.85778 -0.514016 0
    outer loop
      vertex -48.3976 -30.9108 28.79
      vertex -48.4607 -30.8055 38.79
      vertex -48.4607 -30.8055 28.79
    endloop
  endfacet
  facet normal -0.85778 -0.514016 0
    outer loop
      vertex -48.4607 -30.8055 38.79
      vertex -48.3976 -30.9108 28.79
      vertex -48.3976 -30.9108 38.79
    endloop
  endfacet
  facet normal 0.998803 0.0489209 0
    outer loop
      vertex -50.744 -31.6225 38.79
      vertex -50.75 -31.5 28.79
      vertex -50.75 -31.5 38.79
    endloop
  endfacet
  facet normal 0.998803 0.0489209 0
    outer loop
      vertex -50.75 -31.5 28.79
      vertex -50.744 -31.6225 38.79
      vertex -50.744 -31.6225 28.79
    endloop
  endfacet
  facet normal -0.903688 -0.428192 0
    outer loop
      vertex -48.3451 -31.0216 28.79
      vertex -48.3976 -30.9108 38.79
      vertex -48.3976 -30.9108 28.79
    endloop
  endfacet
  facet normal -0.903688 -0.428192 0
    outer loop
      vertex -48.3976 -30.9108 38.79
      vertex -48.3451 -31.0216 28.79
      vertex -48.3451 -31.0216 38.79
    endloop
  endfacet
  facet normal -0.941613 0.336698 0
    outer loop
      vertex -48.3451 -31.9784 28.79
      vertex -48.3038 -31.8629 38.79
      vertex -48.3038 -31.8629 28.79
    endloop
  endfacet
  facet normal -0.941613 0.336698 0
    outer loop
      vertex -48.3038 -31.8629 38.79
      vertex -48.3451 -31.9784 28.79
      vertex -48.3451 -31.9784 38.79
    endloop
  endfacet
  facet normal 0.428192 0.903688 -0
    outer loop
      vertex -49.9784 -32.6549 28.79
      vertex -50.0892 -32.6024 38.79
      vertex -49.9784 -32.6549 38.79
    endloop
  endfacet
  facet normal 0.428192 0.903688 0
    outer loop
      vertex -50.0892 -32.6024 38.79
      vertex -49.9784 -32.6549 28.79
      vertex -50.0892 -32.6024 28.79
    endloop
  endfacet
  facet normal 0.970047 0.242919 0
    outer loop
      vertex -50.6962 -31.8629 38.79
      vertex -50.726 -31.7439 28.79
      vertex -50.726 -31.7439 38.79
    endloop
  endfacet
  facet normal 0.970047 0.242919 0
    outer loop
      vertex -50.726 -31.7439 28.79
      vertex -50.6962 -31.8629 38.79
      vertex -50.6962 -31.8629 28.79
    endloop
  endfacet
  facet normal 0.740898 -0.671617 0
    outer loop
      vertex -50.4663 -30.707 38.79
      vertex -50.3839 -30.6161 28.79
      vertex -50.3839 -30.6161 38.79
    endloop
  endfacet
  facet normal 0.740898 -0.671617 0
    outer loop
      vertex -50.3839 -30.6161 28.79
      vertex -50.4663 -30.707 38.79
      vertex -50.4663 -30.707 28.79
    endloop
  endfacet
  facet normal 0.242919 0.970047 -0
    outer loop
      vertex -49.7439 -32.726 28.79
      vertex -49.8629 -32.6962 38.79
      vertex -49.7439 -32.726 38.79
    endloop
  endfacet
  facet normal 0.242919 0.970047 0
    outer loop
      vertex -49.8629 -32.6962 38.79
      vertex -49.7439 -32.726 28.79
      vertex -49.8629 -32.6962 28.79
    endloop
  endfacet
  facet normal 0.514016 -0.85778 0
    outer loop
      vertex -50.1945 -30.4607 28.79
      vertex -50.0892 -30.3976 38.79
      vertex -50.1945 -30.4607 38.79
    endloop
  endfacet
  facet normal 0.514016 -0.85778 0
    outer loop
      vertex -50.0892 -30.3976 38.79
      vertex -50.1945 -30.4607 28.79
      vertex -50.0892 -30.3976 28.79
    endloop
  endfacet
  facet normal -0.803413 -0.595423 0
    outer loop
      vertex -48.4607 -30.8055 28.79
      vertex -48.5337 -30.707 38.79
      vertex -48.5337 -30.707 28.79
    endloop
  endfacet
  facet normal -0.803413 -0.595423 0
    outer loop
      vertex -48.5337 -30.707 38.79
      vertex -48.4607 -30.8055 28.79
      vertex -48.4607 -30.8055 38.79
    endloop
  endfacet
  facet normal 0.146667 -0.989186 0
    outer loop
      vertex -49.7439 -30.274 28.79
      vertex -49.6225 -30.256 38.79
      vertex -49.7439 -30.274 38.79
    endloop
  endfacet
  facet normal 0.146667 -0.989186 0
    outer loop
      vertex -49.6225 -30.256 38.79
      vertex -49.7439 -30.274 28.79
      vertex -49.6225 -30.256 28.79
    endloop
  endfacet
  facet normal -0.428192 0.903688 0
    outer loop
      vertex -48.9108 -32.6024 28.79
      vertex -49.0216 -32.6549 38.79
      vertex -48.9108 -32.6024 38.79
    endloop
  endfacet
  facet normal -0.428192 0.903688 0
    outer loop
      vertex -49.0216 -32.6549 38.79
      vertex -48.9108 -32.6024 28.79
      vertex -49.0216 -32.6549 28.79
    endloop
  endfacet
  facet normal 0.671617 -0.740898 0
    outer loop
      vertex -50.3839 -30.6161 28.79
      vertex -50.293 -30.5337 38.79
      vertex -50.3839 -30.6161 38.79
    endloop
  endfacet
  facet normal 0.671617 -0.740898 0
    outer loop
      vertex -50.293 -30.5337 38.79
      vertex -50.3839 -30.6161 28.79
      vertex -50.293 -30.5337 28.79
    endloop
  endfacet
  facet normal -0.85778 0.514016 0
    outer loop
      vertex -48.4607 -32.1945 28.79
      vertex -48.3976 -32.0892 38.79
      vertex -48.3976 -32.0892 28.79
    endloop
  endfacet
  facet normal -0.85778 0.514016 0
    outer loop
      vertex -48.3976 -32.0892 38.79
      vertex -48.4607 -32.1945 28.79
      vertex -48.4607 -32.1945 38.79
    endloop
  endfacet
  facet normal 0.595423 -0.803413 0
    outer loop
      vertex -50.293 -30.5337 28.79
      vertex -50.1945 -30.4607 38.79
      vertex -50.293 -30.5337 38.79
    endloop
  endfacet
  facet normal 0.595423 -0.803413 0
    outer loop
      vertex -50.1945 -30.4607 38.79
      vertex -50.293 -30.5337 28.79
      vertex -50.1945 -30.4607 28.79
    endloop
  endfacet
  facet normal -0.336698 -0.941613 0
    outer loop
      vertex -49.1371 -30.3038 28.79
      vertex -49.0216 -30.3451 38.79
      vertex -49.1371 -30.3038 38.79
    endloop
  endfacet
  facet normal -0.336698 -0.941613 -0
    outer loop
      vertex -49.0216 -30.3451 38.79
      vertex -49.1371 -30.3038 28.79
      vertex -49.0216 -30.3451 28.79
    endloop
  endfacet
  facet normal -0.740898 -0.671617 0
    outer loop
      vertex -48.5337 -30.707 28.79
      vertex -48.6161 -30.6161 38.79
      vertex -48.6161 -30.6161 28.79
    endloop
  endfacet
  facet normal -0.740898 -0.671617 0
    outer loop
      vertex -48.6161 -30.6161 38.79
      vertex -48.5337 -30.707 28.79
      vertex -48.5337 -30.707 38.79
    endloop
  endfacet
  facet normal -0.998803 0.0489209 0
    outer loop
      vertex -48.256 -31.6225 28.79
      vertex -48.25 -31.5 38.79
      vertex -48.25 -31.5 28.79
    endloop
  endfacet
  facet normal -0.998803 0.0489209 0
    outer loop
      vertex -48.25 -31.5 38.79
      vertex -48.256 -31.6225 28.79
      vertex -48.256 -31.6225 38.79
    endloop
  endfacet
  facet normal 0.941613 0.336698 0
    outer loop
      vertex -50.6549 -31.9784 38.79
      vertex -50.6962 -31.8629 28.79
      vertex -50.6962 -31.8629 38.79
    endloop
  endfacet
  facet normal 0.941613 0.336698 0
    outer loop
      vertex -50.6962 -31.8629 28.79
      vertex -50.6549 -31.9784 38.79
      vertex -50.6549 -31.9784 28.79
    endloop
  endfacet
  facet normal -0.514016 -0.85778 0
    outer loop
      vertex -48.9108 -30.3976 28.79
      vertex -48.8055 -30.4607 38.79
      vertex -48.9108 -30.3976 38.79
    endloop
  endfacet
  facet normal -0.514016 -0.85778 -0
    outer loop
      vertex -48.8055 -30.4607 38.79
      vertex -48.9108 -30.3976 28.79
      vertex -48.8055 -30.4607 28.79
    endloop
  endfacet
  facet normal -0.595423 -0.803413 0
    outer loop
      vertex -48.8055 -30.4607 28.79
      vertex -48.707 -30.5337 38.79
      vertex -48.8055 -30.4607 38.79
    endloop
  endfacet
  facet normal -0.595423 -0.803413 -0
    outer loop
      vertex -48.707 -30.5337 38.79
      vertex -48.8055 -30.4607 28.79
      vertex -48.707 -30.5337 28.79
    endloop
  endfacet
  facet normal -0.146667 0.989186 0
    outer loop
      vertex -49.2561 -32.726 28.79
      vertex -49.3775 -32.744 38.79
      vertex -49.2561 -32.726 38.79
    endloop
  endfacet
  facet normal -0.146667 0.989186 0
    outer loop
      vertex -49.3775 -32.744 38.79
      vertex -49.2561 -32.726 28.79
      vertex -49.3775 -32.744 28.79
    endloop
  endfacet
  facet normal -0.740898 0.671617 0
    outer loop
      vertex -48.6161 -32.3839 28.79
      vertex -48.5337 -32.293 38.79
      vertex -48.5337 -32.293 28.79
    endloop
  endfacet
  facet normal -0.740898 0.671617 0
    outer loop
      vertex -48.5337 -32.293 38.79
      vertex -48.6161 -32.3839 28.79
      vertex -48.6161 -32.3839 38.79
    endloop
  endfacet
  facet normal -0.803413 0.595423 0
    outer loop
      vertex -48.5337 -32.293 28.79
      vertex -48.4607 -32.1945 38.79
      vertex -48.4607 -32.1945 28.79
    endloop
  endfacet
  facet normal -0.803413 0.595423 0
    outer loop
      vertex -48.4607 -32.1945 38.79
      vertex -48.5337 -32.293 28.79
      vertex -48.5337 -32.293 38.79
    endloop
  endfacet
  facet normal -0.242919 0.970047 0
    outer loop
      vertex -49.1371 -32.6962 28.79
      vertex -49.2561 -32.726 38.79
      vertex -49.1371 -32.6962 38.79
    endloop
  endfacet
  facet normal -0.242919 0.970047 0
    outer loop
      vertex -49.2561 -32.726 38.79
      vertex -49.1371 -32.6962 28.79
      vertex -49.2561 -32.726 28.79
    endloop
  endfacet
  facet normal -0.903688 0.428192 0
    outer loop
      vertex -48.3976 -32.0892 28.79
      vertex -48.3451 -31.9784 38.79
      vertex -48.3451 -31.9784 28.79
    endloop
  endfacet
  facet normal -0.903688 0.428192 0
    outer loop
      vertex -48.3451 -31.9784 38.79
      vertex -48.3976 -32.0892 28.79
      vertex -48.3976 -32.0892 38.79
    endloop
  endfacet
  facet normal 0.242919 -0.970047 0
    outer loop
      vertex -49.8629 -30.3038 28.79
      vertex -49.7439 -30.274 38.79
      vertex -49.8629 -30.3038 38.79
    endloop
  endfacet
  facet normal 0.242919 -0.970047 0
    outer loop
      vertex -49.7439 -30.274 38.79
      vertex -49.8629 -30.3038 28.79
      vertex -49.7439 -30.274 28.79
    endloop
  endfacet
  facet normal 0.941613 -0.336698 0
    outer loop
      vertex -50.6962 -31.1371 38.79
      vertex -50.6549 -31.0216 28.79
      vertex -50.6549 -31.0216 38.79
    endloop
  endfacet
  facet normal 0.941613 -0.336698 0
    outer loop
      vertex -50.6549 -31.0216 28.79
      vertex -50.6962 -31.1371 38.79
      vertex -50.6962 -31.1371 28.79
    endloop
  endfacet
  facet normal 0.428192 -0.903688 0
    outer loop
      vertex -50.0892 -30.3976 28.79
      vertex -49.9784 -30.3451 38.79
      vertex -50.0892 -30.3976 38.79
    endloop
  endfacet
  facet normal 0.428192 -0.903688 0
    outer loop
      vertex -49.9784 -30.3451 38.79
      vertex -50.0892 -30.3976 28.79
      vertex -49.9784 -30.3451 28.79
    endloop
  endfacet
  facet normal 0.989186 -0.146667 0
    outer loop
      vertex -50.744 -31.3775 38.79
      vertex -50.726 -31.2561 28.79
      vertex -50.726 -31.2561 38.79
    endloop
  endfacet
  facet normal 0.989186 -0.146667 0
    outer loop
      vertex -50.726 -31.2561 28.79
      vertex -50.744 -31.3775 38.79
      vertex -50.744 -31.3775 28.79
    endloop
  endfacet
  facet normal 0.970047 -0.242919 0
    outer loop
      vertex -50.726 -31.2561 38.79
      vertex -50.6962 -31.1371 28.79
      vertex -50.6962 -31.1371 38.79
    endloop
  endfacet
  facet normal 0.970047 -0.242919 0
    outer loop
      vertex -50.6962 -31.1371 28.79
      vertex -50.726 -31.2561 38.79
      vertex -50.726 -31.2561 28.79
    endloop
  endfacet
  facet normal -0.428192 -0.903688 0
    outer loop
      vertex -49.0216 -30.3451 28.79
      vertex -48.9108 -30.3976 38.79
      vertex -49.0216 -30.3451 38.79
    endloop
  endfacet
  facet normal -0.428192 -0.903688 -0
    outer loop
      vertex -48.9108 -30.3976 38.79
      vertex -49.0216 -30.3451 28.79
      vertex -48.9108 -30.3976 28.79
    endloop
  endfacet
  facet normal 0 0 1
    outer loop
      vertex -48.256 -31.3775 28.79
      vertex -48.256 -31.6225 28.79
      vertex -48.25 -31.5 28.79
    endloop
  endfacet
  facet normal 0 0 1
    outer loop
      vertex -48.274 -31.2561 28.79
      vertex -48.256 -31.6225 28.79
      vertex -48.256 -31.3775 28.79
    endloop
  endfacet
  facet normal 0 0 1
    outer loop
      vertex -48.274 -31.2561 28.79
      vertex -48.274 -31.7439 28.79
      vertex -48.256 -31.6225 28.79
    endloop
  endfacet
  facet normal 0 0 1
    outer loop
      vertex -48.3038 -31.1371 28.79
      vertex -48.274 -31.7439 28.79
      vertex -48.274 -31.2561 28.79
    endloop
  endfacet
  facet normal 0 0 1
    outer loop
      vertex -48.3038 -31.1371 28.79
      vertex -48.3038 -31.8629 28.79
      vertex -48.274 -31.7439 28.79
    endloop
  endfacet
  facet normal 0 0 1
    outer loop
      vertex -48.3451 -31.0216 28.79
      vertex -48.3038 -31.8629 28.79
      vertex -48.3038 -31.1371 28.79
    endloop
  endfacet
  facet normal 0 0 1
    outer loop
      vertex -48.3451 -31.0216 28.79
      vertex -48.3451 -31.9784 28.79
      vertex -48.3038 -31.8629 28.79
    endloop
  endfacet
  facet normal 0 0 1
    outer loop
      vertex -48.3976 -30.9108 28.79
      vertex -48.3451 -31.9784 28.79
      vertex -48.3451 -31.0216 28.79
    endloop
  endfacet
  facet normal 0 0 1
    outer loop
      vertex -48.3976 -30.9108 28.79
      vertex -48.3976 -32.0892 28.79
      vertex -48.3451 -31.9784 28.79
    endloop
  endfacet
  facet normal 0 0 1
    outer loop
      vertex -48.4607 -30.8055 28.79
      vertex -48.3976 -32.0892 28.79
      vertex -48.3976 -30.9108 28.79
    endloop
  endfacet
  facet normal 0 0 1
    outer loop
      vertex -48.4607 -30.8055 28.79
      vertex -48.4607 -32.1945 28.79
      vertex -48.3976 -32.0892 28.79
    endloop
  endfacet
  facet normal 0 0 1
    outer loop
      vertex -48.5337 -30.707 28.79
      vertex -48.4607 -32.1945 28.79
      vertex -48.4607 -30.8055 28.79
    endloop
  endfacet
  facet normal 0 0 1
    outer loop
      vertex -48.5337 -30.707 28.79
      vertex -48.5337 -32.293 28.79
      vertex -48.4607 -32.1945 28.79
    endloop
  endfacet
  facet normal 0 0 1
    outer loop
      vertex -48.6161 -30.6161 28.79
      vertex -48.5337 -32.293 28.79
      vertex -48.5337 -30.707 28.79
    endloop
  endfacet
  facet normal 0 0 1
    outer loop
      vertex -48.6161 -30.6161 28.79
      vertex -48.6161 -32.3839 28.79
      vertex -48.5337 -32.293 28.79
    endloop
  endfacet
  facet normal 0 0 1
    outer loop
      vertex -48.707 -30.5337 28.79
      vertex -48.6161 -32.3839 28.79
      vertex -48.6161 -30.6161 28.79
    endloop
  endfacet
  facet normal 0 0 1
    outer loop
      vertex -48.707 -30.5337 28.79
      vertex -48.707 -32.4663 28.79
      vertex -48.6161 -32.3839 28.79
    endloop
  endfacet
  facet normal 0 0 1
    outer loop
      vertex -48.8055 -30.4607 28.79
      vertex -48.707 -32.4663 28.79
      vertex -48.707 -30.5337 28.79
    endloop
  endfacet
  facet normal 0 0 1
    outer loop
      vertex -48.8055 -30.4607 28.79
      vertex -48.8055 -32.5393 28.79
      vertex -48.707 -32.4663 28.79
    endloop
  endfacet
  facet normal 0 0 1
    outer loop
      vertex -48.9108 -30.3976 28.79
      vertex -48.8055 -32.5393 28.79
      vertex -48.8055 -30.4607 28.79
    endloop
  endfacet
  facet normal 0 0 1
    outer loop
      vertex -48.9108 -30.3976 28.79
      vertex -48.9108 -32.6024 28.79
      vertex -48.8055 -32.5393 28.79
    endloop
  endfacet
  facet normal 0 0 1
    outer loop
      vertex -49.0216 -30.3451 28.79
      vertex -48.9108 -32.6024 28.79
      vertex -48.9108 -30.3976 28.79
    endloop
  endfacet
  facet normal 0 0 1
    outer loop
      vertex -49.0216 -30.3451 28.79
      vertex -49.0216 -32.6549 28.79
      vertex -48.9108 -32.6024 28.79
    endloop
  endfacet
  facet normal 0 0 1
    outer loop
      vertex -49.1371 -30.3038 28.79
      vertex -49.0216 -32.6549 28.79
      vertex -49.0216 -30.3451 28.79
    endloop
  endfacet
  facet normal 0 0 1
    outer loop
      vertex -49.1371 -30.3038 28.79
      vertex -49.1371 -32.6962 28.79
      vertex -49.0216 -32.6549 28.79
    endloop
  endfacet
  facet normal 0 0 1
    outer loop
      vertex -49.2561 -30.274 28.79
      vertex -49.1371 -32.6962 28.79
      vertex -49.1371 -30.3038 28.79
    endloop
  endfacet
  facet normal 0 0 1
    outer loop
      vertex -49.2561 -30.274 28.79
      vertex -49.2561 -32.726 28.79
      vertex -49.1371 -32.6962 28.79
    endloop
  endfacet
  facet normal 0 0 1
    outer loop
      vertex -49.3775 -30.256 28.79
      vertex -49.2561 -32.726 28.79
      vertex -49.2561 -30.274 28.79
    endloop
  endfacet
  facet normal 0 0 1
    outer loop
      vertex -49.3775 -30.256 28.79
      vertex -49.3775 -32.744 28.79
      vertex -49.2561 -32.726 28.79
    endloop
  endfacet
  facet normal 0 0 1
    outer loop
      vertex -49.5 -30.25 28.79
      vertex -49.3775 -32.744 28.79
      vertex -49.3775 -30.256 28.79
    endloop
  endfacet
  facet normal 0 0 1
    outer loop
      vertex -49.5 -30.25 28.79
      vertex -49.5 -32.75 28.79
      vertex -49.3775 -32.744 28.79
    endloop
  endfacet
  facet normal -0 0 1
    outer loop
      vertex -49.6225 -30.256 28.79
      vertex -49.5 -32.75 28.79
      vertex -49.5 -30.25 28.79
    endloop
  endfacet
  facet normal 0 0 1
    outer loop
      vertex -49.6225 -30.256 28.79
      vertex -49.6225 -32.744 28.79
      vertex -49.5 -32.75 28.79
    endloop
  endfacet
  facet normal -0 0 1
    outer loop
      vertex -49.7439 -30.274 28.79
      vertex -49.6225 -32.744 28.79
      vertex -49.6225 -30.256 28.79
    endloop
  endfacet
  facet normal 0 0 1
    outer loop
      vertex -49.7439 -30.274 28.79
      vertex -49.7439 -32.726 28.79
      vertex -49.6225 -32.744 28.79
    endloop
  endfacet
  facet normal -0 0 1
    outer loop
      vertex -49.8629 -30.3038 28.79
      vertex -49.7439 -32.726 28.79
      vertex -49.7439 -30.274 28.79
    endloop
  endfacet
  facet normal 0 0 1
    outer loop
      vertex -49.8629 -30.3038 28.79
      vertex -49.8629 -32.6962 28.79
      vertex -49.7439 -32.726 28.79
    endloop
  endfacet
  facet normal -0 0 1
    outer loop
      vertex -49.9784 -30.3451 28.79
      vertex -49.8629 -32.6962 28.79
      vertex -49.8629 -30.3038 28.79
    endloop
  endfacet
  facet normal 0 0 1
    outer loop
      vertex -49.9784 -30.3451 28.79
      vertex -49.9784 -32.6549 28.79
      vertex -49.8629 -32.6962 28.79
    endloop
  endfacet
  facet normal -0 0 1
    outer loop
      vertex -50.0892 -30.3976 28.79
      vertex -49.9784 -32.6549 28.79
      vertex -49.9784 -30.3451 28.79
    endloop
  endfacet
  facet normal 0 0 1
    outer loop
      vertex -50.0892 -30.3976 28.79
      vertex -50.0892 -32.6024 28.79
      vertex -49.9784 -32.6549 28.79
    endloop
  endfacet
  facet normal -0 0 1
    outer loop
      vertex -50.1945 -30.4607 28.79
      vertex -50.0892 -32.6024 28.79
      vertex -50.0892 -30.3976 28.79
    endloop
  endfacet
  facet normal 0 0 1
    outer loop
      vertex -50.1945 -30.4607 28.79
      vertex -50.1945 -32.5393 28.79
      vertex -50.0892 -32.6024 28.79
    endloop
  endfacet
  facet normal -0 0 1
    outer loop
      vertex -50.293 -30.5337 28.79
      vertex -50.1945 -32.5393 28.79
      vertex -50.1945 -30.4607 28.79
    endloop
  endfacet
  facet normal 0 0 1
    outer loop
      vertex -50.293 -30.5337 28.79
      vertex -50.293 -32.4663 28.79
      vertex -50.1945 -32.5393 28.79
    endloop
  endfacet
  facet normal -0 0 1
    outer loop
      vertex -50.3839 -30.6161 28.79
      vertex -50.293 -32.4663 28.79
      vertex -50.293 -30.5337 28.79
    endloop
  endfacet
  facet normal 0 0 1
    outer loop
      vertex -50.3839 -30.6161 28.79
      vertex -50.3839 -32.3839 28.79
      vertex -50.293 -32.4663 28.79
    endloop
  endfacet
  facet normal -0 0 1
    outer loop
      vertex -50.4663 -30.707 28.79
      vertex -50.3839 -32.3839 28.79
      vertex -50.3839 -30.6161 28.79
    endloop
  endfacet
  facet normal 0 0 1
    outer loop
      vertex -50.4663 -30.707 28.79
      vertex -50.4663 -32.293 28.79
      vertex -50.3839 -32.3839 28.79
    endloop
  endfacet
  facet normal -0 0 1
    outer loop
      vertex -50.5393 -30.8055 28.79
      vertex -50.4663 -32.293 28.79
      vertex -50.4663 -30.707 28.79
    endloop
  endfacet
  facet normal 0 0 1
    outer loop
      vertex -50.5393 -30.8055 28.79
      vertex -50.5393 -32.1945 28.79
      vertex -50.4663 -32.293 28.79
    endloop
  endfacet
  facet normal -0 0 1
    outer loop
      vertex -50.6024 -30.9108 28.79
      vertex -50.5393 -32.1945 28.79
      vertex -50.5393 -30.8055 28.79
    endloop
  endfacet
  facet normal 0 0 1
    outer loop
      vertex -50.6024 -30.9108 28.79
      vertex -50.6024 -32.0892 28.79
      vertex -50.5393 -32.1945 28.79
    endloop
  endfacet
  facet normal -0 0 1
    outer loop
      vertex -50.6549 -31.0216 28.79
      vertex -50.6024 -32.0892 28.79
      vertex -50.6024 -30.9108 28.79
    endloop
  endfacet
  facet normal 0 0 1
    outer loop
      vertex -50.6549 -31.0216 28.79
      vertex -50.6549 -31.9784 28.79
      vertex -50.6024 -32.0892 28.79
    endloop
  endfacet
  facet normal -0 0 1
    outer loop
      vertex -50.6962 -31.1371 28.79
      vertex -50.6549 -31.9784 28.79
      vertex -50.6549 -31.0216 28.79
    endloop
  endfacet
  facet normal 0 0 1
    outer loop
      vertex -50.6962 -31.1371 28.79
      vertex -50.6962 -31.8629 28.79
      vertex -50.6549 -31.9784 28.79
    endloop
  endfacet
  facet normal -0 0 1
    outer loop
      vertex -50.726 -31.2561 28.79
      vertex -50.6962 -31.8629 28.79
      vertex -50.6962 -31.1371 28.79
    endloop
  endfacet
  facet normal 0 0 1
    outer loop
      vertex -50.726 -31.2561 28.79
      vertex -50.726 -31.7439 28.79
      vertex -50.6962 -31.8629 28.79
    endloop
  endfacet
  facet normal -0 0 1
    outer loop
      vertex -50.744 -31.3775 28.79
      vertex -50.726 -31.7439 28.79
      vertex -50.726 -31.2561 28.79
    endloop
  endfacet
  facet normal 0 0 1
    outer loop
      vertex -50.744 -31.3775 28.79
      vertex -50.744 -31.6225 28.79
      vertex -50.726 -31.7439 28.79
    endloop
  endfacet
  facet normal 0 -0 1
    outer loop
      vertex -50.744 -31.6225 28.79
      vertex -50.744 -31.3775 28.79
      vertex -50.75 -31.5 28.79
    endloop
  endfacet
  facet normal -0.989186 0.146667 0
    outer loop
      vertex -48.274 -31.7439 28.79
      vertex -48.256 -31.6225 38.79
      vertex -48.256 -31.6225 28.79
    endloop
  endfacet
  facet normal -0.989186 0.146667 0
    outer loop
      vertex -48.256 -31.6225 38.79
      vertex -48.274 -31.7439 28.79
      vertex -48.274 -31.7439 38.79
    endloop
  endfacet
  facet normal -0.146667 -0.989186 0
    outer loop
      vertex -49.3775 -30.256 28.79
      vertex -49.2561 -30.274 38.79
      vertex -49.3775 -30.256 38.79
    endloop
  endfacet
  facet normal -0.146667 -0.989186 -0
    outer loop
      vertex -49.2561 -30.274 38.79
      vertex -49.3775 -30.256 28.79
      vertex -49.2561 -30.274 28.79
    endloop
  endfacet
  facet normal -0.0489209 -0.998803 0
    outer loop
      vertex -49.5 -30.25 28.79
      vertex -49.3775 -30.256 38.79
      vertex -49.5 -30.25 38.79
    endloop
  endfacet
  facet normal -0.0489209 -0.998803 -0
    outer loop
      vertex -49.3775 -30.256 38.79
      vertex -49.5 -30.25 28.79
      vertex -49.3775 -30.256 28.79
    endloop
  endfacet
  facet normal 0.740898 0.671617 0
    outer loop
      vertex -50.3839 -32.3839 38.79
      vertex -50.4663 -32.293 28.79
      vertex -50.4663 -32.293 38.79
    endloop
  endfacet
  facet normal 0.740898 0.671617 0
    outer loop
      vertex -50.4663 -32.293 28.79
      vertex -50.3839 -32.3839 38.79
      vertex -50.3839 -32.3839 28.79
    endloop
  endfacet
  facet normal 0.85778 0.514016 0
    outer loop
      vertex -50.5393 -32.1945 38.79
      vertex -50.6024 -32.0892 28.79
      vertex -50.6024 -32.0892 38.79
    endloop
  endfacet
  facet normal 0.85778 0.514016 0
    outer loop
      vertex -50.6024 -32.0892 28.79
      vertex -50.5393 -32.1945 38.79
      vertex -50.5393 -32.1945 28.79
    endloop
  endfacet
  facet normal 0.336698 -0.941613 0
    outer loop
      vertex -49.9784 -30.3451 28.79
      vertex -49.8629 -30.3038 38.79
      vertex -49.9784 -30.3451 38.79
    endloop
  endfacet
  facet normal 0.336698 -0.941613 0
    outer loop
      vertex -49.8629 -30.3038 38.79
      vertex -49.9784 -30.3451 28.79
      vertex -49.8629 -30.3038 28.79
    endloop
  endfacet
  facet normal 0.514016 0.85778 -0
    outer loop
      vertex -50.0892 -32.6024 28.79
      vertex -50.1945 -32.5393 38.79
      vertex -50.0892 -32.6024 38.79
    endloop
  endfacet
  facet normal 0.514016 0.85778 0
    outer loop
      vertex -50.1945 -32.5393 38.79
      vertex -50.0892 -32.6024 28.79
      vertex -50.1945 -32.5393 28.79
    endloop
  endfacet
  facet normal -0.595423 0.803413 0
    outer loop
      vertex -48.707 -32.4663 28.79
      vertex -48.8055 -32.5393 38.79
      vertex -48.707 -32.4663 38.79
    endloop
  endfacet
  facet normal -0.595423 0.803413 0
    outer loop
      vertex -48.8055 -32.5393 38.79
      vertex -48.707 -32.4663 28.79
      vertex -48.8055 -32.5393 28.79
    endloop
  endfacet
  facet normal 0.336698 0.941613 -0
    outer loop
      vertex -49.8629 -32.6962 28.79
      vertex -49.9784 -32.6549 38.79
      vertex -49.8629 -32.6962 38.79
    endloop
  endfacet
  facet normal 0.336698 0.941613 0
    outer loop
      vertex -49.9784 -32.6549 38.79
      vertex -49.8629 -32.6962 28.79
      vertex -49.9784 -32.6549 28.79
    endloop
  endfacet
  facet normal 0.803413 0.595423 0
    outer loop
      vertex -50.4663 -32.293 38.79
      vertex -50.5393 -32.1945 28.79
      vertex -50.5393 -32.1945 38.79
    endloop
  endfacet
  facet normal 0.803413 0.595423 0
    outer loop
      vertex -50.5393 -32.1945 28.79
      vertex -50.4663 -32.293 38.79
      vertex -50.4663 -32.293 28.79
    endloop
  endfacet
  facet normal 0.903688 -0.428192 0
    outer loop
      vertex -50.6549 -31.0216 38.79
      vertex -50.6024 -30.9108 28.79
      vertex -50.6024 -30.9108 38.79
    endloop
  endfacet
  facet normal 0.903688 -0.428192 0
    outer loop
      vertex -50.6024 -30.9108 28.79
      vertex -50.6549 -31.0216 38.79
      vertex -50.6549 -31.0216 28.79
    endloop
  endfacet
  facet normal 0.989186 0.146667 0
    outer loop
      vertex -50.726 -31.7439 38.79
      vertex -50.744 -31.6225 28.79
      vertex -50.744 -31.6225 38.79
    endloop
  endfacet
  facet normal 0.989186 0.146667 0
    outer loop
      vertex -50.744 -31.6225 28.79
      vertex -50.726 -31.7439 38.79
      vertex -50.726 -31.7439 28.79
    endloop
  endfacet
  facet normal -0.242919 -0.970047 0
    outer loop
      vertex -49.2561 -30.274 28.79
      vertex -49.1371 -30.3038 38.79
      vertex -49.2561 -30.274 38.79
    endloop
  endfacet
  facet normal -0.242919 -0.970047 -0
    outer loop
      vertex -49.1371 -30.3038 38.79
      vertex -49.2561 -30.274 28.79
      vertex -49.1371 -30.3038 28.79
    endloop
  endfacet
  facet normal -0.514016 0.85778 0
    outer loop
      vertex -48.8055 -32.5393 28.79
      vertex -48.9108 -32.6024 38.79
      vertex -48.8055 -32.5393 38.79
    endloop
  endfacet
  facet normal -0.514016 0.85778 0
    outer loop
      vertex -48.9108 -32.6024 38.79
      vertex -48.8055 -32.5393 28.79
      vertex -48.9108 -32.6024 28.79
    endloop
  endfacet
  facet normal 0.671617 0.740898 -0
    outer loop
      vertex -50.293 -32.4663 28.79
      vertex -50.3839 -32.3839 38.79
      vertex -50.293 -32.4663 38.79
    endloop
  endfacet
  facet normal 0.671617 0.740898 0
    outer loop
      vertex -50.3839 -32.3839 38.79
      vertex -50.293 -32.4663 28.79
      vertex -50.3839 -32.3839 28.79
    endloop
  endfacet
  facet normal 0.0489209 0.998803 -0
    outer loop
      vertex -49.5 -32.75 28.79
      vertex -49.6225 -32.744 38.79
      vertex -49.5 -32.75 38.79
    endloop
  endfacet
  facet normal 0.0489209 0.998803 0
    outer loop
      vertex -49.6225 -32.744 38.79
      vertex -49.5 -32.75 28.79
      vertex -49.6225 -32.744 28.79
    endloop
  endfacet
  facet normal 0.998803 -0.0489209 0
    outer loop
      vertex -50.75 -31.5 38.79
      vertex -50.744 -31.3775 28.79
      vertex -50.744 -31.3775 38.79
    endloop
  endfacet
  facet normal 0.998803 -0.0489209 0
    outer loop
      vertex -50.744 -31.3775 28.79
      vertex -50.75 -31.5 38.79
      vertex -50.75 -31.5 28.79
    endloop
  endfacet
  facet normal -0.671617 0.740898 0
    outer loop
      vertex -48.6161 -32.3839 28.79
      vertex -48.707 -32.4663 38.79
      vertex -48.6161 -32.3839 38.79
    endloop
  endfacet
  facet normal -0.671617 0.740898 0
    outer loop
      vertex -48.707 -32.4663 38.79
      vertex -48.6161 -32.3839 28.79
      vertex -48.707 -32.4663 28.79
    endloop
  endfacet
  facet normal 0.989172 0.14676 0
    outer loop
      vertex -46.0169 31.8431 38.79
      vertex -46.0673 32.1828 2.4
      vertex -46.0673 32.1828 38.79
    endloop
  endfacet
  facet normal 0.989172 0.14676 0
    outer loop
      vertex -46.0673 32.1828 2.4
      vertex -46.0169 31.8431 38.79
      vertex -46.0169 31.8431 2.4
    endloop
  endfacet
  facet normal 0.998789 0.0491971 0
    outer loop
      vertex -46 31.5 38.79
      vertex -46.0169 31.8431 2.4
      vertex -46.0169 31.8431 38.79
    endloop
  endfacet
  facet normal 0.998789 0.0491971 0
    outer loop
      vertex -46.0169 31.8431 2.4
      vertex -46 31.5 38.79
      vertex -46 31.5 2.4
    endloop
  endfacet
  facet normal 0.970074 0.24281 0
    outer loop
      vertex -46.0673 32.1828 38.79
      vertex -46.1507 32.516 2.4
      vertex -46.1507 32.516 38.79
    endloop
  endfacet
  facet normal 0.970074 0.24281 0
    outer loop
      vertex -46.1507 32.516 2.4
      vertex -46.0673 32.1828 38.79
      vertex -46.0673 32.1828 2.4
    endloop
  endfacet
  facet normal 0.595659 -0.803237 0
    outer loop
      vertex -47.5555 28.5899 2.4
      vertex -47.2796 28.7945 38.79
      vertex -47.5555 28.5899 38.79
    endloop
  endfacet
  facet normal 0.595659 -0.803237 0
    outer loop
      vertex -47.2796 28.7945 38.79
      vertex -47.5555 28.5899 2.4
      vertex -47.2796 28.7945 2.4
    endloop
  endfacet
  facet normal 0.427661 -0.903939 0
    outer loop
      vertex -48.1606 28.2664 2.4
      vertex -47.8501 28.4133 38.79
      vertex -48.1606 28.2664 38.79
    endloop
  endfacet
  facet normal 0.427661 -0.903939 0
    outer loop
      vertex -47.8501 28.4133 38.79
      vertex -48.1606 28.2664 2.4
      vertex -47.8501 28.4133 2.4
    endloop
  endfacet
  facet normal -0.671454 -0.741046 0
    outer loop
      vertex -51.9749 29.0251 2.4
      vertex -51.7204 28.7945 38.79
      vertex -51.9749 29.0251 38.79
    endloop
  endfacet
  facet normal -0.671454 -0.741046 -0
    outer loop
      vertex -51.7204 28.7945 38.79
      vertex -51.9749 29.0251 2.4
      vertex -51.7204 28.7945 2.4
    endloop
  endfacet
  facet normal -0.14676 -0.989172 0
    outer loop
      vertex -50.1828 28.0673 2.4
      vertex -49.8431 28.0169 38.79
      vertex -50.1828 28.0673 38.79
    endloop
  endfacet
  facet normal -0.14676 -0.989172 -0
    outer loop
      vertex -49.8431 28.0169 38.79
      vertex -50.1828 28.0673 2.4
      vertex -49.8431 28.0169 2.4
    endloop
  endfacet
  facet normal 0.741046 0.671454 0
    outer loop
      vertex -46.7945 33.7204 38.79
      vertex -47.0251 33.9749 2.4
      vertex -47.0251 33.9749 38.79
    endloop
  endfacet
  facet normal 0.741046 0.671454 0
    outer loop
      vertex -47.0251 33.9749 2.4
      vertex -46.7945 33.7204 38.79
      vertex -46.7945 33.7204 2.4
    endloop
  endfacet
  facet normal 0.857698 0.514153 0
    outer loop
      vertex -46.4133 33.1499 38.79
      vertex -46.5899 33.4445 2.4
      vertex -46.5899 33.4445 38.79
    endloop
  endfacet
  facet normal 0.857698 0.514153 0
    outer loop
      vertex -46.5899 33.4445 2.4
      vertex -46.4133 33.1499 38.79
      vertex -46.4133 33.1499 2.4
    endloop
  endfacet
  facet normal 0.671474 0.741029 -0
    outer loop
      vertex -47.0251 33.9749 2.4
      vertex -47.0528 34 38.79
      vertex -47.0251 33.9749 38.79
    endloop
  endfacet
  facet normal 0.671474 0.741029 0
    outer loop
      vertex -47.0528 34 38.79
      vertex -47.0251 33.9749 2.4
      vertex -47.0528 34 2.4
    endloop
  endfacet
  facet normal 0.336853 -0.941557 0
    outer loop
      vertex -48.484 28.1507 2.4
      vertex -48.1606 28.2664 38.79
      vertex -48.484 28.1507 38.79
    endloop
  endfacet
  facet normal 0.336853 -0.941557 0
    outer loop
      vertex -48.1606 28.2664 38.79
      vertex -48.484 28.1507 2.4
      vertex -48.1606 28.2664 2.4
    endloop
  endfacet
  facet normal 0.941557 0.336853 0
    outer loop
      vertex -46.1507 32.516 38.79
      vertex -46.2664 32.8394 2.4
      vertex -46.2664 32.8394 38.79
    endloop
  endfacet
  facet normal 0.941557 0.336853 0
    outer loop
      vertex -46.2664 32.8394 2.4
      vertex -46.1507 32.516 38.79
      vertex -46.1507 32.516 2.4
    endloop
  endfacet
  facet normal 0.903939 -0.427661 0
    outer loop
      vertex -46.4133 29.8501 38.79
      vertex -46.2664 30.1606 2.4
      vertex -46.2664 30.1606 38.79
    endloop
  endfacet
  facet normal 0.903939 -0.427661 0
    outer loop
      vertex -46.2664 30.1606 2.4
      vertex -46.4133 29.8501 38.79
      vertex -46.4133 29.8501 2.4
    endloop
  endfacet
  facet normal 0.998789 -0.0491971 0
    outer loop
      vertex -46.0169 31.1569 38.79
      vertex -46 31.5 2.4
      vertex -46 31.5 38.79
    endloop
  endfacet
  facet normal 0.998789 -0.0491971 0
    outer loop
      vertex -46 31.5 2.4
      vertex -46.0169 31.1569 38.79
      vertex -46.0169 31.1569 2.4
    endloop
  endfacet
  facet normal -0.336853 -0.941557 0
    outer loop
      vertex -50.8394 28.2664 2.4
      vertex -50.516 28.1507 38.79
      vertex -50.8394 28.2664 38.79
    endloop
  endfacet
  facet normal -0.336853 -0.941557 -0
    outer loop
      vertex -50.516 28.1507 38.79
      vertex -50.8394 28.2664 2.4
      vertex -50.516 28.1507 2.4
    endloop
  endfacet
  facet normal -0.0491971 -0.998789 0
    outer loop
      vertex -49.8431 28.0169 2.4
      vertex -49.5 28 38.79
      vertex -49.8431 28.0169 38.79
    endloop
  endfacet
  facet normal -0.0491971 -0.998789 -0
    outer loop
      vertex -49.5 28 38.79
      vertex -49.8431 28.0169 2.4
      vertex -49.5 28 2.4
    endloop
  endfacet
  facet normal 0.0491971 -0.998789 0
    outer loop
      vertex -49.5 28 2.4
      vertex -49.1569 28.0169 38.79
      vertex -49.5 28 38.79
    endloop
  endfacet
  facet normal 0.0491971 -0.998789 0
    outer loop
      vertex -49.1569 28.0169 38.79
      vertex -49.5 28 2.4
      vertex -49.1569 28.0169 2.4
    endloop
  endfacet
  facet normal 0.803237 0.595659 0
    outer loop
      vertex -46.5899 33.4445 38.79
      vertex -46.7945 33.7204 2.4
      vertex -46.7945 33.7204 38.79
    endloop
  endfacet
  facet normal 0.803237 0.595659 0
    outer loop
      vertex -46.7945 33.7204 2.4
      vertex -46.5899 33.4445 38.79
      vertex -46.5899 33.4445 2.4
    endloop
  endfacet
  facet normal 0.14676 -0.989172 0
    outer loop
      vertex -49.1569 28.0169 2.4
      vertex -48.8172 28.0673 38.79
      vertex -49.1569 28.0169 38.79
    endloop
  endfacet
  facet normal 0.14676 -0.989172 0
    outer loop
      vertex -48.8172 28.0673 38.79
      vertex -49.1569 28.0169 2.4
      vertex -48.8172 28.0673 2.4
    endloop
  endfacet
  facet normal 0.941557 -0.336853 0
    outer loop
      vertex -46.2664 30.1606 38.79
      vertex -46.1507 30.484 2.4
      vertex -46.1507 30.484 38.79
    endloop
  endfacet
  facet normal 0.941557 -0.336853 0
    outer loop
      vertex -46.1507 30.484 2.4
      vertex -46.2664 30.1606 38.79
      vertex -46.2664 30.1606 2.4
    endloop
  endfacet
  facet normal 0.741046 -0.671454 0
    outer loop
      vertex -47.0251 29.0251 38.79
      vertex -46.7945 29.2796 2.4
      vertex -46.7945 29.2796 38.79
    endloop
  endfacet
  facet normal 0.741046 -0.671454 0
    outer loop
      vertex -46.7945 29.2796 2.4
      vertex -47.0251 29.0251 38.79
      vertex -47.0251 29.0251 2.4
    endloop
  endfacet
  facet normal 0.903939 0.427661 0
    outer loop
      vertex -46.2664 32.8394 38.79
      vertex -46.4133 33.1499 2.4
      vertex -46.4133 33.1499 38.79
    endloop
  endfacet
  facet normal 0.903939 0.427661 0
    outer loop
      vertex -46.4133 33.1499 2.4
      vertex -46.2664 32.8394 38.79
      vertex -46.2664 32.8394 2.4
    endloop
  endfacet
  facet normal 0.989172 -0.14676 0
    outer loop
      vertex -46.0673 30.8172 38.79
      vertex -46.0169 31.1569 2.4
      vertex -46.0169 31.1569 38.79
    endloop
  endfacet
  facet normal 0.989172 -0.14676 0
    outer loop
      vertex -46.0169 31.1569 2.4
      vertex -46.0673 30.8172 38.79
      vertex -46.0673 30.8172 2.4
    endloop
  endfacet
  facet normal 0.514153 -0.857698 0
    outer loop
      vertex -47.8501 28.4133 2.4
      vertex -47.5555 28.5899 38.79
      vertex -47.8501 28.4133 38.79
    endloop
  endfacet
  facet normal 0.514153 -0.857698 0
    outer loop
      vertex -47.5555 28.5899 38.79
      vertex -47.8501 28.4133 2.4
      vertex -47.5555 28.5899 2.4
    endloop
  endfacet
  facet normal 0.24281 -0.970074 0
    outer loop
      vertex -48.8172 28.0673 2.4
      vertex -48.484 28.1507 38.79
      vertex -48.8172 28.0673 38.79
    endloop
  endfacet
  facet normal 0.24281 -0.970074 0
    outer loop
      vertex -48.484 28.1507 38.79
      vertex -48.8172 28.0673 2.4
      vertex -48.484 28.1507 2.4
    endloop
  endfacet
  facet normal -0.595659 -0.803237 0
    outer loop
      vertex -51.7204 28.7945 2.4
      vertex -51.4445 28.5899 38.79
      vertex -51.7204 28.7945 38.79
    endloop
  endfacet
  facet normal -0.595659 -0.803237 -0
    outer loop
      vertex -51.4445 28.5899 38.79
      vertex -51.7204 28.7945 2.4
      vertex -51.4445 28.5899 2.4
    endloop
  endfacet
  facet normal -0.741029 -0.671474 0
    outer loop
      vertex -51.9749 29.0251 2.4
      vertex -52 29.0528 38.79
      vertex -52 29.0528 2.4
    endloop
  endfacet
  facet normal -0.741029 -0.671474 0
    outer loop
      vertex -52 29.0528 38.79
      vertex -51.9749 29.0251 2.4
      vertex -51.9749 29.0251 38.79
    endloop
  endfacet
  facet normal 0.970074 -0.24281 0
    outer loop
      vertex -46.1507 30.484 38.79
      vertex -46.0673 30.8172 2.4
      vertex -46.0673 30.8172 38.79
    endloop
  endfacet
  facet normal 0.970074 -0.24281 0
    outer loop
      vertex -46.0673 30.8172 2.4
      vertex -46.1507 30.484 38.79
      vertex -46.1507 30.484 2.4
    endloop
  endfacet
  facet normal -0.514153 -0.857698 0
    outer loop
      vertex -51.4445 28.5899 2.4
      vertex -51.1499 28.4133 38.79
      vertex -51.4445 28.5899 38.79
    endloop
  endfacet
  facet normal -0.514153 -0.857698 -0
    outer loop
      vertex -51.1499 28.4133 38.79
      vertex -51.4445 28.5899 2.4
      vertex -51.1499 28.4133 2.4
    endloop
  endfacet
  facet normal 0.857698 -0.514153 0
    outer loop
      vertex -46.5899 29.5555 38.79
      vertex -46.4133 29.8501 2.4
      vertex -46.4133 29.8501 38.79
    endloop
  endfacet
  facet normal 0.857698 -0.514153 0
    outer loop
      vertex -46.4133 29.8501 2.4
      vertex -46.5899 29.5555 38.79
      vertex -46.5899 29.5555 2.4
    endloop
  endfacet
  facet normal -0.427661 -0.903939 0
    outer loop
      vertex -51.1499 28.4133 2.4
      vertex -50.8394 28.2664 38.79
      vertex -51.1499 28.4133 38.79
    endloop
  endfacet
  facet normal -0.427661 -0.903939 -0
    outer loop
      vertex -50.8394 28.2664 38.79
      vertex -51.1499 28.4133 2.4
      vertex -50.8394 28.2664 2.4
    endloop
  endfacet
  facet normal 0.803237 -0.595659 0
    outer loop
      vertex -46.7945 29.2796 38.79
      vertex -46.5899 29.5555 2.4
      vertex -46.5899 29.5555 38.79
    endloop
  endfacet
  facet normal 0.803237 -0.595659 0
    outer loop
      vertex -46.5899 29.5555 2.4
      vertex -46.7945 29.2796 38.79
      vertex -46.7945 29.2796 2.4
    endloop
  endfacet
  facet normal -0.24281 -0.970074 0
    outer loop
      vertex -50.516 28.1507 2.4
      vertex -50.1828 28.0673 38.79
      vertex -50.516 28.1507 38.79
    endloop
  endfacet
  facet normal -0.24281 -0.970074 -0
    outer loop
      vertex -50.1828 28.0673 38.79
      vertex -50.516 28.1507 2.4
      vertex -50.1828 28.0673 2.4
    endloop
  endfacet
  facet normal 0.671454 -0.741046 0
    outer loop
      vertex -47.2796 28.7945 2.4
      vertex -47.0251 29.0251 38.79
      vertex -47.2796 28.7945 38.79
    endloop
  endfacet
  facet normal 0.671454 -0.741046 0
    outer loop
      vertex -47.0251 29.0251 38.79
      vertex -47.2796 28.7945 2.4
      vertex -47.0251 29.0251 2.4
    endloop
  endfacet
  facet normal 0 0 1
    outer loop
      vertex -48.25 31.5 38.79
      vertex -46 31.5 38.79
      vertex -46.0169 31.8431 38.79
    endloop
  endfacet
  facet normal 0 0 1
    outer loop
      vertex -48.256 31.6225 38.79
      vertex -46.0169 31.8431 38.79
      vertex -46.0673 32.1828 38.79
    endloop
  endfacet
  facet normal 0 0 1
    outer loop
      vertex -46 31.5 38.79
      vertex -48.25 31.5 38.79
      vertex -46.0169 31.1569 38.79
    endloop
  endfacet
  facet normal 0 0 1
    outer loop
      vertex -48.274 31.7439 38.79
      vertex -46.0673 32.1828 38.79
      vertex -46.1507 32.516 38.79
    endloop
  endfacet
  facet normal -0 0 1
    outer loop
      vertex -48.256 31.3775 38.79
      vertex -46.0169 31.1569 38.79
      vertex -48.25 31.5 38.79
    endloop
  endfacet
  facet normal 0 0 1
    outer loop
      vertex -48.3038 31.8629 38.79
      vertex -46.1507 32.516 38.79
      vertex -46.2664 32.8394 38.79
    endloop
  endfacet
  facet normal 0 0 1
    outer loop
      vertex -46.0169 31.1569 38.79
      vertex -48.256 31.3775 38.79
      vertex -46.0673 30.8172 38.79
    endloop
  endfacet
  facet normal 0 0 1
    outer loop
      vertex -48.3451 31.9784 38.79
      vertex -46.2664 32.8394 38.79
      vertex -46.4133 33.1499 38.79
    endloop
  endfacet
  facet normal -0 0 1
    outer loop
      vertex -48.274 31.2561 38.79
      vertex -46.0673 30.8172 38.79
      vertex -48.256 31.3775 38.79
    endloop
  endfacet
  facet normal 0 0 1
    outer loop
      vertex -48.3976 32.0892 38.79
      vertex -46.4133 33.1499 38.79
      vertex -46.5899 33.4445 38.79
    endloop
  endfacet
  facet normal 0 0 1
    outer loop
      vertex -46.0673 30.8172 38.79
      vertex -48.274 31.2561 38.79
      vertex -46.1507 30.484 38.79
    endloop
  endfacet
  facet normal 0 0 1
    outer loop
      vertex -48.4607 32.1945 38.79
      vertex -46.5899 33.4445 38.79
      vertex -46.7945 33.7204 38.79
    endloop
  endfacet
  facet normal -0 0 1
    outer loop
      vertex -48.3038 31.1371 38.79
      vertex -46.1507 30.484 38.79
      vertex -48.274 31.2561 38.79
    endloop
  endfacet
  facet normal 0 0 1
    outer loop
      vertex -48.4 34 38.79
      vertex -46.7945 33.7204 38.79
      vertex -47.0251 33.9749 38.79
    endloop
  endfacet
  facet normal 0 0 1
    outer loop
      vertex -46.1507 30.484 38.79
      vertex -48.3038 31.1371 38.79
      vertex -46.2664 30.1606 38.79
    endloop
  endfacet
  facet normal -0 0 1
    outer loop
      vertex -48.4 34 38.79
      vertex -47.0251 33.9749 38.79
      vertex -47.0528 34 38.79
    endloop
  endfacet
  facet normal -0 0 1
    outer loop
      vertex -48.3451 31.0216 38.79
      vertex -46.2664 30.1606 38.79
      vertex -48.3038 31.1371 38.79
    endloop
  endfacet
  facet normal -0 0 1
    outer loop
      vertex -48.3976 30.9108 38.79
      vertex -46.4133 29.8501 38.79
      vertex -48.3451 31.0216 38.79
    endloop
  endfacet
  facet normal 0 0 1
    outer loop
      vertex -46.4133 29.8501 38.79
      vertex -48.3976 30.9108 38.79
      vertex -46.5899 29.5555 38.79
    endloop
  endfacet
  facet normal 0 0 1
    outer loop
      vertex -46.5899 29.5555 38.79
      vertex -48.4607 30.8055 38.79
      vertex -46.7945 29.2796 38.79
    endloop
  endfacet
  facet normal 0 0 1
    outer loop
      vertex -46.2664 30.1606 38.79
      vertex -48.3451 31.0216 38.79
      vertex -46.4133 29.8501 38.79
    endloop
  endfacet
  facet normal 0 0 1
    outer loop
      vertex -46.0169 31.8431 38.79
      vertex -48.256 31.6225 38.79
      vertex -48.25 31.5 38.79
    endloop
  endfacet
  facet normal 0 0 1
    outer loop
      vertex -46.0673 32.1828 38.79
      vertex -48.274 31.7439 38.79
      vertex -48.256 31.6225 38.79
    endloop
  endfacet
  facet normal 0 0 1
    outer loop
      vertex -46.1507 32.516 38.79
      vertex -48.3038 31.8629 38.79
      vertex -48.274 31.7439 38.79
    endloop
  endfacet
  facet normal 0 0 1
    outer loop
      vertex -46.2664 32.8394 38.79
      vertex -48.3451 31.9784 38.79
      vertex -48.3038 31.8629 38.79
    endloop
  endfacet
  facet normal 0 0 1
    outer loop
      vertex -46.4133 33.1499 38.79
      vertex -48.3976 32.0892 38.79
      vertex -48.3451 31.9784 38.79
    endloop
  endfacet
  facet normal 0 0 1
    outer loop
      vertex -46.7945 33.7204 38.79
      vertex -48.4 34 38.79
      vertex -48.5337 32.293 38.79
    endloop
  endfacet
  facet normal 0 0 1
    outer loop
      vertex -46.5899 33.4445 38.79
      vertex -48.4607 32.1945 38.79
      vertex -48.3976 32.0892 38.79
    endloop
  endfacet
  facet normal 0 0 1
    outer loop
      vertex -46.7945 33.7204 38.79
      vertex -48.5337 32.293 38.79
      vertex -48.4607 32.1945 38.79
    endloop
  endfacet
  facet normal 0 0 1
    outer loop
      vertex -48.4 34 38.79
      vertex -48.6161 32.3839 38.79
      vertex -48.5337 32.293 38.79
    endloop
  endfacet
  facet normal 0 0 1
    outer loop
      vertex -48.4 34 38.79
      vertex -48.707 32.4663 38.79
      vertex -48.6161 32.3839 38.79
    endloop
  endfacet
  facet normal 0 0 1
    outer loop
      vertex -48.9108 32.6024 38.79
      vertex -48.4 34 38.79
      vertex -48.7529 33.9827 38.79
    endloop
  endfacet
  facet normal 0 0 1
    outer loop
      vertex -48.4 34 38.79
      vertex -48.8055 32.5393 38.79
      vertex -48.707 32.4663 38.79
    endloop
  endfacet
  facet normal 0 0 1
    outer loop
      vertex -48.4 34 38.79
      vertex -48.9108 32.6024 38.79
      vertex -48.8055 32.5393 38.79
    endloop
  endfacet
  facet normal 0 0 1
    outer loop
      vertex -48.7529 33.9827 38.79
      vertex -49.0216 32.6549 38.79
      vertex -48.9108 32.6024 38.79
    endloop
  endfacet
  facet normal -0 0 1
    outer loop
      vertex -49.1023 33.9308 38.79
      vertex -49.0216 32.6549 38.79
      vertex -48.7529 33.9827 38.79
    endloop
  endfacet
  facet normal 0 0 1
    outer loop
      vertex -49.1023 33.9308 38.79
      vertex -49.1371 32.6962 38.79
      vertex -49.0216 32.6549 38.79
    endloop
  endfacet
  facet normal 0 0 1
    outer loop
      vertex -49.1023 33.9308 38.79
      vertex -49.2561 32.726 38.79
      vertex -49.1371 32.6962 38.79
    endloop
  endfacet
  facet normal -0 0 1
    outer loop
      vertex -49.445 33.845 38.79
      vertex -49.2561 32.726 38.79
      vertex -49.1023 33.9308 38.79
    endloop
  endfacet
  facet normal 0 0 1
    outer loop
      vertex -49.2561 32.726 38.79
      vertex -49.445 33.845 38.79
      vertex -49.3775 32.744 38.79
    endloop
  endfacet
  facet normal 0 0 1
    outer loop
      vertex -49.445 33.845 38.79
      vertex -49.5 32.75 38.79
      vertex -49.3775 32.744 38.79
    endloop
  endfacet
  facet normal -0 0 1
    outer loop
      vertex -49.7776 33.726 38.79
      vertex -49.5 32.75 38.79
      vertex -49.445 33.845 38.79
    endloop
  endfacet
  facet normal 0 0 1
    outer loop
      vertex -49.5 32.75 38.79
      vertex -49.7776 33.726 38.79
      vertex -49.6225 32.744 38.79
    endloop
  endfacet
  facet normal -0 0 1
    outer loop
      vertex -50.097 33.5749 38.79
      vertex -49.6225 32.744 38.79
      vertex -49.7776 33.726 38.79
    endloop
  endfacet
  facet normal 0 0 1
    outer loop
      vertex -49.6225 32.744 38.79
      vertex -50.097 33.5749 38.79
      vertex -49.7439 32.726 38.79
    endloop
  endfacet
  facet normal 0 0 1
    outer loop
      vertex -49.7439 32.726 38.79
      vertex -50.097 33.5749 38.79
      vertex -49.8629 32.6962 38.79
    endloop
  endfacet
  facet normal -0 0 1
    outer loop
      vertex -50.4 33.3933 38.79
      vertex -49.8629 32.6962 38.79
      vertex -50.097 33.5749 38.79
    endloop
  endfacet
  facet normal 0 0 1
    outer loop
      vertex -49.8629 32.6962 38.79
      vertex -50.4 33.3933 38.79
      vertex -49.9784 32.6549 38.79
    endloop
  endfacet
  facet normal 0 0 1
    outer loop
      vertex -49.9784 32.6549 38.79
      vertex -50.4 33.3933 38.79
      vertex -50.0892 32.6024 38.79
    endloop
  endfacet
  facet normal -0 0 1
    outer loop
      vertex -50.6838 33.1828 38.79
      vertex -50.0892 32.6024 38.79
      vertex -50.4 33.3933 38.79
    endloop
  endfacet
  facet normal 0 0 1
    outer loop
      vertex -50.0892 32.6024 38.79
      vertex -50.6838 33.1828 38.79
      vertex -50.1945 32.5393 38.79
    endloop
  endfacet
  facet normal 0 0 1
    outer loop
      vertex -50.1945 32.5393 38.79
      vertex -50.6838 33.1828 38.79
      vertex -50.293 32.4663 38.79
    endloop
  endfacet
  facet normal -0 0 1
    outer loop
      vertex -50.9456 32.9456 38.79
      vertex -50.293 32.4663 38.79
      vertex -50.6838 33.1828 38.79
    endloop
  endfacet
  facet normal 0 0 1
    outer loop
      vertex -50.293 32.4663 38.79
      vertex -50.9456 32.9456 38.79
      vertex -50.3839 32.3839 38.79
    endloop
  endfacet
  facet normal 0 0 1
    outer loop
      vertex -50.3839 32.3839 38.79
      vertex -50.9456 32.9456 38.79
      vertex -50.4663 32.293 38.79
    endloop
  endfacet
  facet normal -0 0 1
    outer loop
      vertex -51.1828 32.6838 38.79
      vertex -50.4663 32.293 38.79
      vertex -50.9456 32.9456 38.79
    endloop
  endfacet
  facet normal 0 0 1
    outer loop
      vertex -50.4663 32.293 38.79
      vertex -51.1828 32.6838 38.79
      vertex -50.5393 32.1945 38.79
    endloop
  endfacet
  facet normal 0 0 1
    outer loop
      vertex -50.5393 32.1945 38.79
      vertex -51.1828 32.6838 38.79
      vertex -50.6024 32.0892 38.79
    endloop
  endfacet
  facet normal -0 0 1
    outer loop
      vertex -51.3933 32.4 38.79
      vertex -50.6024 32.0892 38.79
      vertex -51.1828 32.6838 38.79
    endloop
  endfacet
  facet normal 0 0 1
    outer loop
      vertex -50.6024 32.0892 38.79
      vertex -51.3933 32.4 38.79
      vertex -50.6549 31.9784 38.79
    endloop
  endfacet
  facet normal 0 0 1
    outer loop
      vertex -50.6549 31.9784 38.79
      vertex -51.3933 32.4 38.79
      vertex -50.6962 31.8629 38.79
    endloop
  endfacet
  facet normal -0 0 1
    outer loop
      vertex -51.5749 32.097 38.79
      vertex -50.6962 31.8629 38.79
      vertex -51.3933 32.4 38.79
    endloop
  endfacet
  facet normal 0 0 1
    outer loop
      vertex -50.726 31.7439 38.79
      vertex -51.5749 32.097 38.79
      vertex -50.744 31.6225 38.79
    endloop
  endfacet
  facet normal -0 0 1
    outer loop
      vertex -51.726 31.7776 38.79
      vertex -50.744 31.6225 38.79
      vertex -51.5749 32.097 38.79
    endloop
  endfacet
  facet normal 0 0 1
    outer loop
      vertex -50.744 31.6225 38.79
      vertex -51.726 31.7776 38.79
      vertex -50.75 31.5 38.79
    endloop
  endfacet
  facet normal 0 0 1
    outer loop
      vertex -51.845 31.445 38.79
      vertex -50.75 31.5 38.79
      vertex -51.726 31.7776 38.79
    endloop
  endfacet
  facet normal 0 0 1
    outer loop
      vertex -50.75 31.5 38.79
      vertex -51.845 31.445 38.79
      vertex -50.744 31.3775 38.79
    endloop
  endfacet
  facet normal 0 0 1
    outer loop
      vertex -51.9308 31.1023 38.79
      vertex -50.744 31.3775 38.79
      vertex -51.845 31.445 38.79
    endloop
  endfacet
  facet normal 0 0 1
    outer loop
      vertex -51.9827 30.7529 38.79
      vertex -50.744 31.3775 38.79
      vertex -51.9308 31.1023 38.79
    endloop
  endfacet
  facet normal 0 0 1
    outer loop
      vertex -52 30.4 38.79
      vertex -50.744 31.3775 38.79
      vertex -51.9827 30.7529 38.79
    endloop
  endfacet
  facet normal 0 -0 1
    outer loop
      vertex -51.4445 28.5899 38.79
      vertex -50.744 31.3775 38.79
      vertex -52 30.4 38.79
    endloop
  endfacet
  facet normal 0 0 1
    outer loop
      vertex -50.744 31.3775 38.79
      vertex -51.4445 28.5899 38.79
      vertex -51.1499 28.4133 38.79
    endloop
  endfacet
  facet normal 0 0 1
    outer loop
      vertex -51.4445 28.5899 38.79
      vertex -52 30.4 38.79
      vertex -51.7204 28.7945 38.79
    endloop
  endfacet
  facet normal 0 0 1
    outer loop
      vertex -50.744 31.3775 38.79
      vertex -51.1499 28.4133 38.79
      vertex -50.8394 28.2664 38.79
    endloop
  endfacet
  facet normal 0 0 1
    outer loop
      vertex -51.7204 28.7945 38.79
      vertex -52 30.4 38.79
      vertex -51.9749 29.0251 38.79
    endloop
  endfacet
  facet normal 0 0 1
    outer loop
      vertex -51.9749 29.0251 38.79
      vertex -52 30.4 38.79
      vertex -52 29.0528 38.79
    endloop
  endfacet
  facet normal -0 0 1
    outer loop
      vertex -48.4607 30.8055 38.79
      vertex -46.5899 29.5555 38.79
      vertex -48.3976 30.9108 38.79
    endloop
  endfacet
  facet normal -0 0 1
    outer loop
      vertex -48.5337 30.707 38.79
      vertex -46.7945 29.2796 38.79
      vertex -48.4607 30.8055 38.79
    endloop
  endfacet
  facet normal 0 0 1
    outer loop
      vertex -46.7945 29.2796 38.79
      vertex -48.5337 30.707 38.79
      vertex -47.0251 29.0251 38.79
    endloop
  endfacet
  facet normal -0 0 1
    outer loop
      vertex -48.6161 30.6161 38.79
      vertex -47.0251 29.0251 38.79
      vertex -48.5337 30.707 38.79
    endloop
  endfacet
  facet normal 0 0 1
    outer loop
      vertex -47.0251 29.0251 38.79
      vertex -48.6161 30.6161 38.79
      vertex -47.2796 28.7945 38.79
    endloop
  endfacet
  facet normal -0 0 1
    outer loop
      vertex -48.707 30.5337 38.79
      vertex -47.2796 28.7945 38.79
      vertex -48.6161 30.6161 38.79
    endloop
  endfacet
  facet normal 0 0 1
    outer loop
      vertex -47.2796 28.7945 38.79
      vertex -48.707 30.5337 38.79
      vertex -47.5555 28.5899 38.79
    endloop
  endfacet
  facet normal -0 0 1
    outer loop
      vertex -48.8055 30.4607 38.79
      vertex -47.5555 28.5899 38.79
      vertex -48.707 30.5337 38.79
    endloop
  endfacet
  facet normal 0 0 1
    outer loop
      vertex -47.5555 28.5899 38.79
      vertex -48.8055 30.4607 38.79
      vertex -47.8501 28.4133 38.79
    endloop
  endfacet
  facet normal -0 0 1
    outer loop
      vertex -48.9108 30.3976 38.79
      vertex -47.8501 28.4133 38.79
      vertex -48.8055 30.4607 38.79
    endloop
  endfacet
  facet normal 0 0 1
    outer loop
      vertex -47.8501 28.4133 38.79
      vertex -48.9108 30.3976 38.79
      vertex -48.1606 28.2664 38.79
    endloop
  endfacet
  facet normal -0 0 1
    outer loop
      vertex -49.0216 30.3451 38.79
      vertex -48.1606 28.2664 38.79
      vertex -48.9108 30.3976 38.79
    endloop
  endfacet
  facet normal 0 0 1
    outer loop
      vertex -48.1606 28.2664 38.79
      vertex -49.0216 30.3451 38.79
      vertex -48.484 28.1507 38.79
    endloop
  endfacet
  facet normal -0 0 1
    outer loop
      vertex -49.1371 30.3038 38.79
      vertex -48.484 28.1507 38.79
      vertex -49.0216 30.3451 38.79
    endloop
  endfacet
  facet normal 0 0 1
    outer loop
      vertex -48.484 28.1507 38.79
      vertex -49.1371 30.3038 38.79
      vertex -48.8172 28.0673 38.79
    endloop
  endfacet
  facet normal -0 0 1
    outer loop
      vertex -49.2561 30.274 38.79
      vertex -48.8172 28.0673 38.79
      vertex -49.1371 30.3038 38.79
    endloop
  endfacet
  facet normal 0 0 1
    outer loop
      vertex -48.8172 28.0673 38.79
      vertex -49.2561 30.274 38.79
      vertex -49.1569 28.0169 38.79
    endloop
  endfacet
  facet normal -0 0 1
    outer loop
      vertex -49.3775 30.256 38.79
      vertex -49.1569 28.0169 38.79
      vertex -49.2561 30.274 38.79
    endloop
  endfacet
  facet normal -0 0 1
    outer loop
      vertex -49.5 30.25 38.79
      vertex -49.1569 28.0169 38.79
      vertex -49.3775 30.256 38.79
    endloop
  endfacet
  facet normal 0 0 1
    outer loop
      vertex -49.5 30.25 38.79
      vertex -49.5 28 38.79
      vertex -49.1569 28.0169 38.79
    endloop
  endfacet
  facet normal 0 0 1
    outer loop
      vertex -49.6225 30.256 38.79
      vertex -49.5 28 38.79
      vertex -49.5 30.25 38.79
    endloop
  endfacet
  facet normal 0 0 1
    outer loop
      vertex -49.8431 28.0169 38.79
      vertex -49.6225 30.256 38.79
      vertex -49.7439 30.274 38.79
    endloop
  endfacet
  facet normal 0 0 1
    outer loop
      vertex -49.6225 30.256 38.79
      vertex -49.8431 28.0169 38.79
      vertex -49.5 28 38.79
    endloop
  endfacet
  facet normal 0 0 1
    outer loop
      vertex -50.1828 28.0673 38.79
      vertex -49.7439 30.274 38.79
      vertex -49.8629 30.3038 38.79
    endloop
  endfacet
  facet normal 0 0 1
    outer loop
      vertex -50.516 28.1507 38.79
      vertex -49.8629 30.3038 38.79
      vertex -49.9784 30.3451 38.79
    endloop
  endfacet
  facet normal 0 0 1
    outer loop
      vertex -50.8394 28.2664 38.79
      vertex -49.9784 30.3451 38.79
      vertex -50.0892 30.3976 38.79
    endloop
  endfacet
  facet normal 0 0 1
    outer loop
      vertex -49.7439 30.274 38.79
      vertex -50.1828 28.0673 38.79
      vertex -49.8431 28.0169 38.79
    endloop
  endfacet
  facet normal 0 0 1
    outer loop
      vertex -50.8394 28.2664 38.79
      vertex -50.0892 30.3976 38.79
      vertex -50.1945 30.4607 38.79
    endloop
  endfacet
  facet normal 0 0 1
    outer loop
      vertex -50.8394 28.2664 38.79
      vertex -50.1945 30.4607 38.79
      vertex -50.293 30.5337 38.79
    endloop
  endfacet
  facet normal 0 0 1
    outer loop
      vertex -50.8394 28.2664 38.79
      vertex -50.293 30.5337 38.79
      vertex -50.3839 30.6161 38.79
    endloop
  endfacet
  facet normal 0 0 1
    outer loop
      vertex -50.8394 28.2664 38.79
      vertex -50.3839 30.6161 38.79
      vertex -50.4663 30.707 38.79
    endloop
  endfacet
  facet normal 0 0 1
    outer loop
      vertex -49.8629 30.3038 38.79
      vertex -50.516 28.1507 38.79
      vertex -50.1828 28.0673 38.79
    endloop
  endfacet
  facet normal 0 0 1
    outer loop
      vertex -50.8394 28.2664 38.79
      vertex -50.4663 30.707 38.79
      vertex -50.5393 30.8055 38.79
    endloop
  endfacet
  facet normal 0 0 1
    outer loop
      vertex -50.8394 28.2664 38.79
      vertex -50.5393 30.8055 38.79
      vertex -50.6024 30.9108 38.79
    endloop
  endfacet
  facet normal 0 0 1
    outer loop
      vertex -50.8394 28.2664 38.79
      vertex -50.6024 30.9108 38.79
      vertex -50.6549 31.0216 38.79
    endloop
  endfacet
  facet normal 0 0 1
    outer loop
      vertex -50.8394 28.2664 38.79
      vertex -50.6549 31.0216 38.79
      vertex -50.6962 31.1371 38.79
    endloop
  endfacet
  facet normal 0 0 1
    outer loop
      vertex -50.8394 28.2664 38.79
      vertex -50.6962 31.1371 38.79
      vertex -50.726 31.2561 38.79
    endloop
  endfacet
  facet normal 0 0 1
    outer loop
      vertex -50.8394 28.2664 38.79
      vertex -50.726 31.2561 38.79
      vertex -50.744 31.3775 38.79
    endloop
  endfacet
  facet normal 0 0 1
    outer loop
      vertex -49.9784 30.3451 38.79
      vertex -50.8394 28.2664 38.79
      vertex -50.516 28.1507 38.79
    endloop
  endfacet
  facet normal 0 0 1
    outer loop
      vertex -50.6962 31.8629 38.79
      vertex -51.5749 32.097 38.79
      vertex -50.726 31.7439 38.79
    endloop
  endfacet
  facet normal -0.989186 -0.146667 0
    outer loop
      vertex -48.256 31.6225 28.79
      vertex -48.274 31.7439 38.79
      vertex -48.274 31.7439 28.79
    endloop
  endfacet
  facet normal -0.989186 -0.146667 0
    outer loop
      vertex -48.274 31.7439 38.79
      vertex -48.256 31.6225 28.79
      vertex -48.256 31.6225 38.79
    endloop
  endfacet
  facet normal -0.998803 -0.0489209 0
    outer loop
      vertex -48.25 31.5 28.79
      vertex -48.256 31.6225 38.79
      vertex -48.256 31.6225 28.79
    endloop
  endfacet
  facet normal -0.998803 -0.0489209 0
    outer loop
      vertex -48.256 31.6225 38.79
      vertex -48.25 31.5 28.79
      vertex -48.25 31.5 38.79
    endloop
  endfacet
  facet normal -0.970047 -0.242919 0
    outer loop
      vertex -48.274 31.7439 28.79
      vertex -48.3038 31.8629 38.79
      vertex -48.3038 31.8629 28.79
    endloop
  endfacet
  facet normal -0.970047 -0.242919 0
    outer loop
      vertex -48.3038 31.8629 38.79
      vertex -48.274 31.7439 28.79
      vertex -48.274 31.7439 38.79
    endloop
  endfacet
  facet normal -0.336698 0.941613 0
    outer loop
      vertex -49.0216 30.3451 28.79
      vertex -49.1371 30.3038 38.79
      vertex -49.0216 30.3451 38.79
    endloop
  endfacet
  facet normal -0.336698 0.941613 0
    outer loop
      vertex -49.1371 30.3038 38.79
      vertex -49.0216 30.3451 28.79
      vertex -49.1371 30.3038 28.79
    endloop
  endfacet
  facet normal -0.671617 -0.740898 0
    outer loop
      vertex -48.707 32.4663 28.79
      vertex -48.6161 32.3839 38.79
      vertex -48.707 32.4663 38.79
    endloop
  endfacet
  facet normal -0.671617 -0.740898 -0
    outer loop
      vertex -48.6161 32.3839 38.79
      vertex -48.707 32.4663 28.79
      vertex -48.6161 32.3839 28.79
    endloop
  endfacet
  facet normal 0.85778 -0.514016 0
    outer loop
      vertex -50.6024 32.0892 38.79
      vertex -50.5393 32.1945 28.79
      vertex -50.5393 32.1945 38.79
    endloop
  endfacet
  facet normal 0.85778 -0.514016 0
    outer loop
      vertex -50.5393 32.1945 28.79
      vertex -50.6024 32.0892 38.79
      vertex -50.6024 32.0892 28.79
    endloop
  endfacet
  facet normal 0.146667 0.989186 -0
    outer loop
      vertex -49.6225 30.256 28.79
      vertex -49.7439 30.274 38.79
      vertex -49.6225 30.256 38.79
    endloop
  endfacet
  facet normal 0.146667 0.989186 0
    outer loop
      vertex -49.7439 30.274 38.79
      vertex -49.6225 30.256 28.79
      vertex -49.7439 30.274 28.79
    endloop
  endfacet
  facet normal -0.941613 -0.336698 0
    outer loop
      vertex -48.3038 31.8629 28.79
      vertex -48.3451 31.9784 38.79
      vertex -48.3451 31.9784 28.79
    endloop
  endfacet
  facet normal -0.941613 -0.336698 0
    outer loop
      vertex -48.3451 31.9784 38.79
      vertex -48.3038 31.8629 28.79
      vertex -48.3038 31.8629 38.79
    endloop
  endfacet
  facet normal 0.0489209 -0.998803 0
    outer loop
      vertex -49.6225 32.744 28.79
      vertex -49.5 32.75 38.79
      vertex -49.6225 32.744 38.79
    endloop
  endfacet
  facet normal 0.0489209 -0.998803 0
    outer loop
      vertex -49.5 32.75 38.79
      vertex -49.6225 32.744 28.79
      vertex -49.5 32.75 28.79
    endloop
  endfacet
  facet normal -0.0489209 0.998803 0
    outer loop
      vertex -49.3775 30.256 28.79
      vertex -49.5 30.25 38.79
      vertex -49.3775 30.256 38.79
    endloop
  endfacet
  facet normal -0.0489209 0.998803 0
    outer loop
      vertex -49.5 30.25 38.79
      vertex -49.3775 30.256 28.79
      vertex -49.5 30.25 28.79
    endloop
  endfacet
  facet normal 0.903688 0.428192 0
    outer loop
      vertex -50.6024 30.9108 38.79
      vertex -50.6549 31.0216 28.79
      vertex -50.6549 31.0216 38.79
    endloop
  endfacet
  facet normal 0.903688 0.428192 0
    outer loop
      vertex -50.6549 31.0216 28.79
      vertex -50.6024 30.9108 38.79
      vertex -50.6024 30.9108 28.79
    endloop
  endfacet
  facet normal 0.595423 0.803413 -0
    outer loop
      vertex -50.1945 30.4607 28.79
      vertex -50.293 30.5337 38.79
      vertex -50.1945 30.4607 38.79
    endloop
  endfacet
  facet normal 0.595423 0.803413 0
    outer loop
      vertex -50.293 30.5337 38.79
      vertex -50.1945 30.4607 28.79
      vertex -50.293 30.5337 28.79
    endloop
  endfacet
  facet normal 0.803413 -0.595423 0
    outer loop
      vertex -50.5393 32.1945 38.79
      vertex -50.4663 32.293 28.79
      vertex -50.4663 32.293 38.79
    endloop
  endfacet
  facet normal 0.803413 -0.595423 0
    outer loop
      vertex -50.4663 32.293 28.79
      vertex -50.5393 32.1945 38.79
      vertex -50.5393 32.1945 28.79
    endloop
  endfacet
  facet normal -0.970047 0.242919 0
    outer loop
      vertex -48.3038 31.1371 28.79
      vertex -48.274 31.2561 38.79
      vertex -48.274 31.2561 28.79
    endloop
  endfacet
  facet normal -0.970047 0.242919 0
    outer loop
      vertex -48.274 31.2561 38.79
      vertex -48.3038 31.1371 28.79
      vertex -48.3038 31.1371 38.79
    endloop
  endfacet
  facet normal -0.85778 -0.514016 0
    outer loop
      vertex -48.3976 32.0892 28.79
      vertex -48.4607 32.1945 38.79
      vertex -48.4607 32.1945 28.79
    endloop
  endfacet
  facet normal -0.85778 -0.514016 0
    outer loop
      vertex -48.4607 32.1945 38.79
      vertex -48.3976 32.0892 28.79
      vertex -48.3976 32.0892 38.79
    endloop
  endfacet
  facet normal 0.998803 0.0489209 0
    outer loop
      vertex -50.744 31.3775 38.79
      vertex -50.75 31.5 28.79
      vertex -50.75 31.5 38.79
    endloop
  endfacet
  facet normal 0.998803 0.0489209 0
    outer loop
      vertex -50.75 31.5 28.79
      vertex -50.744 31.3775 38.79
      vertex -50.744 31.3775 28.79
    endloop
  endfacet
  facet normal -0.903688 -0.428192 0
    outer loop
      vertex -48.3451 31.9784 28.79
      vertex -48.3976 32.0892 38.79
      vertex -48.3976 32.0892 28.79
    endloop
  endfacet
  facet normal -0.903688 -0.428192 0
    outer loop
      vertex -48.3976 32.0892 38.79
      vertex -48.3451 31.9784 28.79
      vertex -48.3451 31.9784 38.79
    endloop
  endfacet
  facet normal -0.941613 0.336698 0
    outer loop
      vertex -48.3451 31.0216 28.79
      vertex -48.3038 31.1371 38.79
      vertex -48.3038 31.1371 28.79
    endloop
  endfacet
  facet normal -0.941613 0.336698 0
    outer loop
      vertex -48.3038 31.1371 38.79
      vertex -48.3451 31.0216 28.79
      vertex -48.3451 31.0216 38.79
    endloop
  endfacet
  facet normal 0.428192 0.903688 -0
    outer loop
      vertex -49.9784 30.3451 28.79
      vertex -50.0892 30.3976 38.79
      vertex -49.9784 30.3451 38.79
    endloop
  endfacet
  facet normal 0.428192 0.903688 0
    outer loop
      vertex -50.0892 30.3976 38.79
      vertex -49.9784 30.3451 28.79
      vertex -50.0892 30.3976 28.79
    endloop
  endfacet
  facet normal 0.970047 0.242919 0
    outer loop
      vertex -50.6962 31.1371 38.79
      vertex -50.726 31.2561 28.79
      vertex -50.726 31.2561 38.79
    endloop
  endfacet
  facet normal 0.970047 0.242919 0
    outer loop
      vertex -50.726 31.2561 28.79
      vertex -50.6962 31.1371 38.79
      vertex -50.6962 31.1371 28.79
    endloop
  endfacet
  facet normal 0.740898 -0.671617 0
    outer loop
      vertex -50.4663 32.293 38.79
      vertex -50.3839 32.3839 28.79
      vertex -50.3839 32.3839 38.79
    endloop
  endfacet
  facet normal 0.740898 -0.671617 0
    outer loop
      vertex -50.3839 32.3839 28.79
      vertex -50.4663 32.293 38.79
      vertex -50.4663 32.293 28.79
    endloop
  endfacet
  facet normal 0.242919 0.970047 -0
    outer loop
      vertex -49.7439 30.274 28.79
      vertex -49.8629 30.3038 38.79
      vertex -49.7439 30.274 38.79
    endloop
  endfacet
  facet normal 0.242919 0.970047 0
    outer loop
      vertex -49.8629 30.3038 38.79
      vertex -49.7439 30.274 28.79
      vertex -49.8629 30.3038 28.79
    endloop
  endfacet
  facet normal 0.514016 -0.85778 0
    outer loop
      vertex -50.1945 32.5393 28.79
      vertex -50.0892 32.6024 38.79
      vertex -50.1945 32.5393 38.79
    endloop
  endfacet
  facet normal 0.514016 -0.85778 0
    outer loop
      vertex -50.0892 32.6024 38.79
      vertex -50.1945 32.5393 28.79
      vertex -50.0892 32.6024 28.79
    endloop
  endfacet
  facet normal -0.803413 -0.595423 0
    outer loop
      vertex -48.4607 32.1945 28.79
      vertex -48.5337 32.293 38.79
      vertex -48.5337 32.293 28.79
    endloop
  endfacet
  facet normal -0.803413 -0.595423 0
    outer loop
      vertex -48.5337 32.293 38.79
      vertex -48.4607 32.1945 28.79
      vertex -48.4607 32.1945 38.79
    endloop
  endfacet
  facet normal 0.146667 -0.989186 0
    outer loop
      vertex -49.7439 32.726 28.79
      vertex -49.6225 32.744 38.79
      vertex -49.7439 32.726 38.79
    endloop
  endfacet
  facet normal 0.146667 -0.989186 0
    outer loop
      vertex -49.6225 32.744 38.79
      vertex -49.7439 32.726 28.79
      vertex -49.6225 32.744 28.79
    endloop
  endfacet
  facet normal -0.428192 0.903688 0
    outer loop
      vertex -48.9108 30.3976 28.79
      vertex -49.0216 30.3451 38.79
      vertex -48.9108 30.3976 38.79
    endloop
  endfacet
  facet normal -0.428192 0.903688 0
    outer loop
      vertex -49.0216 30.3451 38.79
      vertex -48.9108 30.3976 28.79
      vertex -49.0216 30.3451 28.79
    endloop
  endfacet
  facet normal 0.671617 -0.740898 0
    outer loop
      vertex -50.3839 32.3839 28.79
      vertex -50.293 32.4663 38.79
      vertex -50.3839 32.3839 38.79
    endloop
  endfacet
  facet normal 0.671617 -0.740898 0
    outer loop
      vertex -50.293 32.4663 38.79
      vertex -50.3839 32.3839 28.79
      vertex -50.293 32.4663 28.79
    endloop
  endfacet
  facet normal -0.85778 0.514016 0
    outer loop
      vertex -48.4607 30.8055 28.79
      vertex -48.3976 30.9108 38.79
      vertex -48.3976 30.9108 28.79
    endloop
  endfacet
  facet normal -0.85778 0.514016 0
    outer loop
      vertex -48.3976 30.9108 38.79
      vertex -48.4607 30.8055 28.79
      vertex -48.4607 30.8055 38.79
    endloop
  endfacet
  facet normal 0.595423 -0.803413 0
    outer loop
      vertex -50.293 32.4663 28.79
      vertex -50.1945 32.5393 38.79
      vertex -50.293 32.4663 38.79
    endloop
  endfacet
  facet normal 0.595423 -0.803413 0
    outer loop
      vertex -50.1945 32.5393 38.79
      vertex -50.293 32.4663 28.79
      vertex -50.1945 32.5393 28.79
    endloop
  endfacet
  facet normal -0.336698 -0.941613 0
    outer loop
      vertex -49.1371 32.6962 28.79
      vertex -49.0216 32.6549 38.79
      vertex -49.1371 32.6962 38.79
    endloop
  endfacet
  facet normal -0.336698 -0.941613 -0
    outer loop
      vertex -49.0216 32.6549 38.79
      vertex -49.1371 32.6962 28.79
      vertex -49.0216 32.6549 28.79
    endloop
  endfacet
  facet normal -0.740898 -0.671617 0
    outer loop
      vertex -48.5337 32.293 28.79
      vertex -48.6161 32.3839 38.79
      vertex -48.6161 32.3839 28.79
    endloop
  endfacet
  facet normal -0.740898 -0.671617 0
    outer loop
      vertex -48.6161 32.3839 38.79
      vertex -48.5337 32.293 28.79
      vertex -48.5337 32.293 38.79
    endloop
  endfacet
  facet normal -0.998803 0.0489209 0
    outer loop
      vertex -48.256 31.3775 28.79
      vertex -48.25 31.5 38.79
      vertex -48.25 31.5 28.79
    endloop
  endfacet
  facet normal -0.998803 0.0489209 0
    outer loop
      vertex -48.25 31.5 38.79
      vertex -48.256 31.3775 28.79
      vertex -48.256 31.3775 38.79
    endloop
  endfacet
  facet normal 0.941613 0.336698 0
    outer loop
      vertex -50.6549 31.0216 38.79
      vertex -50.6962 31.1371 28.79
      vertex -50.6962 31.1371 38.79
    endloop
  endfacet
  facet normal 0.941613 0.336698 0
    outer loop
      vertex -50.6962 31.1371 28.79
      vertex -50.6549 31.0216 38.79
      vertex -50.6549 31.0216 28.79
    endloop
  endfacet
  facet normal -0.514016 -0.85778 0
    outer loop
      vertex -48.9108 32.6024 28.79
      vertex -48.8055 32.5393 38.79
      vertex -48.9108 32.6024 38.79
    endloop
  endfacet
  facet normal -0.514016 -0.85778 -0
    outer loop
      vertex -48.8055 32.5393 38.79
      vertex -48.9108 32.6024 28.79
      vertex -48.8055 32.5393 28.79
    endloop
  endfacet
  facet normal -0.595423 -0.803413 0
    outer loop
      vertex -48.8055 32.5393 28.79
      vertex -48.707 32.4663 38.79
      vertex -48.8055 32.5393 38.79
    endloop
  endfacet
  facet normal -0.595423 -0.803413 -0
    outer loop
      vertex -48.707 32.4663 38.79
      vertex -48.8055 32.5393 28.79
      vertex -48.707 32.4663 28.79
    endloop
  endfacet
  facet normal -0.146667 0.989186 0
    outer loop
      vertex -49.2561 30.274 28.79
      vertex -49.3775 30.256 38.79
      vertex -49.2561 30.274 38.79
    endloop
  endfacet
  facet normal -0.146667 0.989186 0
    outer loop
      vertex -49.3775 30.256 38.79
      vertex -49.2561 30.274 28.79
      vertex -49.3775 30.256 28.79
    endloop
  endfacet
  facet normal -0.740898 0.671617 0
    outer loop
      vertex -48.6161 30.6161 28.79
      vertex -48.5337 30.707 38.79
      vertex -48.5337 30.707 28.79
    endloop
  endfacet
  facet normal -0.740898 0.671617 0
    outer loop
      vertex -48.5337 30.707 38.79
      vertex -48.6161 30.6161 28.79
      vertex -48.6161 30.6161 38.79
    endloop
  endfacet
  facet normal -0.803413 0.595423 0
    outer loop
      vertex -48.5337 30.707 28.79
      vertex -48.4607 30.8055 38.79
      vertex -48.4607 30.8055 28.79
    endloop
  endfacet
  facet normal -0.803413 0.595423 0
    outer loop
      vertex -48.4607 30.8055 38.79
      vertex -48.5337 30.707 28.79
      vertex -48.5337 30.707 38.79
    endloop
  endfacet
  facet normal -0.242919 0.970047 0
    outer loop
      vertex -49.1371 30.3038 28.79
      vertex -49.2561 30.274 38.79
      vertex -49.1371 30.3038 38.79
    endloop
  endfacet
  facet normal -0.242919 0.970047 0
    outer loop
      vertex -49.2561 30.274 38.79
      vertex -49.1371 30.3038 28.79
      vertex -49.2561 30.274 28.79
    endloop
  endfacet
  facet normal -0.903688 0.428192 0
    outer loop
      vertex -48.3976 30.9108 28.79
      vertex -48.3451 31.0216 38.79
      vertex -48.3451 31.0216 28.79
    endloop
  endfacet
  facet normal -0.903688 0.428192 0
    outer loop
      vertex -48.3451 31.0216 38.79
      vertex -48.3976 30.9108 28.79
      vertex -48.3976 30.9108 38.79
    endloop
  endfacet
  facet normal 0.242919 -0.970047 0
    outer loop
      vertex -49.8629 32.6962 28.79
      vertex -49.7439 32.726 38.79
      vertex -49.8629 32.6962 38.79
    endloop
  endfacet
  facet normal 0.242919 -0.970047 0
    outer loop
      vertex -49.7439 32.726 38.79
      vertex -49.8629 32.6962 28.79
      vertex -49.7439 32.726 28.79
    endloop
  endfacet
  facet normal 0.941613 -0.336698 0
    outer loop
      vertex -50.6962 31.8629 38.79
      vertex -50.6549 31.9784 28.79
      vertex -50.6549 31.9784 38.79
    endloop
  endfacet
  facet normal 0.941613 -0.336698 0
    outer loop
      vertex -50.6549 31.9784 28.79
      vertex -50.6962 31.8629 38.79
      vertex -50.6962 31.8629 28.79
    endloop
  endfacet
  facet normal 0.428192 -0.903688 0
    outer loop
      vertex -50.0892 32.6024 28.79
      vertex -49.9784 32.6549 38.79
      vertex -50.0892 32.6024 38.79
    endloop
  endfacet
  facet normal 0.428192 -0.903688 0
    outer loop
      vertex -49.9784 32.6549 38.79
      vertex -50.0892 32.6024 28.79
      vertex -49.9784 32.6549 28.79
    endloop
  endfacet
  facet normal 0.989186 -0.146667 0
    outer loop
      vertex -50.744 31.6225 38.79
      vertex -50.726 31.7439 28.79
      vertex -50.726 31.7439 38.79
    endloop
  endfacet
  facet normal 0.989186 -0.146667 0
    outer loop
      vertex -50.726 31.7439 28.79
      vertex -50.744 31.6225 38.79
      vertex -50.744 31.6225 28.79
    endloop
  endfacet
  facet normal 0.970047 -0.242919 0
    outer loop
      vertex -50.726 31.7439 38.79
      vertex -50.6962 31.8629 28.79
      vertex -50.6962 31.8629 38.79
    endloop
  endfacet
  facet normal 0.970047 -0.242919 0
    outer loop
      vertex -50.6962 31.8629 28.79
      vertex -50.726 31.7439 38.79
      vertex -50.726 31.7439 28.79
    endloop
  endfacet
  facet normal -0.428192 -0.903688 0
    outer loop
      vertex -49.0216 32.6549 28.79
      vertex -48.9108 32.6024 38.79
      vertex -49.0216 32.6549 38.79
    endloop
  endfacet
  facet normal -0.428192 -0.903688 -0
    outer loop
      vertex -48.9108 32.6024 38.79
      vertex -49.0216 32.6549 28.79
      vertex -48.9108 32.6024 28.79
    endloop
  endfacet
  facet normal 0 0 1
    outer loop
      vertex -48.256 31.6225 28.79
      vertex -48.256 31.3775 28.79
      vertex -48.25 31.5 28.79
    endloop
  endfacet
  facet normal 0 0 1
    outer loop
      vertex -48.274 31.7439 28.79
      vertex -48.256 31.3775 28.79
      vertex -48.256 31.6225 28.79
    endloop
  endfacet
  facet normal 0 0 1
    outer loop
      vertex -48.274 31.7439 28.79
      vertex -48.274 31.2561 28.79
      vertex -48.256 31.3775 28.79
    endloop
  endfacet
  facet normal 0 0 1
    outer loop
      vertex -48.3038 31.8629 28.79
      vertex -48.274 31.2561 28.79
      vertex -48.274 31.7439 28.79
    endloop
  endfacet
  facet normal 0 0 1
    outer loop
      vertex -48.3038 31.8629 28.79
      vertex -48.3038 31.1371 28.79
      vertex -48.274 31.2561 28.79
    endloop
  endfacet
  facet normal 0 0 1
    outer loop
      vertex -48.3451 31.9784 28.79
      vertex -48.3038 31.1371 28.79
      vertex -48.3038 31.8629 28.79
    endloop
  endfacet
  facet normal 0 0 1
    outer loop
      vertex -48.3451 31.9784 28.79
      vertex -48.3451 31.0216 28.79
      vertex -48.3038 31.1371 28.79
    endloop
  endfacet
  facet normal 0 0 1
    outer loop
      vertex -48.3976 32.0892 28.79
      vertex -48.3451 31.0216 28.79
      vertex -48.3451 31.9784 28.79
    endloop
  endfacet
  facet normal 0 0 1
    outer loop
      vertex -48.3976 32.0892 28.79
      vertex -48.3976 30.9108 28.79
      vertex -48.3451 31.0216 28.79
    endloop
  endfacet
  facet normal 0 0 1
    outer loop
      vertex -48.4607 32.1945 28.79
      vertex -48.3976 30.9108 28.79
      vertex -48.3976 32.0892 28.79
    endloop
  endfacet
  facet normal 0 0 1
    outer loop
      vertex -48.4607 32.1945 28.79
      vertex -48.4607 30.8055 28.79
      vertex -48.3976 30.9108 28.79
    endloop
  endfacet
  facet normal 0 0 1
    outer loop
      vertex -48.5337 32.293 28.79
      vertex -48.4607 30.8055 28.79
      vertex -48.4607 32.1945 28.79
    endloop
  endfacet
  facet normal 0 0 1
    outer loop
      vertex -48.5337 32.293 28.79
      vertex -48.5337 30.707 28.79
      vertex -48.4607 30.8055 28.79
    endloop
  endfacet
  facet normal 0 0 1
    outer loop
      vertex -48.6161 32.3839 28.79
      vertex -48.5337 30.707 28.79
      vertex -48.5337 32.293 28.79
    endloop
  endfacet
  facet normal 0 0 1
    outer loop
      vertex -48.6161 32.3839 28.79
      vertex -48.6161 30.6161 28.79
      vertex -48.5337 30.707 28.79
    endloop
  endfacet
  facet normal 0 0 1
    outer loop
      vertex -48.707 32.4663 28.79
      vertex -48.6161 30.6161 28.79
      vertex -48.6161 32.3839 28.79
    endloop
  endfacet
  facet normal 0 0 1
    outer loop
      vertex -48.707 32.4663 28.79
      vertex -48.707 30.5337 28.79
      vertex -48.6161 30.6161 28.79
    endloop
  endfacet
  facet normal 0 0 1
    outer loop
      vertex -48.8055 32.5393 28.79
      vertex -48.707 30.5337 28.79
      vertex -48.707 32.4663 28.79
    endloop
  endfacet
  facet normal 0 0 1
    outer loop
      vertex -48.8055 32.5393 28.79
      vertex -48.8055 30.4607 28.79
      vertex -48.707 30.5337 28.79
    endloop
  endfacet
  facet normal 0 0 1
    outer loop
      vertex -48.9108 32.6024 28.79
      vertex -48.8055 30.4607 28.79
      vertex -48.8055 32.5393 28.79
    endloop
  endfacet
  facet normal 0 0 1
    outer loop
      vertex -48.9108 32.6024 28.79
      vertex -48.9108 30.3976 28.79
      vertex -48.8055 30.4607 28.79
    endloop
  endfacet
  facet normal 0 0 1
    outer loop
      vertex -49.0216 32.6549 28.79
      vertex -48.9108 30.3976 28.79
      vertex -48.9108 32.6024 28.79
    endloop
  endfacet
  facet normal 0 0 1
    outer loop
      vertex -49.0216 32.6549 28.79
      vertex -49.0216 30.3451 28.79
      vertex -48.9108 30.3976 28.79
    endloop
  endfacet
  facet normal 0 0 1
    outer loop
      vertex -49.1371 32.6962 28.79
      vertex -49.0216 30.3451 28.79
      vertex -49.0216 32.6549 28.79
    endloop
  endfacet
  facet normal 0 0 1
    outer loop
      vertex -49.1371 32.6962 28.79
      vertex -49.1371 30.3038 28.79
      vertex -49.0216 30.3451 28.79
    endloop
  endfacet
  facet normal 0 0 1
    outer loop
      vertex -49.2561 32.726 28.79
      vertex -49.1371 30.3038 28.79
      vertex -49.1371 32.6962 28.79
    endloop
  endfacet
  facet normal 0 0 1
    outer loop
      vertex -49.2561 32.726 28.79
      vertex -49.2561 30.274 28.79
      vertex -49.1371 30.3038 28.79
    endloop
  endfacet
  facet normal 0 0 1
    outer loop
      vertex -49.3775 32.744 28.79
      vertex -49.2561 30.274 28.79
      vertex -49.2561 32.726 28.79
    endloop
  endfacet
  facet normal 0 0 1
    outer loop
      vertex -49.3775 32.744 28.79
      vertex -49.3775 30.256 28.79
      vertex -49.2561 30.274 28.79
    endloop
  endfacet
  facet normal 0 0 1
    outer loop
      vertex -49.5 32.75 28.79
      vertex -49.3775 30.256 28.79
      vertex -49.3775 32.744 28.79
    endloop
  endfacet
  facet normal 0 0 1
    outer loop
      vertex -49.5 32.75 28.79
      vertex -49.5 30.25 28.79
      vertex -49.3775 30.256 28.79
    endloop
  endfacet
  facet normal -0 0 1
    outer loop
      vertex -49.6225 32.744 28.79
      vertex -49.5 30.25 28.79
      vertex -49.5 32.75 28.79
    endloop
  endfacet
  facet normal 0 0 1
    outer loop
      vertex -49.6225 32.744 28.79
      vertex -49.6225 30.256 28.79
      vertex -49.5 30.25 28.79
    endloop
  endfacet
  facet normal -0 0 1
    outer loop
      vertex -49.7439 32.726 28.79
      vertex -49.6225 30.256 28.79
      vertex -49.6225 32.744 28.79
    endloop
  endfacet
  facet normal 0 0 1
    outer loop
      vertex -49.7439 32.726 28.79
      vertex -49.7439 30.274 28.79
      vertex -49.6225 30.256 28.79
    endloop
  endfacet
  facet normal -0 0 1
    outer loop
      vertex -49.8629 32.6962 28.79
      vertex -49.7439 30.274 28.79
      vertex -49.7439 32.726 28.79
    endloop
  endfacet
  facet normal 0 0 1
    outer loop
      vertex -49.8629 32.6962 28.79
      vertex -49.8629 30.3038 28.79
      vertex -49.7439 30.274 28.79
    endloop
  endfacet
  facet normal -0 0 1
    outer loop
      vertex -49.9784 32.6549 28.79
      vertex -49.8629 30.3038 28.79
      vertex -49.8629 32.6962 28.79
    endloop
  endfacet
  facet normal 0 0 1
    outer loop
      vertex -49.9784 32.6549 28.79
      vertex -49.9784 30.3451 28.79
      vertex -49.8629 30.3038 28.79
    endloop
  endfacet
  facet normal -0 0 1
    outer loop
      vertex -50.0892 32.6024 28.79
      vertex -49.9784 30.3451 28.79
      vertex -49.9784 32.6549 28.79
    endloop
  endfacet
  facet normal 0 0 1
    outer loop
      vertex -50.0892 32.6024 28.79
      vertex -50.0892 30.3976 28.79
      vertex -49.9784 30.3451 28.79
    endloop
  endfacet
  facet normal -0 0 1
    outer loop
      vertex -50.1945 32.5393 28.79
      vertex -50.0892 30.3976 28.79
      vertex -50.0892 32.6024 28.79
    endloop
  endfacet
  facet normal 0 0 1
    outer loop
      vertex -50.1945 32.5393 28.79
      vertex -50.1945 30.4607 28.79
      vertex -50.0892 30.3976 28.79
    endloop
  endfacet
  facet normal -0 0 1
    outer loop
      vertex -50.293 32.4663 28.79
      vertex -50.1945 30.4607 28.79
      vertex -50.1945 32.5393 28.79
    endloop
  endfacet
  facet normal 0 0 1
    outer loop
      vertex -50.293 32.4663 28.79
      vertex -50.293 30.5337 28.79
      vertex -50.1945 30.4607 28.79
    endloop
  endfacet
  facet normal -0 0 1
    outer loop
      vertex -50.3839 32.3839 28.79
      vertex -50.293 30.5337 28.79
      vertex -50.293 32.4663 28.79
    endloop
  endfacet
  facet normal 0 0 1
    outer loop
      vertex -50.3839 32.3839 28.79
      vertex -50.3839 30.6161 28.79
      vertex -50.293 30.5337 28.79
    endloop
  endfacet
  facet normal -0 0 1
    outer loop
      vertex -50.4663 32.293 28.79
      vertex -50.3839 30.6161 28.79
      vertex -50.3839 32.3839 28.79
    endloop
  endfacet
  facet normal 0 0 1
    outer loop
      vertex -50.4663 32.293 28.79
      vertex -50.4663 30.707 28.79
      vertex -50.3839 30.6161 28.79
    endloop
  endfacet
  facet normal -0 0 1
    outer loop
      vertex -50.5393 32.1945 28.79
      vertex -50.4663 30.707 28.79
      vertex -50.4663 32.293 28.79
    endloop
  endfacet
  facet normal 0 0 1
    outer loop
      vertex -50.5393 32.1945 28.79
      vertex -50.5393 30.8055 28.79
      vertex -50.4663 30.707 28.79
    endloop
  endfacet
  facet normal -0 0 1
    outer loop
      vertex -50.6024 32.0892 28.79
      vertex -50.5393 30.8055 28.79
      vertex -50.5393 32.1945 28.79
    endloop
  endfacet
  facet normal 0 0 1
    outer loop
      vertex -50.6024 32.0892 28.79
      vertex -50.6024 30.9108 28.79
      vertex -50.5393 30.8055 28.79
    endloop
  endfacet
  facet normal -0 0 1
    outer loop
      vertex -50.6549 31.9784 28.79
      vertex -50.6024 30.9108 28.79
      vertex -50.6024 32.0892 28.79
    endloop
  endfacet
  facet normal 0 0 1
    outer loop
      vertex -50.6549 31.9784 28.79
      vertex -50.6549 31.0216 28.79
      vertex -50.6024 30.9108 28.79
    endloop
  endfacet
  facet normal -0 0 1
    outer loop
      vertex -50.6962 31.8629 28.79
      vertex -50.6549 31.0216 28.79
      vertex -50.6549 31.9784 28.79
    endloop
  endfacet
  facet normal 0 0 1
    outer loop
      vertex -50.6962 31.8629 28.79
      vertex -50.6962 31.1371 28.79
      vertex -50.6549 31.0216 28.79
    endloop
  endfacet
  facet normal -0 0 1
    outer loop
      vertex -50.726 31.7439 28.79
      vertex -50.6962 31.1371 28.79
      vertex -50.6962 31.8629 28.79
    endloop
  endfacet
  facet normal 0 0 1
    outer loop
      vertex -50.726 31.7439 28.79
      vertex -50.726 31.2561 28.79
      vertex -50.6962 31.1371 28.79
    endloop
  endfacet
  facet normal -0 0 1
    outer loop
      vertex -50.744 31.6225 28.79
      vertex -50.726 31.2561 28.79
      vertex -50.726 31.7439 28.79
    endloop
  endfacet
  facet normal 0 0 1
    outer loop
      vertex -50.744 31.6225 28.79
      vertex -50.744 31.3775 28.79
      vertex -50.726 31.2561 28.79
    endloop
  endfacet
  facet normal 0 -0 1
    outer loop
      vertex -50.744 31.3775 28.79
      vertex -50.744 31.6225 28.79
      vertex -50.75 31.5 28.79
    endloop
  endfacet
  facet normal -0.989186 0.146667 0
    outer loop
      vertex -48.274 31.2561 28.79
      vertex -48.256 31.3775 38.79
      vertex -48.256 31.3775 28.79
    endloop
  endfacet
  facet normal -0.989186 0.146667 0
    outer loop
      vertex -48.256 31.3775 38.79
      vertex -48.274 31.2561 28.79
      vertex -48.274 31.2561 38.79
    endloop
  endfacet
  facet normal -0.146667 -0.989186 0
    outer loop
      vertex -49.3775 32.744 28.79
      vertex -49.2561 32.726 38.79
      vertex -49.3775 32.744 38.79
    endloop
  endfacet
  facet normal -0.146667 -0.989186 -0
    outer loop
      vertex -49.2561 32.726 38.79
      vertex -49.3775 32.744 28.79
      vertex -49.2561 32.726 28.79
    endloop
  endfacet
  facet normal -0.0489209 -0.998803 0
    outer loop
      vertex -49.5 32.75 28.79
      vertex -49.3775 32.744 38.79
      vertex -49.5 32.75 38.79
    endloop
  endfacet
  facet normal -0.0489209 -0.998803 -0
    outer loop
      vertex -49.3775 32.744 38.79
      vertex -49.5 32.75 28.79
      vertex -49.3775 32.744 28.79
    endloop
  endfacet
  facet normal 0.740898 0.671617 0
    outer loop
      vertex -50.3839 30.6161 38.79
      vertex -50.4663 30.707 28.79
      vertex -50.4663 30.707 38.79
    endloop
  endfacet
  facet normal 0.740898 0.671617 0
    outer loop
      vertex -50.4663 30.707 28.79
      vertex -50.3839 30.6161 38.79
      vertex -50.3839 30.6161 28.79
    endloop
  endfacet
  facet normal 0.85778 0.514016 0
    outer loop
      vertex -50.5393 30.8055 38.79
      vertex -50.6024 30.9108 28.79
      vertex -50.6024 30.9108 38.79
    endloop
  endfacet
  facet normal 0.85778 0.514016 0
    outer loop
      vertex -50.6024 30.9108 28.79
      vertex -50.5393 30.8055 38.79
      vertex -50.5393 30.8055 28.79
    endloop
  endfacet
  facet normal 0.336698 -0.941613 0
    outer loop
      vertex -49.9784 32.6549 28.79
      vertex -49.8629 32.6962 38.79
      vertex -49.9784 32.6549 38.79
    endloop
  endfacet
  facet normal 0.336698 -0.941613 0
    outer loop
      vertex -49.8629 32.6962 38.79
      vertex -49.9784 32.6549 28.79
      vertex -49.8629 32.6962 28.79
    endloop
  endfacet
  facet normal 0.514016 0.85778 -0
    outer loop
      vertex -50.0892 30.3976 28.79
      vertex -50.1945 30.4607 38.79
      vertex -50.0892 30.3976 38.79
    endloop
  endfacet
  facet normal 0.514016 0.85778 0
    outer loop
      vertex -50.1945 30.4607 38.79
      vertex -50.0892 30.3976 28.79
      vertex -50.1945 30.4607 28.79
    endloop
  endfacet
  facet normal -0.595423 0.803413 0
    outer loop
      vertex -48.707 30.5337 28.79
      vertex -48.8055 30.4607 38.79
      vertex -48.707 30.5337 38.79
    endloop
  endfacet
  facet normal -0.595423 0.803413 0
    outer loop
      vertex -48.8055 30.4607 38.79
      vertex -48.707 30.5337 28.79
      vertex -48.8055 30.4607 28.79
    endloop
  endfacet
  facet normal 0.336698 0.941613 -0
    outer loop
      vertex -49.8629 30.3038 28.79
      vertex -49.9784 30.3451 38.79
      vertex -49.8629 30.3038 38.79
    endloop
  endfacet
  facet normal 0.336698 0.941613 0
    outer loop
      vertex -49.9784 30.3451 38.79
      vertex -49.8629 30.3038 28.79
      vertex -49.9784 30.3451 28.79
    endloop
  endfacet
  facet normal 0.803413 0.595423 0
    outer loop
      vertex -50.4663 30.707 38.79
      vertex -50.5393 30.8055 28.79
      vertex -50.5393 30.8055 38.79
    endloop
  endfacet
  facet normal 0.803413 0.595423 0
    outer loop
      vertex -50.5393 30.8055 28.79
      vertex -50.4663 30.707 38.79
      vertex -50.4663 30.707 28.79
    endloop
  endfacet
  facet normal 0.903688 -0.428192 0
    outer loop
      vertex -50.6549 31.9784 38.79
      vertex -50.6024 32.0892 28.79
      vertex -50.6024 32.0892 38.79
    endloop
  endfacet
  facet normal 0.903688 -0.428192 0
    outer loop
      vertex -50.6024 32.0892 28.79
      vertex -50.6549 31.9784 38.79
      vertex -50.6549 31.9784 28.79
    endloop
  endfacet
  facet normal 0.989186 0.146667 0
    outer loop
      vertex -50.726 31.2561 38.79
      vertex -50.744 31.3775 28.79
      vertex -50.744 31.3775 38.79
    endloop
  endfacet
  facet normal 0.989186 0.146667 0
    outer loop
      vertex -50.744 31.3775 28.79
      vertex -50.726 31.2561 38.79
      vertex -50.726 31.2561 28.79
    endloop
  endfacet
  facet normal -0.242919 -0.970047 0
    outer loop
      vertex -49.2561 32.726 28.79
      vertex -49.1371 32.6962 38.79
      vertex -49.2561 32.726 38.79
    endloop
  endfacet
  facet normal -0.242919 -0.970047 -0
    outer loop
      vertex -49.1371 32.6962 38.79
      vertex -49.2561 32.726 28.79
      vertex -49.1371 32.6962 28.79
    endloop
  endfacet
  facet normal -0.514016 0.85778 0
    outer loop
      vertex -48.8055 30.4607 28.79
      vertex -48.9108 30.3976 38.79
      vertex -48.8055 30.4607 38.79
    endloop
  endfacet
  facet normal -0.514016 0.85778 0
    outer loop
      vertex -48.9108 30.3976 38.79
      vertex -48.8055 30.4607 28.79
      vertex -48.9108 30.3976 28.79
    endloop
  endfacet
  facet normal 0.671617 0.740898 -0
    outer loop
      vertex -50.293 30.5337 28.79
      vertex -50.3839 30.6161 38.79
      vertex -50.293 30.5337 38.79
    endloop
  endfacet
  facet normal 0.671617 0.740898 0
    outer loop
      vertex -50.3839 30.6161 38.79
      vertex -50.293 30.5337 28.79
      vertex -50.3839 30.6161 28.79
    endloop
  endfacet
  facet normal 0.0489209 0.998803 -0
    outer loop
      vertex -49.5 30.25 28.79
      vertex -49.6225 30.256 38.79
      vertex -49.5 30.25 38.79
    endloop
  endfacet
  facet normal 0.0489209 0.998803 0
    outer loop
      vertex -49.6225 30.256 38.79
      vertex -49.5 30.25 28.79
      vertex -49.6225 30.256 28.79
    endloop
  endfacet
  facet normal 0.998803 -0.0489209 0
    outer loop
      vertex -50.75 31.5 38.79
      vertex -50.744 31.6225 28.79
      vertex -50.744 31.6225 38.79
    endloop
  endfacet
  facet normal 0.998803 -0.0489209 0
    outer loop
      vertex -50.744 31.6225 28.79
      vertex -50.75 31.5 38.79
      vertex -50.75 31.5 28.79
    endloop
  endfacet
  facet normal -0.671617 0.740898 0
    outer loop
      vertex -48.6161 30.6161 28.79
      vertex -48.707 30.5337 38.79
      vertex -48.6161 30.6161 38.79
    endloop
  endfacet
  facet normal -0.671617 0.740898 0
    outer loop
      vertex -48.707 30.5337 38.79
      vertex -48.6161 30.6161 28.79
      vertex -48.707 30.5337 28.79
    endloop
  endfacet
  facet normal -0.671474 -0.741029 0
    outer loop
      vertex 47.0251 -33.9749 2.4
      vertex 47.0528 -34 38.79
      vertex 47.0251 -33.9749 38.79
    endloop
  endfacet
  facet normal -0.671474 -0.741029 -0
    outer loop
      vertex 47.0528 -34 38.79
      vertex 47.0251 -33.9749 2.4
      vertex 47.0528 -34 2.4
    endloop
  endfacet
  facet normal 0.514153 0.857698 -0
    outer loop
      vertex 51.4445 -28.5899 2.4
      vertex 51.1499 -28.4133 38.79
      vertex 51.4445 -28.5899 38.79
    endloop
  endfacet
  facet normal 0.514153 0.857698 0
    outer loop
      vertex 51.1499 -28.4133 38.79
      vertex 51.4445 -28.5899 2.4
      vertex 51.1499 -28.4133 2.4
    endloop
  endfacet
  facet normal -0.24281 0.970074 0
    outer loop
      vertex 48.8172 -28.0673 2.4
      vertex 48.484 -28.1507 38.79
      vertex 48.8172 -28.0673 38.79
    endloop
  endfacet
  facet normal -0.24281 0.970074 0
    outer loop
      vertex 48.484 -28.1507 38.79
      vertex 48.8172 -28.0673 2.4
      vertex 48.484 -28.1507 2.4
    endloop
  endfacet
  facet normal 0.741029 0.671474 0
    outer loop
      vertex 52 -29.0528 38.79
      vertex 51.9749 -29.0251 2.4
      vertex 51.9749 -29.0251 38.79
    endloop
  endfacet
  facet normal 0.741029 0.671474 0
    outer loop
      vertex 51.9749 -29.0251 2.4
      vertex 52 -29.0528 38.79
      vertex 52 -29.0528 2.4
    endloop
  endfacet
  facet normal -0.970074 -0.24281 0
    outer loop
      vertex 46.1507 -32.516 2.4
      vertex 46.0673 -32.1828 38.79
      vertex 46.0673 -32.1828 2.4
    endloop
  endfacet
  facet normal -0.970074 -0.24281 0
    outer loop
      vertex 46.0673 -32.1828 38.79
      vertex 46.1507 -32.516 2.4
      vertex 46.1507 -32.516 38.79
    endloop
  endfacet
  facet normal 0.671454 0.741046 -0
    outer loop
      vertex 51.9749 -29.0251 2.4
      vertex 51.7204 -28.7945 38.79
      vertex 51.9749 -29.0251 38.79
    endloop
  endfacet
  facet normal 0.671454 0.741046 0
    outer loop
      vertex 51.7204 -28.7945 38.79
      vertex 51.9749 -29.0251 2.4
      vertex 51.7204 -28.7945 2.4
    endloop
  endfacet
  facet normal -0.941557 -0.336853 0
    outer loop
      vertex 46.2664 -32.8394 2.4
      vertex 46.1507 -32.516 38.79
      vertex 46.1507 -32.516 2.4
    endloop
  endfacet
  facet normal -0.941557 -0.336853 0
    outer loop
      vertex 46.1507 -32.516 38.79
      vertex 46.2664 -32.8394 2.4
      vertex 46.2664 -32.8394 38.79
    endloop
  endfacet
  facet normal -0.998789 -0.0491971 0
    outer loop
      vertex 46.0169 -31.8431 2.4
      vertex 46 -31.5 38.79
      vertex 46 -31.5 2.4
    endloop
  endfacet
  facet normal -0.998789 -0.0491971 0
    outer loop
      vertex 46 -31.5 38.79
      vertex 46.0169 -31.8431 2.4
      vertex 46.0169 -31.8431 38.79
    endloop
  endfacet
  facet normal -0.0491971 0.998789 0
    outer loop
      vertex 49.5 -28 2.4
      vertex 49.1569 -28.0169 38.79
      vertex 49.5 -28 38.79
    endloop
  endfacet
  facet normal -0.0491971 0.998789 0
    outer loop
      vertex 49.1569 -28.0169 38.79
      vertex 49.5 -28 2.4
      vertex 49.1569 -28.0169 2.4
    endloop
  endfacet
  facet normal 0.595659 0.803237 -0
    outer loop
      vertex 51.7204 -28.7945 2.4
      vertex 51.4445 -28.5899 38.79
      vertex 51.7204 -28.7945 38.79
    endloop
  endfacet
  facet normal 0.595659 0.803237 0
    outer loop
      vertex 51.4445 -28.5899 38.79
      vertex 51.7204 -28.7945 2.4
      vertex 51.4445 -28.5899 2.4
    endloop
  endfacet
  facet normal -0.671454 0.741046 0
    outer loop
      vertex 47.2796 -28.7945 2.4
      vertex 47.0251 -29.0251 38.79
      vertex 47.2796 -28.7945 38.79
    endloop
  endfacet
  facet normal -0.671454 0.741046 0
    outer loop
      vertex 47.0251 -29.0251 38.79
      vertex 47.2796 -28.7945 2.4
      vertex 47.0251 -29.0251 2.4
    endloop
  endfacet
  facet normal 0.14676 0.989172 -0
    outer loop
      vertex 50.1828 -28.0673 2.4
      vertex 49.8431 -28.0169 38.79
      vertex 50.1828 -28.0673 38.79
    endloop
  endfacet
  facet normal 0.14676 0.989172 0
    outer loop
      vertex 49.8431 -28.0169 38.79
      vertex 50.1828 -28.0673 2.4
      vertex 49.8431 -28.0169 2.4
    endloop
  endfacet
  facet normal 0.427661 0.903939 -0
    outer loop
      vertex 51.1499 -28.4133 2.4
      vertex 50.8394 -28.2664 38.79
      vertex 51.1499 -28.4133 38.79
    endloop
  endfacet
  facet normal 0.427661 0.903939 0
    outer loop
      vertex 50.8394 -28.2664 38.79
      vertex 51.1499 -28.4133 2.4
      vertex 50.8394 -28.2664 2.4
    endloop
  endfacet
  facet normal -0.741046 0.671454 0
    outer loop
      vertex 46.7945 -29.2796 2.4
      vertex 47.0251 -29.0251 38.79
      vertex 47.0251 -29.0251 2.4
    endloop
  endfacet
  facet normal -0.741046 0.671454 0
    outer loop
      vertex 47.0251 -29.0251 38.79
      vertex 46.7945 -29.2796 2.4
      vertex 46.7945 -29.2796 38.79
    endloop
  endfacet
  facet normal -0.857698 0.514153 0
    outer loop
      vertex 46.4133 -29.8501 2.4
      vertex 46.5899 -29.5555 38.79
      vertex 46.5899 -29.5555 2.4
    endloop
  endfacet
  facet normal -0.857698 0.514153 0
    outer loop
      vertex 46.5899 -29.5555 38.79
      vertex 46.4133 -29.8501 2.4
      vertex 46.4133 -29.8501 38.79
    endloop
  endfacet
  facet normal -0.514153 0.857698 0
    outer loop
      vertex 47.8501 -28.4133 2.4
      vertex 47.5555 -28.5899 38.79
      vertex 47.8501 -28.4133 38.79
    endloop
  endfacet
  facet normal -0.514153 0.857698 0
    outer loop
      vertex 47.5555 -28.5899 38.79
      vertex 47.8501 -28.4133 2.4
      vertex 47.5555 -28.5899 2.4
    endloop
  endfacet
  facet normal -0.941557 0.336853 0
    outer loop
      vertex 46.1507 -30.484 2.4
      vertex 46.2664 -30.1606 38.79
      vertex 46.2664 -30.1606 2.4
    endloop
  endfacet
  facet normal -0.941557 0.336853 0
    outer loop
      vertex 46.2664 -30.1606 38.79
      vertex 46.1507 -30.484 2.4
      vertex 46.1507 -30.484 38.79
    endloop
  endfacet
  facet normal 0.336853 0.941557 -0
    outer loop
      vertex 50.8394 -28.2664 2.4
      vertex 50.516 -28.1507 38.79
      vertex 50.8394 -28.2664 38.79
    endloop
  endfacet
  facet normal 0.336853 0.941557 0
    outer loop
      vertex 50.516 -28.1507 38.79
      vertex 50.8394 -28.2664 2.4
      vertex 50.516 -28.1507 2.4
    endloop
  endfacet
  facet normal 0.24281 0.970074 -0
    outer loop
      vertex 50.516 -28.1507 2.4
      vertex 50.1828 -28.0673 38.79
      vertex 50.516 -28.1507 38.79
    endloop
  endfacet
  facet normal 0.24281 0.970074 0
    outer loop
      vertex 50.1828 -28.0673 38.79
      vertex 50.516 -28.1507 2.4
      vertex 50.1828 -28.0673 2.4
    endloop
  endfacet
  facet normal -0.427661 0.903939 0
    outer loop
      vertex 48.1606 -28.2664 2.4
      vertex 47.8501 -28.4133 38.79
      vertex 48.1606 -28.2664 38.79
    endloop
  endfacet
  facet normal -0.427661 0.903939 0
    outer loop
      vertex 47.8501 -28.4133 38.79
      vertex 48.1606 -28.2664 2.4
      vertex 47.8501 -28.4133 2.4
    endloop
  endfacet
  facet normal -0.595659 0.803237 0
    outer loop
      vertex 47.5555 -28.5899 2.4
      vertex 47.2796 -28.7945 38.79
      vertex 47.5555 -28.5899 38.79
    endloop
  endfacet
  facet normal -0.595659 0.803237 0
    outer loop
      vertex 47.2796 -28.7945 38.79
      vertex 47.5555 -28.5899 2.4
      vertex 47.2796 -28.7945 2.4
    endloop
  endfacet
  facet normal -0.14676 0.989172 0
    outer loop
      vertex 49.1569 -28.0169 2.4
      vertex 48.8172 -28.0673 38.79
      vertex 49.1569 -28.0169 38.79
    endloop
  endfacet
  facet normal -0.14676 0.989172 0
    outer loop
      vertex 48.8172 -28.0673 38.79
      vertex 49.1569 -28.0169 2.4
      vertex 48.8172 -28.0673 2.4
    endloop
  endfacet
  facet normal -0.903939 -0.427661 0
    outer loop
      vertex 46.4133 -33.1499 2.4
      vertex 46.2664 -32.8394 38.79
      vertex 46.2664 -32.8394 2.4
    endloop
  endfacet
  facet normal -0.903939 -0.427661 0
    outer loop
      vertex 46.2664 -32.8394 38.79
      vertex 46.4133 -33.1499 2.4
      vertex 46.4133 -33.1499 38.79
    endloop
  endfacet
  facet normal -0.970074 0.24281 0
    outer loop
      vertex 46.0673 -30.8172 2.4
      vertex 46.1507 -30.484 38.79
      vertex 46.1507 -30.484 2.4
    endloop
  endfacet
  facet normal -0.970074 0.24281 0
    outer loop
      vertex 46.1507 -30.484 38.79
      vertex 46.0673 -30.8172 2.4
      vertex 46.0673 -30.8172 38.79
    endloop
  endfacet
  facet normal -0.741046 -0.671454 0
    outer loop
      vertex 47.0251 -33.9749 2.4
      vertex 46.7945 -33.7204 38.79
      vertex 46.7945 -33.7204 2.4
    endloop
  endfacet
  facet normal -0.741046 -0.671454 0
    outer loop
      vertex 46.7945 -33.7204 38.79
      vertex 47.0251 -33.9749 2.4
      vertex 47.0251 -33.9749 38.79
    endloop
  endfacet
  facet normal -0.336853 0.941557 0
    outer loop
      vertex 48.484 -28.1507 2.4
      vertex 48.1606 -28.2664 38.79
      vertex 48.484 -28.1507 38.79
    endloop
  endfacet
  facet normal -0.336853 0.941557 0
    outer loop
      vertex 48.1606 -28.2664 38.79
      vertex 48.484 -28.1507 2.4
      vertex 48.1606 -28.2664 2.4
    endloop
  endfacet
  facet normal -0.989172 0.14676 0
    outer loop
      vertex 46.0169 -31.1569 2.4
      vertex 46.0673 -30.8172 38.79
      vertex 46.0673 -30.8172 2.4
    endloop
  endfacet
  facet normal -0.989172 0.14676 0
    outer loop
      vertex 46.0673 -30.8172 38.79
      vertex 46.0169 -31.1569 2.4
      vertex 46.0169 -31.1569 38.79
    endloop
  endfacet
  facet normal -0.998789 0.0491971 0
    outer loop
      vertex 46 -31.5 2.4
      vertex 46.0169 -31.1569 38.79
      vertex 46.0169 -31.1569 2.4
    endloop
  endfacet
  facet normal -0.998789 0.0491971 0
    outer loop
      vertex 46.0169 -31.1569 38.79
      vertex 46 -31.5 2.4
      vertex 46 -31.5 38.79
    endloop
  endfacet
  facet normal -0.803237 0.595659 0
    outer loop
      vertex 46.5899 -29.5555 2.4
      vertex 46.7945 -29.2796 38.79
      vertex 46.7945 -29.2796 2.4
    endloop
  endfacet
  facet normal -0.803237 0.595659 0
    outer loop
      vertex 46.7945 -29.2796 38.79
      vertex 46.5899 -29.5555 2.4
      vertex 46.5899 -29.5555 38.79
    endloop
  endfacet
  facet normal -0.803237 -0.595659 0
    outer loop
      vertex 46.7945 -33.7204 2.4
      vertex 46.5899 -33.4445 38.79
      vertex 46.5899 -33.4445 2.4
    endloop
  endfacet
  facet normal -0.803237 -0.595659 0
    outer loop
      vertex 46.5899 -33.4445 38.79
      vertex 46.7945 -33.7204 2.4
      vertex 46.7945 -33.7204 38.79
    endloop
  endfacet
  facet normal -0.989172 -0.14676 0
    outer loop
      vertex 46.0673 -32.1828 2.4
      vertex 46.0169 -31.8431 38.79
      vertex 46.0169 -31.8431 2.4
    endloop
  endfacet
  facet normal -0.989172 -0.14676 0
    outer loop
      vertex 46.0169 -31.8431 38.79
      vertex 46.0673 -32.1828 2.4
      vertex 46.0673 -32.1828 38.79
    endloop
  endfacet
  facet normal 0.0491971 0.998789 -0
    outer loop
      vertex 49.8431 -28.0169 2.4
      vertex 49.5 -28 38.79
      vertex 49.8431 -28.0169 38.79
    endloop
  endfacet
  facet normal 0.0491971 0.998789 0
    outer loop
      vertex 49.5 -28 38.79
      vertex 49.8431 -28.0169 2.4
      vertex 49.5 -28 2.4
    endloop
  endfacet
  facet normal -0.857698 -0.514153 0
    outer loop
      vertex 46.5899 -33.4445 2.4
      vertex 46.4133 -33.1499 38.79
      vertex 46.4133 -33.1499 2.4
    endloop
  endfacet
  facet normal -0.857698 -0.514153 0
    outer loop
      vertex 46.4133 -33.1499 38.79
      vertex 46.5899 -33.4445 2.4
      vertex 46.5899 -33.4445 38.79
    endloop
  endfacet
  facet normal -0.903939 0.427661 0
    outer loop
      vertex 46.2664 -30.1606 2.4
      vertex 46.4133 -29.8501 38.79
      vertex 46.4133 -29.8501 2.4
    endloop
  endfacet
  facet normal -0.903939 0.427661 0
    outer loop
      vertex 46.4133 -29.8501 38.79
      vertex 46.2664 -30.1606 2.4
      vertex 46.2664 -30.1606 38.79
    endloop
  endfacet
  facet normal 0 0 1
    outer loop
      vertex 51.845 -31.445 38.79
      vertex 50.744 -31.3775 38.79
      vertex 50.75 -31.5 38.79
    endloop
  endfacet
  facet normal 0 0 1
    outer loop
      vertex 51.1499 -28.4133 38.79
      vertex 50.726 -31.2561 38.79
      vertex 50.744 -31.3775 38.79
    endloop
  endfacet
  facet normal 0 0 1
    outer loop
      vertex 51.1499 -28.4133 38.79
      vertex 50.6962 -31.1371 38.79
      vertex 50.726 -31.2561 38.79
    endloop
  endfacet
  facet normal 0 0 1
    outer loop
      vertex 51.1499 -28.4133 38.79
      vertex 50.6549 -31.0216 38.79
      vertex 50.6962 -31.1371 38.79
    endloop
  endfacet
  facet normal 0 0 1
    outer loop
      vertex 51.1499 -28.4133 38.79
      vertex 50.6024 -30.9108 38.79
      vertex 50.6549 -31.0216 38.79
    endloop
  endfacet
  facet normal 0 0 1
    outer loop
      vertex 51.1499 -28.4133 38.79
      vertex 50.5393 -30.8055 38.79
      vertex 50.6024 -30.9108 38.79
    endloop
  endfacet
  facet normal 0 0 1
    outer loop
      vertex 49.9784 -30.3451 38.79
      vertex 50.8394 -28.2664 38.79
      vertex 50.516 -28.1507 38.79
    endloop
  endfacet
  facet normal 0 0 1
    outer loop
      vertex 51.1499 -28.4133 38.79
      vertex 50.4663 -30.707 38.79
      vertex 50.5393 -30.8055 38.79
    endloop
  endfacet
  facet normal 0 0 1
    outer loop
      vertex 51.1499 -28.4133 38.79
      vertex 50.3839 -30.6161 38.79
      vertex 50.4663 -30.707 38.79
    endloop
  endfacet
  facet normal 0 0 1
    outer loop
      vertex 51.1499 -28.4133 38.79
      vertex 50.293 -30.5337 38.79
      vertex 50.3839 -30.6161 38.79
    endloop
  endfacet
  facet normal 0 0 1
    outer loop
      vertex 51.1499 -28.4133 38.79
      vertex 50.1945 -30.4607 38.79
      vertex 50.293 -30.5337 38.79
    endloop
  endfacet
  facet normal 0 0 1
    outer loop
      vertex 49.8629 -30.3038 38.79
      vertex 50.516 -28.1507 38.79
      vertex 50.1828 -28.0673 38.79
    endloop
  endfacet
  facet normal 0 0 1
    outer loop
      vertex 51.1499 -28.4133 38.79
      vertex 50.0892 -30.3976 38.79
      vertex 50.1945 -30.4607 38.79
    endloop
  endfacet
  facet normal 0 0 1
    outer loop
      vertex 50.8394 -28.2664 38.79
      vertex 49.9784 -30.3451 38.79
      vertex 50.0892 -30.3976 38.79
    endloop
  endfacet
  facet normal 0 0 1
    outer loop
      vertex 50.516 -28.1507 38.79
      vertex 49.8629 -30.3038 38.79
      vertex 49.9784 -30.3451 38.79
    endloop
  endfacet
  facet normal 0 0 1
    outer loop
      vertex 49.7439 -30.274 38.79
      vertex 50.1828 -28.0673 38.79
      vertex 49.8431 -28.0169 38.79
    endloop
  endfacet
  facet normal 0 0 1
    outer loop
      vertex 50.1828 -28.0673 38.79
      vertex 49.7439 -30.274 38.79
      vertex 49.8629 -30.3038 38.79
    endloop
  endfacet
  facet normal 0 0 1
    outer loop
      vertex 49.8431 -28.0169 38.79
      vertex 49.6225 -30.256 38.79
      vertex 49.7439 -30.274 38.79
    endloop
  endfacet
  facet normal 0 0 1
    outer loop
      vertex 49.5 -28 38.79
      vertex 49.6225 -30.256 38.79
      vertex 49.8431 -28.0169 38.79
    endloop
  endfacet
  facet normal 0 0 1
    outer loop
      vertex 49.5 -28 38.79
      vertex 49.5 -30.25 38.79
      vertex 49.6225 -30.256 38.79
    endloop
  endfacet
  facet normal 0 0 1
    outer loop
      vertex 49.5 -28 38.79
      vertex 49.3775 -30.256 38.79
      vertex 49.5 -30.25 38.79
    endloop
  endfacet
  facet normal -0 0 1
    outer loop
      vertex 49.1569 -28.0169 38.79
      vertex 49.3775 -30.256 38.79
      vertex 49.5 -28 38.79
    endloop
  endfacet
  facet normal 0 0 1
    outer loop
      vertex 49.3775 -30.256 38.79
      vertex 49.1569 -28.0169 38.79
      vertex 49.2561 -30.274 38.79
    endloop
  endfacet
  facet normal -0 0 1
    outer loop
      vertex 48.8172 -28.0673 38.79
      vertex 49.2561 -30.274 38.79
      vertex 49.1569 -28.0169 38.79
    endloop
  endfacet
  facet normal 0 0 1
    outer loop
      vertex 49.2561 -30.274 38.79
      vertex 48.8172 -28.0673 38.79
      vertex 49.1371 -30.3038 38.79
    endloop
  endfacet
  facet normal -0 0 1
    outer loop
      vertex 48.484 -28.1507 38.79
      vertex 49.1371 -30.3038 38.79
      vertex 48.8172 -28.0673 38.79
    endloop
  endfacet
  facet normal 0 0 1
    outer loop
      vertex 49.1371 -30.3038 38.79
      vertex 48.484 -28.1507 38.79
      vertex 49.0216 -30.3451 38.79
    endloop
  endfacet
  facet normal -0 0 1
    outer loop
      vertex 48.1606 -28.2664 38.79
      vertex 49.0216 -30.3451 38.79
      vertex 48.484 -28.1507 38.79
    endloop
  endfacet
  facet normal 0 0 1
    outer loop
      vertex 49.0216 -30.3451 38.79
      vertex 48.1606 -28.2664 38.79
      vertex 48.9108 -30.3976 38.79
    endloop
  endfacet
  facet normal -0 0 1
    outer loop
      vertex 47.8501 -28.4133 38.79
      vertex 48.9108 -30.3976 38.79
      vertex 48.1606 -28.2664 38.79
    endloop
  endfacet
  facet normal 0 0 1
    outer loop
      vertex 48.9108 -30.3976 38.79
      vertex 47.8501 -28.4133 38.79
      vertex 48.8055 -30.4607 38.79
    endloop
  endfacet
  facet normal -0 0 1
    outer loop
      vertex 47.5555 -28.5899 38.79
      vertex 48.8055 -30.4607 38.79
      vertex 47.8501 -28.4133 38.79
    endloop
  endfacet
  facet normal 0 0 1
    outer loop
      vertex 48.8055 -30.4607 38.79
      vertex 47.5555 -28.5899 38.79
      vertex 48.707 -30.5337 38.79
    endloop
  endfacet
  facet normal -0 0 1
    outer loop
      vertex 47.2796 -28.7945 38.79
      vertex 48.707 -30.5337 38.79
      vertex 47.5555 -28.5899 38.79
    endloop
  endfacet
  facet normal 0 0 1
    outer loop
      vertex 48.707 -30.5337 38.79
      vertex 47.2796 -28.7945 38.79
      vertex 48.6161 -30.6161 38.79
    endloop
  endfacet
  facet normal -0 0 1
    outer loop
      vertex 47.0251 -29.0251 38.79
      vertex 48.6161 -30.6161 38.79
      vertex 47.2796 -28.7945 38.79
    endloop
  endfacet
  facet normal 0 0 1
    outer loop
      vertex 48.6161 -30.6161 38.79
      vertex 47.0251 -29.0251 38.79
      vertex 48.5337 -30.707 38.79
    endloop
  endfacet
  facet normal -0 0 1
    outer loop
      vertex 46.7945 -29.2796 38.79
      vertex 48.5337 -30.707 38.79
      vertex 47.0251 -29.0251 38.79
    endloop
  endfacet
  facet normal -0 0 1
    outer loop
      vertex 46.5899 -29.5555 38.79
      vertex 48.4607 -30.8055 38.79
      vertex 46.7945 -29.2796 38.79
    endloop
  endfacet
  facet normal 0 0 1
    outer loop
      vertex 48.5337 -30.707 38.79
      vertex 46.7945 -29.2796 38.79
      vertex 48.4607 -30.8055 38.79
    endloop
  endfacet
  facet normal 0 0 1
    outer loop
      vertex 51.9749 -29.0251 38.79
      vertex 52 -30.4 38.79
      vertex 52 -29.0528 38.79
    endloop
  endfacet
  facet normal 0 0 1
    outer loop
      vertex 51.7204 -28.7945 38.79
      vertex 52 -30.4 38.79
      vertex 51.9749 -29.0251 38.79
    endloop
  endfacet
  facet normal 0 0 1
    outer loop
      vertex 51.4445 -28.5899 38.79
      vertex 52 -30.4 38.79
      vertex 51.7204 -28.7945 38.79
    endloop
  endfacet
  facet normal 0 0 1
    outer loop
      vertex 50.744 -31.3775 38.79
      vertex 51.9308 -31.1023 38.79
      vertex 51.9827 -30.7529 38.79
    endloop
  endfacet
  facet normal -0 0 1
    outer loop
      vertex 50.744 -31.3775 38.79
      vertex 51.845 -31.445 38.79
      vertex 51.9308 -31.1023 38.79
    endloop
  endfacet
  facet normal 0 0 1
    outer loop
      vertex 50.744 -31.3775 38.79
      vertex 51.9827 -30.7529 38.79
      vertex 52 -30.4 38.79
    endloop
  endfacet
  facet normal 0 0 1
    outer loop
      vertex 51.845 -31.445 38.79
      vertex 50.75 -31.5 38.79
      vertex 51.726 -31.7776 38.79
    endloop
  endfacet
  facet normal 0 0 1
    outer loop
      vertex 50.744 -31.3775 38.79
      vertex 51.4445 -28.5899 38.79
      vertex 51.1499 -28.4133 38.79
    endloop
  endfacet
  facet normal -0 0 1
    outer loop
      vertex 50.744 -31.6225 38.79
      vertex 51.726 -31.7776 38.79
      vertex 50.75 -31.5 38.79
    endloop
  endfacet
  facet normal 0 0 1
    outer loop
      vertex 51.726 -31.7776 38.79
      vertex 50.744 -31.6225 38.79
      vertex 51.5749 -32.097 38.79
    endloop
  endfacet
  facet normal 0 0 1
    outer loop
      vertex 51.4445 -28.5899 38.79
      vertex 50.744 -31.3775 38.79
      vertex 52 -30.4 38.79
    endloop
  endfacet
  facet normal -0 0 1
    outer loop
      vertex 50.726 -31.7439 38.79
      vertex 51.5749 -32.097 38.79
      vertex 50.744 -31.6225 38.79
    endloop
  endfacet
  facet normal 0 0 1
    outer loop
      vertex 50.0892 -30.3976 38.79
      vertex 51.1499 -28.4133 38.79
      vertex 50.8394 -28.2664 38.79
    endloop
  endfacet
  facet normal -0 0 1
    outer loop
      vertex 50.6962 -31.8629 38.79
      vertex 51.5749 -32.097 38.79
      vertex 50.726 -31.7439 38.79
    endloop
  endfacet
  facet normal 0 0 1
    outer loop
      vertex 51.5749 -32.097 38.79
      vertex 50.6962 -31.8629 38.79
      vertex 51.3933 -32.4 38.79
    endloop
  endfacet
  facet normal -0 0 1
    outer loop
      vertex 50.6549 -31.9784 38.79
      vertex 51.3933 -32.4 38.79
      vertex 50.6962 -31.8629 38.79
    endloop
  endfacet
  facet normal -0 0 1
    outer loop
      vertex 50.6024 -32.0892 38.79
      vertex 51.3933 -32.4 38.79
      vertex 50.6549 -31.9784 38.79
    endloop
  endfacet
  facet normal 0 0 1
    outer loop
      vertex 51.3933 -32.4 38.79
      vertex 50.6024 -32.0892 38.79
      vertex 51.1828 -32.6838 38.79
    endloop
  endfacet
  facet normal -0 0 1
    outer loop
      vertex 50.5393 -32.1945 38.79
      vertex 51.1828 -32.6838 38.79
      vertex 50.6024 -32.0892 38.79
    endloop
  endfacet
  facet normal -0 0 1
    outer loop
      vertex 50.4663 -32.293 38.79
      vertex 51.1828 -32.6838 38.79
      vertex 50.5393 -32.1945 38.79
    endloop
  endfacet
  facet normal 0 0 1
    outer loop
      vertex 51.1828 -32.6838 38.79
      vertex 50.4663 -32.293 38.79
      vertex 50.9456 -32.9456 38.79
    endloop
  endfacet
  facet normal -0 0 1
    outer loop
      vertex 50.3839 -32.3839 38.79
      vertex 50.9456 -32.9456 38.79
      vertex 50.4663 -32.293 38.79
    endloop
  endfacet
  facet normal -0 0 1
    outer loop
      vertex 50.293 -32.4663 38.79
      vertex 50.9456 -32.9456 38.79
      vertex 50.3839 -32.3839 38.79
    endloop
  endfacet
  facet normal 0 0 1
    outer loop
      vertex 50.9456 -32.9456 38.79
      vertex 50.293 -32.4663 38.79
      vertex 50.6838 -33.1828 38.79
    endloop
  endfacet
  facet normal -0 0 1
    outer loop
      vertex 50.1945 -32.5393 38.79
      vertex 50.6838 -33.1828 38.79
      vertex 50.293 -32.4663 38.79
    endloop
  endfacet
  facet normal -0 0 1
    outer loop
      vertex 50.0892 -32.6024 38.79
      vertex 50.6838 -33.1828 38.79
      vertex 50.1945 -32.5393 38.79
    endloop
  endfacet
  facet normal 0 0 1
    outer loop
      vertex 50.6838 -33.1828 38.79
      vertex 50.0892 -32.6024 38.79
      vertex 50.4 -33.3933 38.79
    endloop
  endfacet
  facet normal -0 0 1
    outer loop
      vertex 49.9784 -32.6549 38.79
      vertex 50.4 -33.3933 38.79
      vertex 50.0892 -32.6024 38.79
    endloop
  endfacet
  facet normal -0 0 1
    outer loop
      vertex 49.8629 -32.6962 38.79
      vertex 50.4 -33.3933 38.79
      vertex 49.9784 -32.6549 38.79
    endloop
  endfacet
  facet normal 0 0 1
    outer loop
      vertex 50.4 -33.3933 38.79
      vertex 49.8629 -32.6962 38.79
      vertex 50.097 -33.5749 38.79
    endloop
  endfacet
  facet normal -0 0 1
    outer loop
      vertex 49.7439 -32.726 38.79
      vertex 50.097 -33.5749 38.79
      vertex 49.8629 -32.6962 38.79
    endloop
  endfacet
  facet normal -0 0 1
    outer loop
      vertex 49.6225 -32.744 38.79
      vertex 50.097 -33.5749 38.79
      vertex 49.7439 -32.726 38.79
    endloop
  endfacet
  facet normal 0 0 1
    outer loop
      vertex 50.097 -33.5749 38.79
      vertex 49.6225 -32.744 38.79
      vertex 49.7776 -33.726 38.79
    endloop
  endfacet
  facet normal -0 0 1
    outer loop
      vertex 49.5 -32.75 38.79
      vertex 49.7776 -33.726 38.79
      vertex 49.6225 -32.744 38.79
    endloop
  endfacet
  facet normal 0 0 1
    outer loop
      vertex 49.5 -32.75 38.79
      vertex 49.445 -33.845 38.79
      vertex 49.7776 -33.726 38.79
    endloop
  endfacet
  facet normal 0 0 1
    outer loop
      vertex 49.3775 -32.744 38.79
      vertex 49.445 -33.845 38.79
      vertex 49.5 -32.75 38.79
    endloop
  endfacet
  facet normal 0 0 1
    outer loop
      vertex 49.2561 -32.726 38.79
      vertex 49.445 -33.845 38.79
      vertex 49.3775 -32.744 38.79
    endloop
  endfacet
  facet normal 0 0 1
    outer loop
      vertex 49.1023 -33.9308 38.79
      vertex 49.2561 -32.726 38.79
      vertex 49.1371 -32.6962 38.79
    endloop
  endfacet
  facet normal 0 0 1
    outer loop
      vertex 49.2561 -32.726 38.79
      vertex 49.1023 -33.9308 38.79
      vertex 49.445 -33.845 38.79
    endloop
  endfacet
  facet normal 0 0 1
    outer loop
      vertex 49.0216 -32.6549 38.79
      vertex 49.1023 -33.9308 38.79
      vertex 49.1371 -32.6962 38.79
    endloop
  endfacet
  facet normal 0 0 1
    outer loop
      vertex 48.7529 -33.9827 38.79
      vertex 49.0216 -32.6549 38.79
      vertex 48.9108 -32.6024 38.79
    endloop
  endfacet
  facet normal 0 0 1
    outer loop
      vertex 48.4 -34 38.79
      vertex 48.9108 -32.6024 38.79
      vertex 48.8055 -32.5393 38.79
    endloop
  endfacet
  facet normal 0 0 1
    outer loop
      vertex 49.0216 -32.6549 38.79
      vertex 48.7529 -33.9827 38.79
      vertex 49.1023 -33.9308 38.79
    endloop
  endfacet
  facet normal 0 0 1
    outer loop
      vertex 48.4 -34 38.79
      vertex 48.8055 -32.5393 38.79
      vertex 48.707 -32.4663 38.79
    endloop
  endfacet
  facet normal 0 0 1
    outer loop
      vertex 48.4 -34 38.79
      vertex 48.707 -32.4663 38.79
      vertex 48.6161 -32.3839 38.79
    endloop
  endfacet
  facet normal 0 0 1
    outer loop
      vertex 48.4 -34 38.79
      vertex 48.6161 -32.3839 38.79
      vertex 48.5337 -32.293 38.79
    endloop
  endfacet
  facet normal 0 0 1
    outer loop
      vertex 46.7945 -33.7204 38.79
      vertex 48.5337 -32.293 38.79
      vertex 48.4607 -32.1945 38.79
    endloop
  endfacet
  facet normal 0 0 1
    outer loop
      vertex 48.9108 -32.6024 38.79
      vertex 48.4 -34 38.79
      vertex 48.7529 -33.9827 38.79
    endloop
  endfacet
  facet normal 0 0 1
    outer loop
      vertex 46.5899 -33.4445 38.79
      vertex 48.4607 -32.1945 38.79
      vertex 48.3976 -32.0892 38.79
    endloop
  endfacet
  facet normal 0 0 1
    outer loop
      vertex 46.4133 -33.1499 38.79
      vertex 48.3976 -32.0892 38.79
      vertex 48.3451 -31.9784 38.79
    endloop
  endfacet
  facet normal 0 0 1
    outer loop
      vertex 46.2664 -32.8394 38.79
      vertex 48.3451 -31.9784 38.79
      vertex 48.3038 -31.8629 38.79
    endloop
  endfacet
  facet normal 0 0 1
    outer loop
      vertex 46.1507 -32.516 38.79
      vertex 48.3038 -31.8629 38.79
      vertex 48.274 -31.7439 38.79
    endloop
  endfacet
  facet normal 0 0 1
    outer loop
      vertex 46.0673 -32.1828 38.79
      vertex 48.274 -31.7439 38.79
      vertex 48.256 -31.6225 38.79
    endloop
  endfacet
  facet normal 0 0 1
    outer loop
      vertex 48.4607 -30.8055 38.79
      vertex 46.5899 -29.5555 38.79
      vertex 48.3976 -30.9108 38.79
    endloop
  endfacet
  facet normal -0 0 1
    outer loop
      vertex 46.4133 -29.8501 38.79
      vertex 48.3976 -30.9108 38.79
      vertex 46.5899 -29.5555 38.79
    endloop
  endfacet
  facet normal 0 0 1
    outer loop
      vertex 48.3976 -30.9108 38.79
      vertex 46.4133 -29.8501 38.79
      vertex 48.3451 -31.0216 38.79
    endloop
  endfacet
  facet normal -0 0 1
    outer loop
      vertex 46.2664 -30.1606 38.79
      vertex 48.3451 -31.0216 38.79
      vertex 46.4133 -29.8501 38.79
    endloop
  endfacet
  facet normal 0 0 1
    outer loop
      vertex 48.3451 -31.0216 38.79
      vertex 46.2664 -30.1606 38.79
      vertex 48.3038 -31.1371 38.79
    endloop
  endfacet
  facet normal -0 0 1
    outer loop
      vertex 46.1507 -30.484 38.79
      vertex 48.3038 -31.1371 38.79
      vertex 46.2664 -30.1606 38.79
    endloop
  endfacet
  facet normal 0 0 1
    outer loop
      vertex 48.3038 -31.1371 38.79
      vertex 46.1507 -30.484 38.79
      vertex 48.274 -31.2561 38.79
    endloop
  endfacet
  facet normal -0 0 1
    outer loop
      vertex 46.0673 -30.8172 38.79
      vertex 48.274 -31.2561 38.79
      vertex 46.1507 -30.484 38.79
    endloop
  endfacet
  facet normal -0 -0 1
    outer loop
      vertex 47.0251 -33.9749 38.79
      vertex 48.4 -34 38.79
      vertex 46.7945 -33.7204 38.79
    endloop
  endfacet
  facet normal 0 0 1
    outer loop
      vertex 48.4 -34 38.79
      vertex 47.0251 -33.9749 38.79
      vertex 47.0528 -34 38.79
    endloop
  endfacet
  facet normal 0 0 1
    outer loop
      vertex 48.274 -31.2561 38.79
      vertex 46.0673 -30.8172 38.79
      vertex 48.256 -31.3775 38.79
    endloop
  endfacet
  facet normal 0 0 1
    outer loop
      vertex 48.5337 -32.293 38.79
      vertex 46.7945 -33.7204 38.79
      vertex 48.4 -34 38.79
    endloop
  endfacet
  facet normal -0 0 1
    outer loop
      vertex 46.0169 -31.1569 38.79
      vertex 48.256 -31.3775 38.79
      vertex 46.0673 -30.8172 38.79
    endloop
  endfacet
  facet normal 0 0 1
    outer loop
      vertex 48.4607 -32.1945 38.79
      vertex 46.5899 -33.4445 38.79
      vertex 46.7945 -33.7204 38.79
    endloop
  endfacet
  facet normal 0 0 1
    outer loop
      vertex 48.256 -31.3775 38.79
      vertex 46.0169 -31.1569 38.79
      vertex 48.25 -31.5 38.79
    endloop
  endfacet
  facet normal 0 0 1
    outer loop
      vertex 48.3976 -32.0892 38.79
      vertex 46.4133 -33.1499 38.79
      vertex 46.5899 -33.4445 38.79
    endloop
  endfacet
  facet normal 0 0 1
    outer loop
      vertex 46 -31.5 38.79
      vertex 48.25 -31.5 38.79
      vertex 46.0169 -31.1569 38.79
    endloop
  endfacet
  facet normal 0 0 1
    outer loop
      vertex 48.3451 -31.9784 38.79
      vertex 46.2664 -32.8394 38.79
      vertex 46.4133 -33.1499 38.79
    endloop
  endfacet
  facet normal 0 0 1
    outer loop
      vertex 48.25 -31.5 38.79
      vertex 46 -31.5 38.79
      vertex 48.256 -31.6225 38.79
    endloop
  endfacet
  facet normal 0 0 1
    outer loop
      vertex 48.3038 -31.8629 38.79
      vertex 46.1507 -32.516 38.79
      vertex 46.2664 -32.8394 38.79
    endloop
  endfacet
  facet normal 0 -0 1
    outer loop
      vertex 46.0169 -31.8431 38.79
      vertex 48.256 -31.6225 38.79
      vertex 46 -31.5 38.79
    endloop
  endfacet
  facet normal 0 0 1
    outer loop
      vertex 48.274 -31.7439 38.79
      vertex 46.0673 -32.1828 38.79
      vertex 46.1507 -32.516 38.79
    endloop
  endfacet
  facet normal 0 -0 1
    outer loop
      vertex 46.0673 -32.1828 38.79
      vertex 48.256 -31.6225 38.79
      vertex 46.0169 -31.8431 38.79
    endloop
  endfacet
  facet normal -0.989186 -0.146667 0
    outer loop
      vertex 50.744 -31.3775 28.79
      vertex 50.726 -31.2561 38.79
      vertex 50.726 -31.2561 28.79
    endloop
  endfacet
  facet normal -0.989186 -0.146667 0
    outer loop
      vertex 50.726 -31.2561 38.79
      vertex 50.744 -31.3775 28.79
      vertex 50.744 -31.3775 38.79
    endloop
  endfacet
  facet normal -0.998803 -0.0489209 0
    outer loop
      vertex 50.75 -31.5 28.79
      vertex 50.744 -31.3775 38.79
      vertex 50.744 -31.3775 28.79
    endloop
  endfacet
  facet normal -0.998803 -0.0489209 0
    outer loop
      vertex 50.744 -31.3775 38.79
      vertex 50.75 -31.5 28.79
      vertex 50.75 -31.5 38.79
    endloop
  endfacet
  facet normal -0.970047 -0.242919 0
    outer loop
      vertex 50.726 -31.2561 28.79
      vertex 50.6962 -31.1371 38.79
      vertex 50.6962 -31.1371 28.79
    endloop
  endfacet
  facet normal -0.970047 -0.242919 0
    outer loop
      vertex 50.6962 -31.1371 38.79
      vertex 50.726 -31.2561 28.79
      vertex 50.726 -31.2561 38.79
    endloop
  endfacet
  facet normal -0.336698 0.941613 0
    outer loop
      vertex 49.9784 -32.6549 28.79
      vertex 49.8629 -32.6962 38.79
      vertex 49.9784 -32.6549 38.79
    endloop
  endfacet
  facet normal -0.336698 0.941613 0
    outer loop
      vertex 49.8629 -32.6962 38.79
      vertex 49.9784 -32.6549 28.79
      vertex 49.8629 -32.6962 28.79
    endloop
  endfacet
  facet normal -0.671617 -0.740898 0
    outer loop
      vertex 50.293 -30.5337 28.79
      vertex 50.3839 -30.6161 38.79
      vertex 50.293 -30.5337 38.79
    endloop
  endfacet
  facet normal -0.671617 -0.740898 -0
    outer loop
      vertex 50.3839 -30.6161 38.79
      vertex 50.293 -30.5337 28.79
      vertex 50.3839 -30.6161 28.79
    endloop
  endfacet
  facet normal 0.85778 -0.514016 0
    outer loop
      vertex 48.3976 -30.9108 38.79
      vertex 48.4607 -30.8055 28.79
      vertex 48.4607 -30.8055 38.79
    endloop
  endfacet
  facet normal 0.85778 -0.514016 0
    outer loop
      vertex 48.4607 -30.8055 28.79
      vertex 48.3976 -30.9108 38.79
      vertex 48.3976 -30.9108 28.79
    endloop
  endfacet
  facet normal 0.146667 0.989186 -0
    outer loop
      vertex 49.3775 -32.744 28.79
      vertex 49.2561 -32.726 38.79
      vertex 49.3775 -32.744 38.79
    endloop
  endfacet
  facet normal 0.146667 0.989186 0
    outer loop
      vertex 49.2561 -32.726 38.79
      vertex 49.3775 -32.744 28.79
      vertex 49.2561 -32.726 28.79
    endloop
  endfacet
  facet normal -0.941613 -0.336698 0
    outer loop
      vertex 50.6962 -31.1371 28.79
      vertex 50.6549 -31.0216 38.79
      vertex 50.6549 -31.0216 28.79
    endloop
  endfacet
  facet normal -0.941613 -0.336698 0
    outer loop
      vertex 50.6549 -31.0216 38.79
      vertex 50.6962 -31.1371 28.79
      vertex 50.6962 -31.1371 38.79
    endloop
  endfacet
  facet normal 0.0489209 -0.998803 0
    outer loop
      vertex 49.3775 -30.256 28.79
      vertex 49.5 -30.25 38.79
      vertex 49.3775 -30.256 38.79
    endloop
  endfacet
  facet normal 0.0489209 -0.998803 0
    outer loop
      vertex 49.5 -30.25 38.79
      vertex 49.3775 -30.256 28.79
      vertex 49.5 -30.25 28.79
    endloop
  endfacet
  facet normal -0.0489209 0.998803 0
    outer loop
      vertex 49.6225 -32.744 28.79
      vertex 49.5 -32.75 38.79
      vertex 49.6225 -32.744 38.79
    endloop
  endfacet
  facet normal -0.0489209 0.998803 0
    outer loop
      vertex 49.5 -32.75 38.79
      vertex 49.6225 -32.744 28.79
      vertex 49.5 -32.75 28.79
    endloop
  endfacet
  facet normal 0.903688 0.428192 0
    outer loop
      vertex 48.3976 -32.0892 38.79
      vertex 48.3451 -31.9784 28.79
      vertex 48.3451 -31.9784 38.79
    endloop
  endfacet
  facet normal 0.903688 0.428192 0
    outer loop
      vertex 48.3451 -31.9784 28.79
      vertex 48.3976 -32.0892 38.79
      vertex 48.3976 -32.0892 28.79
    endloop
  endfacet
  facet normal 0.595423 0.803413 -0
    outer loop
      vertex 48.8055 -32.5393 28.79
      vertex 48.707 -32.4663 38.79
      vertex 48.8055 -32.5393 38.79
    endloop
  endfacet
  facet normal 0.595423 0.803413 0
    outer loop
      vertex 48.707 -32.4663 38.79
      vertex 48.8055 -32.5393 28.79
      vertex 48.707 -32.4663 28.79
    endloop
  endfacet
  facet normal 0.803413 -0.595423 0
    outer loop
      vertex 48.4607 -30.8055 38.79
      vertex 48.5337 -30.707 28.79
      vertex 48.5337 -30.707 38.79
    endloop
  endfacet
  facet normal 0.803413 -0.595423 0
    outer loop
      vertex 48.5337 -30.707 28.79
      vertex 48.4607 -30.8055 38.79
      vertex 48.4607 -30.8055 28.79
    endloop
  endfacet
  facet normal -0.970047 0.242919 0
    outer loop
      vertex 50.6962 -31.8629 28.79
      vertex 50.726 -31.7439 38.79
      vertex 50.726 -31.7439 28.79
    endloop
  endfacet
  facet normal -0.970047 0.242919 0
    outer loop
      vertex 50.726 -31.7439 38.79
      vertex 50.6962 -31.8629 28.79
      vertex 50.6962 -31.8629 38.79
    endloop
  endfacet
  facet normal -0.85778 -0.514016 0
    outer loop
      vertex 50.6024 -30.9108 28.79
      vertex 50.5393 -30.8055 38.79
      vertex 50.5393 -30.8055 28.79
    endloop
  endfacet
  facet normal -0.85778 -0.514016 0
    outer loop
      vertex 50.5393 -30.8055 38.79
      vertex 50.6024 -30.9108 28.79
      vertex 50.6024 -30.9108 38.79
    endloop
  endfacet
  facet normal 0.998803 0.0489209 0
    outer loop
      vertex 48.256 -31.6225 38.79
      vertex 48.25 -31.5 28.79
      vertex 48.25 -31.5 38.79
    endloop
  endfacet
  facet normal 0.998803 0.0489209 0
    outer loop
      vertex 48.25 -31.5 28.79
      vertex 48.256 -31.6225 38.79
      vertex 48.256 -31.6225 28.79
    endloop
  endfacet
  facet normal -0.903688 -0.428192 0
    outer loop
      vertex 50.6549 -31.0216 28.79
      vertex 50.6024 -30.9108 38.79
      vertex 50.6024 -30.9108 28.79
    endloop
  endfacet
  facet normal -0.903688 -0.428192 0
    outer loop
      vertex 50.6024 -30.9108 38.79
      vertex 50.6549 -31.0216 28.79
      vertex 50.6549 -31.0216 38.79
    endloop
  endfacet
  facet normal -0.941613 0.336698 0
    outer loop
      vertex 50.6549 -31.9784 28.79
      vertex 50.6962 -31.8629 38.79
      vertex 50.6962 -31.8629 28.79
    endloop
  endfacet
  facet normal -0.941613 0.336698 0
    outer loop
      vertex 50.6962 -31.8629 38.79
      vertex 50.6549 -31.9784 28.79
      vertex 50.6549 -31.9784 38.79
    endloop
  endfacet
  facet normal 0.428192 0.903688 -0
    outer loop
      vertex 49.0216 -32.6549 28.79
      vertex 48.9108 -32.6024 38.79
      vertex 49.0216 -32.6549 38.79
    endloop
  endfacet
  facet normal 0.428192 0.903688 0
    outer loop
      vertex 48.9108 -32.6024 38.79
      vertex 49.0216 -32.6549 28.79
      vertex 48.9108 -32.6024 28.79
    endloop
  endfacet
  facet normal 0.970047 0.242919 0
    outer loop
      vertex 48.3038 -31.8629 38.79
      vertex 48.274 -31.7439 28.79
      vertex 48.274 -31.7439 38.79
    endloop
  endfacet
  facet normal 0.970047 0.242919 0
    outer loop
      vertex 48.274 -31.7439 28.79
      vertex 48.3038 -31.8629 38.79
      vertex 48.3038 -31.8629 28.79
    endloop
  endfacet
  facet normal 0.740898 -0.671617 0
    outer loop
      vertex 48.5337 -30.707 38.79
      vertex 48.6161 -30.6161 28.79
      vertex 48.6161 -30.6161 38.79
    endloop
  endfacet
  facet normal 0.740898 -0.671617 0
    outer loop
      vertex 48.6161 -30.6161 28.79
      vertex 48.5337 -30.707 38.79
      vertex 48.5337 -30.707 28.79
    endloop
  endfacet
  facet normal 0.242919 0.970047 -0
    outer loop
      vertex 49.2561 -32.726 28.79
      vertex 49.1371 -32.6962 38.79
      vertex 49.2561 -32.726 38.79
    endloop
  endfacet
  facet normal 0.242919 0.970047 0
    outer loop
      vertex 49.1371 -32.6962 38.79
      vertex 49.2561 -32.726 28.79
      vertex 49.1371 -32.6962 28.79
    endloop
  endfacet
  facet normal 0.514016 -0.85778 0
    outer loop
      vertex 48.8055 -30.4607 28.79
      vertex 48.9108 -30.3976 38.79
      vertex 48.8055 -30.4607 38.79
    endloop
  endfacet
  facet normal 0.514016 -0.85778 0
    outer loop
      vertex 48.9108 -30.3976 38.79
      vertex 48.8055 -30.4607 28.79
      vertex 48.9108 -30.3976 28.79
    endloop
  endfacet
  facet normal -0.803413 -0.595423 0
    outer loop
      vertex 50.5393 -30.8055 28.79
      vertex 50.4663 -30.707 38.79
      vertex 50.4663 -30.707 28.79
    endloop
  endfacet
  facet normal -0.803413 -0.595423 0
    outer loop
      vertex 50.4663 -30.707 38.79
      vertex 50.5393 -30.8055 28.79
      vertex 50.5393 -30.8055 38.79
    endloop
  endfacet
  facet normal 0.146667 -0.989186 0
    outer loop
      vertex 49.2561 -30.274 28.79
      vertex 49.3775 -30.256 38.79
      vertex 49.2561 -30.274 38.79
    endloop
  endfacet
  facet normal 0.146667 -0.989186 0
    outer loop
      vertex 49.3775 -30.256 38.79
      vertex 49.2561 -30.274 28.79
      vertex 49.3775 -30.256 28.79
    endloop
  endfacet
  facet normal -0.428192 0.903688 0
    outer loop
      vertex 50.0892 -32.6024 28.79
      vertex 49.9784 -32.6549 38.79
      vertex 50.0892 -32.6024 38.79
    endloop
  endfacet
  facet normal -0.428192 0.903688 0
    outer loop
      vertex 49.9784 -32.6549 38.79
      vertex 50.0892 -32.6024 28.79
      vertex 49.9784 -32.6549 28.79
    endloop
  endfacet
  facet normal 0.671617 -0.740898 0
    outer loop
      vertex 48.6161 -30.6161 28.79
      vertex 48.707 -30.5337 38.79
      vertex 48.6161 -30.6161 38.79
    endloop
  endfacet
  facet normal 0.671617 -0.740898 0
    outer loop
      vertex 48.707 -30.5337 38.79
      vertex 48.6161 -30.6161 28.79
      vertex 48.707 -30.5337 28.79
    endloop
  endfacet
  facet normal -0.85778 0.514016 0
    outer loop
      vertex 50.5393 -32.1945 28.79
      vertex 50.6024 -32.0892 38.79
      vertex 50.6024 -32.0892 28.79
    endloop
  endfacet
  facet normal -0.85778 0.514016 0
    outer loop
      vertex 50.6024 -32.0892 38.79
      vertex 50.5393 -32.1945 28.79
      vertex 50.5393 -32.1945 38.79
    endloop
  endfacet
  facet normal 0.595423 -0.803413 0
    outer loop
      vertex 48.707 -30.5337 28.79
      vertex 48.8055 -30.4607 38.79
      vertex 48.707 -30.5337 38.79
    endloop
  endfacet
  facet normal 0.595423 -0.803413 0
    outer loop
      vertex 48.8055 -30.4607 38.79
      vertex 48.707 -30.5337 28.79
      vertex 48.8055 -30.4607 28.79
    endloop
  endfacet
  facet normal -0.336698 -0.941613 0
    outer loop
      vertex 49.8629 -30.3038 28.79
      vertex 49.9784 -30.3451 38.79
      vertex 49.8629 -30.3038 38.79
    endloop
  endfacet
  facet normal -0.336698 -0.941613 -0
    outer loop
      vertex 49.9784 -30.3451 38.79
      vertex 49.8629 -30.3038 28.79
      vertex 49.9784 -30.3451 28.79
    endloop
  endfacet
  facet normal -0.740898 -0.671617 0
    outer loop
      vertex 50.4663 -30.707 28.79
      vertex 50.3839 -30.6161 38.79
      vertex 50.3839 -30.6161 28.79
    endloop
  endfacet
  facet normal -0.740898 -0.671617 0
    outer loop
      vertex 50.3839 -30.6161 38.79
      vertex 50.4663 -30.707 28.79
      vertex 50.4663 -30.707 38.79
    endloop
  endfacet
  facet normal -0.998803 0.0489209 0
    outer loop
      vertex 50.744 -31.6225 28.79
      vertex 50.75 -31.5 38.79
      vertex 50.75 -31.5 28.79
    endloop
  endfacet
  facet normal -0.998803 0.0489209 0
    outer loop
      vertex 50.75 -31.5 38.79
      vertex 50.744 -31.6225 28.79
      vertex 50.744 -31.6225 38.79
    endloop
  endfacet
  facet normal 0.941613 0.336698 0
    outer loop
      vertex 48.3451 -31.9784 38.79
      vertex 48.3038 -31.8629 28.79
      vertex 48.3038 -31.8629 38.79
    endloop
  endfacet
  facet normal 0.941613 0.336698 0
    outer loop
      vertex 48.3038 -31.8629 28.79
      vertex 48.3451 -31.9784 38.79
      vertex 48.3451 -31.9784 28.79
    endloop
  endfacet
  facet normal -0.514016 -0.85778 0
    outer loop
      vertex 50.0892 -30.3976 28.79
      vertex 50.1945 -30.4607 38.79
      vertex 50.0892 -30.3976 38.79
    endloop
  endfacet
  facet normal -0.514016 -0.85778 -0
    outer loop
      vertex 50.1945 -30.4607 38.79
      vertex 50.0892 -30.3976 28.79
      vertex 50.1945 -30.4607 28.79
    endloop
  endfacet
  facet normal -0.595423 -0.803413 0
    outer loop
      vertex 50.1945 -30.4607 28.79
      vertex 50.293 -30.5337 38.79
      vertex 50.1945 -30.4607 38.79
    endloop
  endfacet
  facet normal -0.595423 -0.803413 -0
    outer loop
      vertex 50.293 -30.5337 38.79
      vertex 50.1945 -30.4607 28.79
      vertex 50.293 -30.5337 28.79
    endloop
  endfacet
  facet normal -0.146667 0.989186 0
    outer loop
      vertex 49.7439 -32.726 28.79
      vertex 49.6225 -32.744 38.79
      vertex 49.7439 -32.726 38.79
    endloop
  endfacet
  facet normal -0.146667 0.989186 0
    outer loop
      vertex 49.6225 -32.744 38.79
      vertex 49.7439 -32.726 28.79
      vertex 49.6225 -32.744 28.79
    endloop
  endfacet
  facet normal -0.740898 0.671617 0
    outer loop
      vertex 50.3839 -32.3839 28.79
      vertex 50.4663 -32.293 38.79
      vertex 50.4663 -32.293 28.79
    endloop
  endfacet
  facet normal -0.740898 0.671617 0
    outer loop
      vertex 50.4663 -32.293 38.79
      vertex 50.3839 -32.3839 28.79
      vertex 50.3839 -32.3839 38.79
    endloop
  endfacet
  facet normal -0.803413 0.595423 0
    outer loop
      vertex 50.4663 -32.293 28.79
      vertex 50.5393 -32.1945 38.79
      vertex 50.5393 -32.1945 28.79
    endloop
  endfacet
  facet normal -0.803413 0.595423 0
    outer loop
      vertex 50.5393 -32.1945 38.79
      vertex 50.4663 -32.293 28.79
      vertex 50.4663 -32.293 38.79
    endloop
  endfacet
  facet normal -0.242919 0.970047 0
    outer loop
      vertex 49.8629 -32.6962 28.79
      vertex 49.7439 -32.726 38.79
      vertex 49.8629 -32.6962 38.79
    endloop
  endfacet
  facet normal -0.242919 0.970047 0
    outer loop
      vertex 49.7439 -32.726 38.79
      vertex 49.8629 -32.6962 28.79
      vertex 49.7439 -32.726 28.79
    endloop
  endfacet
  facet normal -0.903688 0.428192 0
    outer loop
      vertex 50.6024 -32.0892 28.79
      vertex 50.6549 -31.9784 38.79
      vertex 50.6549 -31.9784 28.79
    endloop
  endfacet
  facet normal -0.903688 0.428192 0
    outer loop
      vertex 50.6549 -31.9784 38.79
      vertex 50.6024 -32.0892 28.79
      vertex 50.6024 -32.0892 38.79
    endloop
  endfacet
  facet normal 0.242919 -0.970047 0
    outer loop
      vertex 49.1371 -30.3038 28.79
      vertex 49.2561 -30.274 38.79
      vertex 49.1371 -30.3038 38.79
    endloop
  endfacet
  facet normal 0.242919 -0.970047 0
    outer loop
      vertex 49.2561 -30.274 38.79
      vertex 49.1371 -30.3038 28.79
      vertex 49.2561 -30.274 28.79
    endloop
  endfacet
  facet normal 0.941613 -0.336698 0
    outer loop
      vertex 48.3038 -31.1371 38.79
      vertex 48.3451 -31.0216 28.79
      vertex 48.3451 -31.0216 38.79
    endloop
  endfacet
  facet normal 0.941613 -0.336698 0
    outer loop
      vertex 48.3451 -31.0216 28.79
      vertex 48.3038 -31.1371 38.79
      vertex 48.3038 -31.1371 28.79
    endloop
  endfacet
  facet normal 0.428192 -0.903688 0
    outer loop
      vertex 48.9108 -30.3976 28.79
      vertex 49.0216 -30.3451 38.79
      vertex 48.9108 -30.3976 38.79
    endloop
  endfacet
  facet normal 0.428192 -0.903688 0
    outer loop
      vertex 49.0216 -30.3451 38.79
      vertex 48.9108 -30.3976 28.79
      vertex 49.0216 -30.3451 28.79
    endloop
  endfacet
  facet normal 0.989186 -0.146667 0
    outer loop
      vertex 48.256 -31.3775 38.79
      vertex 48.274 -31.2561 28.79
      vertex 48.274 -31.2561 38.79
    endloop
  endfacet
  facet normal 0.989186 -0.146667 0
    outer loop
      vertex 48.274 -31.2561 28.79
      vertex 48.256 -31.3775 38.79
      vertex 48.256 -31.3775 28.79
    endloop
  endfacet
  facet normal 0.970047 -0.242919 0
    outer loop
      vertex 48.274 -31.2561 38.79
      vertex 48.3038 -31.1371 28.79
      vertex 48.3038 -31.1371 38.79
    endloop
  endfacet
  facet normal 0.970047 -0.242919 0
    outer loop
      vertex 48.3038 -31.1371 28.79
      vertex 48.274 -31.2561 38.79
      vertex 48.274 -31.2561 28.79
    endloop
  endfacet
  facet normal -0.428192 -0.903688 0
    outer loop
      vertex 49.9784 -30.3451 28.79
      vertex 50.0892 -30.3976 38.79
      vertex 49.9784 -30.3451 38.79
    endloop
  endfacet
  facet normal -0.428192 -0.903688 -0
    outer loop
      vertex 50.0892 -30.3976 38.79
      vertex 49.9784 -30.3451 28.79
      vertex 50.0892 -30.3976 28.79
    endloop
  endfacet
  facet normal 0 0 1
    outer loop
      vertex 50.744 -31.3775 28.79
      vertex 50.744 -31.6225 28.79
      vertex 50.75 -31.5 28.79
    endloop
  endfacet
  facet normal 0 0 1
    outer loop
      vertex 50.726 -31.2561 28.79
      vertex 50.744 -31.6225 28.79
      vertex 50.744 -31.3775 28.79
    endloop
  endfacet
  facet normal 0 0 1
    outer loop
      vertex 50.726 -31.2561 28.79
      vertex 50.726 -31.7439 28.79
      vertex 50.744 -31.6225 28.79
    endloop
  endfacet
  facet normal 0 0 1
    outer loop
      vertex 50.6962 -31.1371 28.79
      vertex 50.726 -31.7439 28.79
      vertex 50.726 -31.2561 28.79
    endloop
  endfacet
  facet normal 0 0 1
    outer loop
      vertex 50.6962 -31.1371 28.79
      vertex 50.6962 -31.8629 28.79
      vertex 50.726 -31.7439 28.79
    endloop
  endfacet
  facet normal 0 0 1
    outer loop
      vertex 50.6549 -31.0216 28.79
      vertex 50.6962 -31.8629 28.79
      vertex 50.6962 -31.1371 28.79
    endloop
  endfacet
  facet normal 0 0 1
    outer loop
      vertex 50.6549 -31.0216 28.79
      vertex 50.6549 -31.9784 28.79
      vertex 50.6962 -31.8629 28.79
    endloop
  endfacet
  facet normal 0 0 1
    outer loop
      vertex 50.6024 -30.9108 28.79
      vertex 50.6549 -31.9784 28.79
      vertex 50.6549 -31.0216 28.79
    endloop
  endfacet
  facet normal 0 0 1
    outer loop
      vertex 50.6024 -30.9108 28.79
      vertex 50.6024 -32.0892 28.79
      vertex 50.6549 -31.9784 28.79
    endloop
  endfacet
  facet normal 0 0 1
    outer loop
      vertex 50.5393 -30.8055 28.79
      vertex 50.6024 -32.0892 28.79
      vertex 50.6024 -30.9108 28.79
    endloop
  endfacet
  facet normal 0 0 1
    outer loop
      vertex 50.5393 -30.8055 28.79
      vertex 50.5393 -32.1945 28.79
      vertex 50.6024 -32.0892 28.79
    endloop
  endfacet
  facet normal 0 0 1
    outer loop
      vertex 50.4663 -30.707 28.79
      vertex 50.5393 -32.1945 28.79
      vertex 50.5393 -30.8055 28.79
    endloop
  endfacet
  facet normal 0 0 1
    outer loop
      vertex 50.4663 -30.707 28.79
      vertex 50.4663 -32.293 28.79
      vertex 50.5393 -32.1945 28.79
    endloop
  endfacet
  facet normal 0 0 1
    outer loop
      vertex 50.3839 -30.6161 28.79
      vertex 50.4663 -32.293 28.79
      vertex 50.4663 -30.707 28.79
    endloop
  endfacet
  facet normal 0 0 1
    outer loop
      vertex 50.3839 -30.6161 28.79
      vertex 50.3839 -32.3839 28.79
      vertex 50.4663 -32.293 28.79
    endloop
  endfacet
  facet normal 0 0 1
    outer loop
      vertex 50.293 -30.5337 28.79
      vertex 50.3839 -32.3839 28.79
      vertex 50.3839 -30.6161 28.79
    endloop
  endfacet
  facet normal 0 0 1
    outer loop
      vertex 50.293 -30.5337 28.79
      vertex 50.293 -32.4663 28.79
      vertex 50.3839 -32.3839 28.79
    endloop
  endfacet
  facet normal 0 0 1
    outer loop
      vertex 50.1945 -30.4607 28.79
      vertex 50.293 -32.4663 28.79
      vertex 50.293 -30.5337 28.79
    endloop
  endfacet
  facet normal 0 0 1
    outer loop
      vertex 50.1945 -30.4607 28.79
      vertex 50.1945 -32.5393 28.79
      vertex 50.293 -32.4663 28.79
    endloop
  endfacet
  facet normal 0 0 1
    outer loop
      vertex 50.0892 -30.3976 28.79
      vertex 50.1945 -32.5393 28.79
      vertex 50.1945 -30.4607 28.79
    endloop
  endfacet
  facet normal 0 0 1
    outer loop
      vertex 50.0892 -30.3976 28.79
      vertex 50.0892 -32.6024 28.79
      vertex 50.1945 -32.5393 28.79
    endloop
  endfacet
  facet normal 0 0 1
    outer loop
      vertex 49.9784 -30.3451 28.79
      vertex 50.0892 -32.6024 28.79
      vertex 50.0892 -30.3976 28.79
    endloop
  endfacet
  facet normal 0 0 1
    outer loop
      vertex 49.9784 -30.3451 28.79
      vertex 49.9784 -32.6549 28.79
      vertex 50.0892 -32.6024 28.79
    endloop
  endfacet
  facet normal 0 0 1
    outer loop
      vertex 49.8629 -30.3038 28.79
      vertex 49.9784 -32.6549 28.79
      vertex 49.9784 -30.3451 28.79
    endloop
  endfacet
  facet normal 0 0 1
    outer loop
      vertex 49.8629 -30.3038 28.79
      vertex 49.8629 -32.6962 28.79
      vertex 49.9784 -32.6549 28.79
    endloop
  endfacet
  facet normal 0 0 1
    outer loop
      vertex 49.7439 -30.274 28.79
      vertex 49.8629 -32.6962 28.79
      vertex 49.8629 -30.3038 28.79
    endloop
  endfacet
  facet normal 0 0 1
    outer loop
      vertex 49.7439 -30.274 28.79
      vertex 49.7439 -32.726 28.79
      vertex 49.8629 -32.6962 28.79
    endloop
  endfacet
  facet normal 0 0 1
    outer loop
      vertex 49.6225 -30.256 28.79
      vertex 49.7439 -32.726 28.79
      vertex 49.7439 -30.274 28.79
    endloop
  endfacet
  facet normal 0 0 1
    outer loop
      vertex 49.6225 -30.256 28.79
      vertex 49.6225 -32.744 28.79
      vertex 49.7439 -32.726 28.79
    endloop
  endfacet
  facet normal 0 0 1
    outer loop
      vertex 49.5 -30.25 28.79
      vertex 49.6225 -32.744 28.79
      vertex 49.6225 -30.256 28.79
    endloop
  endfacet
  facet normal 0 0 1
    outer loop
      vertex 49.5 -30.25 28.79
      vertex 49.5 -32.75 28.79
      vertex 49.6225 -32.744 28.79
    endloop
  endfacet
  facet normal -0 0 1
    outer loop
      vertex 49.3775 -30.256 28.79
      vertex 49.5 -32.75 28.79
      vertex 49.5 -30.25 28.79
    endloop
  endfacet
  facet normal 0 0 1
    outer loop
      vertex 49.3775 -30.256 28.79
      vertex 49.3775 -32.744 28.79
      vertex 49.5 -32.75 28.79
    endloop
  endfacet
  facet normal -0 0 1
    outer loop
      vertex 49.2561 -30.274 28.79
      vertex 49.3775 -32.744 28.79
      vertex 49.3775 -30.256 28.79
    endloop
  endfacet
  facet normal 0 0 1
    outer loop
      vertex 49.2561 -30.274 28.79
      vertex 49.2561 -32.726 28.79
      vertex 49.3775 -32.744 28.79
    endloop
  endfacet
  facet normal -0 0 1
    outer loop
      vertex 49.1371 -30.3038 28.79
      vertex 49.2561 -32.726 28.79
      vertex 49.2561 -30.274 28.79
    endloop
  endfacet
  facet normal 0 0 1
    outer loop
      vertex 49.1371 -30.3038 28.79
      vertex 49.1371 -32.6962 28.79
      vertex 49.2561 -32.726 28.79
    endloop
  endfacet
  facet normal -0 0 1
    outer loop
      vertex 49.0216 -30.3451 28.79
      vertex 49.1371 -32.6962 28.79
      vertex 49.1371 -30.3038 28.79
    endloop
  endfacet
  facet normal 0 0 1
    outer loop
      vertex 49.0216 -30.3451 28.79
      vertex 49.0216 -32.6549 28.79
      vertex 49.1371 -32.6962 28.79
    endloop
  endfacet
  facet normal -0 0 1
    outer loop
      vertex 48.9108 -30.3976 28.79
      vertex 49.0216 -32.6549 28.79
      vertex 49.0216 -30.3451 28.79
    endloop
  endfacet
  facet normal 0 0 1
    outer loop
      vertex 48.9108 -30.3976 28.79
      vertex 48.9108 -32.6024 28.79
      vertex 49.0216 -32.6549 28.79
    endloop
  endfacet
  facet normal -0 0 1
    outer loop
      vertex 48.8055 -30.4607 28.79
      vertex 48.9108 -32.6024 28.79
      vertex 48.9108 -30.3976 28.79
    endloop
  endfacet
  facet normal 0 0 1
    outer loop
      vertex 48.8055 -30.4607 28.79
      vertex 48.8055 -32.5393 28.79
      vertex 48.9108 -32.6024 28.79
    endloop
  endfacet
  facet normal -0 0 1
    outer loop
      vertex 48.707 -30.5337 28.79
      vertex 48.8055 -32.5393 28.79
      vertex 48.8055 -30.4607 28.79
    endloop
  endfacet
  facet normal 0 0 1
    outer loop
      vertex 48.707 -30.5337 28.79
      vertex 48.707 -32.4663 28.79
      vertex 48.8055 -32.5393 28.79
    endloop
  endfacet
  facet normal -0 0 1
    outer loop
      vertex 48.6161 -30.6161 28.79
      vertex 48.707 -32.4663 28.79
      vertex 48.707 -30.5337 28.79
    endloop
  endfacet
  facet normal 0 0 1
    outer loop
      vertex 48.6161 -30.6161 28.79
      vertex 48.6161 -32.3839 28.79
      vertex 48.707 -32.4663 28.79
    endloop
  endfacet
  facet normal -0 0 1
    outer loop
      vertex 48.5337 -30.707 28.79
      vertex 48.6161 -32.3839 28.79
      vertex 48.6161 -30.6161 28.79
    endloop
  endfacet
  facet normal 0 0 1
    outer loop
      vertex 48.5337 -30.707 28.79
      vertex 48.5337 -32.293 28.79
      vertex 48.6161 -32.3839 28.79
    endloop
  endfacet
  facet normal -0 0 1
    outer loop
      vertex 48.4607 -30.8055 28.79
      vertex 48.5337 -32.293 28.79
      vertex 48.5337 -30.707 28.79
    endloop
  endfacet
  facet normal 0 0 1
    outer loop
      vertex 48.4607 -30.8055 28.79
      vertex 48.4607 -32.1945 28.79
      vertex 48.5337 -32.293 28.79
    endloop
  endfacet
  facet normal -0 0 1
    outer loop
      vertex 48.3976 -30.9108 28.79
      vertex 48.4607 -32.1945 28.79
      vertex 48.4607 -30.8055 28.79
    endloop
  endfacet
  facet normal 0 0 1
    outer loop
      vertex 48.3976 -30.9108 28.79
      vertex 48.3976 -32.0892 28.79
      vertex 48.4607 -32.1945 28.79
    endloop
  endfacet
  facet normal -0 0 1
    outer loop
      vertex 48.3451 -31.0216 28.79
      vertex 48.3976 -32.0892 28.79
      vertex 48.3976 -30.9108 28.79
    endloop
  endfacet
  facet normal 0 0 1
    outer loop
      vertex 48.3451 -31.0216 28.79
      vertex 48.3451 -31.9784 28.79
      vertex 48.3976 -32.0892 28.79
    endloop
  endfacet
  facet normal -0 0 1
    outer loop
      vertex 48.3038 -31.1371 28.79
      vertex 48.3451 -31.9784 28.79
      vertex 48.3451 -31.0216 28.79
    endloop
  endfacet
  facet normal 0 0 1
    outer loop
      vertex 48.3038 -31.1371 28.79
      vertex 48.3038 -31.8629 28.79
      vertex 48.3451 -31.9784 28.79
    endloop
  endfacet
  facet normal -0 0 1
    outer loop
      vertex 48.274 -31.2561 28.79
      vertex 48.3038 -31.8629 28.79
      vertex 48.3038 -31.1371 28.79
    endloop
  endfacet
  facet normal 0 0 1
    outer loop
      vertex 48.274 -31.2561 28.79
      vertex 48.274 -31.7439 28.79
      vertex 48.3038 -31.8629 28.79
    endloop
  endfacet
  facet normal -0 0 1
    outer loop
      vertex 48.256 -31.3775 28.79
      vertex 48.274 -31.7439 28.79
      vertex 48.274 -31.2561 28.79
    endloop
  endfacet
  facet normal 0 0 1
    outer loop
      vertex 48.256 -31.3775 28.79
      vertex 48.256 -31.6225 28.79
      vertex 48.274 -31.7439 28.79
    endloop
  endfacet
  facet normal 0 -0 1
    outer loop
      vertex 48.256 -31.6225 28.79
      vertex 48.256 -31.3775 28.79
      vertex 48.25 -31.5 28.79
    endloop
  endfacet
  facet normal -0.989186 0.146667 0
    outer loop
      vertex 50.726 -31.7439 28.79
      vertex 50.744 -31.6225 38.79
      vertex 50.744 -31.6225 28.79
    endloop
  endfacet
  facet normal -0.989186 0.146667 0
    outer loop
      vertex 50.744 -31.6225 38.79
      vertex 50.726 -31.7439 28.79
      vertex 50.726 -31.7439 38.79
    endloop
  endfacet
  facet normal -0.146667 -0.989186 0
    outer loop
      vertex 49.6225 -30.256 28.79
      vertex 49.7439 -30.274 38.79
      vertex 49.6225 -30.256 38.79
    endloop
  endfacet
  facet normal -0.146667 -0.989186 -0
    outer loop
      vertex 49.7439 -30.274 38.79
      vertex 49.6225 -30.256 28.79
      vertex 49.7439 -30.274 28.79
    endloop
  endfacet
  facet normal -0.0489209 -0.998803 0
    outer loop
      vertex 49.5 -30.25 28.79
      vertex 49.6225 -30.256 38.79
      vertex 49.5 -30.25 38.79
    endloop
  endfacet
  facet normal -0.0489209 -0.998803 -0
    outer loop
      vertex 49.6225 -30.256 38.79
      vertex 49.5 -30.25 28.79
      vertex 49.6225 -30.256 28.79
    endloop
  endfacet
  facet normal 0.740898 0.671617 0
    outer loop
      vertex 48.6161 -32.3839 38.79
      vertex 48.5337 -32.293 28.79
      vertex 48.5337 -32.293 38.79
    endloop
  endfacet
  facet normal 0.740898 0.671617 0
    outer loop
      vertex 48.5337 -32.293 28.79
      vertex 48.6161 -32.3839 38.79
      vertex 48.6161 -32.3839 28.79
    endloop
  endfacet
  facet normal 0.85778 0.514016 0
    outer loop
      vertex 48.4607 -32.1945 38.79
      vertex 48.3976 -32.0892 28.79
      vertex 48.3976 -32.0892 38.79
    endloop
  endfacet
  facet normal 0.85778 0.514016 0
    outer loop
      vertex 48.3976 -32.0892 28.79
      vertex 48.4607 -32.1945 38.79
      vertex 48.4607 -32.1945 28.79
    endloop
  endfacet
  facet normal 0.336698 -0.941613 0
    outer loop
      vertex 49.0216 -30.3451 28.79
      vertex 49.1371 -30.3038 38.79
      vertex 49.0216 -30.3451 38.79
    endloop
  endfacet
  facet normal 0.336698 -0.941613 0
    outer loop
      vertex 49.1371 -30.3038 38.79
      vertex 49.0216 -30.3451 28.79
      vertex 49.1371 -30.3038 28.79
    endloop
  endfacet
  facet normal 0.514016 0.85778 -0
    outer loop
      vertex 48.9108 -32.6024 28.79
      vertex 48.8055 -32.5393 38.79
      vertex 48.9108 -32.6024 38.79
    endloop
  endfacet
  facet normal 0.514016 0.85778 0
    outer loop
      vertex 48.8055 -32.5393 38.79
      vertex 48.9108 -32.6024 28.79
      vertex 48.8055 -32.5393 28.79
    endloop
  endfacet
  facet normal -0.595423 0.803413 0
    outer loop
      vertex 50.293 -32.4663 28.79
      vertex 50.1945 -32.5393 38.79
      vertex 50.293 -32.4663 38.79
    endloop
  endfacet
  facet normal -0.595423 0.803413 0
    outer loop
      vertex 50.1945 -32.5393 38.79
      vertex 50.293 -32.4663 28.79
      vertex 50.1945 -32.5393 28.79
    endloop
  endfacet
  facet normal 0.336698 0.941613 -0
    outer loop
      vertex 49.1371 -32.6962 28.79
      vertex 49.0216 -32.6549 38.79
      vertex 49.1371 -32.6962 38.79
    endloop
  endfacet
  facet normal 0.336698 0.941613 0
    outer loop
      vertex 49.0216 -32.6549 38.79
      vertex 49.1371 -32.6962 28.79
      vertex 49.0216 -32.6549 28.79
    endloop
  endfacet
  facet normal 0.803413 0.595423 0
    outer loop
      vertex 48.5337 -32.293 38.79
      vertex 48.4607 -32.1945 28.79
      vertex 48.4607 -32.1945 38.79
    endloop
  endfacet
  facet normal 0.803413 0.595423 0
    outer loop
      vertex 48.4607 -32.1945 28.79
      vertex 48.5337 -32.293 38.79
      vertex 48.5337 -32.293 28.79
    endloop
  endfacet
  facet normal 0.903688 -0.428192 0
    outer loop
      vertex 48.3451 -31.0216 38.79
      vertex 48.3976 -30.9108 28.79
      vertex 48.3976 -30.9108 38.79
    endloop
  endfacet
  facet normal 0.903688 -0.428192 0
    outer loop
      vertex 48.3976 -30.9108 28.79
      vertex 48.3451 -31.0216 38.79
      vertex 48.3451 -31.0216 28.79
    endloop
  endfacet
  facet normal 0.989186 0.146667 0
    outer loop
      vertex 48.274 -31.7439 38.79
      vertex 48.256 -31.6225 28.79
      vertex 48.256 -31.6225 38.79
    endloop
  endfacet
  facet normal 0.989186 0.146667 0
    outer loop
      vertex 48.256 -31.6225 28.79
      vertex 48.274 -31.7439 38.79
      vertex 48.274 -31.7439 28.79
    endloop
  endfacet
  facet normal -0.242919 -0.970047 0
    outer loop
      vertex 49.7439 -30.274 28.79
      vertex 49.8629 -30.3038 38.79
      vertex 49.7439 -30.274 38.79
    endloop
  endfacet
  facet normal -0.242919 -0.970047 -0
    outer loop
      vertex 49.8629 -30.3038 38.79
      vertex 49.7439 -30.274 28.79
      vertex 49.8629 -30.3038 28.79
    endloop
  endfacet
  facet normal -0.514016 0.85778 0
    outer loop
      vertex 50.1945 -32.5393 28.79
      vertex 50.0892 -32.6024 38.79
      vertex 50.1945 -32.5393 38.79
    endloop
  endfacet
  facet normal -0.514016 0.85778 0
    outer loop
      vertex 50.0892 -32.6024 38.79
      vertex 50.1945 -32.5393 28.79
      vertex 50.0892 -32.6024 28.79
    endloop
  endfacet
  facet normal 0.671617 0.740898 -0
    outer loop
      vertex 48.707 -32.4663 28.79
      vertex 48.6161 -32.3839 38.79
      vertex 48.707 -32.4663 38.79
    endloop
  endfacet
  facet normal 0.671617 0.740898 0
    outer loop
      vertex 48.6161 -32.3839 38.79
      vertex 48.707 -32.4663 28.79
      vertex 48.6161 -32.3839 28.79
    endloop
  endfacet
  facet normal 0.0489209 0.998803 -0
    outer loop
      vertex 49.5 -32.75 28.79
      vertex 49.3775 -32.744 38.79
      vertex 49.5 -32.75 38.79
    endloop
  endfacet
  facet normal 0.0489209 0.998803 0
    outer loop
      vertex 49.3775 -32.744 38.79
      vertex 49.5 -32.75 28.79
      vertex 49.3775 -32.744 28.79
    endloop
  endfacet
  facet normal 0.998803 -0.0489209 0
    outer loop
      vertex 48.25 -31.5 38.79
      vertex 48.256 -31.3775 28.79
      vertex 48.256 -31.3775 38.79
    endloop
  endfacet
  facet normal 0.998803 -0.0489209 0
    outer loop
      vertex 48.256 -31.3775 28.79
      vertex 48.25 -31.5 38.79
      vertex 48.25 -31.5 28.79
    endloop
  endfacet
  facet normal -0.671617 0.740898 0
    outer loop
      vertex 50.3839 -32.3839 28.79
      vertex 50.293 -32.4663 38.79
      vertex 50.3839 -32.3839 38.79
    endloop
  endfacet
  facet normal -0.671617 0.740898 0
    outer loop
      vertex 50.293 -32.4663 38.79
      vertex 50.3839 -32.3839 28.79
      vertex 50.293 -32.4663 28.79
    endloop
  endfacet
  facet normal 0.595659 -0.803237 0
    outer loop
      vertex 51.4445 28.5899 2.4
      vertex 51.7204 28.7945 38.79
      vertex 51.4445 28.5899 38.79
    endloop
  endfacet
  facet normal 0.595659 -0.803237 0
    outer loop
      vertex 51.7204 28.7945 38.79
      vertex 51.4445 28.5899 2.4
      vertex 51.7204 28.7945 2.4
    endloop
  endfacet
  facet normal 0.427661 -0.903939 0
    outer loop
      vertex 50.8394 28.2664 2.4
      vertex 51.1499 28.4133 38.79
      vertex 50.8394 28.2664 38.79
    endloop
  endfacet
  facet normal 0.427661 -0.903939 0
    outer loop
      vertex 51.1499 28.4133 38.79
      vertex 50.8394 28.2664 2.4
      vertex 51.1499 28.4133 2.4
    endloop
  endfacet
  facet normal -0.671454 -0.741046 0
    outer loop
      vertex 47.0251 29.0251 2.4
      vertex 47.2796 28.7945 38.79
      vertex 47.0251 29.0251 38.79
    endloop
  endfacet
  facet normal -0.671454 -0.741046 -0
    outer loop
      vertex 47.2796 28.7945 38.79
      vertex 47.0251 29.0251 2.4
      vertex 47.2796 28.7945 2.4
    endloop
  endfacet
  facet normal -0.14676 -0.989172 0
    outer loop
      vertex 48.8172 28.0673 2.4
      vertex 49.1569 28.0169 38.79
      vertex 48.8172 28.0673 38.79
    endloop
  endfacet
  facet normal -0.14676 -0.989172 -0
    outer loop
      vertex 49.1569 28.0169 38.79
      vertex 48.8172 28.0673 2.4
      vertex 49.1569 28.0169 2.4
    endloop
  endfacet
  facet normal -0.970074 -0.24281 0
    outer loop
      vertex 46.1507 30.484 2.4
      vertex 46.0673 30.8172 38.79
      vertex 46.0673 30.8172 2.4
    endloop
  endfacet
  facet normal -0.970074 -0.24281 0
    outer loop
      vertex 46.0673 30.8172 38.79
      vertex 46.1507 30.484 2.4
      vertex 46.1507 30.484 38.79
    endloop
  endfacet
  facet normal -0.941557 -0.336853 0
    outer loop
      vertex 46.2664 30.1606 2.4
      vertex 46.1507 30.484 38.79
      vertex 46.1507 30.484 2.4
    endloop
  endfacet
  facet normal -0.941557 -0.336853 0
    outer loop
      vertex 46.1507 30.484 38.79
      vertex 46.2664 30.1606 2.4
      vertex 46.2664 30.1606 38.79
    endloop
  endfacet
  facet normal 0.336853 -0.941557 0
    outer loop
      vertex 50.516 28.1507 2.4
      vertex 50.8394 28.2664 38.79
      vertex 50.516 28.1507 38.79
    endloop
  endfacet
  facet normal 0.336853 -0.941557 0
    outer loop
      vertex 50.8394 28.2664 38.79
      vertex 50.516 28.1507 2.4
      vertex 50.8394 28.2664 2.4
    endloop
  endfacet
  facet normal -0.998789 -0.0491971 0
    outer loop
      vertex 46.0169 31.1569 2.4
      vertex 46 31.5 38.79
      vertex 46 31.5 2.4
    endloop
  endfacet
  facet normal -0.998789 -0.0491971 0
    outer loop
      vertex 46 31.5 38.79
      vertex 46.0169 31.1569 2.4
      vertex 46.0169 31.1569 38.79
    endloop
  endfacet
  facet normal -0.336853 -0.941557 0
    outer loop
      vertex 48.1606 28.2664 2.4
      vertex 48.484 28.1507 38.79
      vertex 48.1606 28.2664 38.79
    endloop
  endfacet
  facet normal -0.336853 -0.941557 -0
    outer loop
      vertex 48.484 28.1507 38.79
      vertex 48.1606 28.2664 2.4
      vertex 48.484 28.1507 2.4
    endloop
  endfacet
  facet normal -0.0491971 -0.998789 0
    outer loop
      vertex 49.1569 28.0169 2.4
      vertex 49.5 28 38.79
      vertex 49.1569 28.0169 38.79
    endloop
  endfacet
  facet normal -0.0491971 -0.998789 -0
    outer loop
      vertex 49.5 28 38.79
      vertex 49.1569 28.0169 2.4
      vertex 49.5 28 2.4
    endloop
  endfacet
  facet normal 0.0491971 -0.998789 0
    outer loop
      vertex 49.5 28 2.4
      vertex 49.8431 28.0169 38.79
      vertex 49.5 28 38.79
    endloop
  endfacet
  facet normal 0.0491971 -0.998789 0
    outer loop
      vertex 49.8431 28.0169 38.79
      vertex 49.5 28 2.4
      vertex 49.8431 28.0169 2.4
    endloop
  endfacet
  facet normal -0.671474 0.741029 0
    outer loop
      vertex 47.0528 34 2.4
      vertex 47.0251 33.9749 38.79
      vertex 47.0528 34 38.79
    endloop
  endfacet
  facet normal -0.671474 0.741029 0
    outer loop
      vertex 47.0251 33.9749 38.79
      vertex 47.0528 34 2.4
      vertex 47.0251 33.9749 2.4
    endloop
  endfacet
  facet normal 0.14676 -0.989172 0
    outer loop
      vertex 49.8431 28.0169 2.4
      vertex 50.1828 28.0673 38.79
      vertex 49.8431 28.0169 38.79
    endloop
  endfacet
  facet normal 0.14676 -0.989172 0
    outer loop
      vertex 50.1828 28.0673 38.79
      vertex 49.8431 28.0169 2.4
      vertex 50.1828 28.0673 2.4
    endloop
  endfacet
  facet normal 0.741029 -0.671474 0
    outer loop
      vertex 51.9749 29.0251 38.79
      vertex 52 29.0528 2.4
      vertex 52 29.0528 38.79
    endloop
  endfacet
  facet normal 0.741029 -0.671474 0
    outer loop
      vertex 52 29.0528 2.4
      vertex 51.9749 29.0251 38.79
      vertex 51.9749 29.0251 2.4
    endloop
  endfacet
  facet normal -0.741046 0.671454 0
    outer loop
      vertex 46.7945 33.7204 2.4
      vertex 47.0251 33.9749 38.79
      vertex 47.0251 33.9749 2.4
    endloop
  endfacet
  facet normal -0.741046 0.671454 0
    outer loop
      vertex 47.0251 33.9749 38.79
      vertex 46.7945 33.7204 2.4
      vertex 46.7945 33.7204 38.79
    endloop
  endfacet
  facet normal -0.857698 0.514153 0
    outer loop
      vertex 46.4133 33.1499 2.4
      vertex 46.5899 33.4445 38.79
      vertex 46.5899 33.4445 2.4
    endloop
  endfacet
  facet normal -0.857698 0.514153 0
    outer loop
      vertex 46.5899 33.4445 38.79
      vertex 46.4133 33.1499 2.4
      vertex 46.4133 33.1499 38.79
    endloop
  endfacet
  facet normal 0.514153 -0.857698 0
    outer loop
      vertex 51.1499 28.4133 2.4
      vertex 51.4445 28.5899 38.79
      vertex 51.1499 28.4133 38.79
    endloop
  endfacet
  facet normal 0.514153 -0.857698 0
    outer loop
      vertex 51.4445 28.5899 38.79
      vertex 51.1499 28.4133 2.4
      vertex 51.4445 28.5899 2.4
    endloop
  endfacet
  facet normal -0.941557 0.336853 0
    outer loop
      vertex 46.1507 32.516 2.4
      vertex 46.2664 32.8394 38.79
      vertex 46.2664 32.8394 2.4
    endloop
  endfacet
  facet normal -0.941557 0.336853 0
    outer loop
      vertex 46.2664 32.8394 38.79
      vertex 46.1507 32.516 2.4
      vertex 46.1507 32.516 38.79
    endloop
  endfacet
  facet normal 0.24281 -0.970074 0
    outer loop
      vertex 50.1828 28.0673 2.4
      vertex 50.516 28.1507 38.79
      vertex 50.1828 28.0673 38.79
    endloop
  endfacet
  facet normal 0.24281 -0.970074 0
    outer loop
      vertex 50.516 28.1507 38.79
      vertex 50.1828 28.0673 2.4
      vertex 50.516 28.1507 2.4
    endloop
  endfacet
  facet normal -0.595659 -0.803237 0
    outer loop
      vertex 47.2796 28.7945 2.4
      vertex 47.5555 28.5899 38.79
      vertex 47.2796 28.7945 38.79
    endloop
  endfacet
  facet normal -0.595659 -0.803237 -0
    outer loop
      vertex 47.5555 28.5899 38.79
      vertex 47.2796 28.7945 2.4
      vertex 47.5555 28.5899 2.4
    endloop
  endfacet
  facet normal -0.903939 -0.427661 0
    outer loop
      vertex 46.4133 29.8501 2.4
      vertex 46.2664 30.1606 38.79
      vertex 46.2664 30.1606 2.4
    endloop
  endfacet
  facet normal -0.903939 -0.427661 0
    outer loop
      vertex 46.2664 30.1606 38.79
      vertex 46.4133 29.8501 2.4
      vertex 46.4133 29.8501 38.79
    endloop
  endfacet
  facet normal -0.970074 0.24281 0
    outer loop
      vertex 46.0673 32.1828 2.4
      vertex 46.1507 32.516 38.79
      vertex 46.1507 32.516 2.4
    endloop
  endfacet
  facet normal -0.970074 0.24281 0
    outer loop
      vertex 46.1507 32.516 38.79
      vertex 46.0673 32.1828 2.4
      vertex 46.0673 32.1828 38.79
    endloop
  endfacet
  facet normal -0.741046 -0.671454 0
    outer loop
      vertex 47.0251 29.0251 2.4
      vertex 46.7945 29.2796 38.79
      vertex 46.7945 29.2796 2.4
    endloop
  endfacet
  facet normal -0.741046 -0.671454 0
    outer loop
      vertex 46.7945 29.2796 38.79
      vertex 47.0251 29.0251 2.4
      vertex 47.0251 29.0251 38.79
    endloop
  endfacet
  facet normal -0.989172 0.14676 0
    outer loop
      vertex 46.0169 31.8431 2.4
      vertex 46.0673 32.1828 38.79
      vertex 46.0673 32.1828 2.4
    endloop
  endfacet
  facet normal -0.989172 0.14676 0
    outer loop
      vertex 46.0673 32.1828 38.79
      vertex 46.0169 31.8431 2.4
      vertex 46.0169 31.8431 38.79
    endloop
  endfacet
  facet normal -0.998789 0.0491971 0
    outer loop
      vertex 46 31.5 2.4
      vertex 46.0169 31.8431 38.79
      vertex 46.0169 31.8431 2.4
    endloop
  endfacet
  facet normal -0.998789 0.0491971 0
    outer loop
      vertex 46.0169 31.8431 38.79
      vertex 46 31.5 2.4
      vertex 46 31.5 38.79
    endloop
  endfacet
  facet normal -0.803237 0.595659 0
    outer loop
      vertex 46.5899 33.4445 2.4
      vertex 46.7945 33.7204 38.79
      vertex 46.7945 33.7204 2.4
    endloop
  endfacet
  facet normal -0.803237 0.595659 0
    outer loop
      vertex 46.7945 33.7204 38.79
      vertex 46.5899 33.4445 2.4
      vertex 46.5899 33.4445 38.79
    endloop
  endfacet
  facet normal -0.803237 -0.595659 0
    outer loop
      vertex 46.7945 29.2796 2.4
      vertex 46.5899 29.5555 38.79
      vertex 46.5899 29.5555 2.4
    endloop
  endfacet
  facet normal -0.803237 -0.595659 0
    outer loop
      vertex 46.5899 29.5555 38.79
      vertex 46.7945 29.2796 2.4
      vertex 46.7945 29.2796 38.79
    endloop
  endfacet
  facet normal -0.989172 -0.14676 0
    outer loop
      vertex 46.0673 30.8172 2.4
      vertex 46.0169 31.1569 38.79
      vertex 46.0169 31.1569 2.4
    endloop
  endfacet
  facet normal -0.989172 -0.14676 0
    outer loop
      vertex 46.0169 31.1569 38.79
      vertex 46.0673 30.8172 2.4
      vertex 46.0673 30.8172 38.79
    endloop
  endfacet
  facet normal -0.514153 -0.857698 0
    outer loop
      vertex 47.5555 28.5899 2.4
      vertex 47.8501 28.4133 38.79
      vertex 47.5555 28.5899 38.79
    endloop
  endfacet
  facet normal -0.514153 -0.857698 -0
    outer loop
      vertex 47.8501 28.4133 38.79
      vertex 47.5555 28.5899 2.4
      vertex 47.8501 28.4133 2.4
    endloop
  endfacet
  facet normal -0.427661 -0.903939 0
    outer loop
      vertex 47.8501 28.4133 2.4
      vertex 48.1606 28.2664 38.79
      vertex 47.8501 28.4133 38.79
    endloop
  endfacet
  facet normal -0.427661 -0.903939 -0
    outer loop
      vertex 48.1606 28.2664 38.79
      vertex 47.8501 28.4133 2.4
      vertex 48.1606 28.2664 2.4
    endloop
  endfacet
  facet normal -0.24281 -0.970074 0
    outer loop
      vertex 48.484 28.1507 2.4
      vertex 48.8172 28.0673 38.79
      vertex 48.484 28.1507 38.79
    endloop
  endfacet
  facet normal -0.24281 -0.970074 -0
    outer loop
      vertex 48.8172 28.0673 38.79
      vertex 48.484 28.1507 2.4
      vertex 48.8172 28.0673 2.4
    endloop
  endfacet
  facet normal -0.857698 -0.514153 0
    outer loop
      vertex 46.5899 29.5555 2.4
      vertex 46.4133 29.8501 38.79
      vertex 46.4133 29.8501 2.4
    endloop
  endfacet
  facet normal -0.857698 -0.514153 0
    outer loop
      vertex 46.4133 29.8501 38.79
      vertex 46.5899 29.5555 2.4
      vertex 46.5899 29.5555 38.79
    endloop
  endfacet
  facet normal -0.903939 0.427661 0
    outer loop
      vertex 46.2664 32.8394 2.4
      vertex 46.4133 33.1499 38.79
      vertex 46.4133 33.1499 2.4
    endloop
  endfacet
  facet normal -0.903939 0.427661 0
    outer loop
      vertex 46.4133 33.1499 38.79
      vertex 46.2664 32.8394 2.4
      vertex 46.2664 32.8394 38.79
    endloop
  endfacet
  facet normal 0.671454 -0.741046 0
    outer loop
      vertex 51.7204 28.7945 2.4
      vertex 51.9749 29.0251 38.79
      vertex 51.7204 28.7945 38.79
    endloop
  endfacet
  facet normal 0.671454 -0.741046 0
    outer loop
      vertex 51.9749 29.0251 38.79
      vertex 51.7204 28.7945 2.4
      vertex 51.9749 29.0251 2.4
    endloop
  endfacet
  facet normal 0 0 1
    outer loop
      vertex 50.6024 30.9108 38.79
      vertex 52 30.4 38.79
      vertex 51.9827 30.7529 38.79
    endloop
  endfacet
  facet normal 0 -0 1
    outer loop
      vertex 51.7204 28.7945 38.79
      vertex 52 30.4 38.79
      vertex 50.3839 30.6161 38.79
    endloop
  endfacet
  facet normal -0 0 1
    outer loop
      vertex 50.6549 31.0216 38.79
      vertex 51.9827 30.7529 38.79
      vertex 51.9308 31.1023 38.79
    endloop
  endfacet
  facet normal -0 0 1
    outer loop
      vertex 50.726 31.2561 38.79
      vertex 51.9308 31.1023 38.79
      vertex 51.845 31.445 38.79
    endloop
  endfacet
  facet normal -0 0 1
    outer loop
      vertex 50.75 31.5 38.79
      vertex 51.845 31.445 38.79
      vertex 51.726 31.7776 38.79
    endloop
  endfacet
  facet normal 0 0 1
    outer loop
      vertex 51.9827 30.7529 38.79
      vertex 50.6549 31.0216 38.79
      vertex 50.6024 30.9108 38.79
    endloop
  endfacet
  facet normal 0 0 1
    outer loop
      vertex 50.744 31.6225 38.79
      vertex 51.726 31.7776 38.79
      vertex 51.5749 32.097 38.79
    endloop
  endfacet
  facet normal 0 0 1
    outer loop
      vertex 52 30.4 38.79
      vertex 50.6024 30.9108 38.79
      vertex 50.5393 30.8055 38.79
    endloop
  endfacet
  facet normal 0 0 1
    outer loop
      vertex 50.6962 31.8629 38.79
      vertex 51.5749 32.097 38.79
      vertex 51.3933 32.4 38.79
    endloop
  endfacet
  facet normal 0 0 1
    outer loop
      vertex 50.6024 32.0892 38.79
      vertex 51.3933 32.4 38.79
      vertex 51.1828 32.6838 38.79
    endloop
  endfacet
  facet normal 0 0 1
    outer loop
      vertex 51.845 31.445 38.79
      vertex 50.744 31.3775 38.79
      vertex 50.726 31.2561 38.79
    endloop
  endfacet
  facet normal 0 0 1
    outer loop
      vertex 50.4663 32.293 38.79
      vertex 51.1828 32.6838 38.79
      vertex 50.9456 32.9456 38.79
    endloop
  endfacet
  facet normal 0 0 1
    outer loop
      vertex 51.9308 31.1023 38.79
      vertex 50.726 31.2561 38.79
      vertex 50.6962 31.1371 38.79
    endloop
  endfacet
  facet normal 0 0 1
    outer loop
      vertex 51.845 31.445 38.79
      vertex 50.75 31.5 38.79
      vertex 50.744 31.3775 38.79
    endloop
  endfacet
  facet normal 0 0 1
    outer loop
      vertex 51.726 31.7776 38.79
      vertex 50.744 31.6225 38.79
      vertex 50.75 31.5 38.79
    endloop
  endfacet
  facet normal 0 0 1
    outer loop
      vertex 51.5749 32.097 38.79
      vertex 50.726 31.7439 38.79
      vertex 50.744 31.6225 38.79
    endloop
  endfacet
  facet normal 0 0 1
    outer loop
      vertex 51.5749 32.097 38.79
      vertex 50.6962 31.8629 38.79
      vertex 50.726 31.7439 38.79
    endloop
  endfacet
  facet normal 0 0 1
    outer loop
      vertex 50.293 32.4663 38.79
      vertex 50.9456 32.9456 38.79
      vertex 50.6838 33.1828 38.79
    endloop
  endfacet
  facet normal 0 0 1
    outer loop
      vertex 51.3933 32.4 38.79
      vertex 50.6549 31.9784 38.79
      vertex 50.6962 31.8629 38.79
    endloop
  endfacet
  facet normal 0 0 1
    outer loop
      vertex 51.3933 32.4 38.79
      vertex 50.6024 32.0892 38.79
      vertex 50.6549 31.9784 38.79
    endloop
  endfacet
  facet normal 0 0 1
    outer loop
      vertex 51.1828 32.6838 38.79
      vertex 50.5393 32.1945 38.79
      vertex 50.6024 32.0892 38.79
    endloop
  endfacet
  facet normal 0 0 1
    outer loop
      vertex 51.1828 32.6838 38.79
      vertex 50.4663 32.293 38.79
      vertex 50.5393 32.1945 38.79
    endloop
  endfacet
  facet normal 0 0 1
    outer loop
      vertex 50.0892 32.6024 38.79
      vertex 50.6838 33.1828 38.79
      vertex 50.4 33.3933 38.79
    endloop
  endfacet
  facet normal 0 0 1
    outer loop
      vertex 50.9456 32.9456 38.79
      vertex 50.3839 32.3839 38.79
      vertex 50.4663 32.293 38.79
    endloop
  endfacet
  facet normal 0 0 1
    outer loop
      vertex 50.9456 32.9456 38.79
      vertex 50.293 32.4663 38.79
      vertex 50.3839 32.3839 38.79
    endloop
  endfacet
  facet normal 0 0 1
    outer loop
      vertex 50.6838 33.1828 38.79
      vertex 50.1945 32.5393 38.79
      vertex 50.293 32.4663 38.79
    endloop
  endfacet
  facet normal 0 0 1
    outer loop
      vertex 49.8629 32.6962 38.79
      vertex 50.4 33.3933 38.79
      vertex 50.097 33.5749 38.79
    endloop
  endfacet
  facet normal 0 0 1
    outer loop
      vertex 50.6838 33.1828 38.79
      vertex 50.0892 32.6024 38.79
      vertex 50.1945 32.5393 38.79
    endloop
  endfacet
  facet normal 0 0 1
    outer loop
      vertex 50.4 33.3933 38.79
      vertex 49.9784 32.6549 38.79
      vertex 50.0892 32.6024 38.79
    endloop
  endfacet
  facet normal 0 0 1
    outer loop
      vertex 50.4 33.3933 38.79
      vertex 49.8629 32.6962 38.79
      vertex 49.9784 32.6549 38.79
    endloop
  endfacet
  facet normal 0 0 1
    outer loop
      vertex 49.6225 32.744 38.79
      vertex 50.097 33.5749 38.79
      vertex 49.7776 33.726 38.79
    endloop
  endfacet
  facet normal 0 0 1
    outer loop
      vertex 50.097 33.5749 38.79
      vertex 49.7439 32.726 38.79
      vertex 49.8629 32.6962 38.79
    endloop
  endfacet
  facet normal 0 0 1
    outer loop
      vertex 50.097 33.5749 38.79
      vertex 49.6225 32.744 38.79
      vertex 49.7439 32.726 38.79
    endloop
  endfacet
  facet normal 0 0 1
    outer loop
      vertex 49.7776 33.726 38.79
      vertex 49.5 32.75 38.79
      vertex 49.6225 32.744 38.79
    endloop
  endfacet
  facet normal 0 0 1
    outer loop
      vertex 49.445 33.845 38.79
      vertex 49.5 32.75 38.79
      vertex 49.7776 33.726 38.79
    endloop
  endfacet
  facet normal 0 0 1
    outer loop
      vertex 49.445 33.845 38.79
      vertex 49.3775 32.744 38.79
      vertex 49.5 32.75 38.79
    endloop
  endfacet
  facet normal 0 0 1
    outer loop
      vertex 49.445 33.845 38.79
      vertex 49.2561 32.726 38.79
      vertex 49.3775 32.744 38.79
    endloop
  endfacet
  facet normal 0 0 1
    outer loop
      vertex 49.1023 33.9308 38.79
      vertex 49.2561 32.726 38.79
      vertex 49.445 33.845 38.79
    endloop
  endfacet
  facet normal 0 0 1
    outer loop
      vertex 49.2561 32.726 38.79
      vertex 49.1023 33.9308 38.79
      vertex 49.1371 32.6962 38.79
    endloop
  endfacet
  facet normal 0 0 1
    outer loop
      vertex 49.1023 33.9308 38.79
      vertex 49.0216 32.6549 38.79
      vertex 49.1371 32.6962 38.79
    endloop
  endfacet
  facet normal 0 0 1
    outer loop
      vertex 48.7529 33.9827 38.79
      vertex 49.0216 32.6549 38.79
      vertex 49.1023 33.9308 38.79
    endloop
  endfacet
  facet normal 0 0 1
    outer loop
      vertex 49.0216 32.6549 38.79
      vertex 48.7529 33.9827 38.79
      vertex 48.9108 32.6024 38.79
    endloop
  endfacet
  facet normal 0 0 1
    outer loop
      vertex 48.4 34 38.79
      vertex 48.9108 32.6024 38.79
      vertex 48.7529 33.9827 38.79
    endloop
  endfacet
  facet normal 0 0 1
    outer loop
      vertex 48.9108 32.6024 38.79
      vertex 48.4 34 38.79
      vertex 48.8055 32.5393 38.79
    endloop
  endfacet
  facet normal 0 0 1
    outer loop
      vertex 48.8055 32.5393 38.79
      vertex 48.4 34 38.79
      vertex 48.707 32.4663 38.79
    endloop
  endfacet
  facet normal 0 0 1
    outer loop
      vertex 48.707 32.4663 38.79
      vertex 48.4 34 38.79
      vertex 48.6161 32.3839 38.79
    endloop
  endfacet
  facet normal 0 0 1
    outer loop
      vertex 48.6161 32.3839 38.79
      vertex 48.4 34 38.79
      vertex 48.5337 32.293 38.79
    endloop
  endfacet
  facet normal -0 0 1
    outer loop
      vertex 46.7945 33.7204 38.79
      vertex 48.5337 32.293 38.79
      vertex 48.4 34 38.79
    endloop
  endfacet
  facet normal 0 0 1
    outer loop
      vertex 48.5337 32.293 38.79
      vertex 46.7945 33.7204 38.79
      vertex 48.4607 32.1945 38.79
    endloop
  endfacet
  facet normal -0 0 1
    outer loop
      vertex 46.5899 33.4445 38.79
      vertex 48.4607 32.1945 38.79
      vertex 46.7945 33.7204 38.79
    endloop
  endfacet
  facet normal 0 0 1
    outer loop
      vertex 48.4607 32.1945 38.79
      vertex 46.5899 33.4445 38.79
      vertex 48.3976 32.0892 38.79
    endloop
  endfacet
  facet normal -0 0 1
    outer loop
      vertex 46.4133 33.1499 38.79
      vertex 48.3976 32.0892 38.79
      vertex 46.5899 33.4445 38.79
    endloop
  endfacet
  facet normal 0 0 1
    outer loop
      vertex 48.3976 32.0892 38.79
      vertex 46.4133 33.1499 38.79
      vertex 48.3451 31.9784 38.79
    endloop
  endfacet
  facet normal 0 0 1
    outer loop
      vertex 48.9108 30.3976 38.79
      vertex 47.8501 28.4133 38.79
      vertex 48.1606 28.2664 38.79
    endloop
  endfacet
  facet normal 0 0 1
    outer loop
      vertex 46 31.5 38.79
      vertex 48.25 31.5 38.79
      vertex 48.256 31.6225 38.79
    endloop
  endfacet
  facet normal -0 0 1
    outer loop
      vertex 46.2664 32.8394 38.79
      vertex 48.3451 31.9784 38.79
      vertex 46.4133 33.1499 38.79
    endloop
  endfacet
  facet normal 0 0 1
    outer loop
      vertex 48.256 31.3775 38.79
      vertex 47.5555 28.5899 38.79
      vertex 47.8501 28.4133 38.79
    endloop
  endfacet
  facet normal 0 0 1
    outer loop
      vertex 48.256 31.3775 38.79
      vertex 47.2796 28.7945 38.79
      vertex 47.5555 28.5899 38.79
    endloop
  endfacet
  facet normal 0 0 1
    outer loop
      vertex 47.0251 33.9749 38.79
      vertex 48.4 34 38.79
      vertex 47.0528 34 38.79
    endloop
  endfacet
  facet normal 0 0 1
    outer loop
      vertex 48.4 34 38.79
      vertex 47.0251 33.9749 38.79
      vertex 46.7945 33.7204 38.79
    endloop
  endfacet
  facet normal 0 0 1
    outer loop
      vertex 48.256 31.3775 38.79
      vertex 47.0251 29.0251 38.79
      vertex 47.2796 28.7945 38.79
    endloop
  endfacet
  facet normal 0 0 1
    outer loop
      vertex 48.3451 31.9784 38.79
      vertex 46.2664 32.8394 38.79
      vertex 48.3038 31.8629 38.79
    endloop
  endfacet
  facet normal 0 0 1
    outer loop
      vertex 48.256 31.3775 38.79
      vertex 46.7945 29.2796 38.79
      vertex 47.0251 29.0251 38.79
    endloop
  endfacet
  facet normal -0 0 1
    outer loop
      vertex 46.1507 32.516 38.79
      vertex 48.3038 31.8629 38.79
      vertex 46.2664 32.8394 38.79
    endloop
  endfacet
  facet normal 0 0 1
    outer loop
      vertex 48.256 31.3775 38.79
      vertex 46.5899 29.5555 38.79
      vertex 46.7945 29.2796 38.79
    endloop
  endfacet
  facet normal 0 0 1
    outer loop
      vertex 48.3038 31.8629 38.79
      vertex 46.1507 32.516 38.79
      vertex 48.274 31.7439 38.79
    endloop
  endfacet
  facet normal 0 0 1
    outer loop
      vertex 48.256 31.3775 38.79
      vertex 46.4133 29.8501 38.79
      vertex 46.5899 29.5555 38.79
    endloop
  endfacet
  facet normal -0 0 1
    outer loop
      vertex 46.0673 32.1828 38.79
      vertex 48.274 31.7439 38.79
      vertex 46.1507 32.516 38.79
    endloop
  endfacet
  facet normal 0 0 1
    outer loop
      vertex 48.256 31.3775 38.79
      vertex 46.2664 30.1606 38.79
      vertex 46.4133 29.8501 38.79
    endloop
  endfacet
  facet normal 0 0 1
    outer loop
      vertex 48.274 31.7439 38.79
      vertex 46.0673 32.1828 38.79
      vertex 48.256 31.6225 38.79
    endloop
  endfacet
  facet normal 0 0 1
    outer loop
      vertex 48.256 31.3775 38.79
      vertex 46.1507 30.484 38.79
      vertex 46.2664 30.1606 38.79
    endloop
  endfacet
  facet normal 0 0 1
    outer loop
      vertex 48.256 31.6225 38.79
      vertex 46.0673 32.1828 38.79
      vertex 46.0169 31.8431 38.79
    endloop
  endfacet
  facet normal 0 0 1
    outer loop
      vertex 48.256 31.3775 38.79
      vertex 46.0673 30.8172 38.79
      vertex 46.1507 30.484 38.79
    endloop
  endfacet
  facet normal 0 0 1
    outer loop
      vertex 48.256 31.6225 38.79
      vertex 46.0169 31.8431 38.79
      vertex 46 31.5 38.79
    endloop
  endfacet
  facet normal 0 0 1
    outer loop
      vertex 48.256 31.3775 38.79
      vertex 46.0169 31.1569 38.79
      vertex 46.0673 30.8172 38.79
    endloop
  endfacet
  facet normal 0 0 1
    outer loop
      vertex 48.25 31.5 38.79
      vertex 46 31.5 38.79
      vertex 46.0169 31.1569 38.79
    endloop
  endfacet
  facet normal 0 0 1
    outer loop
      vertex 51.9308 31.1023 38.79
      vertex 50.6962 31.1371 38.79
      vertex 50.6549 31.0216 38.79
    endloop
  endfacet
  facet normal 0 0 1
    outer loop
      vertex 52 30.4 38.79
      vertex 50.5393 30.8055 38.79
      vertex 50.4663 30.707 38.79
    endloop
  endfacet
  facet normal 0 0 1
    outer loop
      vertex 52 30.4 38.79
      vertex 50.4663 30.707 38.79
      vertex 50.3839 30.6161 38.79
    endloop
  endfacet
  facet normal 0 0 1
    outer loop
      vertex 52 30.4 38.79
      vertex 51.9749 29.0251 38.79
      vertex 52 29.0528 38.79
    endloop
  endfacet
  facet normal 0 0 1
    outer loop
      vertex 52 30.4 38.79
      vertex 51.7204 28.7945 38.79
      vertex 51.9749 29.0251 38.79
    endloop
  endfacet
  facet normal -0 0 1
    outer loop
      vertex 50.293 30.5337 38.79
      vertex 51.7204 28.7945 38.79
      vertex 50.3839 30.6161 38.79
    endloop
  endfacet
  facet normal 0 0 1
    outer loop
      vertex 51.7204 28.7945 38.79
      vertex 50.293 30.5337 38.79
      vertex 51.4445 28.5899 38.79
    endloop
  endfacet
  facet normal -0 0 1
    outer loop
      vertex 50.1945 30.4607 38.79
      vertex 51.4445 28.5899 38.79
      vertex 50.293 30.5337 38.79
    endloop
  endfacet
  facet normal 0 0 1
    outer loop
      vertex 51.4445 28.5899 38.79
      vertex 50.1945 30.4607 38.79
      vertex 51.1499 28.4133 38.79
    endloop
  endfacet
  facet normal -0 0 1
    outer loop
      vertex 50.0892 30.3976 38.79
      vertex 51.1499 28.4133 38.79
      vertex 50.1945 30.4607 38.79
    endloop
  endfacet
  facet normal 0 0 1
    outer loop
      vertex 51.1499 28.4133 38.79
      vertex 50.0892 30.3976 38.79
      vertex 50.8394 28.2664 38.79
    endloop
  endfacet
  facet normal -0 0 1
    outer loop
      vertex 49.9784 30.3451 38.79
      vertex 50.8394 28.2664 38.79
      vertex 50.0892 30.3976 38.79
    endloop
  endfacet
  facet normal 0 0 1
    outer loop
      vertex 50.8394 28.2664 38.79
      vertex 49.9784 30.3451 38.79
      vertex 50.516 28.1507 38.79
    endloop
  endfacet
  facet normal -0 0 1
    outer loop
      vertex 49.8629 30.3038 38.79
      vertex 50.516 28.1507 38.79
      vertex 49.9784 30.3451 38.79
    endloop
  endfacet
  facet normal 0 0 1
    outer loop
      vertex 50.516 28.1507 38.79
      vertex 49.8629 30.3038 38.79
      vertex 50.1828 28.0673 38.79
    endloop
  endfacet
  facet normal -0 0 1
    outer loop
      vertex 49.7439 30.274 38.79
      vertex 50.1828 28.0673 38.79
      vertex 49.8629 30.3038 38.79
    endloop
  endfacet
  facet normal 0 0 1
    outer loop
      vertex 50.1828 28.0673 38.79
      vertex 49.7439 30.274 38.79
      vertex 49.8431 28.0169 38.79
    endloop
  endfacet
  facet normal -0 0 1
    outer loop
      vertex 49.6225 30.256 38.79
      vertex 49.8431 28.0169 38.79
      vertex 49.7439 30.274 38.79
    endloop
  endfacet
  facet normal -0 0 1
    outer loop
      vertex 49.5 30.25 38.79
      vertex 49.8431 28.0169 38.79
      vertex 49.6225 30.256 38.79
    endloop
  endfacet
  facet normal 0 0 1
    outer loop
      vertex 49.5 30.25 38.79
      vertex 49.5 28 38.79
      vertex 49.8431 28.0169 38.79
    endloop
  endfacet
  facet normal 0 0 1
    outer loop
      vertex 49.3775 30.256 38.79
      vertex 49.5 28 38.79
      vertex 49.5 30.25 38.79
    endloop
  endfacet
  facet normal 0 0 1
    outer loop
      vertex 49.1569 28.0169 38.79
      vertex 49.3775 30.256 38.79
      vertex 49.2561 30.274 38.79
    endloop
  endfacet
  facet normal 0 0 1
    outer loop
      vertex 49.3775 30.256 38.79
      vertex 49.1569 28.0169 38.79
      vertex 49.5 28 38.79
    endloop
  endfacet
  facet normal 0 0 1
    outer loop
      vertex 48.8172 28.0673 38.79
      vertex 49.2561 30.274 38.79
      vertex 49.1371 30.3038 38.79
    endloop
  endfacet
  facet normal 0 0 1
    outer loop
      vertex 48.484 28.1507 38.79
      vertex 49.1371 30.3038 38.79
      vertex 49.0216 30.3451 38.79
    endloop
  endfacet
  facet normal 0 0 1
    outer loop
      vertex 48.1606 28.2664 38.79
      vertex 49.0216 30.3451 38.79
      vertex 48.9108 30.3976 38.79
    endloop
  endfacet
  facet normal 0 0 1
    outer loop
      vertex 49.2561 30.274 38.79
      vertex 48.8172 28.0673 38.79
      vertex 49.1569 28.0169 38.79
    endloop
  endfacet
  facet normal 0 0 1
    outer loop
      vertex 47.8501 28.4133 38.79
      vertex 48.9108 30.3976 38.79
      vertex 48.8055 30.4607 38.79
    endloop
  endfacet
  facet normal 0 0 1
    outer loop
      vertex 47.8501 28.4133 38.79
      vertex 48.8055 30.4607 38.79
      vertex 48.707 30.5337 38.79
    endloop
  endfacet
  facet normal 0 0 1
    outer loop
      vertex 47.8501 28.4133 38.79
      vertex 48.707 30.5337 38.79
      vertex 48.6161 30.6161 38.79
    endloop
  endfacet
  facet normal 0 0 1
    outer loop
      vertex 47.8501 28.4133 38.79
      vertex 48.6161 30.6161 38.79
      vertex 48.5337 30.707 38.79
    endloop
  endfacet
  facet normal 0 0 1
    outer loop
      vertex 49.1371 30.3038 38.79
      vertex 48.484 28.1507 38.79
      vertex 48.8172 28.0673 38.79
    endloop
  endfacet
  facet normal 0 0 1
    outer loop
      vertex 47.8501 28.4133 38.79
      vertex 48.5337 30.707 38.79
      vertex 48.4607 30.8055 38.79
    endloop
  endfacet
  facet normal 0 0 1
    outer loop
      vertex 47.8501 28.4133 38.79
      vertex 48.4607 30.8055 38.79
      vertex 48.3976 30.9108 38.79
    endloop
  endfacet
  facet normal 0 0 1
    outer loop
      vertex 47.8501 28.4133 38.79
      vertex 48.3976 30.9108 38.79
      vertex 48.3451 31.0216 38.79
    endloop
  endfacet
  facet normal 0 0 1
    outer loop
      vertex 47.8501 28.4133 38.79
      vertex 48.3451 31.0216 38.79
      vertex 48.3038 31.1371 38.79
    endloop
  endfacet
  facet normal 0 0 1
    outer loop
      vertex 47.8501 28.4133 38.79
      vertex 48.3038 31.1371 38.79
      vertex 48.274 31.2561 38.79
    endloop
  endfacet
  facet normal 0 0 1
    outer loop
      vertex 47.8501 28.4133 38.79
      vertex 48.274 31.2561 38.79
      vertex 48.256 31.3775 38.79
    endloop
  endfacet
  facet normal 0 0 1
    outer loop
      vertex 49.0216 30.3451 38.79
      vertex 48.1606 28.2664 38.79
      vertex 48.484 28.1507 38.79
    endloop
  endfacet
  facet normal 0 0 1
    outer loop
      vertex 46.0169 31.1569 38.79
      vertex 48.256 31.3775 38.79
      vertex 48.25 31.5 38.79
    endloop
  endfacet
  facet normal -0.989186 -0.146667 0
    outer loop
      vertex 50.744 31.6225 28.79
      vertex 50.726 31.7439 38.79
      vertex 50.726 31.7439 28.79
    endloop
  endfacet
  facet normal -0.989186 -0.146667 0
    outer loop
      vertex 50.726 31.7439 38.79
      vertex 50.744 31.6225 28.79
      vertex 50.744 31.6225 38.79
    endloop
  endfacet
  facet normal -0.998803 -0.0489209 0
    outer loop
      vertex 50.75 31.5 28.79
      vertex 50.744 31.6225 38.79
      vertex 50.744 31.6225 28.79
    endloop
  endfacet
  facet normal -0.998803 -0.0489209 0
    outer loop
      vertex 50.744 31.6225 38.79
      vertex 50.75 31.5 28.79
      vertex 50.75 31.5 38.79
    endloop
  endfacet
  facet normal -0.970047 -0.242919 0
    outer loop
      vertex 50.726 31.7439 28.79
      vertex 50.6962 31.8629 38.79
      vertex 50.6962 31.8629 28.79
    endloop
  endfacet
  facet normal -0.970047 -0.242919 0
    outer loop
      vertex 50.6962 31.8629 38.79
      vertex 50.726 31.7439 28.79
      vertex 50.726 31.7439 38.79
    endloop
  endfacet
  facet normal -0.336698 0.941613 0
    outer loop
      vertex 49.9784 30.3451 28.79
      vertex 49.8629 30.3038 38.79
      vertex 49.9784 30.3451 38.79
    endloop
  endfacet
  facet normal -0.336698 0.941613 0
    outer loop
      vertex 49.8629 30.3038 38.79
      vertex 49.9784 30.3451 28.79
      vertex 49.8629 30.3038 28.79
    endloop
  endfacet
  facet normal -0.671617 -0.740898 0
    outer loop
      vertex 50.293 32.4663 28.79
      vertex 50.3839 32.3839 38.79
      vertex 50.293 32.4663 38.79
    endloop
  endfacet
  facet normal -0.671617 -0.740898 -0
    outer loop
      vertex 50.3839 32.3839 38.79
      vertex 50.293 32.4663 28.79
      vertex 50.3839 32.3839 28.79
    endloop
  endfacet
  facet normal 0.85778 -0.514016 0
    outer loop
      vertex 48.3976 32.0892 38.79
      vertex 48.4607 32.1945 28.79
      vertex 48.4607 32.1945 38.79
    endloop
  endfacet
  facet normal 0.85778 -0.514016 0
    outer loop
      vertex 48.4607 32.1945 28.79
      vertex 48.3976 32.0892 38.79
      vertex 48.3976 32.0892 28.79
    endloop
  endfacet
  facet normal 0.146667 0.989186 -0
    outer loop
      vertex 49.3775 30.256 28.79
      vertex 49.2561 30.274 38.79
      vertex 49.3775 30.256 38.79
    endloop
  endfacet
  facet normal 0.146667 0.989186 0
    outer loop
      vertex 49.2561 30.274 38.79
      vertex 49.3775 30.256 28.79
      vertex 49.2561 30.274 28.79
    endloop
  endfacet
  facet normal -0.941613 -0.336698 0
    outer loop
      vertex 50.6962 31.8629 28.79
      vertex 50.6549 31.9784 38.79
      vertex 50.6549 31.9784 28.79
    endloop
  endfacet
  facet normal -0.941613 -0.336698 0
    outer loop
      vertex 50.6549 31.9784 38.79
      vertex 50.6962 31.8629 28.79
      vertex 50.6962 31.8629 38.79
    endloop
  endfacet
  facet normal 0.0489209 -0.998803 0
    outer loop
      vertex 49.3775 32.744 28.79
      vertex 49.5 32.75 38.79
      vertex 49.3775 32.744 38.79
    endloop
  endfacet
  facet normal 0.0489209 -0.998803 0
    outer loop
      vertex 49.5 32.75 38.79
      vertex 49.3775 32.744 28.79
      vertex 49.5 32.75 28.79
    endloop
  endfacet
  facet normal -0.0489209 0.998803 0
    outer loop
      vertex 49.6225 30.256 28.79
      vertex 49.5 30.25 38.79
      vertex 49.6225 30.256 38.79
    endloop
  endfacet
  facet normal -0.0489209 0.998803 0
    outer loop
      vertex 49.5 30.25 38.79
      vertex 49.6225 30.256 28.79
      vertex 49.5 30.25 28.79
    endloop
  endfacet
  facet normal 0.903688 0.428192 0
    outer loop
      vertex 48.3976 30.9108 38.79
      vertex 48.3451 31.0216 28.79
      vertex 48.3451 31.0216 38.79
    endloop
  endfacet
  facet normal 0.903688 0.428192 0
    outer loop
      vertex 48.3451 31.0216 28.79
      vertex 48.3976 30.9108 38.79
      vertex 48.3976 30.9108 28.79
    endloop
  endfacet
  facet normal 0.595423 0.803413 -0
    outer loop
      vertex 48.8055 30.4607 28.79
      vertex 48.707 30.5337 38.79
      vertex 48.8055 30.4607 38.79
    endloop
  endfacet
  facet normal 0.595423 0.803413 0
    outer loop
      vertex 48.707 30.5337 38.79
      vertex 48.8055 30.4607 28.79
      vertex 48.707 30.5337 28.79
    endloop
  endfacet
  facet normal 0.803413 -0.595423 0
    outer loop
      vertex 48.4607 32.1945 38.79
      vertex 48.5337 32.293 28.79
      vertex 48.5337 32.293 38.79
    endloop
  endfacet
  facet normal 0.803413 -0.595423 0
    outer loop
      vertex 48.5337 32.293 28.79
      vertex 48.4607 32.1945 38.79
      vertex 48.4607 32.1945 28.79
    endloop
  endfacet
  facet normal -0.970047 0.242919 0
    outer loop
      vertex 50.6962 31.1371 28.79
      vertex 50.726 31.2561 38.79
      vertex 50.726 31.2561 28.79
    endloop
  endfacet
  facet normal -0.970047 0.242919 0
    outer loop
      vertex 50.726 31.2561 38.79
      vertex 50.6962 31.1371 28.79
      vertex 50.6962 31.1371 38.79
    endloop
  endfacet
  facet normal -0.85778 -0.514016 0
    outer loop
      vertex 50.6024 32.0892 28.79
      vertex 50.5393 32.1945 38.79
      vertex 50.5393 32.1945 28.79
    endloop
  endfacet
  facet normal -0.85778 -0.514016 0
    outer loop
      vertex 50.5393 32.1945 38.79
      vertex 50.6024 32.0892 28.79
      vertex 50.6024 32.0892 38.79
    endloop
  endfacet
  facet normal 0.998803 0.0489209 0
    outer loop
      vertex 48.256 31.3775 38.79
      vertex 48.25 31.5 28.79
      vertex 48.25 31.5 38.79
    endloop
  endfacet
  facet normal 0.998803 0.0489209 0
    outer loop
      vertex 48.25 31.5 28.79
      vertex 48.256 31.3775 38.79
      vertex 48.256 31.3775 28.79
    endloop
  endfacet
  facet normal -0.903688 -0.428192 0
    outer loop
      vertex 50.6549 31.9784 28.79
      vertex 50.6024 32.0892 38.79
      vertex 50.6024 32.0892 28.79
    endloop
  endfacet
  facet normal -0.903688 -0.428192 0
    outer loop
      vertex 50.6024 32.0892 38.79
      vertex 50.6549 31.9784 28.79
      vertex 50.6549 31.9784 38.79
    endloop
  endfacet
  facet normal -0.941613 0.336698 0
    outer loop
      vertex 50.6549 31.0216 28.79
      vertex 50.6962 31.1371 38.79
      vertex 50.6962 31.1371 28.79
    endloop
  endfacet
  facet normal -0.941613 0.336698 0
    outer loop
      vertex 50.6962 31.1371 38.79
      vertex 50.6549 31.0216 28.79
      vertex 50.6549 31.0216 38.79
    endloop
  endfacet
  facet normal 0.428192 0.903688 -0
    outer loop
      vertex 49.0216 30.3451 28.79
      vertex 48.9108 30.3976 38.79
      vertex 49.0216 30.3451 38.79
    endloop
  endfacet
  facet normal 0.428192 0.903688 0
    outer loop
      vertex 48.9108 30.3976 38.79
      vertex 49.0216 30.3451 28.79
      vertex 48.9108 30.3976 28.79
    endloop
  endfacet
  facet normal 0.970047 0.242919 0
    outer loop
      vertex 48.3038 31.1371 38.79
      vertex 48.274 31.2561 28.79
      vertex 48.274 31.2561 38.79
    endloop
  endfacet
  facet normal 0.970047 0.242919 0
    outer loop
      vertex 48.274 31.2561 28.79
      vertex 48.3038 31.1371 38.79
      vertex 48.3038 31.1371 28.79
    endloop
  endfacet
  facet normal 0.740898 -0.671617 0
    outer loop
      vertex 48.5337 32.293 38.79
      vertex 48.6161 32.3839 28.79
      vertex 48.6161 32.3839 38.79
    endloop
  endfacet
  facet normal 0.740898 -0.671617 0
    outer loop
      vertex 48.6161 32.3839 28.79
      vertex 48.5337 32.293 38.79
      vertex 48.5337 32.293 28.79
    endloop
  endfacet
  facet normal 0.242919 0.970047 -0
    outer loop
      vertex 49.2561 30.274 28.79
      vertex 49.1371 30.3038 38.79
      vertex 49.2561 30.274 38.79
    endloop
  endfacet
  facet normal 0.242919 0.970047 0
    outer loop
      vertex 49.1371 30.3038 38.79
      vertex 49.2561 30.274 28.79
      vertex 49.1371 30.3038 28.79
    endloop
  endfacet
  facet normal 0.514016 -0.85778 0
    outer loop
      vertex 48.8055 32.5393 28.79
      vertex 48.9108 32.6024 38.79
      vertex 48.8055 32.5393 38.79
    endloop
  endfacet
  facet normal 0.514016 -0.85778 0
    outer loop
      vertex 48.9108 32.6024 38.79
      vertex 48.8055 32.5393 28.79
      vertex 48.9108 32.6024 28.79
    endloop
  endfacet
  facet normal -0.803413 -0.595423 0
    outer loop
      vertex 50.5393 32.1945 28.79
      vertex 50.4663 32.293 38.79
      vertex 50.4663 32.293 28.79
    endloop
  endfacet
  facet normal -0.803413 -0.595423 0
    outer loop
      vertex 50.4663 32.293 38.79
      vertex 50.5393 32.1945 28.79
      vertex 50.5393 32.1945 38.79
    endloop
  endfacet
  facet normal 0.146667 -0.989186 0
    outer loop
      vertex 49.2561 32.726 28.79
      vertex 49.3775 32.744 38.79
      vertex 49.2561 32.726 38.79
    endloop
  endfacet
  facet normal 0.146667 -0.989186 0
    outer loop
      vertex 49.3775 32.744 38.79
      vertex 49.2561 32.726 28.79
      vertex 49.3775 32.744 28.79
    endloop
  endfacet
  facet normal -0.428192 0.903688 0
    outer loop
      vertex 50.0892 30.3976 28.79
      vertex 49.9784 30.3451 38.79
      vertex 50.0892 30.3976 38.79
    endloop
  endfacet
  facet normal -0.428192 0.903688 0
    outer loop
      vertex 49.9784 30.3451 38.79
      vertex 50.0892 30.3976 28.79
      vertex 49.9784 30.3451 28.79
    endloop
  endfacet
  facet normal 0.671617 -0.740898 0
    outer loop
      vertex 48.6161 32.3839 28.79
      vertex 48.707 32.4663 38.79
      vertex 48.6161 32.3839 38.79
    endloop
  endfacet
  facet normal 0.671617 -0.740898 0
    outer loop
      vertex 48.707 32.4663 38.79
      vertex 48.6161 32.3839 28.79
      vertex 48.707 32.4663 28.79
    endloop
  endfacet
  facet normal -0.85778 0.514016 0
    outer loop
      vertex 50.5393 30.8055 28.79
      vertex 50.6024 30.9108 38.79
      vertex 50.6024 30.9108 28.79
    endloop
  endfacet
  facet normal -0.85778 0.514016 0
    outer loop
      vertex 50.6024 30.9108 38.79
      vertex 50.5393 30.8055 28.79
      vertex 50.5393 30.8055 38.79
    endloop
  endfacet
  facet normal 0.595423 -0.803413 0
    outer loop
      vertex 48.707 32.4663 28.79
      vertex 48.8055 32.5393 38.79
      vertex 48.707 32.4663 38.79
    endloop
  endfacet
  facet normal 0.595423 -0.803413 0
    outer loop
      vertex 48.8055 32.5393 38.79
      vertex 48.707 32.4663 28.79
      vertex 48.8055 32.5393 28.79
    endloop
  endfacet
  facet normal -0.336698 -0.941613 0
    outer loop
      vertex 49.8629 32.6962 28.79
      vertex 49.9784 32.6549 38.79
      vertex 49.8629 32.6962 38.79
    endloop
  endfacet
  facet normal -0.336698 -0.941613 -0
    outer loop
      vertex 49.9784 32.6549 38.79
      vertex 49.8629 32.6962 28.79
      vertex 49.9784 32.6549 28.79
    endloop
  endfacet
  facet normal -0.740898 -0.671617 0
    outer loop
      vertex 50.4663 32.293 28.79
      vertex 50.3839 32.3839 38.79
      vertex 50.3839 32.3839 28.79
    endloop
  endfacet
  facet normal -0.740898 -0.671617 0
    outer loop
      vertex 50.3839 32.3839 38.79
      vertex 50.4663 32.293 28.79
      vertex 50.4663 32.293 38.79
    endloop
  endfacet
  facet normal -0.998803 0.0489209 0
    outer loop
      vertex 50.744 31.3775 28.79
      vertex 50.75 31.5 38.79
      vertex 50.75 31.5 28.79
    endloop
  endfacet
  facet normal -0.998803 0.0489209 0
    outer loop
      vertex 50.75 31.5 38.79
      vertex 50.744 31.3775 28.79
      vertex 50.744 31.3775 38.79
    endloop
  endfacet
  facet normal 0.941613 0.336698 0
    outer loop
      vertex 48.3451 31.0216 38.79
      vertex 48.3038 31.1371 28.79
      vertex 48.3038 31.1371 38.79
    endloop
  endfacet
  facet normal 0.941613 0.336698 0
    outer loop
      vertex 48.3038 31.1371 28.79
      vertex 48.3451 31.0216 38.79
      vertex 48.3451 31.0216 28.79
    endloop
  endfacet
  facet normal -0.514016 -0.85778 0
    outer loop
      vertex 50.0892 32.6024 28.79
      vertex 50.1945 32.5393 38.79
      vertex 50.0892 32.6024 38.79
    endloop
  endfacet
  facet normal -0.514016 -0.85778 -0
    outer loop
      vertex 50.1945 32.5393 38.79
      vertex 50.0892 32.6024 28.79
      vertex 50.1945 32.5393 28.79
    endloop
  endfacet
  facet normal -0.595423 -0.803413 0
    outer loop
      vertex 50.1945 32.5393 28.79
      vertex 50.293 32.4663 38.79
      vertex 50.1945 32.5393 38.79
    endloop
  endfacet
  facet normal -0.595423 -0.803413 -0
    outer loop
      vertex 50.293 32.4663 38.79
      vertex 50.1945 32.5393 28.79
      vertex 50.293 32.4663 28.79
    endloop
  endfacet
  facet normal -0.146667 0.989186 0
    outer loop
      vertex 49.7439 30.274 28.79
      vertex 49.6225 30.256 38.79
      vertex 49.7439 30.274 38.79
    endloop
  endfacet
  facet normal -0.146667 0.989186 0
    outer loop
      vertex 49.6225 30.256 38.79
      vertex 49.7439 30.274 28.79
      vertex 49.6225 30.256 28.79
    endloop
  endfacet
  facet normal -0.740898 0.671617 0
    outer loop
      vertex 50.3839 30.6161 28.79
      vertex 50.4663 30.707 38.79
      vertex 50.4663 30.707 28.79
    endloop
  endfacet
  facet normal -0.740898 0.671617 0
    outer loop
      vertex 50.4663 30.707 38.79
      vertex 50.3839 30.6161 28.79
      vertex 50.3839 30.6161 38.79
    endloop
  endfacet
  facet normal -0.803413 0.595423 0
    outer loop
      vertex 50.4663 30.707 28.79
      vertex 50.5393 30.8055 38.79
      vertex 50.5393 30.8055 28.79
    endloop
  endfacet
  facet normal -0.803413 0.595423 0
    outer loop
      vertex 50.5393 30.8055 38.79
      vertex 50.4663 30.707 28.79
      vertex 50.4663 30.707 38.79
    endloop
  endfacet
  facet normal -0.242919 0.970047 0
    outer loop
      vertex 49.8629 30.3038 28.79
      vertex 49.7439 30.274 38.79
      vertex 49.8629 30.3038 38.79
    endloop
  endfacet
  facet normal -0.242919 0.970047 0
    outer loop
      vertex 49.7439 30.274 38.79
      vertex 49.8629 30.3038 28.79
      vertex 49.7439 30.274 28.79
    endloop
  endfacet
  facet normal -0.903688 0.428192 0
    outer loop
      vertex 50.6024 30.9108 28.79
      vertex 50.6549 31.0216 38.79
      vertex 50.6549 31.0216 28.79
    endloop
  endfacet
  facet normal -0.903688 0.428192 0
    outer loop
      vertex 50.6549 31.0216 38.79
      vertex 50.6024 30.9108 28.79
      vertex 50.6024 30.9108 38.79
    endloop
  endfacet
  facet normal 0.242919 -0.970047 0
    outer loop
      vertex 49.1371 32.6962 28.79
      vertex 49.2561 32.726 38.79
      vertex 49.1371 32.6962 38.79
    endloop
  endfacet
  facet normal 0.242919 -0.970047 0
    outer loop
      vertex 49.2561 32.726 38.79
      vertex 49.1371 32.6962 28.79
      vertex 49.2561 32.726 28.79
    endloop
  endfacet
  facet normal 0.941613 -0.336698 0
    outer loop
      vertex 48.3038 31.8629 38.79
      vertex 48.3451 31.9784 28.79
      vertex 48.3451 31.9784 38.79
    endloop
  endfacet
  facet normal 0.941613 -0.336698 0
    outer loop
      vertex 48.3451 31.9784 28.79
      vertex 48.3038 31.8629 38.79
      vertex 48.3038 31.8629 28.79
    endloop
  endfacet
  facet normal 0.428192 -0.903688 0
    outer loop
      vertex 48.9108 32.6024 28.79
      vertex 49.0216 32.6549 38.79
      vertex 48.9108 32.6024 38.79
    endloop
  endfacet
  facet normal 0.428192 -0.903688 0
    outer loop
      vertex 49.0216 32.6549 38.79
      vertex 48.9108 32.6024 28.79
      vertex 49.0216 32.6549 28.79
    endloop
  endfacet
  facet normal 0.989186 -0.146667 0
    outer loop
      vertex 48.256 31.6225 38.79
      vertex 48.274 31.7439 28.79
      vertex 48.274 31.7439 38.79
    endloop
  endfacet
  facet normal 0.989186 -0.146667 0
    outer loop
      vertex 48.274 31.7439 28.79
      vertex 48.256 31.6225 38.79
      vertex 48.256 31.6225 28.79
    endloop
  endfacet
  facet normal 0.970047 -0.242919 0
    outer loop
      vertex 48.274 31.7439 38.79
      vertex 48.3038 31.8629 28.79
      vertex 48.3038 31.8629 38.79
    endloop
  endfacet
  facet normal 0.970047 -0.242919 0
    outer loop
      vertex 48.3038 31.8629 28.79
      vertex 48.274 31.7439 38.79
      vertex 48.274 31.7439 28.79
    endloop
  endfacet
  facet normal -0.428192 -0.903688 0
    outer loop
      vertex 49.9784 32.6549 28.79
      vertex 50.0892 32.6024 38.79
      vertex 49.9784 32.6549 38.79
    endloop
  endfacet
  facet normal -0.428192 -0.903688 -0
    outer loop
      vertex 50.0892 32.6024 38.79
      vertex 49.9784 32.6549 28.79
      vertex 50.0892 32.6024 28.79
    endloop
  endfacet
  facet normal 0 0 1
    outer loop
      vertex 50.744 31.6225 28.79
      vertex 50.744 31.3775 28.79
      vertex 50.75 31.5 28.79
    endloop
  endfacet
  facet normal 0 0 1
    outer loop
      vertex 50.726 31.7439 28.79
      vertex 50.744 31.3775 28.79
      vertex 50.744 31.6225 28.79
    endloop
  endfacet
  facet normal 0 0 1
    outer loop
      vertex 50.726 31.7439 28.79
      vertex 50.726 31.2561 28.79
      vertex 50.744 31.3775 28.79
    endloop
  endfacet
  facet normal 0 0 1
    outer loop
      vertex 50.6962 31.8629 28.79
      vertex 50.726 31.2561 28.79
      vertex 50.726 31.7439 28.79
    endloop
  endfacet
  facet normal 0 0 1
    outer loop
      vertex 50.6962 31.8629 28.79
      vertex 50.6962 31.1371 28.79
      vertex 50.726 31.2561 28.79
    endloop
  endfacet
  facet normal 0 0 1
    outer loop
      vertex 50.6549 31.9784 28.79
      vertex 50.6962 31.1371 28.79
      vertex 50.6962 31.8629 28.79
    endloop
  endfacet
  facet normal 0 0 1
    outer loop
      vertex 50.6549 31.9784 28.79
      vertex 50.6549 31.0216 28.79
      vertex 50.6962 31.1371 28.79
    endloop
  endfacet
  facet normal 0 0 1
    outer loop
      vertex 50.6024 32.0892 28.79
      vertex 50.6549 31.0216 28.79
      vertex 50.6549 31.9784 28.79
    endloop
  endfacet
  facet normal 0 0 1
    outer loop
      vertex 50.6024 32.0892 28.79
      vertex 50.6024 30.9108 28.79
      vertex 50.6549 31.0216 28.79
    endloop
  endfacet
  facet normal 0 0 1
    outer loop
      vertex 50.5393 32.1945 28.79
      vertex 50.6024 30.9108 28.79
      vertex 50.6024 32.0892 28.79
    endloop
  endfacet
  facet normal 0 0 1
    outer loop
      vertex 50.5393 32.1945 28.79
      vertex 50.5393 30.8055 28.79
      vertex 50.6024 30.9108 28.79
    endloop
  endfacet
  facet normal 0 0 1
    outer loop
      vertex 50.4663 32.293 28.79
      vertex 50.5393 30.8055 28.79
      vertex 50.5393 32.1945 28.79
    endloop
  endfacet
  facet normal 0 0 1
    outer loop
      vertex 50.4663 32.293 28.79
      vertex 50.4663 30.707 28.79
      vertex 50.5393 30.8055 28.79
    endloop
  endfacet
  facet normal 0 0 1
    outer loop
      vertex 50.3839 32.3839 28.79
      vertex 50.4663 30.707 28.79
      vertex 50.4663 32.293 28.79
    endloop
  endfacet
  facet normal 0 0 1
    outer loop
      vertex 50.3839 32.3839 28.79
      vertex 50.3839 30.6161 28.79
      vertex 50.4663 30.707 28.79
    endloop
  endfacet
  facet normal 0 0 1
    outer loop
      vertex 50.293 32.4663 28.79
      vertex 50.3839 30.6161 28.79
      vertex 50.3839 32.3839 28.79
    endloop
  endfacet
  facet normal 0 0 1
    outer loop
      vertex 50.293 32.4663 28.79
      vertex 50.293 30.5337 28.79
      vertex 50.3839 30.6161 28.79
    endloop
  endfacet
  facet normal 0 0 1
    outer loop
      vertex 50.1945 32.5393 28.79
      vertex 50.293 30.5337 28.79
      vertex 50.293 32.4663 28.79
    endloop
  endfacet
  facet normal 0 0 1
    outer loop
      vertex 50.1945 32.5393 28.79
      vertex 50.1945 30.4607 28.79
      vertex 50.293 30.5337 28.79
    endloop
  endfacet
  facet normal 0 0 1
    outer loop
      vertex 50.0892 32.6024 28.79
      vertex 50.1945 30.4607 28.79
      vertex 50.1945 32.5393 28.79
    endloop
  endfacet
  facet normal 0 0 1
    outer loop
      vertex 50.0892 32.6024 28.79
      vertex 50.0892 30.3976 28.79
      vertex 50.1945 30.4607 28.79
    endloop
  endfacet
  facet normal 0 0 1
    outer loop
      vertex 49.9784 32.6549 28.79
      vertex 50.0892 30.3976 28.79
      vertex 50.0892 32.6024 28.79
    endloop
  endfacet
  facet normal 0 0 1
    outer loop
      vertex 49.9784 32.6549 28.79
      vertex 49.9784 30.3451 28.79
      vertex 50.0892 30.3976 28.79
    endloop
  endfacet
  facet normal 0 0 1
    outer loop
      vertex 49.8629 32.6962 28.79
      vertex 49.9784 30.3451 28.79
      vertex 49.9784 32.6549 28.79
    endloop
  endfacet
  facet normal 0 0 1
    outer loop
      vertex 49.8629 32.6962 28.79
      vertex 49.8629 30.3038 28.79
      vertex 49.9784 30.3451 28.79
    endloop
  endfacet
  facet normal 0 0 1
    outer loop
      vertex 49.7439 32.726 28.79
      vertex 49.8629 30.3038 28.79
      vertex 49.8629 32.6962 28.79
    endloop
  endfacet
  facet normal 0 0 1
    outer loop
      vertex 49.7439 32.726 28.79
      vertex 49.7439 30.274 28.79
      vertex 49.8629 30.3038 28.79
    endloop
  endfacet
  facet normal 0 0 1
    outer loop
      vertex 49.6225 32.744 28.79
      vertex 49.7439 30.274 28.79
      vertex 49.7439 32.726 28.79
    endloop
  endfacet
  facet normal 0 0 1
    outer loop
      vertex 49.6225 32.744 28.79
      vertex 49.6225 30.256 28.79
      vertex 49.7439 30.274 28.79
    endloop
  endfacet
  facet normal 0 0 1
    outer loop
      vertex 49.5 32.75 28.79
      vertex 49.6225 30.256 28.79
      vertex 49.6225 32.744 28.79
    endloop
  endfacet
  facet normal 0 0 1
    outer loop
      vertex 49.5 32.75 28.79
      vertex 49.5 30.25 28.79
      vertex 49.6225 30.256 28.79
    endloop
  endfacet
  facet normal -0 0 1
    outer loop
      vertex 49.3775 32.744 28.79
      vertex 49.5 30.25 28.79
      vertex 49.5 32.75 28.79
    endloop
  endfacet
  facet normal 0 0 1
    outer loop
      vertex 49.3775 32.744 28.79
      vertex 49.3775 30.256 28.79
      vertex 49.5 30.25 28.79
    endloop
  endfacet
  facet normal -0 0 1
    outer loop
      vertex 49.2561 32.726 28.79
      vertex 49.3775 30.256 28.79
      vertex 49.3775 32.744 28.79
    endloop
  endfacet
  facet normal 0 0 1
    outer loop
      vertex 49.2561 32.726 28.79
      vertex 49.2561 30.274 28.79
      vertex 49.3775 30.256 28.79
    endloop
  endfacet
  facet normal -0 0 1
    outer loop
      vertex 49.1371 32.6962 28.79
      vertex 49.2561 30.274 28.79
      vertex 49.2561 32.726 28.79
    endloop
  endfacet
  facet normal 0 0 1
    outer loop
      vertex 49.1371 32.6962 28.79
      vertex 49.1371 30.3038 28.79
      vertex 49.2561 30.274 28.79
    endloop
  endfacet
  facet normal -0 0 1
    outer loop
      vertex 49.0216 32.6549 28.79
      vertex 49.1371 30.3038 28.79
      vertex 49.1371 32.6962 28.79
    endloop
  endfacet
  facet normal 0 0 1
    outer loop
      vertex 49.0216 32.6549 28.79
      vertex 49.0216 30.3451 28.79
      vertex 49.1371 30.3038 28.79
    endloop
  endfacet
  facet normal -0 0 1
    outer loop
      vertex 48.9108 32.6024 28.79
      vertex 49.0216 30.3451 28.79
      vertex 49.0216 32.6549 28.79
    endloop
  endfacet
  facet normal 0 0 1
    outer loop
      vertex 48.9108 32.6024 28.79
      vertex 48.9108 30.3976 28.79
      vertex 49.0216 30.3451 28.79
    endloop
  endfacet
  facet normal -0 0 1
    outer loop
      vertex 48.8055 32.5393 28.79
      vertex 48.9108 30.3976 28.79
      vertex 48.9108 32.6024 28.79
    endloop
  endfacet
  facet normal 0 0 1
    outer loop
      vertex 48.8055 32.5393 28.79
      vertex 48.8055 30.4607 28.79
      vertex 48.9108 30.3976 28.79
    endloop
  endfacet
  facet normal -0 0 1
    outer loop
      vertex 48.707 32.4663 28.79
      vertex 48.8055 30.4607 28.79
      vertex 48.8055 32.5393 28.79
    endloop
  endfacet
  facet normal 0 0 1
    outer loop
      vertex 48.707 32.4663 28.79
      vertex 48.707 30.5337 28.79
      vertex 48.8055 30.4607 28.79
    endloop
  endfacet
  facet normal -0 0 1
    outer loop
      vertex 48.6161 32.3839 28.79
      vertex 48.707 30.5337 28.79
      vertex 48.707 32.4663 28.79
    endloop
  endfacet
  facet normal 0 0 1
    outer loop
      vertex 48.6161 32.3839 28.79
      vertex 48.6161 30.6161 28.79
      vertex 48.707 30.5337 28.79
    endloop
  endfacet
  facet normal -0 0 1
    outer loop
      vertex 48.5337 32.293 28.79
      vertex 48.6161 30.6161 28.79
      vertex 48.6161 32.3839 28.79
    endloop
  endfacet
  facet normal 0 0 1
    outer loop
      vertex 48.5337 32.293 28.79
      vertex 48.5337 30.707 28.79
      vertex 48.6161 30.6161 28.79
    endloop
  endfacet
  facet normal -0 0 1
    outer loop
      vertex 48.4607 32.1945 28.79
      vertex 48.5337 30.707 28.79
      vertex 48.5337 32.293 28.79
    endloop
  endfacet
  facet normal 0 0 1
    outer loop
      vertex 48.4607 32.1945 28.79
      vertex 48.4607 30.8055 28.79
      vertex 48.5337 30.707 28.79
    endloop
  endfacet
  facet normal -0 0 1
    outer loop
      vertex 48.3976 32.0892 28.79
      vertex 48.4607 30.8055 28.79
      vertex 48.4607 32.1945 28.79
    endloop
  endfacet
  facet normal 0 0 1
    outer loop
      vertex 48.3976 32.0892 28.79
      vertex 48.3976 30.9108 28.79
      vertex 48.4607 30.8055 28.79
    endloop
  endfacet
  facet normal -0 0 1
    outer loop
      vertex 48.3451 31.9784 28.79
      vertex 48.3976 30.9108 28.79
      vertex 48.3976 32.0892 28.79
    endloop
  endfacet
  facet normal 0 0 1
    outer loop
      vertex 48.3451 31.9784 28.79
      vertex 48.3451 31.0216 28.79
      vertex 48.3976 30.9108 28.79
    endloop
  endfacet
  facet normal -0 0 1
    outer loop
      vertex 48.3038 31.8629 28.79
      vertex 48.3451 31.0216 28.79
      vertex 48.3451 31.9784 28.79
    endloop
  endfacet
  facet normal 0 0 1
    outer loop
      vertex 48.3038 31.8629 28.79
      vertex 48.3038 31.1371 28.79
      vertex 48.3451 31.0216 28.79
    endloop
  endfacet
  facet normal -0 0 1
    outer loop
      vertex 48.274 31.7439 28.79
      vertex 48.3038 31.1371 28.79
      vertex 48.3038 31.8629 28.79
    endloop
  endfacet
  facet normal 0 0 1
    outer loop
      vertex 48.274 31.7439 28.79
      vertex 48.274 31.2561 28.79
      vertex 48.3038 31.1371 28.79
    endloop
  endfacet
  facet normal -0 0 1
    outer loop
      vertex 48.256 31.6225 28.79
      vertex 48.274 31.2561 28.79
      vertex 48.274 31.7439 28.79
    endloop
  endfacet
  facet normal 0 0 1
    outer loop
      vertex 48.256 31.6225 28.79
      vertex 48.256 31.3775 28.79
      vertex 48.274 31.2561 28.79
    endloop
  endfacet
  facet normal 0 -0 1
    outer loop
      vertex 48.256 31.3775 28.79
      vertex 48.256 31.6225 28.79
      vertex 48.25 31.5 28.79
    endloop
  endfacet
  facet normal -0.989186 0.146667 0
    outer loop
      vertex 50.726 31.2561 28.79
      vertex 50.744 31.3775 38.79
      vertex 50.744 31.3775 28.79
    endloop
  endfacet
  facet normal -0.989186 0.146667 0
    outer loop
      vertex 50.744 31.3775 38.79
      vertex 50.726 31.2561 28.79
      vertex 50.726 31.2561 38.79
    endloop
  endfacet
  facet normal -0.146667 -0.989186 0
    outer loop
      vertex 49.6225 32.744 28.79
      vertex 49.7439 32.726 38.79
      vertex 49.6225 32.744 38.79
    endloop
  endfacet
  facet normal -0.146667 -0.989186 -0
    outer loop
      vertex 49.7439 32.726 38.79
      vertex 49.6225 32.744 28.79
      vertex 49.7439 32.726 28.79
    endloop
  endfacet
  facet normal -0.0489209 -0.998803 0
    outer loop
      vertex 49.5 32.75 28.79
      vertex 49.6225 32.744 38.79
      vertex 49.5 32.75 38.79
    endloop
  endfacet
  facet normal -0.0489209 -0.998803 -0
    outer loop
      vertex 49.6225 32.744 38.79
      vertex 49.5 32.75 28.79
      vertex 49.6225 32.744 28.79
    endloop
  endfacet
  facet normal 0.740898 0.671617 0
    outer loop
      vertex 48.6161 30.6161 38.79
      vertex 48.5337 30.707 28.79
      vertex 48.5337 30.707 38.79
    endloop
  endfacet
  facet normal 0.740898 0.671617 0
    outer loop
      vertex 48.5337 30.707 28.79
      vertex 48.6161 30.6161 38.79
      vertex 48.6161 30.6161 28.79
    endloop
  endfacet
  facet normal 0.85778 0.514016 0
    outer loop
      vertex 48.4607 30.8055 38.79
      vertex 48.3976 30.9108 28.79
      vertex 48.3976 30.9108 38.79
    endloop
  endfacet
  facet normal 0.85778 0.514016 0
    outer loop
      vertex 48.3976 30.9108 28.79
      vertex 48.4607 30.8055 38.79
      vertex 48.4607 30.8055 28.79
    endloop
  endfacet
  facet normal 0.336698 -0.941613 0
    outer loop
      vertex 49.0216 32.6549 28.79
      vertex 49.1371 32.6962 38.79
      vertex 49.0216 32.6549 38.79
    endloop
  endfacet
  facet normal 0.336698 -0.941613 0
    outer loop
      vertex 49.1371 32.6962 38.79
      vertex 49.0216 32.6549 28.79
      vertex 49.1371 32.6962 28.79
    endloop
  endfacet
  facet normal 0.514016 0.85778 -0
    outer loop
      vertex 48.9108 30.3976 28.79
      vertex 48.8055 30.4607 38.79
      vertex 48.9108 30.3976 38.79
    endloop
  endfacet
  facet normal 0.514016 0.85778 0
    outer loop
      vertex 48.8055 30.4607 38.79
      vertex 48.9108 30.3976 28.79
      vertex 48.8055 30.4607 28.79
    endloop
  endfacet
  facet normal -0.595423 0.803413 0
    outer loop
      vertex 50.293 30.5337 28.79
      vertex 50.1945 30.4607 38.79
      vertex 50.293 30.5337 38.79
    endloop
  endfacet
  facet normal -0.595423 0.803413 0
    outer loop
      vertex 50.1945 30.4607 38.79
      vertex 50.293 30.5337 28.79
      vertex 50.1945 30.4607 28.79
    endloop
  endfacet
  facet normal 0.336698 0.941613 -0
    outer loop
      vertex 49.1371 30.3038 28.79
      vertex 49.0216 30.3451 38.79
      vertex 49.1371 30.3038 38.79
    endloop
  endfacet
  facet normal 0.336698 0.941613 0
    outer loop
      vertex 49.0216 30.3451 38.79
      vertex 49.1371 30.3038 28.79
      vertex 49.0216 30.3451 28.79
    endloop
  endfacet
  facet normal 0.803413 0.595423 0
    outer loop
      vertex 48.5337 30.707 38.79
      vertex 48.4607 30.8055 28.79
      vertex 48.4607 30.8055 38.79
    endloop
  endfacet
  facet normal 0.803413 0.595423 0
    outer loop
      vertex 48.4607 30.8055 28.79
      vertex 48.5337 30.707 38.79
      vertex 48.5337 30.707 28.79
    endloop
  endfacet
  facet normal 0.903688 -0.428192 0
    outer loop
      vertex 48.3451 31.9784 38.79
      vertex 48.3976 32.0892 28.79
      vertex 48.3976 32.0892 38.79
    endloop
  endfacet
  facet normal 0.903688 -0.428192 0
    outer loop
      vertex 48.3976 32.0892 28.79
      vertex 48.3451 31.9784 38.79
      vertex 48.3451 31.9784 28.79
    endloop
  endfacet
  facet normal 0.989186 0.146667 0
    outer loop
      vertex 48.274 31.2561 38.79
      vertex 48.256 31.3775 28.79
      vertex 48.256 31.3775 38.79
    endloop
  endfacet
  facet normal 0.989186 0.146667 0
    outer loop
      vertex 48.256 31.3775 28.79
      vertex 48.274 31.2561 38.79
      vertex 48.274 31.2561 28.79
    endloop
  endfacet
  facet normal -0.242919 -0.970047 0
    outer loop
      vertex 49.7439 32.726 28.79
      vertex 49.8629 32.6962 38.79
      vertex 49.7439 32.726 38.79
    endloop
  endfacet
  facet normal -0.242919 -0.970047 -0
    outer loop
      vertex 49.8629 32.6962 38.79
      vertex 49.7439 32.726 28.79
      vertex 49.8629 32.6962 28.79
    endloop
  endfacet
  facet normal -0.514016 0.85778 0
    outer loop
      vertex 50.1945 30.4607 28.79
      vertex 50.0892 30.3976 38.79
      vertex 50.1945 30.4607 38.79
    endloop
  endfacet
  facet normal -0.514016 0.85778 0
    outer loop
      vertex 50.0892 30.3976 38.79
      vertex 50.1945 30.4607 28.79
      vertex 50.0892 30.3976 28.79
    endloop
  endfacet
  facet normal 0.671617 0.740898 -0
    outer loop
      vertex 48.707 30.5337 28.79
      vertex 48.6161 30.6161 38.79
      vertex 48.707 30.5337 38.79
    endloop
  endfacet
  facet normal 0.671617 0.740898 0
    outer loop
      vertex 48.6161 30.6161 38.79
      vertex 48.707 30.5337 28.79
      vertex 48.6161 30.6161 28.79
    endloop
  endfacet
  facet normal 0.0489209 0.998803 -0
    outer loop
      vertex 49.5 30.25 28.79
      vertex 49.3775 30.256 38.79
      vertex 49.5 30.25 38.79
    endloop
  endfacet
  facet normal 0.0489209 0.998803 0
    outer loop
      vertex 49.3775 30.256 38.79
      vertex 49.5 30.25 28.79
      vertex 49.3775 30.256 28.79
    endloop
  endfacet
  facet normal 0.998803 -0.0489209 0
    outer loop
      vertex 48.25 31.5 38.79
      vertex 48.256 31.6225 28.79
      vertex 48.256 31.6225 38.79
    endloop
  endfacet
  facet normal 0.998803 -0.0489209 0
    outer loop
      vertex 48.256 31.6225 28.79
      vertex 48.25 31.5 38.79
      vertex 48.25 31.5 28.79
    endloop
  endfacet
  facet normal -0.671617 0.740898 0
    outer loop
      vertex 50.3839 30.6161 28.79
      vertex 50.293 30.5337 38.79
      vertex 50.3839 30.6161 38.79
    endloop
  endfacet
  facet normal -0.671617 0.740898 0
    outer loop
      vertex 50.293 30.5337 38.79
      vertex 50.3839 30.6161 28.79
      vertex 50.293 30.5337 28.79
    endloop
  endfacet
endsolid OpenSCAD_Model
