solid OpenSCAD_Model
  facet normal 0.0489774 -0.9988 0
    outer loop
      vertex 48.2 -33.8 -3
      vertex 48.5528 -33.7827 0
      vertex 48.2 -33.8 0
    endloop
  endfacet
  facet normal 0.0489774 -0.9988 0
    outer loop
      vertex 48.5528 -33.7827 0
      vertex 48.2 -33.8 -3
      vertex 48.5528 -33.7827 -3
    endloop
  endfacet
  facet normal -0.9988 0.0489774 0
    outer loop
      vertex -51.8 30.2 -3
      vertex -51.7827 30.5528 0
      vertex -51.7827 30.5528 -3
    endloop
  endfacet
  facet normal -0.9988 0.0489774 0
    outer loop
      vertex -51.7827 30.5528 0
      vertex -51.8 30.2 -3
      vertex -51.8 30.2 0
    endloop
  endfacet
  facet normal -1 0 0
    outer loop
      vertex -51.8 -30.2 -3
      vertex -51.8 30.2 0
      vertex -51.8 30.2 -3
    endloop
  endfacet
  facet normal -1 -0 0
    outer loop
      vertex -51.8 30.2 0
      vertex -51.8 -30.2 -3
      vertex -51.8 -30.2 0
    endloop
  endfacet
  facet normal -0.0489774 -0.9988 0
    outer loop
      vertex -48.5528 -33.7827 -3
      vertex -48.2 -33.8 0
      vertex -48.5528 -33.7827 0
    endloop
  endfacet
  facet normal -0.0489774 -0.9988 -0
    outer loop
      vertex -48.2 -33.8 0
      vertex -48.5528 -33.7827 -3
      vertex -48.2 -33.8 -3
    endloop
  endfacet
  facet normal 0.336874 -0.94155 0
    outer loop
      vertex 49.245 -33.645 -3
      vertex 49.5776 -33.526 0
      vertex 49.245 -33.645 0
    endloop
  endfacet
  facet normal 0.336874 -0.94155 0
    outer loop
      vertex 49.5776 -33.526 0
      vertex 49.245 -33.645 -3
      vertex 49.5776 -33.526 -3
    endloop
  endfacet
  facet normal -0.94155 0.336874 0
    outer loop
      vertex -51.645 31.245 -3
      vertex -51.526 31.5776 0
      vertex -51.526 31.5776 -3
    endloop
  endfacet
  facet normal -0.94155 0.336874 0
    outer loop
      vertex -51.526 31.5776 0
      vertex -51.645 31.245 -3
      vertex -51.645 31.245 0
    endloop
  endfacet
  facet normal -0.242869 0.970059 0
    outer loop
      vertex -48.9023 33.7308 -3
      vertex -49.245 33.645 0
      vertex -48.9023 33.7308 0
    endloop
  endfacet
  facet normal -0.242869 0.970059 0
    outer loop
      vertex -49.245 33.645 0
      vertex -48.9023 33.7308 -3
      vertex -49.245 33.645 -3
    endloop
  endfacet
  facet normal -0.857743 -0.514079 0
    outer loop
      vertex -51.1933 -32.2 -3
      vertex -51.3749 -31.897 0
      vertex -51.3749 -31.897 -3
    endloop
  endfacet
  facet normal -0.857743 -0.514079 0
    outer loop
      vertex -51.3749 -31.897 0
      vertex -51.1933 -32.2 -3
      vertex -51.1933 -32.2 0
    endloop
  endfacet
  facet normal 0.94155 -0.336874 0
    outer loop
      vertex 51.526 -31.5776 0
      vertex 51.645 -31.245 -3
      vertex 51.645 -31.245 0
    endloop
  endfacet
  facet normal 0.94155 -0.336874 0
    outer loop
      vertex 51.645 -31.245 -3
      vertex 51.526 -31.5776 0
      vertex 51.526 -31.5776 -3
    endloop
  endfacet
  facet normal 0 -1 0
    outer loop
      vertex -48.2 -33.8 -3
      vertex 48.2 -33.8 0
      vertex -48.2 -33.8 0
    endloop
  endfacet
  facet normal 0 -1 -0
    outer loop
      vertex 48.2 -33.8 0
      vertex -48.2 -33.8 -3
      vertex 48.2 -33.8 -3
    endloop
  endfacet
  facet normal 0.146887 0.989153 -0
    outer loop
      vertex 48.9023 33.7308 -3
      vertex 48.5528 33.7827 0
      vertex 48.9023 33.7308 0
    endloop
  endfacet
  facet normal 0.146887 0.989153 0
    outer loop
      vertex 48.5528 33.7827 0
      vertex 48.9023 33.7308 -3
      vertex 48.5528 33.7827 -3
    endloop
  endfacet
  facet normal -0.427636 -0.903951 0
    outer loop
      vertex -49.897 -33.3749 -3
      vertex -49.5776 -33.526 0
      vertex -49.897 -33.3749 0
    endloop
  endfacet
  facet normal -0.427636 -0.903951 -0
    outer loop
      vertex -49.5776 -33.526 0
      vertex -49.897 -33.3749 -3
      vertex -49.5776 -33.526 -3
    endloop
  endfacet
  facet normal 0 1 -0
    outer loop
      vertex 48.2 33.8 -3
      vertex -48.2 33.8 0
      vertex 48.2 33.8 0
    endloop
  endfacet
  facet normal 0 1 0
    outer loop
      vertex -48.2 33.8 0
      vertex 48.2 33.8 -3
      vertex -48.2 33.8 -3
    endloop
  endfacet
  facet normal -0.146887 0.989153 0
    outer loop
      vertex -48.5528 33.7827 -3
      vertex -48.9023 33.7308 0
      vertex -48.5528 33.7827 0
    endloop
  endfacet
  facet normal -0.146887 0.989153 0
    outer loop
      vertex -48.9023 33.7308 0
      vertex -48.5528 33.7827 -3
      vertex -48.9023 33.7308 -3
    endloop
  endfacet
  facet normal -0.741066 0.671432 0
    outer loop
      vertex -50.9828 32.4838 -3
      vertex -50.7456 32.7456 0
      vertex -50.7456 32.7456 -3
    endloop
  endfacet
  facet normal -0.741066 0.671432 0
    outer loop
      vertex -50.7456 32.7456 0
      vertex -50.9828 32.4838 -3
      vertex -50.9828 32.4838 0
    endloop
  endfacet
  facet normal 0.427636 0.903951 -0
    outer loop
      vertex 49.897 33.3749 -3
      vertex 49.5776 33.526 0
      vertex 49.897 33.3749 0
    endloop
  endfacet
  facet normal 0.427636 0.903951 0
    outer loop
      vertex 49.5776 33.526 0
      vertex 49.897 33.3749 -3
      vertex 49.5776 33.526 -3
    endloop
  endfacet
  facet normal -0.336874 0.94155 0
    outer loop
      vertex -49.245 33.645 -3
      vertex -49.5776 33.526 0
      vertex -49.245 33.645 0
    endloop
  endfacet
  facet normal -0.336874 0.94155 0
    outer loop
      vertex -49.5776 33.526 0
      vertex -49.245 33.645 -3
      vertex -49.5776 33.526 -3
    endloop
  endfacet
  facet normal -0.803181 -0.595735 0
    outer loop
      vertex -50.9828 -32.4838 -3
      vertex -51.1933 -32.2 0
      vertex -51.1933 -32.2 -3
    endloop
  endfacet
  facet normal -0.803181 -0.595735 0
    outer loop
      vertex -51.1933 -32.2 0
      vertex -50.9828 -32.4838 -3
      vertex -50.9828 -32.4838 0
    endloop
  endfacet
  facet normal -0.514079 -0.857743 0
    outer loop
      vertex -50.2 -33.1933 -3
      vertex -49.897 -33.3749 0
      vertex -50.2 -33.1933 0
    endloop
  endfacet
  facet normal -0.514079 -0.857743 -0
    outer loop
      vertex -49.897 -33.3749 0
      vertex -50.2 -33.1933 -3
      vertex -49.897 -33.3749 -3
    endloop
  endfacet
  facet normal 0.94155 0.336874 0
    outer loop
      vertex 51.645 31.245 0
      vertex 51.526 31.5776 -3
      vertex 51.526 31.5776 0
    endloop
  endfacet
  facet normal 0.94155 0.336874 0
    outer loop
      vertex 51.526 31.5776 -3
      vertex 51.645 31.245 0
      vertex 51.645 31.245 -3
    endloop
  endfacet
  facet normal 0.0489774 0.9988 -0
    outer loop
      vertex 48.5528 33.7827 -3
      vertex 48.2 33.8 0
      vertex 48.5528 33.7827 0
    endloop
  endfacet
  facet normal 0.0489774 0.9988 0
    outer loop
      vertex 48.2 33.8 0
      vertex 48.5528 33.7827 -3
      vertex 48.2 33.8 -3
    endloop
  endfacet
  facet normal 0.903951 0.427636 0
    outer loop
      vertex 51.526 31.5776 0
      vertex 51.3749 31.897 -3
      vertex 51.3749 31.897 0
    endloop
  endfacet
  facet normal 0.903951 0.427636 0
    outer loop
      vertex 51.3749 31.897 -3
      vertex 51.526 31.5776 0
      vertex 51.526 31.5776 -3
    endloop
  endfacet
  facet normal -0.970059 -0.242869 0
    outer loop
      vertex -51.645 -31.245 -3
      vertex -51.7308 -30.9023 0
      vertex -51.7308 -30.9023 -3
    endloop
  endfacet
  facet normal -0.970059 -0.242869 0
    outer loop
      vertex -51.7308 -30.9023 0
      vertex -51.645 -31.245 -3
      vertex -51.645 -31.245 0
    endloop
  endfacet
  facet normal -0.803181 0.595735 0
    outer loop
      vertex -51.1933 32.2 -3
      vertex -50.9828 32.4838 0
      vertex -50.9828 32.4838 -3
    endloop
  endfacet
  facet normal -0.803181 0.595735 0
    outer loop
      vertex -50.9828 32.4838 0
      vertex -51.1933 32.2 -3
      vertex -51.1933 32.2 0
    endloop
  endfacet
  facet normal 0.741066 -0.671432 0
    outer loop
      vertex 50.7456 -32.7456 0
      vertex 50.9828 -32.4838 -3
      vertex 50.9828 -32.4838 0
    endloop
  endfacet
  facet normal 0.741066 -0.671432 0
    outer loop
      vertex 50.9828 -32.4838 -3
      vertex 50.7456 -32.7456 0
      vertex 50.7456 -32.7456 -3
    endloop
  endfacet
  facet normal -0.671432 0.741066 0
    outer loop
      vertex -50.4838 32.9828 -3
      vertex -50.7456 32.7456 0
      vertex -50.4838 32.9828 0
    endloop
  endfacet
  facet normal -0.671432 0.741066 0
    outer loop
      vertex -50.7456 32.7456 0
      vertex -50.4838 32.9828 -3
      vertex -50.7456 32.7456 -3
    endloop
  endfacet
  facet normal -0.0489774 0.9988 0
    outer loop
      vertex -48.2 33.8 -3
      vertex -48.5528 33.7827 0
      vertex -48.2 33.8 0
    endloop
  endfacet
  facet normal -0.0489774 0.9988 0
    outer loop
      vertex -48.5528 33.7827 0
      vertex -48.2 33.8 -3
      vertex -48.5528 33.7827 -3
    endloop
  endfacet
  facet normal 0.336874 0.94155 -0
    outer loop
      vertex 49.5776 33.526 -3
      vertex 49.245 33.645 0
      vertex 49.5776 33.526 0
    endloop
  endfacet
  facet normal 0.336874 0.94155 0
    outer loop
      vertex 49.245 33.645 0
      vertex 49.5776 33.526 -3
      vertex 49.245 33.645 -3
    endloop
  endfacet
  facet normal 0.741066 0.671432 0
    outer loop
      vertex 50.9828 32.4838 0
      vertex 50.7456 32.7456 -3
      vertex 50.7456 32.7456 0
    endloop
  endfacet
  facet normal 0.741066 0.671432 0
    outer loop
      vertex 50.7456 32.7456 -3
      vertex 50.9828 32.4838 0
      vertex 50.9828 32.4838 -3
    endloop
  endfacet
  facet normal -0.146887 -0.989153 0
    outer loop
      vertex -48.9023 -33.7308 -3
      vertex -48.5528 -33.7827 0
      vertex -48.9023 -33.7308 0
    endloop
  endfacet
  facet normal -0.146887 -0.989153 -0
    outer loop
      vertex -48.5528 -33.7827 0
      vertex -48.9023 -33.7308 -3
      vertex -48.5528 -33.7827 -3
    endloop
  endfacet
  facet normal -0.242869 -0.970059 0
    outer loop
      vertex -49.245 -33.645 -3
      vertex -48.9023 -33.7308 0
      vertex -49.245 -33.645 0
    endloop
  endfacet
  facet normal -0.242869 -0.970059 -0
    outer loop
      vertex -48.9023 -33.7308 0
      vertex -49.245 -33.645 -3
      vertex -48.9023 -33.7308 -3
    endloop
  endfacet
  facet normal -0.336874 -0.94155 0
    outer loop
      vertex -49.5776 -33.526 -3
      vertex -49.245 -33.645 0
      vertex -49.5776 -33.526 0
    endloop
  endfacet
  facet normal -0.336874 -0.94155 -0
    outer loop
      vertex -49.245 -33.645 0
      vertex -49.5776 -33.526 -3
      vertex -49.245 -33.645 -3
    endloop
  endfacet
  facet normal -0.989153 0.146887 0
    outer loop
      vertex -51.7827 30.5528 -3
      vertex -51.7308 30.9023 0
      vertex -51.7308 30.9023 -3
    endloop
  endfacet
  facet normal -0.989153 0.146887 0
    outer loop
      vertex -51.7308 30.9023 0
      vertex -51.7827 30.5528 -3
      vertex -51.7827 30.5528 0
    endloop
  endfacet
  facet normal 0.9988 -0.0489774 0
    outer loop
      vertex 51.7827 -30.5528 0
      vertex 51.8 -30.2 -3
      vertex 51.8 -30.2 0
    endloop
  endfacet
  facet normal 0.9988 -0.0489774 0
    outer loop
      vertex 51.8 -30.2 -3
      vertex 51.7827 -30.5528 0
      vertex 51.7827 -30.5528 -3
    endloop
  endfacet
  facet normal -0.970059 0.242869 0
    outer loop
      vertex -51.7308 30.9023 -3
      vertex -51.645 31.245 0
      vertex -51.645 31.245 -3
    endloop
  endfacet
  facet normal -0.970059 0.242869 0
    outer loop
      vertex -51.645 31.245 0
      vertex -51.7308 30.9023 -3
      vertex -51.7308 30.9023 0
    endloop
  endfacet
  facet normal 1 -0 0
    outer loop
      vertex 51.8 -30.2 0
      vertex 51.8 30.2 -3
      vertex 51.8 30.2 0
    endloop
  endfacet
  facet normal 1 0 0
    outer loop
      vertex 51.8 30.2 -3
      vertex 51.8 -30.2 0
      vertex 51.8 -30.2 -3
    endloop
  endfacet
  facet normal 0.514079 0.857743 -0
    outer loop
      vertex 50.2 33.1933 -3
      vertex 49.897 33.3749 0
      vertex 50.2 33.1933 0
    endloop
  endfacet
  facet normal 0.514079 0.857743 0
    outer loop
      vertex 49.897 33.3749 0
      vertex 50.2 33.1933 -3
      vertex 49.897 33.3749 -3
    endloop
  endfacet
  facet normal -0.989153 -0.146887 0
    outer loop
      vertex -51.7308 -30.9023 -3
      vertex -51.7827 -30.5528 0
      vertex -51.7827 -30.5528 -3
    endloop
  endfacet
  facet normal -0.989153 -0.146887 0
    outer loop
      vertex -51.7827 -30.5528 0
      vertex -51.7308 -30.9023 -3
      vertex -51.7308 -30.9023 0
    endloop
  endfacet
  facet normal 0.989153 0.146887 0
    outer loop
      vertex 51.7827 30.5528 0
      vertex 51.7308 30.9023 -3
      vertex 51.7308 30.9023 0
    endloop
  endfacet
  facet normal 0.989153 0.146887 0
    outer loop
      vertex 51.7308 30.9023 -3
      vertex 51.7827 30.5528 0
      vertex 51.7827 30.5528 -3
    endloop
  endfacet
  facet normal -0.857743 0.514079 0
    outer loop
      vertex -51.3749 31.897 -3
      vertex -51.1933 32.2 0
      vertex -51.1933 32.2 -3
    endloop
  endfacet
  facet normal -0.857743 0.514079 0
    outer loop
      vertex -51.1933 32.2 0
      vertex -51.3749 31.897 -3
      vertex -51.3749 31.897 0
    endloop
  endfacet
  facet normal 0.671432 0.741066 -0
    outer loop
      vertex 50.7456 32.7456 -3
      vertex 50.4838 32.9828 0
      vertex 50.7456 32.7456 0
    endloop
  endfacet
  facet normal 0.671432 0.741066 0
    outer loop
      vertex 50.4838 32.9828 0
      vertex 50.7456 32.7456 -3
      vertex 50.4838 32.9828 -3
    endloop
  endfacet
  facet normal 0.989153 -0.146887 0
    outer loop
      vertex 51.7308 -30.9023 0
      vertex 51.7827 -30.5528 -3
      vertex 51.7827 -30.5528 0
    endloop
  endfacet
  facet normal 0.989153 -0.146887 0
    outer loop
      vertex 51.7827 -30.5528 -3
      vertex 51.7308 -30.9023 0
      vertex 51.7308 -30.9023 -3
    endloop
  endfacet
  facet normal 0.9988 0.0489774 0
    outer loop
      vertex 51.8 30.2 0
      vertex 51.7827 30.5528 -3
      vertex 51.7827 30.5528 0
    endloop
  endfacet
  facet normal 0.9988 0.0489774 0
    outer loop
      vertex 51.7827 30.5528 -3
      vertex 51.8 30.2 0
      vertex 51.8 30.2 -3
    endloop
  endfacet
  facet normal -0.9988 -0.0489774 0
    outer loop
      vertex -51.7827 -30.5528 -3
      vertex -51.8 -30.2 0
      vertex -51.8 -30.2 -3
    endloop
  endfacet
  facet normal -0.9988 -0.0489774 0
    outer loop
      vertex -51.8 -30.2 0
      vertex -51.7827 -30.5528 -3
      vertex -51.7827 -30.5528 0
    endloop
  endfacet
  facet normal 0.595735 0.803181 -0
    outer loop
      vertex 50.4838 32.9828 -3
      vertex 50.2 33.1933 0
      vertex 50.4838 32.9828 0
    endloop
  endfacet
  facet normal 0.595735 0.803181 0
    outer loop
      vertex 50.2 33.1933 0
      vertex 50.4838 32.9828 -3
      vertex 50.2 33.1933 -3
    endloop
  endfacet
  facet normal -0.595735 0.803181 0
    outer loop
      vertex -50.2 33.1933 -3
      vertex -50.4838 32.9828 0
      vertex -50.2 33.1933 0
    endloop
  endfacet
  facet normal -0.595735 0.803181 0
    outer loop
      vertex -50.4838 32.9828 0
      vertex -50.2 33.1933 -3
      vertex -50.4838 32.9828 -3
    endloop
  endfacet
  facet normal 0.242869 0.970059 -0
    outer loop
      vertex 49.245 33.645 -3
      vertex 48.9023 33.7308 0
      vertex 49.245 33.645 0
    endloop
  endfacet
  facet normal 0.242869 0.970059 0
    outer loop
      vertex 48.9023 33.7308 0
      vertex 49.245 33.645 -3
      vertex 48.9023 33.7308 -3
    endloop
  endfacet
  facet normal 0.857743 -0.514079 0
    outer loop
      vertex 51.1933 -32.2 0
      vertex 51.3749 -31.897 -3
      vertex 51.3749 -31.897 0
    endloop
  endfacet
  facet normal 0.857743 -0.514079 0
    outer loop
      vertex 51.3749 -31.897 -3
      vertex 51.1933 -32.2 0
      vertex 51.1933 -32.2 -3
    endloop
  endfacet
  facet normal 0.427636 -0.903951 0
    outer loop
      vertex 49.5776 -33.526 -3
      vertex 49.897 -33.3749 0
      vertex 49.5776 -33.526 0
    endloop
  endfacet
  facet normal 0.427636 -0.903951 0
    outer loop
      vertex 49.897 -33.3749 0
      vertex 49.5776 -33.526 -3
      vertex 49.897 -33.3749 -3
    endloop
  endfacet
  facet normal 0.803181 0.595735 0
    outer loop
      vertex 51.1933 32.2 0
      vertex 50.9828 32.4838 -3
      vertex 50.9828 32.4838 0
    endloop
  endfacet
  facet normal 0.803181 0.595735 0
    outer loop
      vertex 50.9828 32.4838 -3
      vertex 51.1933 32.2 0
      vertex 51.1933 32.2 -3
    endloop
  endfacet
  facet normal 0.146887 -0.989153 0
    outer loop
      vertex 48.5528 -33.7827 -3
      vertex 48.9023 -33.7308 0
      vertex 48.5528 -33.7827 0
    endloop
  endfacet
  facet normal 0.146887 -0.989153 0
    outer loop
      vertex 48.9023 -33.7308 0
      vertex 48.5528 -33.7827 -3
      vertex 48.9023 -33.7308 -3
    endloop
  endfacet
  facet normal -0.595735 -0.803181 0
    outer loop
      vertex -50.4838 -32.9828 -3
      vertex -50.2 -33.1933 0
      vertex -50.4838 -32.9828 0
    endloop
  endfacet
  facet normal -0.595735 -0.803181 -0
    outer loop
      vertex -50.2 -33.1933 0
      vertex -50.4838 -32.9828 -3
      vertex -50.2 -33.1933 -3
    endloop
  endfacet
  facet normal 0.970059 -0.242869 0
    outer loop
      vertex 51.645 -31.245 0
      vertex 51.7308 -30.9023 -3
      vertex 51.7308 -30.9023 0
    endloop
  endfacet
  facet normal 0.970059 -0.242869 0
    outer loop
      vertex 51.7308 -30.9023 -3
      vertex 51.645 -31.245 0
      vertex 51.645 -31.245 -3
    endloop
  endfacet
  facet normal 0.903951 -0.427636 0
    outer loop
      vertex 51.3749 -31.897 0
      vertex 51.526 -31.5776 -3
      vertex 51.526 -31.5776 0
    endloop
  endfacet
  facet normal 0.903951 -0.427636 0
    outer loop
      vertex 51.526 -31.5776 -3
      vertex 51.3749 -31.897 0
      vertex 51.3749 -31.897 -3
    endloop
  endfacet
  facet normal -0.94155 -0.336874 0
    outer loop
      vertex -51.526 -31.5776 -3
      vertex -51.645 -31.245 0
      vertex -51.645 -31.245 -3
    endloop
  endfacet
  facet normal -0.94155 -0.336874 0
    outer loop
      vertex -51.645 -31.245 0
      vertex -51.526 -31.5776 -3
      vertex -51.526 -31.5776 0
    endloop
  endfacet
  facet normal 0.595735 -0.803181 0
    outer loop
      vertex 50.2 -33.1933 -3
      vertex 50.4838 -32.9828 0
      vertex 50.2 -33.1933 0
    endloop
  endfacet
  facet normal 0.595735 -0.803181 0
    outer loop
      vertex 50.4838 -32.9828 0
      vertex 50.2 -33.1933 -3
      vertex 50.4838 -32.9828 -3
    endloop
  endfacet
  facet normal -0.514079 0.857743 0
    outer loop
      vertex -49.897 33.3749 -3
      vertex -50.2 33.1933 0
      vertex -49.897 33.3749 0
    endloop
  endfacet
  facet normal -0.514079 0.857743 0
    outer loop
      vertex -50.2 33.1933 0
      vertex -49.897 33.3749 -3
      vertex -50.2 33.1933 -3
    endloop
  endfacet
  facet normal -0.427636 0.903951 0
    outer loop
      vertex -49.5776 33.526 -3
      vertex -49.897 33.3749 0
      vertex -49.5776 33.526 0
    endloop
  endfacet
  facet normal -0.427636 0.903951 0
    outer loop
      vertex -49.897 33.3749 0
      vertex -49.5776 33.526 -3
      vertex -49.897 33.3749 -3
    endloop
  endfacet
  facet normal -0.903951 0.427636 0
    outer loop
      vertex -51.526 31.5776 -3
      vertex -51.3749 31.897 0
      vertex -51.3749 31.897 -3
    endloop
  endfacet
  facet normal -0.903951 0.427636 0
    outer loop
      vertex -51.3749 31.897 0
      vertex -51.526 31.5776 -3
      vertex -51.526 31.5776 0
    endloop
  endfacet
  facet normal 0.803181 -0.595735 0
    outer loop
      vertex 50.9828 -32.4838 0
      vertex 51.1933 -32.2 -3
      vertex 51.1933 -32.2 0
    endloop
  endfacet
  facet normal 0.803181 -0.595735 0
    outer loop
      vertex 51.1933 -32.2 -3
      vertex 50.9828 -32.4838 0
      vertex 50.9828 -32.4838 -3
    endloop
  endfacet
  facet normal 0.857743 0.514079 0
    outer loop
      vertex 51.3749 31.897 0
      vertex 51.1933 32.2 -3
      vertex 51.1933 32.2 0
    endloop
  endfacet
  facet normal 0.857743 0.514079 0
    outer loop
      vertex 51.1933 32.2 -3
      vertex 51.3749 31.897 0
      vertex 51.3749 31.897 -3
    endloop
  endfacet
  facet normal 0.242869 -0.970059 0
    outer loop
      vertex 48.9023 -33.7308 -3
      vertex 49.245 -33.645 0
      vertex 48.9023 -33.7308 0
    endloop
  endfacet
  facet normal 0.242869 -0.970059 0
    outer loop
      vertex 49.245 -33.645 0
      vertex 48.9023 -33.7308 -3
      vertex 49.245 -33.645 -3
    endloop
  endfacet
  facet normal -0.671432 -0.741066 0
    outer loop
      vertex -50.7456 -32.7456 -3
      vertex -50.4838 -32.9828 0
      vertex -50.7456 -32.7456 0
    endloop
  endfacet
  facet normal -0.671432 -0.741066 -0
    outer loop
      vertex -50.4838 -32.9828 0
      vertex -50.7456 -32.7456 -3
      vertex -50.4838 -32.9828 -3
    endloop
  endfacet
  facet normal -0.741066 -0.671432 0
    outer loop
      vertex -50.7456 -32.7456 -3
      vertex -50.9828 -32.4838 0
      vertex -50.9828 -32.4838 -3
    endloop
  endfacet
  facet normal -0.741066 -0.671432 0
    outer loop
      vertex -50.9828 -32.4838 0
      vertex -50.7456 -32.7456 -3
      vertex -50.7456 -32.7456 0
    endloop
  endfacet
  facet normal 0.514079 -0.857743 0
    outer loop
      vertex 49.897 -33.3749 -3
      vertex 50.2 -33.1933 0
      vertex 49.897 -33.3749 0
    endloop
  endfacet
  facet normal 0.514079 -0.857743 0
    outer loop
      vertex 50.2 -33.1933 0
      vertex 49.897 -33.3749 -3
      vertex 50.2 -33.1933 -3
    endloop
  endfacet
  facet normal 0 0 -1
    outer loop
      vertex -47.497 30.9749 -3
      vertex -48.1565 31.3677 -3
      vertex -48.15 31.5 -3
    endloop
  endfacet
  facet normal 0 0 -1
    outer loop
      vertex -47.8 30.7933 -3
      vertex -48.1759 31.2366 -3
      vertex -48.1565 31.3677 -3
    endloop
  endfacet
  facet normal 0 0 -1
    outer loop
      vertex -47.8 30.7933 -3
      vertex -48.2081 31.1081 -3
      vertex -48.1759 31.2366 -3
    endloop
  endfacet
  facet normal 0 0 -1
    outer loop
      vertex -47.8 30.7933 -3
      vertex -48.2528 30.9834 -3
      vertex -48.2081 31.1081 -3
    endloop
  endfacet
  facet normal 0 0 -1
    outer loop
      vertex -48.0838 30.5828 -3
      vertex -48.3094 30.8636 -3
      vertex -48.2528 30.9834 -3
    endloop
  endfacet
  facet normal 0 0 -1
    outer loop
      vertex -48.4564 30.6436 -3
      vertex -48.0838 30.5828 -3
      vertex -48.3456 30.3456 -3
    endloop
  endfacet
  facet normal 0 0 -1
    outer loop
      vertex -48.0838 30.5828 -3
      vertex -48.3775 30.75 -3
      vertex -48.3094 30.8636 -3
    endloop
  endfacet
  facet normal 0 0 -1
    outer loop
      vertex -48.0838 30.5828 -3
      vertex -48.4564 30.6436 -3
      vertex -48.3775 30.75 -3
    endloop
  endfacet
  facet normal 0 0 -1
    outer loop
      vertex -48.3456 30.3456 -3
      vertex -48.5454 30.5454 -3
      vertex -48.4564 30.6436 -3
    endloop
  endfacet
  facet normal 0 0 -1
    outer loop
      vertex -48.6436 30.4564 -3
      vertex -48.3456 30.3456 -3
      vertex -48.5828 30.0838 -3
    endloop
  endfacet
  facet normal 0 0 -1
    outer loop
      vertex -48.3456 30.3456 -3
      vertex -48.6436 30.4564 -3
      vertex -48.5454 30.5454 -3
    endloop
  endfacet
  facet normal 0 0 -1
    outer loop
      vertex -48.5828 30.0838 -3
      vertex -48.75 30.3775 -3
      vertex -48.6436 30.4564 -3
    endloop
  endfacet
  facet normal 0 0 -1
    outer loop
      vertex -48.9834 30.2528 -3
      vertex -48.5828 30.0838 -3
      vertex -48.7933 29.8 -3
    endloop
  endfacet
  facet normal 0 0 -1
    outer loop
      vertex -48.5828 30.0838 -3
      vertex -48.8636 30.3094 -3
      vertex -48.75 30.3775 -3
    endloop
  endfacet
  facet normal 0 0 -1
    outer loop
      vertex -49.2366 30.1759 -3
      vertex -48.7933 29.8 -3
      vertex -48.9749 29.497 -3
    endloop
  endfacet
  facet normal 0 0 -1
    outer loop
      vertex -48.5828 30.0838 -3
      vertex -48.9834 30.2528 -3
      vertex -48.8636 30.3094 -3
    endloop
  endfacet
  facet normal 0 0 -1
    outer loop
      vertex -48.7933 29.8 -3
      vertex -49.1081 30.2081 -3
      vertex -48.9834 30.2528 -3
    endloop
  endfacet
  facet normal 0 0 -1
    outer loop
      vertex -49.5 30.15 -3
      vertex -48.9749 29.497 -3
      vertex -49.126 29.1776 -3
    endloop
  endfacet
  facet normal 0 0 -1
    outer loop
      vertex -48.7933 29.8 -3
      vertex -49.2366 30.1759 -3
      vertex -49.1081 30.2081 -3
    endloop
  endfacet
  facet normal 0 0 -1
    outer loop
      vertex -49.7634 30.1759 -3
      vertex -49.126 29.1776 -3
      vertex -49.245 28.845 -3
    endloop
  endfacet
  facet normal 0 0 -1
    outer loop
      vertex -50.0166 30.2528 -3
      vertex -49.245 28.845 -3
      vertex -49.3308 28.5023 -3
    endloop
  endfacet
  facet normal 0 0 -1
    outer loop
      vertex -48.9749 29.497 -3
      vertex -49.3677 30.1565 -3
      vertex -49.2366 30.1759 -3
    endloop
  endfacet
  facet normal 0 0 -1
    outer loop
      vertex -51.8 30.2 -3
      vertex -49.3308 28.5023 -3
      vertex -49.3827 28.1528 -3
    endloop
  endfacet
  facet normal 0 0 -1
    outer loop
      vertex -51.8 30.2 -3
      vertex -49.3827 28.1528 -3
      vertex -49.4 27.8 -3
    endloop
  endfacet
  facet normal 0 0 -1
    outer loop
      vertex -48.9749 29.497 -3
      vertex -49.5 30.15 -3
      vertex -49.3677 30.1565 -3
    endloop
  endfacet
  facet normal -0 0 -1
    outer loop
      vertex -49.245 -28.845 -3
      vertex -50.0166 -30.2528 -3
      vertex -49.3308 -28.5023 -3
    endloop
  endfacet
  facet normal -0 0 -1
    outer loop
      vertex -49.4 -27.8 -3
      vertex -51.8 -30.2 -3
      vertex -49.4 27.8 -3
    endloop
  endfacet
  facet normal 0 0 -1
    outer loop
      vertex -49.126 29.1776 -3
      vertex -49.6323 30.1565 -3
      vertex -49.5 30.15 -3
    endloop
  endfacet
  facet normal 0 0 -1
    outer loop
      vertex -50.1364 -30.3094 -3
      vertex -49.3308 -28.5023 -3
      vertex -50.0166 -30.2528 -3
    endloop
  endfacet
  facet normal 0 0 -1
    outer loop
      vertex -51.8 30.2 -3
      vertex -49.4 27.8 -3
      vertex -51.8 -30.2 -3
    endloop
  endfacet
  facet normal 0 0 -1
    outer loop
      vertex -51.8 -30.2 -3
      vertex -49.3308 -28.5023 -3
      vertex -50.1364 -30.3094 -3
    endloop
  endfacet
  facet normal 0 0 -1
    outer loop
      vertex -49.3308 28.5023 -3
      vertex -51.8 30.2 -3
      vertex -50.1364 30.3094 -3
    endloop
  endfacet
  facet normal -0 0 -1
    outer loop
      vertex -49.3308 -28.5023 -3
      vertex -51.8 -30.2 -3
      vertex -49.3827 -28.1528 -3
    endloop
  endfacet
  facet normal 0 0 -1
    outer loop
      vertex -49.126 29.1776 -3
      vertex -49.7634 30.1759 -3
      vertex -49.6323 30.1565 -3
    endloop
  endfacet
  facet normal -0 0 -1
    outer loop
      vertex -49.3827 -28.1528 -3
      vertex -51.8 -30.2 -3
      vertex -49.4 -27.8 -3
    endloop
  endfacet
  facet normal 0 0 -1
    outer loop
      vertex -49.245 28.845 -3
      vertex -49.8919 30.2081 -3
      vertex -49.7634 30.1759 -3
    endloop
  endfacet
  facet normal 0 0 -1
    outer loop
      vertex -51.8 -30.2 -3
      vertex -50.1364 -30.3094 -3
      vertex -50.25 -30.3775 -3
    endloop
  endfacet
  facet normal 0 0 -1
    outer loop
      vertex -49.245 28.845 -3
      vertex -50.0166 30.2528 -3
      vertex -49.8919 30.2081 -3
    endloop
  endfacet
  facet normal 0 0 -1
    outer loop
      vertex -51.8 -30.2 -3
      vertex -50.25 -30.3775 -3
      vertex -50.3564 -30.4564 -3
    endloop
  endfacet
  facet normal 0 0 -1
    outer loop
      vertex -49.3308 28.5023 -3
      vertex -50.1364 30.3094 -3
      vertex -50.0166 30.2528 -3
    endloop
  endfacet
  facet normal 0 0 -1
    outer loop
      vertex -51.8 -30.2 -3
      vertex -50.3564 -30.4564 -3
      vertex -50.4546 -30.5454 -3
    endloop
  endfacet
  facet normal -0 0 -1
    outer loop
      vertex -50.1364 30.3094 -3
      vertex -51.8 30.2 -3
      vertex -50.25 30.3775 -3
    endloop
  endfacet
  facet normal 0 0 -1
    outer loop
      vertex -51.8 -30.2 -3
      vertex -50.4546 -30.5454 -3
      vertex -50.5436 -30.6436 -3
    endloop
  endfacet
  facet normal -0 0 -1
    outer loop
      vertex -50.25 30.3775 -3
      vertex -51.8 30.2 -3
      vertex -50.3564 30.4564 -3
    endloop
  endfacet
  facet normal 0 0 -1
    outer loop
      vertex -51.8 -30.2 -3
      vertex -50.5436 -30.6436 -3
      vertex -50.6225 -30.75 -3
    endloop
  endfacet
  facet normal -0 0 -1
    outer loop
      vertex -50.3564 30.4564 -3
      vertex -51.8 30.2 -3
      vertex -50.4546 30.5454 -3
    endloop
  endfacet
  facet normal 0 0 -1
    outer loop
      vertex -51.7827 -30.5528 -3
      vertex -50.6225 -30.75 -3
      vertex -50.6906 -30.8636 -3
    endloop
  endfacet
  facet normal -0 0 -1
    outer loop
      vertex -50.4546 30.5454 -3
      vertex -51.8 30.2 -3
      vertex -50.5436 30.6436 -3
    endloop
  endfacet
  facet normal 0 0 -1
    outer loop
      vertex -51.7308 -30.9023 -3
      vertex -50.6906 -30.8636 -3
      vertex -50.7472 -30.9834 -3
    endloop
  endfacet
  facet normal -0 0 -1
    outer loop
      vertex -50.5436 30.6436 -3
      vertex -51.8 30.2 -3
      vertex -50.6225 30.75 -3
    endloop
  endfacet
  facet normal 0 0 -1
    outer loop
      vertex -51.7308 -30.9023 -3
      vertex -50.7472 -30.9834 -3
      vertex -50.7919 -31.1081 -3
    endloop
  endfacet
  facet normal 0 -0 -1
    outer loop
      vertex -51.7827 30.5528 -3
      vertex -50.6225 30.75 -3
      vertex -51.8 30.2 -3
    endloop
  endfacet
  facet normal 0 0 -1
    outer loop
      vertex -51.645 -31.245 -3
      vertex -50.7919 -31.1081 -3
      vertex -50.8241 -31.2366 -3
    endloop
  endfacet
  facet normal -0 0 -1
    outer loop
      vertex -50.6225 30.75 -3
      vertex -51.7827 30.5528 -3
      vertex -50.6906 30.8636 -3
    endloop
  endfacet
  facet normal 0 0 -1
    outer loop
      vertex -51.645 -31.245 -3
      vertex -50.8241 -31.2366 -3
      vertex -50.8435 -31.3677 -3
    endloop
  endfacet
  facet normal 0 -0 -1
    outer loop
      vertex -51.7308 30.9023 -3
      vertex -50.6906 30.8636 -3
      vertex -51.7827 30.5528 -3
    endloop
  endfacet
  facet normal 0 0 -1
    outer loop
      vertex -51.526 -31.5776 -3
      vertex -50.8435 -31.3677 -3
      vertex -50.85 -31.5 -3
    endloop
  endfacet
  facet normal 0 0 -1
    outer loop
      vertex -50.6906 30.8636 -3
      vertex -51.7308 30.9023 -3
      vertex -50.7472 30.9834 -3
    endloop
  endfacet
  facet normal -0 0 -1
    outer loop
      vertex -47.497 -30.9749 -3
      vertex -48.1759 -31.2366 -3
      vertex -47.8 -30.7933 -3
    endloop
  endfacet
  facet normal 0 0 -1
    outer loop
      vertex -48.2081 -31.1081 -3
      vertex -47.8 -30.7933 -3
      vertex -48.1759 -31.2366 -3
    endloop
  endfacet
  facet normal 0 0 -1
    outer loop
      vertex -48.2528 -30.9834 -3
      vertex -47.8 -30.7933 -3
      vertex -48.2081 -31.1081 -3
    endloop
  endfacet
  facet normal -0 0 -1
    outer loop
      vertex -47.8 -30.7933 -3
      vertex -48.2528 -30.9834 -3
      vertex -48.0838 -30.5828 -3
    endloop
  endfacet
  facet normal 0 0 -1
    outer loop
      vertex -48.3094 -30.8636 -3
      vertex -48.0838 -30.5828 -3
      vertex -48.2528 -30.9834 -3
    endloop
  endfacet
  facet normal 0 0 -1
    outer loop
      vertex -48.3775 -30.75 -3
      vertex -48.0838 -30.5828 -3
      vertex -48.3094 -30.8636 -3
    endloop
  endfacet
  facet normal 0 0 -1
    outer loop
      vertex -48.4564 -30.6436 -3
      vertex -48.0838 -30.5828 -3
      vertex -48.3775 -30.75 -3
    endloop
  endfacet
  facet normal -0 0 -1
    outer loop
      vertex -48.0838 -30.5828 -3
      vertex -48.4564 -30.6436 -3
      vertex -48.3456 -30.3456 -3
    endloop
  endfacet
  facet normal 0 0 -1
    outer loop
      vertex -48.5454 -30.5454 -3
      vertex -48.3456 -30.3456 -3
      vertex -48.4564 -30.6436 -3
    endloop
  endfacet
  facet normal 0 0 -1
    outer loop
      vertex -48.6436 -30.4564 -3
      vertex -48.3456 -30.3456 -3
      vertex -48.5454 -30.5454 -3
    endloop
  endfacet
  facet normal -0 0 -1
    outer loop
      vertex -48.3456 -30.3456 -3
      vertex -48.6436 -30.4564 -3
      vertex -48.5828 -30.0838 -3
    endloop
  endfacet
  facet normal 0 0 -1
    outer loop
      vertex -48.75 -30.3775 -3
      vertex -48.5828 -30.0838 -3
      vertex -48.6436 -30.4564 -3
    endloop
  endfacet
  facet normal 0 0 -1
    outer loop
      vertex -48.8636 -30.3094 -3
      vertex -48.5828 -30.0838 -3
      vertex -48.75 -30.3775 -3
    endloop
  endfacet
  facet normal 0 0 -1
    outer loop
      vertex -48.9834 -30.2528 -3
      vertex -48.5828 -30.0838 -3
      vertex -48.8636 -30.3094 -3
    endloop
  endfacet
  facet normal -0 0 -1
    outer loop
      vertex -48.5828 -30.0838 -3
      vertex -48.9834 -30.2528 -3
      vertex -48.7933 -29.8 -3
    endloop
  endfacet
  facet normal 0 0 -1
    outer loop
      vertex -49.1081 -30.2081 -3
      vertex -48.7933 -29.8 -3
      vertex -48.9834 -30.2528 -3
    endloop
  endfacet
  facet normal 0 0 -1
    outer loop
      vertex -49.2366 -30.1759 -3
      vertex -48.7933 -29.8 -3
      vertex -49.1081 -30.2081 -3
    endloop
  endfacet
  facet normal -0 0 -1
    outer loop
      vertex -48.7933 -29.8 -3
      vertex -49.2366 -30.1759 -3
      vertex -48.9749 -29.497 -3
    endloop
  endfacet
  facet normal 0 0 -1
    outer loop
      vertex -49.3677 -30.1565 -3
      vertex -48.9749 -29.497 -3
      vertex -49.2366 -30.1759 -3
    endloop
  endfacet
  facet normal 0 0 -1
    outer loop
      vertex -49.5 -30.15 -3
      vertex -48.9749 -29.497 -3
      vertex -49.3677 -30.1565 -3
    endloop
  endfacet
  facet normal -0 0 -1
    outer loop
      vertex -48.9749 -29.497 -3
      vertex -49.5 -30.15 -3
      vertex -49.126 -29.1776 -3
    endloop
  endfacet
  facet normal 0 0 -1
    outer loop
      vertex -49.6323 -30.1565 -3
      vertex -49.126 -29.1776 -3
      vertex -49.5 -30.15 -3
    endloop
  endfacet
  facet normal 0 0 -1
    outer loop
      vertex -49.7634 -30.1759 -3
      vertex -49.126 -29.1776 -3
      vertex -49.6323 -30.1565 -3
    endloop
  endfacet
  facet normal -0 0 -1
    outer loop
      vertex -49.126 -29.1776 -3
      vertex -49.7634 -30.1759 -3
      vertex -49.245 -28.845 -3
    endloop
  endfacet
  facet normal 0 0 -1
    outer loop
      vertex -50.0166 -30.2528 -3
      vertex -49.245 -28.845 -3
      vertex -49.8919 -30.2081 -3
    endloop
  endfacet
  facet normal 0 0 -1
    outer loop
      vertex -49.8919 -30.2081 -3
      vertex -49.245 -28.845 -3
      vertex -49.7634 -30.1759 -3
    endloop
  endfacet
  facet normal 0 0 -1
    outer loop
      vertex 50.6906 -30.8636 -3
      vertex 51.7308 -30.9023 -3
      vertex 50.7472 -30.9834 -3
    endloop
  endfacet
  facet normal 0 0 -1
    outer loop
      vertex 51.8 30.2 -3
      vertex 50.8435 31.3677 -3
      vertex 50.85 31.5 -3
    endloop
  endfacet
  facet normal 0 0 -1
    outer loop
      vertex 51.7308 -30.9023 -3
      vertex 50.6906 -30.8636 -3
      vertex 51.7827 -30.5528 -3
    endloop
  endfacet
  facet normal 0 0 -1
    outer loop
      vertex 51.8 30.2 -3
      vertex 50.8241 31.2366 -3
      vertex 50.8435 31.3677 -3
    endloop
  endfacet
  facet normal 0 0 -1
    outer loop
      vertex 50.6225 -30.75 -3
      vertex 51.7827 -30.5528 -3
      vertex 50.6906 -30.8636 -3
    endloop
  endfacet
  facet normal 0 0 -1
    outer loop
      vertex 51.8 30.2 -3
      vertex 50.7919 31.1081 -3
      vertex 50.8241 31.2366 -3
    endloop
  endfacet
  facet normal 0 0 -1
    outer loop
      vertex 51.8 -30.2 -3
      vertex 49.4 -27.8 -3
      vertex 51.8 30.2 -3
    endloop
  endfacet
  facet normal 0 0 -1
    outer loop
      vertex 51.8 30.2 -3
      vertex 50.7472 30.9834 -3
      vertex 50.7919 31.1081 -3
    endloop
  endfacet
  facet normal -0 0 -1
    outer loop
      vertex 51.7827 -30.5528 -3
      vertex 50.6225 -30.75 -3
      vertex 51.8 -30.2 -3
    endloop
  endfacet
  facet normal 0 0 -1
    outer loop
      vertex 49.4 27.8 -3
      vertex 51.8 30.2 -3
      vertex 49.4 -27.8 -3
    endloop
  endfacet
  facet normal 0 0 -1
    outer loop
      vertex 50.5436 -30.6436 -3
      vertex 51.8 -30.2 -3
      vertex 50.6225 -30.75 -3
    endloop
  endfacet
  facet normal 0 0 -1
    outer loop
      vertex 49.3827 28.1528 -3
      vertex 51.8 30.2 -3
      vertex 49.4 27.8 -3
    endloop
  endfacet
  facet normal 0 0 -1
    outer loop
      vertex 50.4546 -30.5454 -3
      vertex 51.8 -30.2 -3
      vertex 50.5436 -30.6436 -3
    endloop
  endfacet
  facet normal 0 0 -1
    outer loop
      vertex 51.8 30.2 -3
      vertex 50.6906 30.8636 -3
      vertex 50.7472 30.9834 -3
    endloop
  endfacet
  facet normal 0 0 -1
    outer loop
      vertex 50.3564 -30.4564 -3
      vertex 51.8 -30.2 -3
      vertex 50.4546 -30.5454 -3
    endloop
  endfacet
  facet normal 0 0 -1
    outer loop
      vertex 51.8 30.2 -3
      vertex 50.6225 30.75 -3
      vertex 50.6906 30.8636 -3
    endloop
  endfacet
  facet normal 0 0 -1
    outer loop
      vertex 50.25 -30.3775 -3
      vertex 51.8 -30.2 -3
      vertex 50.3564 -30.4564 -3
    endloop
  endfacet
  facet normal 0 0 -1
    outer loop
      vertex 51.8 30.2 -3
      vertex 50.5436 30.6436 -3
      vertex 50.6225 30.75 -3
    endloop
  endfacet
  facet normal 0 0 -1
    outer loop
      vertex 50.1364 -30.3094 -3
      vertex 51.8 -30.2 -3
      vertex 50.25 -30.3775 -3
    endloop
  endfacet
  facet normal 0 0 -1
    outer loop
      vertex 51.8 30.2 -3
      vertex 50.4546 30.5454 -3
      vertex 50.5436 30.6436 -3
    endloop
  endfacet
  facet normal -0 0 -1
    outer loop
      vertex 51.8 -30.2 -3
      vertex 50.1364 -30.3094 -3
      vertex 49.3308 -28.5023 -3
    endloop
  endfacet
  facet normal 0 0 -1
    outer loop
      vertex 49.3308 28.5023 -3
      vertex 51.8 30.2 -3
      vertex 49.3827 28.1528 -3
    endloop
  endfacet
  facet normal 0 0 -1
    outer loop
      vertex 49.3308 -28.5023 -3
      vertex 50.1364 -30.3094 -3
      vertex 50.0166 -30.2528 -3
    endloop
  endfacet
  facet normal 0 0 -1
    outer loop
      vertex 51.8 30.2 -3
      vertex 50.3564 30.4564 -3
      vertex 50.4546 30.5454 -3
    endloop
  endfacet
  facet normal 0 0 -1
    outer loop
      vertex 49.245 -28.845 -3
      vertex 50.0166 -30.2528 -3
      vertex 49.8919 -30.2081 -3
    endloop
  endfacet
  facet normal 0 0 -1
    outer loop
      vertex 51.8 30.2 -3
      vertex 50.25 30.3775 -3
      vertex 50.3564 30.4564 -3
    endloop
  endfacet
  facet normal 0 0 -1
    outer loop
      vertex 49.245 -28.845 -3
      vertex 49.8919 -30.2081 -3
      vertex 49.7634 -30.1759 -3
    endloop
  endfacet
  facet normal 0 -0 -1
    outer loop
      vertex 50.1364 30.3094 -3
      vertex 51.8 30.2 -3
      vertex 49.3308 28.5023 -3
    endloop
  endfacet
  facet normal 0 0 -1
    outer loop
      vertex 49.126 -29.1776 -3
      vertex 49.7634 -30.1759 -3
      vertex 49.6323 -30.1565 -3
    endloop
  endfacet
  facet normal 0 0 -1
    outer loop
      vertex 51.8 30.2 -3
      vertex 50.1364 30.3094 -3
      vertex 50.25 30.3775 -3
    endloop
  endfacet
  facet normal 0 0 -1
    outer loop
      vertex 49.126 -29.1776 -3
      vertex 49.6323 -30.1565 -3
      vertex 49.5 -30.15 -3
    endloop
  endfacet
  facet normal 0 0 -1
    outer loop
      vertex 50.1364 30.3094 -3
      vertex 49.3308 28.5023 -3
      vertex 50.0166 30.2528 -3
    endloop
  endfacet
  facet normal 0 0 -1
    outer loop
      vertex 49.245 28.845 -3
      vertex 50.0166 30.2528 -3
      vertex 49.3308 28.5023 -3
    endloop
  endfacet
  facet normal 0 0 -1
    outer loop
      vertex 51.8 -30.2 -3
      vertex 49.3827 -28.1528 -3
      vertex 49.4 -27.8 -3
    endloop
  endfacet
  facet normal 0 0 -1
    outer loop
      vertex 48.9749 -29.497 -3
      vertex 49.5 -30.15 -3
      vertex 49.3677 -30.1565 -3
    endloop
  endfacet
  facet normal 0 0 -1
    outer loop
      vertex 51.8 -30.2 -3
      vertex 49.3308 -28.5023 -3
      vertex 49.3827 -28.1528 -3
    endloop
  endfacet
  facet normal 0 0 -1
    outer loop
      vertex 50.0166 -30.2528 -3
      vertex 49.245 -28.845 -3
      vertex 49.3308 -28.5023 -3
    endloop
  endfacet
  facet normal 0 0 -1
    outer loop
      vertex 48.9749 -29.497 -3
      vertex 49.3677 -30.1565 -3
      vertex 49.2366 -30.1759 -3
    endloop
  endfacet
  facet normal 0 0 -1
    outer loop
      vertex 49.7634 -30.1759 -3
      vertex 49.126 -29.1776 -3
      vertex 49.245 -28.845 -3
    endloop
  endfacet
  facet normal 0 0 -1
    outer loop
      vertex 48.7933 -29.8 -3
      vertex 49.2366 -30.1759 -3
      vertex 49.1081 -30.2081 -3
    endloop
  endfacet
  facet normal 0 0 -1
    outer loop
      vertex 48.7933 -29.8 -3
      vertex 49.1081 -30.2081 -3
      vertex 48.9834 -30.2528 -3
    endloop
  endfacet
  facet normal 0 0 -1
    outer loop
      vertex 49.5 -30.15 -3
      vertex 48.9749 -29.497 -3
      vertex 49.126 -29.1776 -3
    endloop
  endfacet
  facet normal 0 0 -1
    outer loop
      vertex 48.5828 -30.0838 -3
      vertex 48.9834 -30.2528 -3
      vertex 48.8636 -30.3094 -3
    endloop
  endfacet
  facet normal 0 0 -1
    outer loop
      vertex 49.2366 -30.1759 -3
      vertex 48.7933 -29.8 -3
      vertex 48.9749 -29.497 -3
    endloop
  endfacet
  facet normal 0 0 -1
    outer loop
      vertex 48.5828 -30.0838 -3
      vertex 48.8636 -30.3094 -3
      vertex 48.75 -30.3775 -3
    endloop
  endfacet
  facet normal 0 0 -1
    outer loop
      vertex 48.5828 -30.0838 -3
      vertex 48.75 -30.3775 -3
      vertex 48.6436 -30.4564 -3
    endloop
  endfacet
  facet normal 0 0 -1
    outer loop
      vertex 48.9834 -30.2528 -3
      vertex 48.5828 -30.0838 -3
      vertex 48.7933 -29.8 -3
    endloop
  endfacet
  facet normal 0 0 -1
    outer loop
      vertex 48.3456 -30.3456 -3
      vertex 48.6436 -30.4564 -3
      vertex 48.5454 -30.5454 -3
    endloop
  endfacet
  facet normal 0 0 -1
    outer loop
      vertex 48.3456 -30.3456 -3
      vertex 48.5454 -30.5454 -3
      vertex 48.4564 -30.6436 -3
    endloop
  endfacet
  facet normal 0 0 -1
    outer loop
      vertex 48.0838 -30.5828 -3
      vertex 48.4564 -30.6436 -3
      vertex 48.3775 -30.75 -3
    endloop
  endfacet
  facet normal 0 0 -1
    outer loop
      vertex 48.6436 -30.4564 -3
      vertex 48.3456 -30.3456 -3
      vertex 48.5828 -30.0838 -3
    endloop
  endfacet
  facet normal 0 0 -1
    outer loop
      vertex 48.0838 -30.5828 -3
      vertex 48.3775 -30.75 -3
      vertex 48.3094 -30.8636 -3
    endloop
  endfacet
  facet normal 0 0 -1
    outer loop
      vertex 48.0838 -30.5828 -3
      vertex 48.3094 -30.8636 -3
      vertex 48.2528 -30.9834 -3
    endloop
  endfacet
  facet normal 0 0 -1
    outer loop
      vertex 47.8 -30.7933 -3
      vertex 48.2528 -30.9834 -3
      vertex 48.2081 -31.1081 -3
    endloop
  endfacet
  facet normal 0 0 -1
    outer loop
      vertex 47.8 -30.7933 -3
      vertex 48.2081 -31.1081 -3
      vertex 48.1759 -31.2366 -3
    endloop
  endfacet
  facet normal 0 0 -1
    outer loop
      vertex 48.4564 -30.6436 -3
      vertex 48.0838 -30.5828 -3
      vertex 48.3456 -30.3456 -3
    endloop
  endfacet
  facet normal 0 0 -1
    outer loop
      vertex 47.497 -30.9749 -3
      vertex 48.1759 -31.2366 -3
      vertex 48.1565 -31.3677 -3
    endloop
  endfacet
  facet normal 0 0 -1
    outer loop
      vertex 47.497 -30.9749 -3
      vertex 48.1565 -31.3677 -3
      vertex 48.15 -31.5 -3
    endloop
  endfacet
  facet normal 0 0 -1
    outer loop
      vertex 50.7919 -31.1081 -3
      vertex 51.645 -31.245 -3
      vertex 50.8241 -31.2366 -3
    endloop
  endfacet
  facet normal 0 0 -1
    outer loop
      vertex 51.645 -31.245 -3
      vertex 50.7919 -31.1081 -3
      vertex 51.7308 -30.9023 -3
    endloop
  endfacet
  facet normal 0 0 -1
    outer loop
      vertex 50.8241 -31.2366 -3
      vertex 51.645 -31.245 -3
      vertex 50.8435 -31.3677 -3
    endloop
  endfacet
  facet normal 0 0 -1
    outer loop
      vertex 50.7472 -30.9834 -3
      vertex 51.7308 -30.9023 -3
      vertex 50.7919 -31.1081 -3
    endloop
  endfacet
  facet normal 0 0 -1
    outer loop
      vertex 51.526 -31.5776 -3
      vertex 50.8435 -31.3677 -3
      vertex 51.645 -31.245 -3
    endloop
  endfacet
  facet normal 0 0 -1
    outer loop
      vertex 51.8 30.2 -3
      vertex 50.85 31.5 -3
      vertex 51.7827 30.5528 -3
    endloop
  endfacet
  facet normal 0 0 -1
    outer loop
      vertex 50.8435 -31.3677 -3
      vertex 51.526 -31.5776 -3
      vertex 50.85 -31.5 -3
    endloop
  endfacet
  facet normal 0 0 -1
    outer loop
      vertex 51.7827 30.5528 -3
      vertex 50.85 31.5 -3
      vertex 51.7308 30.9023 -3
    endloop
  endfacet
  facet normal 0 0 -1
    outer loop
      vertex 50.8435 -31.6323 -3
      vertex 51.526 -31.5776 -3
      vertex 51.3749 -31.897 -3
    endloop
  endfacet
  facet normal 0 0 -1
    outer loop
      vertex 51.7308 30.9023 -3
      vertex 50.85 31.5 -3
      vertex 51.645 31.245 -3
    endloop
  endfacet
  facet normal 0 0 -1
    outer loop
      vertex 50.7919 -31.8919 -3
      vertex 51.3749 -31.897 -3
      vertex 51.1933 -32.2 -3
    endloop
  endfacet
  facet normal 0 0 -1
    outer loop
      vertex 51.645 31.245 -3
      vertex 50.85 31.5 -3
      vertex 51.526 31.5776 -3
    endloop
  endfacet
  facet normal 0 0 -1
    outer loop
      vertex 50.6906 -32.1364 -3
      vertex 51.1933 -32.2 -3
      vertex 50.9828 -32.4838 -3
    endloop
  endfacet
  facet normal 0 0 -1
    outer loop
      vertex 50.8435 31.6323 -3
      vertex 51.526 31.5776 -3
      vertex 50.85 31.5 -3
    endloop
  endfacet
  facet normal 0 0 -1
    outer loop
      vertex 51.526 31.5776 -3
      vertex 50.8435 31.6323 -3
      vertex 51.3749 31.897 -3
    endloop
  endfacet
  facet normal -0 0 -1
    outer loop
      vertex 51.526 -31.5776 -3
      vertex 50.8435 -31.6323 -3
      vertex 50.85 -31.5 -3
    endloop
  endfacet
  facet normal 0 0 -1
    outer loop
      vertex 51.3749 -31.897 -3
      vertex 50.8241 -31.7634 -3
      vertex 50.8435 -31.6323 -3
    endloop
  endfacet
  facet normal 0 0 -1
    outer loop
      vertex 51.3749 -31.897 -3
      vertex 50.7919 -31.8919 -3
      vertex 50.8241 -31.7634 -3
    endloop
  endfacet
  facet normal 0 0 -1
    outer loop
      vertex 51.1933 -32.2 -3
      vertex 50.7472 -32.0166 -3
      vertex 50.7919 -31.8919 -3
    endloop
  endfacet
  facet normal 0 0 -1
    outer loop
      vertex 50.5436 -32.3564 -3
      vertex 50.9828 -32.4838 -3
      vertex 50.7456 -32.7456 -3
    endloop
  endfacet
  facet normal 0 0 -1
    outer loop
      vertex 51.1933 -32.2 -3
      vertex 50.6906 -32.1364 -3
      vertex 50.7472 -32.0166 -3
    endloop
  endfacet
  facet normal 0 0 -1
    outer loop
      vertex 50.9828 -32.4838 -3
      vertex 50.6225 -32.25 -3
      vertex 50.6906 -32.1364 -3
    endloop
  endfacet
  facet normal 0 0 -1
    outer loop
      vertex 50.9828 -32.4838 -3
      vertex 50.5436 -32.3564 -3
      vertex 50.6225 -32.25 -3
    endloop
  endfacet
  facet normal 0 0 -1
    outer loop
      vertex 50.3564 -32.5436 -3
      vertex 50.7456 -32.7456 -3
      vertex 50.4838 -32.9828 -3
    endloop
  endfacet
  facet normal 0 0 -1
    outer loop
      vertex 50.7456 -32.7456 -3
      vertex 50.4546 -32.4546 -3
      vertex 50.5436 -32.3564 -3
    endloop
  endfacet
  facet normal 0 0 -1
    outer loop
      vertex 50.7456 -32.7456 -3
      vertex 50.3564 -32.5436 -3
      vertex 50.4546 -32.4546 -3
    endloop
  endfacet
  facet normal 0 0 -1
    outer loop
      vertex 50.4838 -32.9828 -3
      vertex 50.25 -32.6225 -3
      vertex 50.3564 -32.5436 -3
    endloop
  endfacet
  facet normal 0 0 -1
    outer loop
      vertex 50.1364 -32.6906 -3
      vertex 50.4838 -32.9828 -3
      vertex 50.2 -33.1933 -3
    endloop
  endfacet
  facet normal 0 0 -1
    outer loop
      vertex 50.4838 -32.9828 -3
      vertex 50.1364 -32.6906 -3
      vertex 50.25 -32.6225 -3
    endloop
  endfacet
  facet normal 0 0 -1
    outer loop
      vertex 50.2 -33.1933 -3
      vertex 50.0166 -32.7472 -3
      vertex 50.1364 -32.6906 -3
    endloop
  endfacet
  facet normal 0 0 -1
    outer loop
      vertex 49.8919 -32.7919 -3
      vertex 50.2 -33.1933 -3
      vertex 49.897 -33.3749 -3
    endloop
  endfacet
  facet normal 0 0 -1
    outer loop
      vertex 50.2 -33.1933 -3
      vertex 49.8919 -32.7919 -3
      vertex 50.0166 -32.7472 -3
    endloop
  endfacet
  facet normal 0 0 -1
    outer loop
      vertex 49.897 -33.3749 -3
      vertex 49.7634 -32.8241 -3
      vertex 49.8919 -32.7919 -3
    endloop
  endfacet
  facet normal 0 0 -1
    outer loop
      vertex 49.897 -33.3749 -3
      vertex 49.6323 -32.8435 -3
      vertex 49.7634 -32.8241 -3
    endloop
  endfacet
  facet normal 0 0 -1
    outer loop
      vertex 49.5776 -33.526 -3
      vertex 49.6323 -32.8435 -3
      vertex 49.897 -33.3749 -3
    endloop
  endfacet
  facet normal 0 0 -1
    outer loop
      vertex 49.5776 -33.526 -3
      vertex 49.5 -32.85 -3
      vertex 49.6323 -32.8435 -3
    endloop
  endfacet
  facet normal 0 0 -1
    outer loop
      vertex 49.5776 -33.526 -3
      vertex 49.3677 -32.8435 -3
      vertex 49.5 -32.85 -3
    endloop
  endfacet
  facet normal 0 0 -1
    outer loop
      vertex 49.245 -33.645 -3
      vertex 49.3677 -32.8435 -3
      vertex 49.5776 -33.526 -3
    endloop
  endfacet
  facet normal 0 0 -1
    outer loop
      vertex 49.245 -33.645 -3
      vertex 49.2366 -32.8241 -3
      vertex 49.3677 -32.8435 -3
    endloop
  endfacet
  facet normal 0 0 -1
    outer loop
      vertex 49.245 -33.645 -3
      vertex 49.1081 -32.7919 -3
      vertex 49.2366 -32.8241 -3
    endloop
  endfacet
  facet normal 0 0 -1
    outer loop
      vertex 48.9023 -33.7308 -3
      vertex 49.1081 -32.7919 -3
      vertex 49.245 -33.645 -3
    endloop
  endfacet
  facet normal -0 0 -1
    outer loop
      vertex 49.1081 -32.7919 -3
      vertex 48.9023 -33.7308 -3
      vertex 48.9834 -32.7472 -3
    endloop
  endfacet
  facet normal 0 0 -1
    outer loop
      vertex 48.9023 -33.7308 -3
      vertex 48.8636 -32.6906 -3
      vertex 48.9834 -32.7472 -3
    endloop
  endfacet
  facet normal 0 0 -1
    outer loop
      vertex 48.5528 -33.7827 -3
      vertex 48.8636 -32.6906 -3
      vertex 48.9023 -33.7308 -3
    endloop
  endfacet
  facet normal -0 0 -1
    outer loop
      vertex 48.8636 -32.6906 -3
      vertex 48.5528 -33.7827 -3
      vertex 48.75 -32.6225 -3
    endloop
  endfacet
  facet normal 0 0 -1
    outer loop
      vertex 48.2 -33.8 -3
      vertex 48.75 -32.6225 -3
      vertex 48.5528 -33.7827 -3
    endloop
  endfacet
  facet normal -0 0 -1
    outer loop
      vertex 48.75 -32.6225 -3
      vertex 48.2 -33.8 -3
      vertex 48.6436 -32.5436 -3
    endloop
  endfacet
  facet normal -0 0 -1
    outer loop
      vertex 48.6436 -32.5436 -3
      vertex 48.2 -33.8 -3
      vertex 48.5454 -32.4546 -3
    endloop
  endfacet
  facet normal -0 0 -1
    outer loop
      vertex 48.5454 -32.4546 -3
      vertex 48.2 -33.8 -3
      vertex 48.4564 -32.3564 -3
    endloop
  endfacet
  facet normal -0 0 -1
    outer loop
      vertex 48.4564 -32.3564 -3
      vertex 48.2 -33.8 -3
      vertex 48.3775 -32.25 -3
    endloop
  endfacet
  facet normal -0 0 -1
    outer loop
      vertex 48.3775 -32.25 -3
      vertex 48.2 -33.8 -3
      vertex 48.3094 -32.1364 -3
    endloop
  endfacet
  facet normal 0 0 -1
    outer loop
      vertex 46.5023 -31.3308 -3
      vertex 48.3094 -32.1364 -3
      vertex 48.2 -33.8 -3
    endloop
  endfacet
  facet normal 0 0 -1
    outer loop
      vertex 48.3094 -32.1364 -3
      vertex 46.5023 -31.3308 -3
      vertex 48.2528 -32.0166 -3
    endloop
  endfacet
  facet normal 0 -0 -1
    outer loop
      vertex 46.845 -31.245 -3
      vertex 48.2528 -32.0166 -3
      vertex 46.5023 -31.3308 -3
    endloop
  endfacet
  facet normal 0 0 -1
    outer loop
      vertex 48.2528 -32.0166 -3
      vertex 46.845 -31.245 -3
      vertex 48.2081 -31.8919 -3
    endloop
  endfacet
  facet normal 0 -0 -1
    outer loop
      vertex 47.1776 -31.126 -3
      vertex 48.1759 -31.7634 -3
      vertex 46.845 -31.245 -3
    endloop
  endfacet
  facet normal 0 0 -1
    outer loop
      vertex 48.1759 -31.7634 -3
      vertex 47.1776 -31.126 -3
      vertex 48.1565 -31.6323 -3
    endloop
  endfacet
  facet normal 0 0 -1
    outer loop
      vertex 48.2528 -30.9834 -3
      vertex 47.8 -30.7933 -3
      vertex 48.0838 -30.5828 -3
    endloop
  endfacet
  facet normal 0 0 -1
    outer loop
      vertex 48.1759 -31.2366 -3
      vertex 47.497 -30.9749 -3
      vertex 47.8 -30.7933 -3
    endloop
  endfacet
  facet normal 0 0 -1
    outer loop
      vertex 48.15 -31.5 -3
      vertex 47.1776 -31.126 -3
      vertex 47.497 -30.9749 -3
    endloop
  endfacet
  facet normal 0 0 -1
    outer loop
      vertex 48.1565 -31.6323 -3
      vertex 47.1776 -31.126 -3
      vertex 48.15 -31.5 -3
    endloop
  endfacet
  facet normal 0 0 -1
    outer loop
      vertex 48.2081 -31.8919 -3
      vertex 46.845 -31.245 -3
      vertex 48.1759 -31.7634 -3
    endloop
  endfacet
  facet normal 0 0 -1
    outer loop
      vertex 48.2 -33.8 -3
      vertex 46.1528 -31.3827 -3
      vertex 46.5023 -31.3308 -3
    endloop
  endfacet
  facet normal 0 0 -1
    outer loop
      vertex 48.2 -33.8 -3
      vertex 45.8 -31.4 -3
      vertex 46.1528 -31.3827 -3
    endloop
  endfacet
  facet normal 0 0 -1
    outer loop
      vertex 48.2 -33.8 -3
      vertex -45.8 -31.4 -3
      vertex 45.8 -31.4 -3
    endloop
  endfacet
  facet normal 0 0 -1
    outer loop
      vertex -48.1759 -31.2366 -3
      vertex -47.497 -30.9749 -3
      vertex -48.1565 -31.3677 -3
    endloop
  endfacet
  facet normal 0 0 -1
    outer loop
      vertex -48.1565 -31.3677 -3
      vertex -47.497 -30.9749 -3
      vertex -48.15 -31.5 -3
    endloop
  endfacet
  facet normal -0 0 -1
    outer loop
      vertex -47.1776 -31.126 -3
      vertex -48.15 -31.5 -3
      vertex -47.497 -30.9749 -3
    endloop
  endfacet
  facet normal 0 0 -1
    outer loop
      vertex -48.1759 -31.7634 -3
      vertex -47.1776 -31.126 -3
      vertex -46.845 -31.245 -3
    endloop
  endfacet
  facet normal 0 0 -1
    outer loop
      vertex -48.2528 -32.0166 -3
      vertex -46.845 -31.245 -3
      vertex -46.5023 -31.3308 -3
    endloop
  endfacet
  facet normal 0 0 -1
    outer loop
      vertex -48.2 -33.8 -3
      vertex -46.5023 -31.3308 -3
      vertex -46.1528 -31.3827 -3
    endloop
  endfacet
  facet normal 0 0 -1
    outer loop
      vertex -48.2 -33.8 -3
      vertex -46.1528 -31.3827 -3
      vertex -45.8 -31.4 -3
    endloop
  endfacet
  facet normal 0 0 -1
    outer loop
      vertex -48.2 -33.8 -3
      vertex -45.8 -31.4 -3
      vertex 48.2 -33.8 -3
    endloop
  endfacet
  facet normal 0 0 -1
    outer loop
      vertex -47.1776 -31.126 -3
      vertex -48.1565 -31.6323 -3
      vertex -48.15 -31.5 -3
    endloop
  endfacet
  facet normal 0 0 -1
    outer loop
      vertex -46.5023 -31.3308 -3
      vertex -48.2 -33.8 -3
      vertex -48.3094 -32.1364 -3
    endloop
  endfacet
  facet normal 0 0 -1
    outer loop
      vertex -47.1776 -31.126 -3
      vertex -48.1759 -31.7634 -3
      vertex -48.1565 -31.6323 -3
    endloop
  endfacet
  facet normal 0 0 -1
    outer loop
      vertex -46.845 -31.245 -3
      vertex -48.2081 -31.8919 -3
      vertex -48.1759 -31.7634 -3
    endloop
  endfacet
  facet normal 0 0 -1
    outer loop
      vertex -46.845 -31.245 -3
      vertex -48.2528 -32.0166 -3
      vertex -48.2081 -31.8919 -3
    endloop
  endfacet
  facet normal 0 0 -1
    outer loop
      vertex -46.5023 -31.3308 -3
      vertex -48.3094 -32.1364 -3
      vertex -48.2528 -32.0166 -3
    endloop
  endfacet
  facet normal 0 0 -1
    outer loop
      vertex -48.2 -33.8 -3
      vertex -48.3775 -32.25 -3
      vertex -48.3094 -32.1364 -3
    endloop
  endfacet
  facet normal 0 0 -1
    outer loop
      vertex -48.2 -33.8 -3
      vertex -48.4564 -32.3564 -3
      vertex -48.3775 -32.25 -3
    endloop
  endfacet
  facet normal 0 0 -1
    outer loop
      vertex -48.2 -33.8 -3
      vertex -48.5454 -32.4546 -3
      vertex -48.4564 -32.3564 -3
    endloop
  endfacet
  facet normal 0 0 -1
    outer loop
      vertex -48.75 -32.6225 -3
      vertex -48.2 -33.8 -3
      vertex -48.5528 -33.7827 -3
    endloop
  endfacet
  facet normal 0 0 -1
    outer loop
      vertex -48.2 -33.8 -3
      vertex -48.6436 -32.5436 -3
      vertex -48.5454 -32.4546 -3
    endloop
  endfacet
  facet normal 0 0 -1
    outer loop
      vertex -48.2 -33.8 -3
      vertex -48.75 -32.6225 -3
      vertex -48.6436 -32.5436 -3
    endloop
  endfacet
  facet normal 0 0 -1
    outer loop
      vertex -48.5528 -33.7827 -3
      vertex -48.8636 -32.6906 -3
      vertex -48.75 -32.6225 -3
    endloop
  endfacet
  facet normal 0 0 -1
    outer loop
      vertex -48.9023 -33.7308 -3
      vertex -48.8636 -32.6906 -3
      vertex -48.5528 -33.7827 -3
    endloop
  endfacet
  facet normal 0 0 -1
    outer loop
      vertex -48.9023 -33.7308 -3
      vertex -48.9834 -32.7472 -3
      vertex -48.8636 -32.6906 -3
    endloop
  endfacet
  facet normal 0 0 -1
    outer loop
      vertex -48.9023 -33.7308 -3
      vertex -49.1081 -32.7919 -3
      vertex -48.9834 -32.7472 -3
    endloop
  endfacet
  facet normal 0 0 -1
    outer loop
      vertex -49.245 -33.645 -3
      vertex -49.1081 -32.7919 -3
      vertex -48.9023 -33.7308 -3
    endloop
  endfacet
  facet normal 0 0 -1
    outer loop
      vertex -49.1081 -32.7919 -3
      vertex -49.245 -33.645 -3
      vertex -49.2366 -32.8241 -3
    endloop
  endfacet
  facet normal 0 0 -1
    outer loop
      vertex -49.245 -33.645 -3
      vertex -49.3677 -32.8435 -3
      vertex -49.2366 -32.8241 -3
    endloop
  endfacet
  facet normal 0 0 -1
    outer loop
      vertex -49.5776 -33.526 -3
      vertex -49.3677 -32.8435 -3
      vertex -49.245 -33.645 -3
    endloop
  endfacet
  facet normal 0 0 -1
    outer loop
      vertex -49.3677 -32.8435 -3
      vertex -49.5776 -33.526 -3
      vertex -49.5 -32.85 -3
    endloop
  endfacet
  facet normal 0 0 -1
    outer loop
      vertex -49.5776 -33.526 -3
      vertex -49.6323 -32.8435 -3
      vertex -49.5 -32.85 -3
    endloop
  endfacet
  facet normal 0 0 -1
    outer loop
      vertex -49.897 -33.3749 -3
      vertex -49.6323 -32.8435 -3
      vertex -49.5776 -33.526 -3
    endloop
  endfacet
  facet normal -0 0 -1
    outer loop
      vertex -49.6323 -32.8435 -3
      vertex -49.897 -33.3749 -3
      vertex -49.7634 -32.8241 -3
    endloop
  endfacet
  facet normal -0 0 -1
    outer loop
      vertex -49.7634 -32.8241 -3
      vertex -49.897 -33.3749 -3
      vertex -49.8919 -32.7919 -3
    endloop
  endfacet
  facet normal 0 0 -1
    outer loop
      vertex -50.2 -33.1933 -3
      vertex -49.8919 -32.7919 -3
      vertex -49.897 -33.3749 -3
    endloop
  endfacet
  facet normal -0 0 -1
    outer loop
      vertex -49.8919 -32.7919 -3
      vertex -50.2 -33.1933 -3
      vertex -50.0166 -32.7472 -3
    endloop
  endfacet
  facet normal -0 0 -1
    outer loop
      vertex -50.0166 -32.7472 -3
      vertex -50.2 -33.1933 -3
      vertex -50.1364 -32.6906 -3
    endloop
  endfacet
  facet normal 0 0 -1
    outer loop
      vertex -50.4838 -32.9828 -3
      vertex -50.1364 -32.6906 -3
      vertex -50.2 -33.1933 -3
    endloop
  endfacet
  facet normal -0 0 -1
    outer loop
      vertex -50.1364 -32.6906 -3
      vertex -50.4838 -32.9828 -3
      vertex -50.25 -32.6225 -3
    endloop
  endfacet
  facet normal -0 0 -1
    outer loop
      vertex -50.25 -32.6225 -3
      vertex -50.4838 -32.9828 -3
      vertex -50.3564 -32.5436 -3
    endloop
  endfacet
  facet normal 0 0 -1
    outer loop
      vertex -50.7456 -32.7456 -3
      vertex -50.3564 -32.5436 -3
      vertex -50.4838 -32.9828 -3
    endloop
  endfacet
  facet normal -0 0 -1
    outer loop
      vertex -50.3564 -32.5436 -3
      vertex -50.7456 -32.7456 -3
      vertex -50.4546 -32.4546 -3
    endloop
  endfacet
  facet normal -0 0 -1
    outer loop
      vertex -50.4546 -32.4546 -3
      vertex -50.7456 -32.7456 -3
      vertex -50.5436 -32.3564 -3
    endloop
  endfacet
  facet normal 0 0 -1
    outer loop
      vertex -50.9828 -32.4838 -3
      vertex -50.5436 -32.3564 -3
      vertex -50.7456 -32.7456 -3
    endloop
  endfacet
  facet normal -0 0 -1
    outer loop
      vertex -50.5436 -32.3564 -3
      vertex -50.9828 -32.4838 -3
      vertex -50.6225 -32.25 -3
    endloop
  endfacet
  facet normal -0 0 -1
    outer loop
      vertex -50.6225 -32.25 -3
      vertex -50.9828 -32.4838 -3
      vertex -50.6906 -32.1364 -3
    endloop
  endfacet
  facet normal 0 0 -1
    outer loop
      vertex -51.1933 -32.2 -3
      vertex -50.6906 -32.1364 -3
      vertex -50.9828 -32.4838 -3
    endloop
  endfacet
  facet normal -0 0 -1
    outer loop
      vertex -50.6906 -32.1364 -3
      vertex -51.1933 -32.2 -3
      vertex -50.7472 -32.0166 -3
    endloop
  endfacet
  facet normal -0 0 -1
    outer loop
      vertex -50.7472 -32.0166 -3
      vertex -51.1933 -32.2 -3
      vertex -50.7919 -31.8919 -3
    endloop
  endfacet
  facet normal -0 0 -1
    outer loop
      vertex -50.8241 -31.7634 -3
      vertex -51.3749 -31.897 -3
      vertex -50.8435 -31.6323 -3
    endloop
  endfacet
  facet normal -0 0 -1
    outer loop
      vertex -50.7919 -31.8919 -3
      vertex -51.3749 -31.897 -3
      vertex -50.8241 -31.7634 -3
    endloop
  endfacet
  facet normal 0 0 -1
    outer loop
      vertex -51.3749 -31.897 -3
      vertex -50.7919 -31.8919 -3
      vertex -51.1933 -32.2 -3
    endloop
  endfacet
  facet normal 0 0 -1
    outer loop
      vertex 50.8241 31.7634 -3
      vertex 51.3749 31.897 -3
      vertex 50.8435 31.6323 -3
    endloop
  endfacet
  facet normal 0 0 -1
    outer loop
      vertex 50.7919 31.8919 -3
      vertex 51.3749 31.897 -3
      vertex 50.8241 31.7634 -3
    endloop
  endfacet
  facet normal -0 0 -1
    outer loop
      vertex 51.3749 31.897 -3
      vertex 50.7919 31.8919 -3
      vertex 51.1933 32.2 -3
    endloop
  endfacet
  facet normal 0 0 -1
    outer loop
      vertex 50.7472 32.0166 -3
      vertex 51.1933 32.2 -3
      vertex 50.7919 31.8919 -3
    endloop
  endfacet
  facet normal 0 0 -1
    outer loop
      vertex 50.6906 32.1364 -3
      vertex 51.1933 32.2 -3
      vertex 50.7472 32.0166 -3
    endloop
  endfacet
  facet normal -0 0 -1
    outer loop
      vertex 51.1933 32.2 -3
      vertex 50.6906 32.1364 -3
      vertex 50.9828 32.4838 -3
    endloop
  endfacet
  facet normal 0 0 -1
    outer loop
      vertex 50.6225 32.25 -3
      vertex 50.9828 32.4838 -3
      vertex 50.6906 32.1364 -3
    endloop
  endfacet
  facet normal 0 0 -1
    outer loop
      vertex 50.5436 32.3564 -3
      vertex 50.9828 32.4838 -3
      vertex 50.6225 32.25 -3
    endloop
  endfacet
  facet normal -0 0 -1
    outer loop
      vertex 50.9828 32.4838 -3
      vertex 50.5436 32.3564 -3
      vertex 50.7456 32.7456 -3
    endloop
  endfacet
  facet normal 0 0 -1
    outer loop
      vertex 50.4546 32.4546 -3
      vertex 50.7456 32.7456 -3
      vertex 50.5436 32.3564 -3
    endloop
  endfacet
  facet normal 0 0 -1
    outer loop
      vertex 50.3564 32.5436 -3
      vertex 50.7456 32.7456 -3
      vertex 50.4546 32.4546 -3
    endloop
  endfacet
  facet normal -0 0 -1
    outer loop
      vertex 50.7456 32.7456 -3
      vertex 50.3564 32.5436 -3
      vertex 50.4838 32.9828 -3
    endloop
  endfacet
  facet normal 0 0 -1
    outer loop
      vertex 50.25 32.6225 -3
      vertex 50.4838 32.9828 -3
      vertex 50.3564 32.5436 -3
    endloop
  endfacet
  facet normal 0 0 -1
    outer loop
      vertex 50.1364 32.6906 -3
      vertex 50.4838 32.9828 -3
      vertex 50.25 32.6225 -3
    endloop
  endfacet
  facet normal -0 0 -1
    outer loop
      vertex 50.4838 32.9828 -3
      vertex 50.1364 32.6906 -3
      vertex 50.2 33.1933 -3
    endloop
  endfacet
  facet normal 0 0 -1
    outer loop
      vertex 50.0166 32.7472 -3
      vertex 50.2 33.1933 -3
      vertex 50.1364 32.6906 -3
    endloop
  endfacet
  facet normal 0 0 -1
    outer loop
      vertex 49.8919 32.7919 -3
      vertex 50.2 33.1933 -3
      vertex 50.0166 32.7472 -3
    endloop
  endfacet
  facet normal -0 0 -1
    outer loop
      vertex 50.2 33.1933 -3
      vertex 49.8919 32.7919 -3
      vertex 49.897 33.3749 -3
    endloop
  endfacet
  facet normal 0 0 -1
    outer loop
      vertex 49.7634 32.8241 -3
      vertex 49.897 33.3749 -3
      vertex 49.8919 32.7919 -3
    endloop
  endfacet
  facet normal 0 0 -1
    outer loop
      vertex 49.6323 32.8435 -3
      vertex 49.897 33.3749 -3
      vertex 49.7634 32.8241 -3
    endloop
  endfacet
  facet normal 0 0 -1
    outer loop
      vertex 49.6323 32.8435 -3
      vertex 49.5776 33.526 -3
      vertex 49.897 33.3749 -3
    endloop
  endfacet
  facet normal 0 0 -1
    outer loop
      vertex 49.5 32.85 -3
      vertex 49.5776 33.526 -3
      vertex 49.6323 32.8435 -3
    endloop
  endfacet
  facet normal 0 0 -1
    outer loop
      vertex 49.3677 32.8435 -3
      vertex 49.5776 33.526 -3
      vertex 49.5 32.85 -3
    endloop
  endfacet
  facet normal 0 0 -1
    outer loop
      vertex 49.3677 32.8435 -3
      vertex 49.245 33.645 -3
      vertex 49.5776 33.526 -3
    endloop
  endfacet
  facet normal 0 0 -1
    outer loop
      vertex 49.2366 32.8241 -3
      vertex 49.245 33.645 -3
      vertex 49.3677 32.8435 -3
    endloop
  endfacet
  facet normal 0 0 -1
    outer loop
      vertex 49.1081 32.7919 -3
      vertex 49.245 33.645 -3
      vertex 49.2366 32.8241 -3
    endloop
  endfacet
  facet normal 0 0 -1
    outer loop
      vertex 48.9023 33.7308 -3
      vertex 49.1081 32.7919 -3
      vertex 48.9834 32.7472 -3
    endloop
  endfacet
  facet normal 0 0 -1
    outer loop
      vertex 49.1081 32.7919 -3
      vertex 48.9023 33.7308 -3
      vertex 49.245 33.645 -3
    endloop
  endfacet
  facet normal 0 0 -1
    outer loop
      vertex 48.8636 32.6906 -3
      vertex 48.9023 33.7308 -3
      vertex 48.9834 32.7472 -3
    endloop
  endfacet
  facet normal 0 0 -1
    outer loop
      vertex 48.5528 33.7827 -3
      vertex 48.8636 32.6906 -3
      vertex 48.75 32.6225 -3
    endloop
  endfacet
  facet normal 0 0 -1
    outer loop
      vertex 48.2 33.8 -3
      vertex 48.75 32.6225 -3
      vertex 48.6436 32.5436 -3
    endloop
  endfacet
  facet normal 0 0 -1
    outer loop
      vertex 48.8636 32.6906 -3
      vertex 48.5528 33.7827 -3
      vertex 48.9023 33.7308 -3
    endloop
  endfacet
  facet normal 0 0 -1
    outer loop
      vertex 48.2 33.8 -3
      vertex 48.6436 32.5436 -3
      vertex 48.5454 32.4546 -3
    endloop
  endfacet
  facet normal 0 0 -1
    outer loop
      vertex 48.2 33.8 -3
      vertex 48.5454 32.4546 -3
      vertex 48.4564 32.3564 -3
    endloop
  endfacet
  facet normal 0 0 -1
    outer loop
      vertex 48.2 33.8 -3
      vertex 48.4564 32.3564 -3
      vertex 48.3775 32.25 -3
    endloop
  endfacet
  facet normal 0 0 -1
    outer loop
      vertex 48.2 33.8 -3
      vertex 48.3775 32.25 -3
      vertex 48.3094 32.1364 -3
    endloop
  endfacet
  facet normal 0 0 -1
    outer loop
      vertex 46.5023 31.3308 -3
      vertex 48.3094 32.1364 -3
      vertex 48.2528 32.0166 -3
    endloop
  endfacet
  facet normal 0 0 -1
    outer loop
      vertex 46.845 31.245 -3
      vertex 48.2528 32.0166 -3
      vertex 48.2081 31.8919 -3
    endloop
  endfacet
  facet normal 0 0 -1
    outer loop
      vertex 48.75 32.6225 -3
      vertex 48.2 33.8 -3
      vertex 48.5528 33.7827 -3
    endloop
  endfacet
  facet normal 0 0 -1
    outer loop
      vertex 46.845 31.245 -3
      vertex 48.2081 31.8919 -3
      vertex 48.1759 31.7634 -3
    endloop
  endfacet
  facet normal 0 0 -1
    outer loop
      vertex 47.1776 31.126 -3
      vertex 48.1759 31.7634 -3
      vertex 48.1565 31.6323 -3
    endloop
  endfacet
  facet normal 0 0 -1
    outer loop
      vertex 47.1776 31.126 -3
      vertex 48.1565 31.6323 -3
      vertex 48.15 31.5 -3
    endloop
  endfacet
  facet normal -0 0 -1
    outer loop
      vertex 48.1759 31.2366 -3
      vertex 47.497 30.9749 -3
      vertex 48.1565 31.3677 -3
    endloop
  endfacet
  facet normal -0 0 -1
    outer loop
      vertex 48.1565 31.3677 -3
      vertex 47.497 30.9749 -3
      vertex 48.15 31.5 -3
    endloop
  endfacet
  facet normal 0 0 -1
    outer loop
      vertex 47.1776 31.126 -3
      vertex 48.15 31.5 -3
      vertex 47.497 30.9749 -3
    endloop
  endfacet
  facet normal 0 0 -1
    outer loop
      vertex 48.1759 31.7634 -3
      vertex 47.1776 31.126 -3
      vertex 46.845 31.245 -3
    endloop
  endfacet
  facet normal 0 0 -1
    outer loop
      vertex 48.2528 32.0166 -3
      vertex 46.845 31.245 -3
      vertex 46.5023 31.3308 -3
    endloop
  endfacet
  facet normal -0 0 -1
    outer loop
      vertex 48.3094 32.1364 -3
      vertex 46.5023 31.3308 -3
      vertex 48.2 33.8 -3
    endloop
  endfacet
  facet normal 0 0 -1
    outer loop
      vertex 46.1528 31.3827 -3
      vertex 48.2 33.8 -3
      vertex 46.5023 31.3308 -3
    endloop
  endfacet
  facet normal 0 0 -1
    outer loop
      vertex 45.8 31.4 -3
      vertex 48.2 33.8 -3
      vertex 46.1528 31.3827 -3
    endloop
  endfacet
  facet normal 0 0 -1
    outer loop
      vertex -45.8 31.4 -3
      vertex 48.2 33.8 -3
      vertex 45.8 31.4 -3
    endloop
  endfacet
  facet normal 0 0 -1
    outer loop
      vertex -48.2528 30.9834 -3
      vertex -47.8 30.7933 -3
      vertex -48.0838 30.5828 -3
    endloop
  endfacet
  facet normal 0 0 -1
    outer loop
      vertex -48.1565 31.3677 -3
      vertex -47.497 30.9749 -3
      vertex -47.8 30.7933 -3
    endloop
  endfacet
  facet normal 0 0 -1
    outer loop
      vertex -48.15 31.5 -3
      vertex -47.1776 31.126 -3
      vertex -47.497 30.9749 -3
    endloop
  endfacet
  facet normal 0 0 -1
    outer loop
      vertex -48.1565 31.6323 -3
      vertex -47.1776 31.126 -3
      vertex -48.15 31.5 -3
    endloop
  endfacet
  facet normal 0 0 -1
    outer loop
      vertex -48.1759 31.7634 -3
      vertex -47.1776 31.126 -3
      vertex -48.1565 31.6323 -3
    endloop
  endfacet
  facet normal 0 0 -1
    outer loop
      vertex -47.1776 31.126 -3
      vertex -48.1759 31.7634 -3
      vertex -46.845 31.245 -3
    endloop
  endfacet
  facet normal 0 0 -1
    outer loop
      vertex -48.2081 31.8919 -3
      vertex -46.845 31.245 -3
      vertex -48.1759 31.7634 -3
    endloop
  endfacet
  facet normal 0 0 -1
    outer loop
      vertex -48.2528 32.0166 -3
      vertex -46.845 31.245 -3
      vertex -48.2081 31.8919 -3
    endloop
  endfacet
  facet normal 0 0 -1
    outer loop
      vertex -46.845 31.245 -3
      vertex -48.2528 32.0166 -3
      vertex -46.5023 31.3308 -3
    endloop
  endfacet
  facet normal 0 0 -1
    outer loop
      vertex -48.3094 32.1364 -3
      vertex -46.5023 31.3308 -3
      vertex -48.2528 32.0166 -3
    endloop
  endfacet
  facet normal 0 0 -1
    outer loop
      vertex -45.8 31.4 -3
      vertex -48.2 33.8 -3
      vertex 48.2 33.8 -3
    endloop
  endfacet
  facet normal 0 -0 -1
    outer loop
      vertex -48.2 33.8 -3
      vertex -46.5023 31.3308 -3
      vertex -48.3094 32.1364 -3
    endloop
  endfacet
  facet normal 0 0 -1
    outer loop
      vertex -46.5023 31.3308 -3
      vertex -48.2 33.8 -3
      vertex -46.1528 31.3827 -3
    endloop
  endfacet
  facet normal 0 0 -1
    outer loop
      vertex -46.1528 31.3827 -3
      vertex -48.2 33.8 -3
      vertex -45.8 31.4 -3
    endloop
  endfacet
  facet normal 0 0 -1
    outer loop
      vertex -48.3775 32.25 -3
      vertex -48.2 33.8 -3
      vertex -48.3094 32.1364 -3
    endloop
  endfacet
  facet normal 0 0 -1
    outer loop
      vertex -48.4564 32.3564 -3
      vertex -48.2 33.8 -3
      vertex -48.3775 32.25 -3
    endloop
  endfacet
  facet normal 0 0 -1
    outer loop
      vertex -48.5454 32.4546 -3
      vertex -48.2 33.8 -3
      vertex -48.4564 32.3564 -3
    endloop
  endfacet
  facet normal 0 0 -1
    outer loop
      vertex -48.6436 32.5436 -3
      vertex -48.2 33.8 -3
      vertex -48.5454 32.4546 -3
    endloop
  endfacet
  facet normal 0 0 -1
    outer loop
      vertex -48.75 32.6225 -3
      vertex -48.2 33.8 -3
      vertex -48.6436 32.5436 -3
    endloop
  endfacet
  facet normal 0 0 -1
    outer loop
      vertex -48.2 33.8 -3
      vertex -48.75 32.6225 -3
      vertex -48.5528 33.7827 -3
    endloop
  endfacet
  facet normal 0 0 -1
    outer loop
      vertex -48.8636 32.6906 -3
      vertex -48.5528 33.7827 -3
      vertex -48.75 32.6225 -3
    endloop
  endfacet
  facet normal 0 0 -1
    outer loop
      vertex -48.8636 32.6906 -3
      vertex -48.9023 33.7308 -3
      vertex -48.5528 33.7827 -3
    endloop
  endfacet
  facet normal 0 0 -1
    outer loop
      vertex -48.9834 32.7472 -3
      vertex -48.9023 33.7308 -3
      vertex -48.8636 32.6906 -3
    endloop
  endfacet
  facet normal 0 0 -1
    outer loop
      vertex -49.1081 32.7919 -3
      vertex -48.9023 33.7308 -3
      vertex -48.9834 32.7472 -3
    endloop
  endfacet
  facet normal 0 0 -1
    outer loop
      vertex -49.245 33.645 -3
      vertex -49.1081 32.7919 -3
      vertex -49.2366 32.8241 -3
    endloop
  endfacet
  facet normal 0 0 -1
    outer loop
      vertex -49.1081 32.7919 -3
      vertex -49.245 33.645 -3
      vertex -48.9023 33.7308 -3
    endloop
  endfacet
  facet normal 0 0 -1
    outer loop
      vertex -49.3677 32.8435 -3
      vertex -49.245 33.645 -3
      vertex -49.2366 32.8241 -3
    endloop
  endfacet
  facet normal 0 0 -1
    outer loop
      vertex -49.5776 33.526 -3
      vertex -49.3677 32.8435 -3
      vertex -49.5 32.85 -3
    endloop
  endfacet
  facet normal 0 0 -1
    outer loop
      vertex -49.3677 32.8435 -3
      vertex -49.5776 33.526 -3
      vertex -49.245 33.645 -3
    endloop
  endfacet
  facet normal 0 0 -1
    outer loop
      vertex -49.6323 32.8435 -3
      vertex -49.5776 33.526 -3
      vertex -49.5 32.85 -3
    endloop
  endfacet
  facet normal 0 0 -1
    outer loop
      vertex -49.897 33.3749 -3
      vertex -49.6323 32.8435 -3
      vertex -49.7634 32.8241 -3
    endloop
  endfacet
  facet normal 0 0 -1
    outer loop
      vertex -49.897 33.3749 -3
      vertex -49.7634 32.8241 -3
      vertex -49.8919 32.7919 -3
    endloop
  endfacet
  facet normal 0 0 -1
    outer loop
      vertex -49.6323 32.8435 -3
      vertex -49.897 33.3749 -3
      vertex -49.5776 33.526 -3
    endloop
  endfacet
  facet normal 0 0 -1
    outer loop
      vertex -50.2 33.1933 -3
      vertex -49.8919 32.7919 -3
      vertex -50.0166 32.7472 -3
    endloop
  endfacet
  facet normal 0 0 -1
    outer loop
      vertex -50.2 33.1933 -3
      vertex -50.0166 32.7472 -3
      vertex -50.1364 32.6906 -3
    endloop
  endfacet
  facet normal 0 0 -1
    outer loop
      vertex -49.8919 32.7919 -3
      vertex -50.2 33.1933 -3
      vertex -49.897 33.3749 -3
    endloop
  endfacet
  facet normal 0 0 -1
    outer loop
      vertex -50.4838 32.9828 -3
      vertex -50.1364 32.6906 -3
      vertex -50.25 32.6225 -3
    endloop
  endfacet
  facet normal 0 0 -1
    outer loop
      vertex -50.4838 32.9828 -3
      vertex -50.25 32.6225 -3
      vertex -50.3564 32.5436 -3
    endloop
  endfacet
  facet normal 0 0 -1
    outer loop
      vertex -50.7456 32.7456 -3
      vertex -50.3564 32.5436 -3
      vertex -50.4546 32.4546 -3
    endloop
  endfacet
  facet normal 0 0 -1
    outer loop
      vertex -50.1364 32.6906 -3
      vertex -50.4838 32.9828 -3
      vertex -50.2 33.1933 -3
    endloop
  endfacet
  facet normal 0 0 -1
    outer loop
      vertex -50.7456 32.7456 -3
      vertex -50.4546 32.4546 -3
      vertex -50.5436 32.3564 -3
    endloop
  endfacet
  facet normal 0 0 -1
    outer loop
      vertex -50.9828 32.4838 -3
      vertex -50.5436 32.3564 -3
      vertex -50.6225 32.25 -3
    endloop
  endfacet
  facet normal 0 0 -1
    outer loop
      vertex -50.9828 32.4838 -3
      vertex -50.6225 32.25 -3
      vertex -50.6906 32.1364 -3
    endloop
  endfacet
  facet normal 0 0 -1
    outer loop
      vertex -50.3564 32.5436 -3
      vertex -50.7456 32.7456 -3
      vertex -50.4838 32.9828 -3
    endloop
  endfacet
  facet normal 0 0 -1
    outer loop
      vertex -51.1933 32.2 -3
      vertex -50.6906 32.1364 -3
      vertex -50.7472 32.0166 -3
    endloop
  endfacet
  facet normal 0 0 -1
    outer loop
      vertex -51.1933 32.2 -3
      vertex -50.7472 32.0166 -3
      vertex -50.7919 31.8919 -3
    endloop
  endfacet
  facet normal 0 0 -1
    outer loop
      vertex -51.3749 31.897 -3
      vertex -50.7919 31.8919 -3
      vertex -50.8241 31.7634 -3
    endloop
  endfacet
  facet normal 0 0 -1
    outer loop
      vertex -51.3749 31.897 -3
      vertex -50.8241 31.7634 -3
      vertex -50.8435 31.6323 -3
    endloop
  endfacet
  facet normal 0 0 -1
    outer loop
      vertex -50.5436 32.3564 -3
      vertex -50.9828 32.4838 -3
      vertex -50.7456 32.7456 -3
    endloop
  endfacet
  facet normal 0 0 -1
    outer loop
      vertex -51.526 31.5776 -3
      vertex -50.8435 31.6323 -3
      vertex -50.85 31.5 -3
    endloop
  endfacet
  facet normal -0 0 -1
    outer loop
      vertex -50.7472 30.9834 -3
      vertex -51.7308 30.9023 -3
      vertex -50.7919 31.1081 -3
    endloop
  endfacet
  facet normal 0 0 -1
    outer loop
      vertex -51.526 -31.5776 -3
      vertex -50.8435 -31.6323 -3
      vertex -51.3749 -31.897 -3
    endloop
  endfacet
  facet normal 0 -0 -1
    outer loop
      vertex -51.645 31.245 -3
      vertex -50.7919 31.1081 -3
      vertex -51.7308 30.9023 -3
    endloop
  endfacet
  facet normal 0 0 -1
    outer loop
      vertex -50.8435 -31.6323 -3
      vertex -51.526 -31.5776 -3
      vertex -50.85 -31.5 -3
    endloop
  endfacet
  facet normal 0 0 -1
    outer loop
      vertex -50.7919 31.1081 -3
      vertex -51.645 31.245 -3
      vertex -50.8241 31.2366 -3
    endloop
  endfacet
  facet normal -0 0 -1
    outer loop
      vertex -50.8435 -31.3677 -3
      vertex -51.526 -31.5776 -3
      vertex -51.645 -31.245 -3
    endloop
  endfacet
  facet normal 0 0 -1
    outer loop
      vertex -50.6906 32.1364 -3
      vertex -51.1933 32.2 -3
      vertex -50.9828 32.4838 -3
    endloop
  endfacet
  facet normal -0 0 -1
    outer loop
      vertex -50.7919 -31.1081 -3
      vertex -51.645 -31.245 -3
      vertex -51.7308 -30.9023 -3
    endloop
  endfacet
  facet normal 0 0 -1
    outer loop
      vertex -50.7919 31.8919 -3
      vertex -51.3749 31.897 -3
      vertex -51.1933 32.2 -3
    endloop
  endfacet
  facet normal -0 0 -1
    outer loop
      vertex -50.6906 -30.8636 -3
      vertex -51.7308 -30.9023 -3
      vertex -51.7827 -30.5528 -3
    endloop
  endfacet
  facet normal -0 0 -1
    outer loop
      vertex -50.8435 31.6323 -3
      vertex -51.526 31.5776 -3
      vertex -51.3749 31.897 -3
    endloop
  endfacet
  facet normal 0 0 -1
    outer loop
      vertex -50.6225 -30.75 -3
      vertex -51.7827 -30.5528 -3
      vertex -51.8 -30.2 -3
    endloop
  endfacet
  facet normal 0 0 -1
    outer loop
      vertex -50.8435 31.3677 -3
      vertex -51.526 31.5776 -3
      vertex -50.85 31.5 -3
    endloop
  endfacet
  facet normal 0 -0 -1
    outer loop
      vertex -51.526 31.5776 -3
      vertex -50.8435 31.3677 -3
      vertex -51.645 31.245 -3
    endloop
  endfacet
  facet normal 0 0 -1
    outer loop
      vertex -50.8241 31.2366 -3
      vertex -51.645 31.245 -3
      vertex -50.8435 31.3677 -3
    endloop
  endfacet
  facet normal 0 0 -1
    outer loop
      vertex 50.0166 30.2528 -3
      vertex 49.245 28.845 -3
      vertex 49.8919 30.2081 -3
    endloop
  endfacet
  facet normal 0 0 -1
    outer loop
      vertex 49.8919 30.2081 -3
      vertex 49.245 28.845 -3
      vertex 49.7634 30.1759 -3
    endloop
  endfacet
  facet normal 0 0 -1
    outer loop
      vertex 49.126 29.1776 -3
      vertex 49.7634 30.1759 -3
      vertex 49.245 28.845 -3
    endloop
  endfacet
  facet normal 0 0 -1
    outer loop
      vertex 49.7634 30.1759 -3
      vertex 49.126 29.1776 -3
      vertex 49.6323 30.1565 -3
    endloop
  endfacet
  facet normal 0 0 -1
    outer loop
      vertex 49.6323 30.1565 -3
      vertex 49.126 29.1776 -3
      vertex 49.5 30.15 -3
    endloop
  endfacet
  facet normal 0 0 -1
    outer loop
      vertex 48.9749 29.497 -3
      vertex 49.5 30.15 -3
      vertex 49.126 29.1776 -3
    endloop
  endfacet
  facet normal -0 0 -1
    outer loop
      vertex 49.5 30.15 -3
      vertex 48.9749 29.497 -3
      vertex 49.3677 30.1565 -3
    endloop
  endfacet
  facet normal -0 0 -1
    outer loop
      vertex 49.3677 30.1565 -3
      vertex 48.9749 29.497 -3
      vertex 49.2366 30.1759 -3
    endloop
  endfacet
  facet normal 0 0 -1
    outer loop
      vertex 48.7933 29.8 -3
      vertex 49.2366 30.1759 -3
      vertex 48.9749 29.497 -3
    endloop
  endfacet
  facet normal -0 0 -1
    outer loop
      vertex 49.2366 30.1759 -3
      vertex 48.7933 29.8 -3
      vertex 49.1081 30.2081 -3
    endloop
  endfacet
  facet normal -0 0 -1
    outer loop
      vertex 49.1081 30.2081 -3
      vertex 48.7933 29.8 -3
      vertex 48.9834 30.2528 -3
    endloop
  endfacet
  facet normal 0 0 -1
    outer loop
      vertex 48.5828 30.0838 -3
      vertex 48.9834 30.2528 -3
      vertex 48.7933 29.8 -3
    endloop
  endfacet
  facet normal -0 0 -1
    outer loop
      vertex 48.9834 30.2528 -3
      vertex 48.5828 30.0838 -3
      vertex 48.8636 30.3094 -3
    endloop
  endfacet
  facet normal -0 0 -1
    outer loop
      vertex 48.8636 30.3094 -3
      vertex 48.5828 30.0838 -3
      vertex 48.75 30.3775 -3
    endloop
  endfacet
  facet normal -0 0 -1
    outer loop
      vertex 48.75 30.3775 -3
      vertex 48.5828 30.0838 -3
      vertex 48.6436 30.4564 -3
    endloop
  endfacet
  facet normal 0 0 -1
    outer loop
      vertex 48.3456 30.3456 -3
      vertex 48.6436 30.4564 -3
      vertex 48.5828 30.0838 -3
    endloop
  endfacet
  facet normal -0 0 -1
    outer loop
      vertex 48.6436 30.4564 -3
      vertex 48.3456 30.3456 -3
      vertex 48.5454 30.5454 -3
    endloop
  endfacet
  facet normal -0 0 -1
    outer loop
      vertex 48.5454 30.5454 -3
      vertex 48.3456 30.3456 -3
      vertex 48.4564 30.6436 -3
    endloop
  endfacet
  facet normal 0 0 -1
    outer loop
      vertex 48.0838 30.5828 -3
      vertex 48.4564 30.6436 -3
      vertex 48.3456 30.3456 -3
    endloop
  endfacet
  facet normal -0 0 -1
    outer loop
      vertex 48.4564 30.6436 -3
      vertex 48.0838 30.5828 -3
      vertex 48.3775 30.75 -3
    endloop
  endfacet
  facet normal -0 0 -1
    outer loop
      vertex 48.3775 30.75 -3
      vertex 48.0838 30.5828 -3
      vertex 48.3094 30.8636 -3
    endloop
  endfacet
  facet normal -0 0 -1
    outer loop
      vertex 48.3094 30.8636 -3
      vertex 48.0838 30.5828 -3
      vertex 48.2528 30.9834 -3
    endloop
  endfacet
  facet normal 0 0 -1
    outer loop
      vertex 47.8 30.7933 -3
      vertex 48.2528 30.9834 -3
      vertex 48.0838 30.5828 -3
    endloop
  endfacet
  facet normal 0 0 -1
    outer loop
      vertex 47.497 30.9749 -3
      vertex 48.1759 31.2366 -3
      vertex 47.8 30.7933 -3
    endloop
  endfacet
  facet normal -0 0 -1
    outer loop
      vertex 48.2081 31.1081 -3
      vertex 47.8 30.7933 -3
      vertex 48.1759 31.2366 -3
    endloop
  endfacet
  facet normal -0 0 -1
    outer loop
      vertex 48.2528 30.9834 -3
      vertex 47.8 30.7933 -3
      vertex 48.2081 31.1081 -3
    endloop
  endfacet
  facet normal -0.903951 -0.427636 0
    outer loop
      vertex -51.3749 -31.897 -3
      vertex -51.526 -31.5776 0
      vertex -51.526 -31.5776 -3
    endloop
  endfacet
  facet normal -0.903951 -0.427636 0
    outer loop
      vertex -51.526 -31.5776 0
      vertex -51.3749 -31.897 -3
      vertex -51.3749 -31.897 0
    endloop
  endfacet
  facet normal 0.671432 -0.741066 0
    outer loop
      vertex 50.4838 -32.9828 -3
      vertex 50.7456 -32.7456 0
      vertex 50.4838 -32.9828 0
    endloop
  endfacet
  facet normal 0.671432 -0.741066 0
    outer loop
      vertex 50.7456 -32.7456 0
      vertex 50.4838 -32.9828 -3
      vertex 50.7456 -32.7456 -3
    endloop
  endfacet
  facet normal 0.970059 0.242869 0
    outer loop
      vertex 51.7308 30.9023 0
      vertex 51.645 31.245 -3
      vertex 51.645 31.245 0
    endloop
  endfacet
  facet normal 0.970059 0.242869 0
    outer loop
      vertex 51.645 31.245 -3
      vertex 51.7308 30.9023 0
      vertex 51.7308 30.9023 -3
    endloop
  endfacet
  facet normal -0.0489774 0.9988 0
    outer loop
      vertex 46.1528 -31.3827 -3
      vertex 45.8 -31.4 0
      vertex 46.1528 -31.3827 0
    endloop
  endfacet
  facet normal -0.0489774 0.9988 0
    outer loop
      vertex 45.8 -31.4 0
      vertex 46.1528 -31.3827 -3
      vertex 45.8 -31.4 -3
    endloop
  endfacet
  facet normal 0.9988 -0.0489774 0
    outer loop
      vertex -49.4 27.8 0
      vertex -49.3827 28.1528 -3
      vertex -49.3827 28.1528 0
    endloop
  endfacet
  facet normal 0.9988 -0.0489774 0
    outer loop
      vertex -49.3827 28.1528 -3
      vertex -49.4 27.8 0
      vertex -49.4 27.8 -3
    endloop
  endfacet
  facet normal 1 -0 0
    outer loop
      vertex -49.4 -27.8 0
      vertex -49.4 27.8 -3
      vertex -49.4 27.8 0
    endloop
  endfacet
  facet normal 1 0 0
    outer loop
      vertex -49.4 27.8 -3
      vertex -49.4 -27.8 0
      vertex -49.4 -27.8 -3
    endloop
  endfacet
  facet normal 0.0489774 0.9988 -0
    outer loop
      vertex -45.8 -31.4 -3
      vertex -46.1528 -31.3827 0
      vertex -45.8 -31.4 0
    endloop
  endfacet
  facet normal 0.0489774 0.9988 0
    outer loop
      vertex -46.1528 -31.3827 0
      vertex -45.8 -31.4 -3
      vertex -46.1528 -31.3827 -3
    endloop
  endfacet
  facet normal -0.336874 0.94155 0
    outer loop
      vertex 47.1776 -31.126 -3
      vertex 46.845 -31.245 0
      vertex 47.1776 -31.126 0
    endloop
  endfacet
  facet normal -0.336874 0.94155 0
    outer loop
      vertex 46.845 -31.245 0
      vertex 47.1776 -31.126 -3
      vertex 46.845 -31.245 -3
    endloop
  endfacet
  facet normal 0.94155 -0.336874 0
    outer loop
      vertex -49.245 28.845 0
      vertex -49.126 29.1776 -3
      vertex -49.126 29.1776 0
    endloop
  endfacet
  facet normal 0.94155 -0.336874 0
    outer loop
      vertex -49.126 29.1776 -3
      vertex -49.245 28.845 0
      vertex -49.245 28.845 -3
    endloop
  endfacet
  facet normal 0.242869 -0.970059 0
    outer loop
      vertex -46.845 31.245 -3
      vertex -46.5023 31.3308 0
      vertex -46.845 31.245 0
    endloop
  endfacet
  facet normal 0.242869 -0.970059 0
    outer loop
      vertex -46.5023 31.3308 0
      vertex -46.845 31.245 -3
      vertex -46.5023 31.3308 -3
    endloop
  endfacet
  facet normal 0.857743 0.514079 0
    outer loop
      vertex -48.7933 -29.8 0
      vertex -48.9749 -29.497 -3
      vertex -48.9749 -29.497 0
    endloop
  endfacet
  facet normal 0.857743 0.514079 0
    outer loop
      vertex -48.9749 -29.497 -3
      vertex -48.7933 -29.8 0
      vertex -48.7933 -29.8 -3
    endloop
  endfacet
  facet normal -0.94155 0.336874 0
    outer loop
      vertex 49.126 -29.1776 -3
      vertex 49.245 -28.845 0
      vertex 49.245 -28.845 -3
    endloop
  endfacet
  facet normal -0.94155 0.336874 0
    outer loop
      vertex 49.245 -28.845 0
      vertex 49.126 -29.1776 -3
      vertex 49.126 -29.1776 0
    endloop
  endfacet
  facet normal 0 1 -0
    outer loop
      vertex 45.8 -31.4 -3
      vertex -45.8 -31.4 0
      vertex 45.8 -31.4 0
    endloop
  endfacet
  facet normal 0 1 0
    outer loop
      vertex -45.8 -31.4 0
      vertex 45.8 -31.4 -3
      vertex -45.8 -31.4 -3
    endloop
  endfacet
  facet normal -0.146887 -0.989153 0
    outer loop
      vertex 46.1528 31.3827 -3
      vertex 46.5023 31.3308 0
      vertex 46.1528 31.3827 0
    endloop
  endfacet
  facet normal -0.146887 -0.989153 -0
    outer loop
      vertex 46.5023 31.3308 0
      vertex 46.1528 31.3827 -3
      vertex 46.5023 31.3308 -3
    endloop
  endfacet
  facet normal 0.427636 0.903951 -0
    outer loop
      vertex -47.1776 -31.126 -3
      vertex -47.497 -30.9749 0
      vertex -47.1776 -31.126 0
    endloop
  endfacet
  facet normal 0.427636 0.903951 0
    outer loop
      vertex -47.497 -30.9749 0
      vertex -47.1776 -31.126 -3
      vertex -47.497 -30.9749 -3
    endloop
  endfacet
  facet normal 0 -1 0
    outer loop
      vertex -45.8 31.4 -3
      vertex 45.8 31.4 0
      vertex -45.8 31.4 0
    endloop
  endfacet
  facet normal 0 -1 -0
    outer loop
      vertex 45.8 31.4 0
      vertex -45.8 31.4 -3
      vertex 45.8 31.4 -3
    endloop
  endfacet
  facet normal 0.146887 -0.989153 0
    outer loop
      vertex -46.5023 31.3308 -3
      vertex -46.1528 31.3827 0
      vertex -46.5023 31.3308 0
    endloop
  endfacet
  facet normal 0.146887 -0.989153 0
    outer loop
      vertex -46.1528 31.3827 0
      vertex -46.5023 31.3308 -3
      vertex -46.1528 31.3827 -3
    endloop
  endfacet
  facet normal 0.741066 -0.671432 0
    outer loop
      vertex -48.5828 30.0838 0
      vertex -48.3456 30.3456 -3
      vertex -48.3456 30.3456 0
    endloop
  endfacet
  facet normal 0.741066 -0.671432 0
    outer loop
      vertex -48.3456 30.3456 -3
      vertex -48.5828 30.0838 0
      vertex -48.5828 30.0838 -3
    endloop
  endfacet
  facet normal -0.427636 -0.903951 0
    outer loop
      vertex 47.1776 31.126 -3
      vertex 47.497 30.9749 0
      vertex 47.1776 31.126 0
    endloop
  endfacet
  facet normal -0.427636 -0.903951 -0
    outer loop
      vertex 47.497 30.9749 0
      vertex 47.1776 31.126 -3
      vertex 47.497 30.9749 -3
    endloop
  endfacet
  facet normal 0.336874 -0.94155 0
    outer loop
      vertex -47.1776 31.126 -3
      vertex -46.845 31.245 0
      vertex -47.1776 31.126 0
    endloop
  endfacet
  facet normal 0.336874 -0.94155 0
    outer loop
      vertex -46.845 31.245 0
      vertex -47.1776 31.126 -3
      vertex -46.845 31.245 -3
    endloop
  endfacet
  facet normal 0.803181 0.595735 0
    outer loop
      vertex -48.5828 -30.0838 0
      vertex -48.7933 -29.8 -3
      vertex -48.7933 -29.8 0
    endloop
  endfacet
  facet normal 0.803181 0.595735 0
    outer loop
      vertex -48.7933 -29.8 -3
      vertex -48.5828 -30.0838 0
      vertex -48.5828 -30.0838 -3
    endloop
  endfacet
  facet normal 0.514079 0.857743 -0
    outer loop
      vertex -47.497 -30.9749 -3
      vertex -47.8 -30.7933 0
      vertex -47.497 -30.9749 0
    endloop
  endfacet
  facet normal 0.514079 0.857743 0
    outer loop
      vertex -47.8 -30.7933 0
      vertex -47.497 -30.9749 -3
      vertex -47.8 -30.7933 -3
    endloop
  endfacet
  facet normal -0.94155 -0.336874 0
    outer loop
      vertex 49.245 28.845 -3
      vertex 49.126 29.1776 0
      vertex 49.126 29.1776 -3
    endloop
  endfacet
  facet normal -0.94155 -0.336874 0
    outer loop
      vertex 49.126 29.1776 0
      vertex 49.245 28.845 -3
      vertex 49.245 28.845 0
    endloop
  endfacet
  facet normal -0.0489774 -0.9988 0
    outer loop
      vertex 45.8 31.4 -3
      vertex 46.1528 31.3827 0
      vertex 45.8 31.4 0
    endloop
  endfacet
  facet normal -0.0489774 -0.9988 -0
    outer loop
      vertex 46.1528 31.3827 0
      vertex 45.8 31.4 -3
      vertex 46.1528 31.3827 -3
    endloop
  endfacet
  facet normal -0.903951 -0.427636 0
    outer loop
      vertex 49.126 29.1776 -3
      vertex 48.9749 29.497 0
      vertex 48.9749 29.497 -3
    endloop
  endfacet
  facet normal -0.903951 -0.427636 0
    outer loop
      vertex 48.9749 29.497 0
      vertex 49.126 29.1776 -3
      vertex 49.126 29.1776 0
    endloop
  endfacet
  facet normal 0.970059 0.242869 0
    outer loop
      vertex -49.245 -28.845 0
      vertex -49.3308 -28.5023 -3
      vertex -49.3308 -28.5023 0
    endloop
  endfacet
  facet normal 0.970059 0.242869 0
    outer loop
      vertex -49.3308 -28.5023 -3
      vertex -49.245 -28.845 0
      vertex -49.245 -28.845 -3
    endloop
  endfacet
  facet normal 0.803181 -0.595735 0
    outer loop
      vertex -48.7933 29.8 0
      vertex -48.5828 30.0838 -3
      vertex -48.5828 30.0838 0
    endloop
  endfacet
  facet normal 0.803181 -0.595735 0
    outer loop
      vertex -48.5828 30.0838 -3
      vertex -48.7933 29.8 0
      vertex -48.7933 29.8 -3
    endloop
  endfacet
  facet normal -0.741066 0.671432 0
    outer loop
      vertex 48.3456 -30.3456 -3
      vertex 48.5828 -30.0838 0
      vertex 48.5828 -30.0838 -3
    endloop
  endfacet
  facet normal -0.741066 0.671432 0
    outer loop
      vertex 48.5828 -30.0838 0
      vertex 48.3456 -30.3456 -3
      vertex 48.3456 -30.3456 0
    endloop
  endfacet
  facet normal 0.671432 -0.741066 0
    outer loop
      vertex -48.3456 30.3456 -3
      vertex -48.0838 30.5828 0
      vertex -48.3456 30.3456 0
    endloop
  endfacet
  facet normal 0.671432 -0.741066 0
    outer loop
      vertex -48.0838 30.5828 0
      vertex -48.3456 30.3456 -3
      vertex -48.0838 30.5828 -3
    endloop
  endfacet
  facet normal 0.0489774 -0.9988 0
    outer loop
      vertex -46.1528 31.3827 -3
      vertex -45.8 31.4 0
      vertex -46.1528 31.3827 0
    endloop
  endfacet
  facet normal 0.0489774 -0.9988 0
    outer loop
      vertex -45.8 31.4 0
      vertex -46.1528 31.3827 -3
      vertex -45.8 31.4 -3
    endloop
  endfacet
  facet normal -0.336874 -0.94155 0
    outer loop
      vertex 46.845 31.245 -3
      vertex 47.1776 31.126 0
      vertex 46.845 31.245 0
    endloop
  endfacet
  facet normal -0.336874 -0.94155 -0
    outer loop
      vertex 47.1776 31.126 0
      vertex 46.845 31.245 -3
      vertex 47.1776 31.126 -3
    endloop
  endfacet
  facet normal -0.741066 -0.671432 0
    outer loop
      vertex 48.5828 30.0838 -3
      vertex 48.3456 30.3456 0
      vertex 48.3456 30.3456 -3
    endloop
  endfacet
  facet normal -0.741066 -0.671432 0
    outer loop
      vertex 48.3456 30.3456 0
      vertex 48.5828 30.0838 -3
      vertex 48.5828 30.0838 0
    endloop
  endfacet
  facet normal 0.146887 0.989153 -0
    outer loop
      vertex -46.1528 -31.3827 -3
      vertex -46.5023 -31.3308 0
      vertex -46.1528 -31.3827 0
    endloop
  endfacet
  facet normal 0.146887 0.989153 0
    outer loop
      vertex -46.5023 -31.3308 0
      vertex -46.1528 -31.3827 -3
      vertex -46.5023 -31.3308 -3
    endloop
  endfacet
  facet normal 0.242869 0.970059 -0
    outer loop
      vertex -46.5023 -31.3308 -3
      vertex -46.845 -31.245 0
      vertex -46.5023 -31.3308 0
    endloop
  endfacet
  facet normal 0.242869 0.970059 0
    outer loop
      vertex -46.845 -31.245 0
      vertex -46.5023 -31.3308 -3
      vertex -46.845 -31.245 -3
    endloop
  endfacet
  facet normal 0.336874 0.94155 -0
    outer loop
      vertex -46.845 -31.245 -3
      vertex -47.1776 -31.126 0
      vertex -46.845 -31.245 0
    endloop
  endfacet
  facet normal 0.336874 0.94155 0
    outer loop
      vertex -47.1776 -31.126 0
      vertex -46.845 -31.245 -3
      vertex -47.1776 -31.126 -3
    endloop
  endfacet
  facet normal 0.989153 -0.146887 0
    outer loop
      vertex -49.3827 28.1528 0
      vertex -49.3308 28.5023 -3
      vertex -49.3308 28.5023 0
    endloop
  endfacet
  facet normal 0.989153 -0.146887 0
    outer loop
      vertex -49.3308 28.5023 -3
      vertex -49.3827 28.1528 0
      vertex -49.3827 28.1528 -3
    endloop
  endfacet
  facet normal -0.9988 0.0489774 0
    outer loop
      vertex 49.3827 -28.1528 -3
      vertex 49.4 -27.8 0
      vertex 49.4 -27.8 -3
    endloop
  endfacet
  facet normal -0.9988 0.0489774 0
    outer loop
      vertex 49.4 -27.8 0
      vertex 49.3827 -28.1528 -3
      vertex 49.3827 -28.1528 0
    endloop
  endfacet
  facet normal 0.970059 -0.242869 0
    outer loop
      vertex -49.3308 28.5023 0
      vertex -49.245 28.845 -3
      vertex -49.245 28.845 0
    endloop
  endfacet
  facet normal 0.970059 -0.242869 0
    outer loop
      vertex -49.245 28.845 -3
      vertex -49.3308 28.5023 0
      vertex -49.3308 28.5023 -3
    endloop
  endfacet
  facet normal -1 0 0
    outer loop
      vertex 49.4 -27.8 -3
      vertex 49.4 27.8 0
      vertex 49.4 27.8 -3
    endloop
  endfacet
  facet normal -1 -0 0
    outer loop
      vertex 49.4 27.8 0
      vertex 49.4 -27.8 -3
      vertex 49.4 -27.8 0
    endloop
  endfacet
  facet normal -0.514079 -0.857743 0
    outer loop
      vertex 47.497 30.9749 -3
      vertex 47.8 30.7933 0
      vertex 47.497 30.9749 0
    endloop
  endfacet
  facet normal -0.514079 -0.857743 -0
    outer loop
      vertex 47.8 30.7933 0
      vertex 47.497 30.9749 -3
      vertex 47.8 30.7933 -3
    endloop
  endfacet
  facet normal 0.989153 0.146887 0
    outer loop
      vertex -49.3308 -28.5023 0
      vertex -49.3827 -28.1528 -3
      vertex -49.3827 -28.1528 0
    endloop
  endfacet
  facet normal 0.989153 0.146887 0
    outer loop
      vertex -49.3827 -28.1528 -3
      vertex -49.3308 -28.5023 0
      vertex -49.3308 -28.5023 -3
    endloop
  endfacet
  facet normal -0.989153 -0.146887 0
    outer loop
      vertex 49.3827 28.1528 -3
      vertex 49.3308 28.5023 0
      vertex 49.3308 28.5023 -3
    endloop
  endfacet
  facet normal -0.989153 -0.146887 0
    outer loop
      vertex 49.3308 28.5023 0
      vertex 49.3827 28.1528 -3
      vertex 49.3827 28.1528 0
    endloop
  endfacet
  facet normal 0.857743 -0.514079 0
    outer loop
      vertex -48.9749 29.497 0
      vertex -48.7933 29.8 -3
      vertex -48.7933 29.8 0
    endloop
  endfacet
  facet normal 0.857743 -0.514079 0
    outer loop
      vertex -48.7933 29.8 -3
      vertex -48.9749 29.497 0
      vertex -48.9749 29.497 -3
    endloop
  endfacet
  facet normal -0.671432 -0.741066 0
    outer loop
      vertex 48.0838 30.5828 -3
      vertex 48.3456 30.3456 0
      vertex 48.0838 30.5828 0
    endloop
  endfacet
  facet normal -0.671432 -0.741066 -0
    outer loop
      vertex 48.3456 30.3456 0
      vertex 48.0838 30.5828 -3
      vertex 48.3456 30.3456 -3
    endloop
  endfacet
  facet normal -0.989153 0.146887 0
    outer loop
      vertex 49.3308 -28.5023 -3
      vertex 49.3827 -28.1528 0
      vertex 49.3827 -28.1528 -3
    endloop
  endfacet
  facet normal -0.989153 0.146887 0
    outer loop
      vertex 49.3827 -28.1528 0
      vertex 49.3308 -28.5023 -3
      vertex 49.3308 -28.5023 0
    endloop
  endfacet
  facet normal -0.9988 -0.0489774 0
    outer loop
      vertex 49.4 27.8 -3
      vertex 49.3827 28.1528 0
      vertex 49.3827 28.1528 -3
    endloop
  endfacet
  facet normal -0.9988 -0.0489774 0
    outer loop
      vertex 49.3827 28.1528 0
      vertex 49.4 27.8 -3
      vertex 49.4 27.8 0
    endloop
  endfacet
  facet normal 0.9988 0.0489774 0
    outer loop
      vertex -49.3827 -28.1528 0
      vertex -49.4 -27.8 -3
      vertex -49.4 -27.8 0
    endloop
  endfacet
  facet normal 0.9988 0.0489774 0
    outer loop
      vertex -49.4 -27.8 -3
      vertex -49.3827 -28.1528 0
      vertex -49.3827 -28.1528 -3
    endloop
  endfacet
  facet normal -0.595735 -0.803181 0
    outer loop
      vertex 47.8 30.7933 -3
      vertex 48.0838 30.5828 0
      vertex 47.8 30.7933 0
    endloop
  endfacet
  facet normal -0.595735 -0.803181 -0
    outer loop
      vertex 48.0838 30.5828 0
      vertex 47.8 30.7933 -3
      vertex 48.0838 30.5828 -3
    endloop
  endfacet
  facet normal 0.595735 -0.803181 0
    outer loop
      vertex -48.0838 30.5828 -3
      vertex -47.8 30.7933 0
      vertex -48.0838 30.5828 0
    endloop
  endfacet
  facet normal 0.595735 -0.803181 0
    outer loop
      vertex -47.8 30.7933 0
      vertex -48.0838 30.5828 -3
      vertex -47.8 30.7933 -3
    endloop
  endfacet
  facet normal -0.242869 -0.970059 0
    outer loop
      vertex 46.5023 31.3308 -3
      vertex 46.845 31.245 0
      vertex 46.5023 31.3308 0
    endloop
  endfacet
  facet normal -0.242869 -0.970059 -0
    outer loop
      vertex 46.845 31.245 0
      vertex 46.5023 31.3308 -3
      vertex 46.845 31.245 -3
    endloop
  endfacet
  facet normal -0.857743 0.514079 0
    outer loop
      vertex 48.7933 -29.8 -3
      vertex 48.9749 -29.497 0
      vertex 48.9749 -29.497 -3
    endloop
  endfacet
  facet normal -0.857743 0.514079 0
    outer loop
      vertex 48.9749 -29.497 0
      vertex 48.7933 -29.8 -3
      vertex 48.7933 -29.8 0
    endloop
  endfacet
  facet normal -0.427636 0.903951 0
    outer loop
      vertex 47.497 -30.9749 -3
      vertex 47.1776 -31.126 0
      vertex 47.497 -30.9749 0
    endloop
  endfacet
  facet normal -0.427636 0.903951 0
    outer loop
      vertex 47.1776 -31.126 0
      vertex 47.497 -30.9749 -3
      vertex 47.1776 -31.126 -3
    endloop
  endfacet
  facet normal -0.803181 -0.595735 0
    outer loop
      vertex 48.7933 29.8 -3
      vertex 48.5828 30.0838 0
      vertex 48.5828 30.0838 -3
    endloop
  endfacet
  facet normal -0.803181 -0.595735 0
    outer loop
      vertex 48.5828 30.0838 0
      vertex 48.7933 29.8 -3
      vertex 48.7933 29.8 0
    endloop
  endfacet
  facet normal -0.146887 0.989153 0
    outer loop
      vertex 46.5023 -31.3308 -3
      vertex 46.1528 -31.3827 0
      vertex 46.5023 -31.3308 0
    endloop
  endfacet
  facet normal -0.146887 0.989153 0
    outer loop
      vertex 46.1528 -31.3827 0
      vertex 46.5023 -31.3308 -3
      vertex 46.1528 -31.3827 -3
    endloop
  endfacet
  facet normal 0.595735 0.803181 -0
    outer loop
      vertex -47.8 -30.7933 -3
      vertex -48.0838 -30.5828 0
      vertex -47.8 -30.7933 0
    endloop
  endfacet
  facet normal 0.595735 0.803181 0
    outer loop
      vertex -48.0838 -30.5828 0
      vertex -47.8 -30.7933 -3
      vertex -48.0838 -30.5828 -3
    endloop
  endfacet
  facet normal -0.903951 0.427636 0
    outer loop
      vertex 48.9749 -29.497 -3
      vertex 49.126 -29.1776 0
      vertex 49.126 -29.1776 -3
    endloop
  endfacet
  facet normal -0.903951 0.427636 0
    outer loop
      vertex 49.126 -29.1776 0
      vertex 48.9749 -29.497 -3
      vertex 48.9749 -29.497 0
    endloop
  endfacet
  facet normal -0.595735 0.803181 0
    outer loop
      vertex 48.0838 -30.5828 -3
      vertex 47.8 -30.7933 0
      vertex 48.0838 -30.5828 0
    endloop
  endfacet
  facet normal -0.595735 0.803181 0
    outer loop
      vertex 47.8 -30.7933 0
      vertex 48.0838 -30.5828 -3
      vertex 47.8 -30.7933 -3
    endloop
  endfacet
  facet normal 0.514079 -0.857743 0
    outer loop
      vertex -47.8 30.7933 -3
      vertex -47.497 30.9749 0
      vertex -47.8 30.7933 0
    endloop
  endfacet
  facet normal 0.514079 -0.857743 0
    outer loop
      vertex -47.497 30.9749 0
      vertex -47.8 30.7933 -3
      vertex -47.497 30.9749 -3
    endloop
  endfacet
  facet normal 0.427636 -0.903951 0
    outer loop
      vertex -47.497 30.9749 -3
      vertex -47.1776 31.126 0
      vertex -47.497 30.9749 0
    endloop
  endfacet
  facet normal 0.427636 -0.903951 0
    outer loop
      vertex -47.1776 31.126 0
      vertex -47.497 30.9749 -3
      vertex -47.1776 31.126 -3
    endloop
  endfacet
  facet normal 0.903951 -0.427636 0
    outer loop
      vertex -49.126 29.1776 0
      vertex -48.9749 29.497 -3
      vertex -48.9749 29.497 0
    endloop
  endfacet
  facet normal 0.903951 -0.427636 0
    outer loop
      vertex -48.9749 29.497 -3
      vertex -49.126 29.1776 0
      vertex -49.126 29.1776 -3
    endloop
  endfacet
  facet normal -0.803181 0.595735 0
    outer loop
      vertex 48.5828 -30.0838 -3
      vertex 48.7933 -29.8 0
      vertex 48.7933 -29.8 -3
    endloop
  endfacet
  facet normal -0.803181 0.595735 0
    outer loop
      vertex 48.7933 -29.8 0
      vertex 48.5828 -30.0838 -3
      vertex 48.5828 -30.0838 0
    endloop
  endfacet
  facet normal -0.857743 -0.514079 0
    outer loop
      vertex 48.9749 29.497 -3
      vertex 48.7933 29.8 0
      vertex 48.7933 29.8 -3
    endloop
  endfacet
  facet normal -0.857743 -0.514079 0
    outer loop
      vertex 48.7933 29.8 0
      vertex 48.9749 29.497 -3
      vertex 48.9749 29.497 0
    endloop
  endfacet
  facet normal -0.242869 0.970059 0
    outer loop
      vertex 46.845 -31.245 -3
      vertex 46.5023 -31.3308 0
      vertex 46.845 -31.245 0
    endloop
  endfacet
  facet normal -0.242869 0.970059 0
    outer loop
      vertex 46.5023 -31.3308 0
      vertex 46.845 -31.245 -3
      vertex 46.5023 -31.3308 -3
    endloop
  endfacet
  facet normal 0.671432 0.741066 -0
    outer loop
      vertex -48.0838 -30.5828 -3
      vertex -48.3456 -30.3456 0
      vertex -48.0838 -30.5828 0
    endloop
  endfacet
  facet normal 0.671432 0.741066 0
    outer loop
      vertex -48.3456 -30.3456 0
      vertex -48.0838 -30.5828 -3
      vertex -48.3456 -30.3456 -3
    endloop
  endfacet
  facet normal 0.741066 0.671432 0
    outer loop
      vertex -48.3456 -30.3456 0
      vertex -48.5828 -30.0838 -3
      vertex -48.5828 -30.0838 0
    endloop
  endfacet
  facet normal 0.741066 0.671432 0
    outer loop
      vertex -48.5828 -30.0838 -3
      vertex -48.3456 -30.3456 0
      vertex -48.3456 -30.3456 -3
    endloop
  endfacet
  facet normal -0.514079 0.857743 0
    outer loop
      vertex 47.8 -30.7933 -3
      vertex 47.497 -30.9749 0
      vertex 47.8 -30.7933 0
    endloop
  endfacet
  facet normal -0.514079 0.857743 0
    outer loop
      vertex 47.497 -30.9749 0
      vertex 47.8 -30.7933 -3
      vertex 47.497 -30.9749 -3
    endloop
  endfacet
  facet normal 0.903951 0.427636 0
    outer loop
      vertex -48.9749 -29.497 0
      vertex -49.126 -29.1776 -3
      vertex -49.126 -29.1776 0
    endloop
  endfacet
  facet normal 0.903951 0.427636 0
    outer loop
      vertex -49.126 -29.1776 -3
      vertex -48.9749 -29.497 0
      vertex -48.9749 -29.497 -3
    endloop
  endfacet
  facet normal 0.94155 0.336874 0
    outer loop
      vertex -49.126 -29.1776 0
      vertex -49.245 -28.845 -3
      vertex -49.245 -28.845 0
    endloop
  endfacet
  facet normal 0.94155 0.336874 0
    outer loop
      vertex -49.245 -28.845 -3
      vertex -49.126 -29.1776 0
      vertex -49.126 -29.1776 -3
    endloop
  endfacet
  facet normal -0.970059 0.242869 0
    outer loop
      vertex 49.245 -28.845 -3
      vertex 49.3308 -28.5023 0
      vertex 49.3308 -28.5023 -3
    endloop
  endfacet
  facet normal -0.970059 0.242869 0
    outer loop
      vertex 49.3308 -28.5023 0
      vertex 49.245 -28.845 -3
      vertex 49.245 -28.845 0
    endloop
  endfacet
  facet normal -0.671432 0.741066 0
    outer loop
      vertex 48.3456 -30.3456 -3
      vertex 48.0838 -30.5828 0
      vertex 48.3456 -30.3456 0
    endloop
  endfacet
  facet normal -0.671432 0.741066 0
    outer loop
      vertex 48.0838 -30.5828 0
      vertex 48.3456 -30.3456 -3
      vertex 48.0838 -30.5828 -3
    endloop
  endfacet
  facet normal -0.970059 -0.242869 0
    outer loop
      vertex 49.3308 28.5023 -3
      vertex 49.245 28.845 0
      vertex 49.245 28.845 -3
    endloop
  endfacet
  facet normal -0.970059 -0.242869 0
    outer loop
      vertex 49.245 28.845 0
      vertex 49.3308 28.5023 -3
      vertex 49.3308 28.5023 0
    endloop
  endfacet
  facet normal -0.94158 -0.336788 0
    outer loop
      vertex -53.9433 -32.6961 0
      vertex -54.1416 -32.1417 3
      vertex -54.1416 -32.1417 0
    endloop
  endfacet
  facet normal -0.94158 -0.336788 0
    outer loop
      vertex -54.1416 -32.1417 3
      vertex -53.9433 -32.6961 0
      vertex -53.9433 -32.6961 3
    endloop
  endfacet
  facet normal 0.0490821 -0.998795 0
    outer loop
      vertex 48.4 -36.4 0
      vertex 48.9881 -36.3711 3
      vertex 48.4 -36.4 3
    endloop
  endfacet
  facet normal 0.0490821 -0.998795 0
    outer loop
      vertex 48.9881 -36.3711 3
      vertex 48.4 -36.4 0
      vertex 48.9881 -36.3711 0
    endloop
  endfacet
  facet normal 1 -0 0
    outer loop
      vertex 54.4 -30.4 3
      vertex 54.4 30.4 0
      vertex 54.4 30.4 3
    endloop
  endfacet
  facet normal 1 0 0
    outer loop
      vertex 54.4 30.4 0
      vertex 54.4 -30.4 3
      vertex 54.4 -30.4 0
    endloop
  endfacet
  facet normal -0.146746 -0.989174 0
    outer loop
      vertex -49.5705 -36.2847 0
      vertex -48.9881 -36.3711 3
      vertex -49.5705 -36.2847 3
    endloop
  endfacet
  facet normal -0.146746 -0.989174 -0
    outer loop
      vertex -48.9881 -36.3711 3
      vertex -49.5705 -36.2847 0
      vertex -48.9881 -36.3711 0
    endloop
  endfacet
  facet normal 0 -1 0
    outer loop
      vertex -48.4 -36.4 0
      vertex 48.4 -36.4 3
      vertex -48.4 -36.4 3
    endloop
  endfacet
  facet normal 0 -1 -0
    outer loop
      vertex 48.4 -36.4 3
      vertex -48.4 -36.4 0
      vertex 48.4 -36.4 0
    endloop
  endfacet
  facet normal 0 1 -0
    outer loop
      vertex 48.4 36.4 0
      vertex -48.4 36.4 3
      vertex 48.4 36.4 3
    endloop
  endfacet
  facet normal 0 1 0
    outer loop
      vertex -48.4 36.4 3
      vertex 48.4 36.4 0
      vertex -48.4 36.4 0
    endloop
  endfacet
  facet normal 0.0490821 0.998795 -0
    outer loop
      vertex 48.9881 36.3711 0
      vertex 48.4 36.4 3
      vertex 48.9881 36.3711 3
    endloop
  endfacet
  facet normal 0.0490821 0.998795 0
    outer loop
      vertex 48.4 36.4 3
      vertex 48.9881 36.3711 0
      vertex 48.4 36.4 0
    endloop
  endfacet
  facet normal 0.514121 0.857718 -0
    outer loop
      vertex 51.7334 35.3888 0
      vertex 51.2284 35.6915 3
      vertex 51.7334 35.3888 3
    endloop
  endfacet
  facet normal 0.514121 0.857718 0
    outer loop
      vertex 51.2284 35.6915 3
      vertex 51.7334 35.3888 0
      vertex 51.2284 35.6915 0
    endloop
  endfacet
  facet normal 0.998795 0.0490821 0
    outer loop
      vertex 54.4 30.4 3
      vertex 54.3711 30.9881 0
      vertex 54.3711 30.9881 3
    endloop
  endfacet
  facet normal 0.998795 0.0490821 0
    outer loop
      vertex 54.3711 30.9881 0
      vertex 54.4 30.4 3
      vertex 54.4 30.4 0
    endloop
  endfacet
  facet normal -0.740823 -0.6717 0
    outer loop
      vertex -52.6426 -34.6426 0
      vertex -53.0381 -34.2064 3
      vertex -53.0381 -34.2064 0
    endloop
  endfacet
  facet normal -0.740823 -0.6717 0
    outer loop
      vertex -53.0381 -34.2064 3
      vertex -52.6426 -34.6426 0
      vertex -52.6426 -34.6426 3
    endloop
  endfacet
  facet normal -0.243015 -0.970023 0
    outer loop
      vertex -50.1417 -36.1416 0
      vertex -49.5705 -36.2847 3
      vertex -50.1417 -36.1416 3
    endloop
  endfacet
  facet normal -0.243015 -0.970023 -0
    outer loop
      vertex -49.5705 -36.2847 3
      vertex -50.1417 -36.1416 0
      vertex -49.5705 -36.2847 0
    endloop
  endfacet
  facet normal -0.857718 0.514121 0
    outer loop
      vertex -53.6915 33.2284 0
      vertex -53.3888 33.7334 3
      vertex -53.3888 33.7334 0
    endloop
  endfacet
  facet normal -0.857718 0.514121 0
    outer loop
      vertex -53.3888 33.7334 3
      vertex -53.6915 33.2284 0
      vertex -53.6915 33.2284 3
    endloop
  endfacet
  facet normal 0.857718 0.514121 0
    outer loop
      vertex 53.6915 33.2284 3
      vertex 53.3888 33.7334 0
      vertex 53.3888 33.7334 3
    endloop
  endfacet
  facet normal 0.857718 0.514121 0
    outer loop
      vertex 53.3888 33.7334 0
      vertex 53.6915 33.2284 3
      vertex 53.6915 33.2284 0
    endloop
  endfacet
  facet normal 0.970023 0.243015 0
    outer loop
      vertex 54.2847 31.5705 3
      vertex 54.1416 32.1417 0
      vertex 54.1416 32.1417 3
    endloop
  endfacet
  facet normal 0.970023 0.243015 0
    outer loop
      vertex 54.1416 32.1417 0
      vertex 54.2847 31.5705 3
      vertex 54.2847 31.5705 0
    endloop
  endfacet
  facet normal -0.94158 0.336788 0
    outer loop
      vertex -54.1416 32.1417 0
      vertex -53.9433 32.6961 3
      vertex -53.9433 32.6961 0
    endloop
  endfacet
  facet normal -0.94158 0.336788 0
    outer loop
      vertex -53.9433 32.6961 3
      vertex -54.1416 32.1417 0
      vertex -54.1416 32.1417 3
    endloop
  endfacet
  facet normal 0.146746 0.989174 -0
    outer loop
      vertex 49.5705 36.2847 0
      vertex 48.9881 36.3711 3
      vertex 49.5705 36.2847 3
    endloop
  endfacet
  facet normal 0.146746 0.989174 0
    outer loop
      vertex 48.9881 36.3711 3
      vertex 49.5705 36.2847 0
      vertex 48.9881 36.3711 0
    endloop
  endfacet
  facet normal -0.998795 0.0490821 0
    outer loop
      vertex -54.4 30.4 0
      vertex -54.3711 30.9881 3
      vertex -54.3711 30.9881 0
    endloop
  endfacet
  facet normal -0.998795 0.0490821 0
    outer loop
      vertex -54.3711 30.9881 3
      vertex -54.4 30.4 0
      vertex -54.4 30.4 3
    endloop
  endfacet
  facet normal -0.427612 0.903962 0
    outer loop
      vertex -50.6961 35.9433 0
      vertex -51.2284 35.6915 3
      vertex -50.6961 35.9433 3
    endloop
  endfacet
  facet normal -0.427612 0.903962 0
    outer loop
      vertex -51.2284 35.6915 3
      vertex -50.6961 35.9433 0
      vertex -51.2284 35.6915 0
    endloop
  endfacet
  facet normal 0.6717 0.740823 -0
    outer loop
      vertex 52.6426 34.6426 0
      vertex 52.2064 35.0381 3
      vertex 52.6426 34.6426 3
    endloop
  endfacet
  facet normal 0.6717 0.740823 0
    outer loop
      vertex 52.2064 35.0381 3
      vertex 52.6426 34.6426 0
      vertex 52.2064 35.0381 0
    endloop
  endfacet
  facet normal -0.0490821 -0.998795 0
    outer loop
      vertex -48.9881 -36.3711 0
      vertex -48.4 -36.4 3
      vertex -48.9881 -36.3711 3
    endloop
  endfacet
  facet normal -0.0490821 -0.998795 -0
    outer loop
      vertex -48.4 -36.4 3
      vertex -48.9881 -36.3711 0
      vertex -48.4 -36.4 0
    endloop
  endfacet
  facet normal -0.0490821 0.998795 0
    outer loop
      vertex -48.4 36.4 0
      vertex -48.9881 36.3711 3
      vertex -48.4 36.4 3
    endloop
  endfacet
  facet normal -0.0490821 0.998795 0
    outer loop
      vertex -48.9881 36.3711 3
      vertex -48.4 36.4 0
      vertex -48.9881 36.3711 0
    endloop
  endfacet
  facet normal -0.989174 -0.146746 0
    outer loop
      vertex -54.2847 -31.5705 0
      vertex -54.3711 -30.9881 3
      vertex -54.3711 -30.9881 0
    endloop
  endfacet
  facet normal -0.989174 -0.146746 0
    outer loop
      vertex -54.3711 -30.9881 3
      vertex -54.2847 -31.5705 0
      vertex -54.2847 -31.5705 3
    endloop
  endfacet
  facet normal 0.803289 0.595589 0
    outer loop
      vertex 53.3888 33.7334 3
      vertex 53.0381 34.2064 0
      vertex 53.0381 34.2064 3
    endloop
  endfacet
  facet normal 0.803289 0.595589 0
    outer loop
      vertex 53.0381 34.2064 0
      vertex 53.3888 33.7334 3
      vertex 53.3888 33.7334 0
    endloop
  endfacet
  facet normal -0.998795 -0.0490821 0
    outer loop
      vertex -54.3711 -30.9881 0
      vertex -54.4 -30.4 3
      vertex -54.4 -30.4 0
    endloop
  endfacet
  facet normal -0.998795 -0.0490821 0
    outer loop
      vertex -54.4 -30.4 3
      vertex -54.3711 -30.9881 0
      vertex -54.3711 -30.9881 3
    endloop
  endfacet
  facet normal -0.336788 -0.94158 0
    outer loop
      vertex -50.6961 -35.9433 0
      vertex -50.1417 -36.1416 3
      vertex -50.6961 -35.9433 3
    endloop
  endfacet
  facet normal -0.336788 -0.94158 -0
    outer loop
      vertex -50.1417 -36.1416 3
      vertex -50.6961 -35.9433 0
      vertex -50.1417 -36.1416 0
    endloop
  endfacet
  facet normal -1 0 0
    outer loop
      vertex -54.4 -30.4 0
      vertex -54.4 30.4 3
      vertex -54.4 30.4 0
    endloop
  endfacet
  facet normal -1 -0 0
    outer loop
      vertex -54.4 30.4 3
      vertex -54.4 -30.4 0
      vertex -54.4 -30.4 3
    endloop
  endfacet
  facet normal -0.146746 0.989174 0
    outer loop
      vertex -48.9881 36.3711 0
      vertex -49.5705 36.2847 3
      vertex -48.9881 36.3711 3
    endloop
  endfacet
  facet normal -0.146746 0.989174 0
    outer loop
      vertex -49.5705 36.2847 3
      vertex -48.9881 36.3711 0
      vertex -49.5705 36.2847 0
    endloop
  endfacet
  facet normal 0.336788 0.94158 -0
    outer loop
      vertex 50.6961 35.9433 0
      vertex 50.1417 36.1416 3
      vertex 50.6961 35.9433 3
    endloop
  endfacet
  facet normal 0.336788 0.94158 0
    outer loop
      vertex 50.1417 36.1416 3
      vertex 50.6961 35.9433 0
      vertex 50.1417 36.1416 0
    endloop
  endfacet
  facet normal -0.336788 0.94158 0
    outer loop
      vertex -50.1417 36.1416 0
      vertex -50.6961 35.9433 3
      vertex -50.1417 36.1416 3
    endloop
  endfacet
  facet normal -0.336788 0.94158 0
    outer loop
      vertex -50.6961 35.9433 3
      vertex -50.1417 36.1416 0
      vertex -50.6961 35.9433 0
    endloop
  endfacet
  facet normal -0.903962 -0.427612 0
    outer loop
      vertex -53.6915 -33.2284 0
      vertex -53.9433 -32.6961 3
      vertex -53.9433 -32.6961 0
    endloop
  endfacet
  facet normal -0.903962 -0.427612 0
    outer loop
      vertex -53.9433 -32.6961 3
      vertex -53.6915 -33.2284 0
      vertex -53.6915 -33.2284 3
    endloop
  endfacet
  facet normal -0.970023 0.243015 0
    outer loop
      vertex -54.2847 31.5705 0
      vertex -54.1416 32.1417 3
      vertex -54.1416 32.1417 0
    endloop
  endfacet
  facet normal -0.970023 0.243015 0
    outer loop
      vertex -54.1416 32.1417 3
      vertex -54.2847 31.5705 0
      vertex -54.2847 31.5705 3
    endloop
  endfacet
  facet normal 0.740823 0.6717 0
    outer loop
      vertex 53.0381 34.2064 3
      vertex 52.6426 34.6426 0
      vertex 52.6426 34.6426 3
    endloop
  endfacet
  facet normal 0.740823 0.6717 0
    outer loop
      vertex 52.6426 34.6426 0
      vertex 53.0381 34.2064 3
      vertex 53.0381 34.2064 0
    endloop
  endfacet
  facet normal -0.514121 -0.857718 0
    outer loop
      vertex -51.7334 -35.3888 0
      vertex -51.2284 -35.6915 3
      vertex -51.7334 -35.3888 3
    endloop
  endfacet
  facet normal -0.514121 -0.857718 -0
    outer loop
      vertex -51.2284 -35.6915 3
      vertex -51.7334 -35.3888 0
      vertex -51.2284 -35.6915 0
    endloop
  endfacet
  facet normal -0.427612 -0.903962 0
    outer loop
      vertex -51.2284 -35.6915 0
      vertex -50.6961 -35.9433 3
      vertex -51.2284 -35.6915 3
    endloop
  endfacet
  facet normal -0.427612 -0.903962 -0
    outer loop
      vertex -50.6961 -35.9433 3
      vertex -51.2284 -35.6915 0
      vertex -50.6961 -35.9433 0
    endloop
  endfacet
  facet normal 0.989174 -0.146746 0
    outer loop
      vertex 54.2847 -31.5705 3
      vertex 54.3711 -30.9881 0
      vertex 54.3711 -30.9881 3
    endloop
  endfacet
  facet normal 0.989174 -0.146746 0
    outer loop
      vertex 54.3711 -30.9881 0
      vertex 54.2847 -31.5705 3
      vertex 54.2847 -31.5705 0
    endloop
  endfacet
  facet normal -0.243015 0.970023 0
    outer loop
      vertex -49.5705 36.2847 0
      vertex -50.1417 36.1416 3
      vertex -49.5705 36.2847 3
    endloop
  endfacet
  facet normal -0.243015 0.970023 0
    outer loop
      vertex -50.1417 36.1416 3
      vertex -49.5705 36.2847 0
      vertex -50.1417 36.1416 0
    endloop
  endfacet
  facet normal -0.595589 -0.803289 0
    outer loop
      vertex -52.2064 -35.0381 0
      vertex -51.7334 -35.3888 3
      vertex -52.2064 -35.0381 3
    endloop
  endfacet
  facet normal -0.595589 -0.803289 -0
    outer loop
      vertex -51.7334 -35.3888 3
      vertex -52.2064 -35.0381 0
      vertex -51.7334 -35.3888 0
    endloop
  endfacet
  facet normal 0.427612 0.903962 -0
    outer loop
      vertex 51.2284 35.6915 0
      vertex 50.6961 35.9433 3
      vertex 51.2284 35.6915 3
    endloop
  endfacet
  facet normal 0.427612 0.903962 0
    outer loop
      vertex 50.6961 35.9433 3
      vertex 51.2284 35.6915 0
      vertex 50.6961 35.9433 0
    endloop
  endfacet
  facet normal -0.903962 0.427612 0
    outer loop
      vertex -53.9433 32.6961 0
      vertex -53.6915 33.2284 3
      vertex -53.6915 33.2284 0
    endloop
  endfacet
  facet normal -0.903962 0.427612 0
    outer loop
      vertex -53.6915 33.2284 3
      vertex -53.9433 32.6961 0
      vertex -53.9433 32.6961 3
    endloop
  endfacet
  facet normal 0.740823 -0.6717 0
    outer loop
      vertex 52.6426 -34.6426 3
      vertex 53.0381 -34.2064 0
      vertex 53.0381 -34.2064 3
    endloop
  endfacet
  facet normal 0.740823 -0.6717 0
    outer loop
      vertex 53.0381 -34.2064 0
      vertex 52.6426 -34.6426 3
      vertex 52.6426 -34.6426 0
    endloop
  endfacet
  facet normal 0.94158 0.336788 0
    outer loop
      vertex 54.1416 32.1417 3
      vertex 53.9433 32.6961 0
      vertex 53.9433 32.6961 3
    endloop
  endfacet
  facet normal 0.94158 0.336788 0
    outer loop
      vertex 53.9433 32.6961 0
      vertex 54.1416 32.1417 3
      vertex 54.1416 32.1417 0
    endloop
  endfacet
  facet normal -0.514121 0.857718 0
    outer loop
      vertex -51.2284 35.6915 0
      vertex -51.7334 35.3888 3
      vertex -51.2284 35.6915 3
    endloop
  endfacet
  facet normal -0.514121 0.857718 0
    outer loop
      vertex -51.7334 35.3888 3
      vertex -51.2284 35.6915 0
      vertex -51.7334 35.3888 0
    endloop
  endfacet
  facet normal -0.989174 0.146746 0
    outer loop
      vertex -54.3711 30.9881 0
      vertex -54.2847 31.5705 3
      vertex -54.2847 31.5705 0
    endloop
  endfacet
  facet normal -0.989174 0.146746 0
    outer loop
      vertex -54.2847 31.5705 3
      vertex -54.3711 30.9881 0
      vertex -54.3711 30.9881 3
    endloop
  endfacet
  facet normal 0.94158 -0.336788 0
    outer loop
      vertex 53.9433 -32.6961 3
      vertex 54.1416 -32.1417 0
      vertex 54.1416 -32.1417 3
    endloop
  endfacet
  facet normal 0.94158 -0.336788 0
    outer loop
      vertex 54.1416 -32.1417 0
      vertex 53.9433 -32.6961 3
      vertex 53.9433 -32.6961 0
    endloop
  endfacet
  facet normal 0.903962 -0.427612 0
    outer loop
      vertex 53.6915 -33.2284 3
      vertex 53.9433 -32.6961 0
      vertex 53.9433 -32.6961 3
    endloop
  endfacet
  facet normal 0.903962 -0.427612 0
    outer loop
      vertex 53.9433 -32.6961 0
      vertex 53.6915 -33.2284 3
      vertex 53.6915 -33.2284 0
    endloop
  endfacet
  facet normal -0.857718 -0.514121 0
    outer loop
      vertex -53.3888 -33.7334 0
      vertex -53.6915 -33.2284 3
      vertex -53.6915 -33.2284 0
    endloop
  endfacet
  facet normal -0.857718 -0.514121 0
    outer loop
      vertex -53.6915 -33.2284 3
      vertex -53.3888 -33.7334 0
      vertex -53.3888 -33.7334 3
    endloop
  endfacet
  facet normal 0.6717 -0.740823 0
    outer loop
      vertex 52.2064 -35.0381 0
      vertex 52.6426 -34.6426 3
      vertex 52.2064 -35.0381 3
    endloop
  endfacet
  facet normal 0.6717 -0.740823 0
    outer loop
      vertex 52.6426 -34.6426 3
      vertex 52.2064 -35.0381 0
      vertex 52.6426 -34.6426 0
    endloop
  endfacet
  facet normal 0.903962 0.427612 0
    outer loop
      vertex 53.9433 32.6961 3
      vertex 53.6915 33.2284 0
      vertex 53.6915 33.2284 3
    endloop
  endfacet
  facet normal 0.903962 0.427612 0
    outer loop
      vertex 53.6915 33.2284 0
      vertex 53.9433 32.6961 3
      vertex 53.9433 32.6961 0
    endloop
  endfacet
  facet normal -0.6717 -0.740823 0
    outer loop
      vertex -52.6426 -34.6426 0
      vertex -52.2064 -35.0381 3
      vertex -52.6426 -34.6426 3
    endloop
  endfacet
  facet normal -0.6717 -0.740823 -0
    outer loop
      vertex -52.2064 -35.0381 3
      vertex -52.6426 -34.6426 0
      vertex -52.2064 -35.0381 0
    endloop
  endfacet
  facet normal 0.998795 -0.0490821 0
    outer loop
      vertex 54.3711 -30.9881 3
      vertex 54.4 -30.4 0
      vertex 54.4 -30.4 3
    endloop
  endfacet
  facet normal 0.998795 -0.0490821 0
    outer loop
      vertex 54.4 -30.4 0
      vertex 54.3711 -30.9881 3
      vertex 54.3711 -30.9881 0
    endloop
  endfacet
  facet normal -0.740823 0.6717 0
    outer loop
      vertex -53.0381 34.2064 0
      vertex -52.6426 34.6426 3
      vertex -52.6426 34.6426 0
    endloop
  endfacet
  facet normal -0.740823 0.6717 0
    outer loop
      vertex -52.6426 34.6426 3
      vertex -53.0381 34.2064 0
      vertex -53.0381 34.2064 3
    endloop
  endfacet
  facet normal -0.803289 0.595589 0
    outer loop
      vertex -53.3888 33.7334 0
      vertex -53.0381 34.2064 3
      vertex -53.0381 34.2064 0
    endloop
  endfacet
  facet normal -0.803289 0.595589 0
    outer loop
      vertex -53.0381 34.2064 3
      vertex -53.3888 33.7334 0
      vertex -53.3888 33.7334 3
    endloop
  endfacet
  facet normal 0.595589 0.803289 -0
    outer loop
      vertex 52.2064 35.0381 0
      vertex 51.7334 35.3888 3
      vertex 52.2064 35.0381 3
    endloop
  endfacet
  facet normal 0.595589 0.803289 0
    outer loop
      vertex 51.7334 35.3888 3
      vertex 52.2064 35.0381 0
      vertex 51.7334 35.3888 0
    endloop
  endfacet
  facet normal 0.514121 -0.857718 0
    outer loop
      vertex 51.2284 -35.6915 0
      vertex 51.7334 -35.3888 3
      vertex 51.2284 -35.6915 3
    endloop
  endfacet
  facet normal 0.514121 -0.857718 0
    outer loop
      vertex 51.7334 -35.3888 3
      vertex 51.2284 -35.6915 0
      vertex 51.7334 -35.3888 0
    endloop
  endfacet
  facet normal 0.970023 -0.243015 0
    outer loop
      vertex 54.1416 -32.1417 3
      vertex 54.2847 -31.5705 0
      vertex 54.2847 -31.5705 3
    endloop
  endfacet
  facet normal 0.970023 -0.243015 0
    outer loop
      vertex 54.2847 -31.5705 0
      vertex 54.1416 -32.1417 3
      vertex 54.1416 -32.1417 0
    endloop
  endfacet
  facet normal -0.6717 0.740823 0
    outer loop
      vertex -52.2064 35.0381 0
      vertex -52.6426 34.6426 3
      vertex -52.2064 35.0381 3
    endloop
  endfacet
  facet normal -0.6717 0.740823 0
    outer loop
      vertex -52.6426 34.6426 3
      vertex -52.2064 35.0381 0
      vertex -52.6426 34.6426 0
    endloop
  endfacet
  facet normal -0.595589 0.803289 0
    outer loop
      vertex -51.7334 35.3888 0
      vertex -52.2064 35.0381 3
      vertex -51.7334 35.3888 3
    endloop
  endfacet
  facet normal -0.595589 0.803289 0
    outer loop
      vertex -52.2064 35.0381 3
      vertex -51.7334 35.3888 0
      vertex -52.2064 35.0381 0
    endloop
  endfacet
  facet normal 0.243015 0.970023 -0
    outer loop
      vertex 50.1417 36.1416 0
      vertex 49.5705 36.2847 3
      vertex 50.1417 36.1416 3
    endloop
  endfacet
  facet normal 0.243015 0.970023 0
    outer loop
      vertex 49.5705 36.2847 3
      vertex 50.1417 36.1416 0
      vertex 49.5705 36.2847 0
    endloop
  endfacet
  facet normal 0.243015 -0.970023 0
    outer loop
      vertex 49.5705 -36.2847 0
      vertex 50.1417 -36.1416 3
      vertex 49.5705 -36.2847 3
    endloop
  endfacet
  facet normal 0.243015 -0.970023 0
    outer loop
      vertex 50.1417 -36.1416 3
      vertex 49.5705 -36.2847 0
      vertex 50.1417 -36.1416 0
    endloop
  endfacet
  facet normal -0.970023 -0.243015 0
    outer loop
      vertex -54.1416 -32.1417 0
      vertex -54.2847 -31.5705 3
      vertex -54.2847 -31.5705 0
    endloop
  endfacet
  facet normal -0.970023 -0.243015 0
    outer loop
      vertex -54.2847 -31.5705 3
      vertex -54.1416 -32.1417 0
      vertex -54.1416 -32.1417 3
    endloop
  endfacet
  facet normal 0.336788 -0.94158 0
    outer loop
      vertex 50.1417 -36.1416 0
      vertex 50.6961 -35.9433 3
      vertex 50.1417 -36.1416 3
    endloop
  endfacet
  facet normal 0.336788 -0.94158 0
    outer loop
      vertex 50.6961 -35.9433 3
      vertex 50.1417 -36.1416 0
      vertex 50.6961 -35.9433 0
    endloop
  endfacet
  facet normal 0.857718 -0.514121 0
    outer loop
      vertex 53.3888 -33.7334 3
      vertex 53.6915 -33.2284 0
      vertex 53.6915 -33.2284 3
    endloop
  endfacet
  facet normal 0.857718 -0.514121 0
    outer loop
      vertex 53.6915 -33.2284 0
      vertex 53.3888 -33.7334 3
      vertex 53.3888 -33.7334 0
    endloop
  endfacet
  facet normal 0.146746 -0.989174 0
    outer loop
      vertex 48.9881 -36.3711 0
      vertex 49.5705 -36.2847 3
      vertex 48.9881 -36.3711 3
    endloop
  endfacet
  facet normal 0.146746 -0.989174 0
    outer loop
      vertex 49.5705 -36.2847 3
      vertex 48.9881 -36.3711 0
      vertex 49.5705 -36.2847 0
    endloop
  endfacet
  facet normal 0.989174 0.146746 0
    outer loop
      vertex 54.3711 30.9881 3
      vertex 54.2847 31.5705 0
      vertex 54.2847 31.5705 3
    endloop
  endfacet
  facet normal 0.989174 0.146746 0
    outer loop
      vertex 54.2847 31.5705 0
      vertex 54.3711 30.9881 3
      vertex 54.3711 30.9881 0
    endloop
  endfacet
  facet normal -0.803289 -0.595589 0
    outer loop
      vertex -53.0381 -34.2064 0
      vertex -53.3888 -33.7334 3
      vertex -53.3888 -33.7334 0
    endloop
  endfacet
  facet normal -0.803289 -0.595589 0
    outer loop
      vertex -53.3888 -33.7334 3
      vertex -53.0381 -34.2064 0
      vertex -53.0381 -34.2064 3
    endloop
  endfacet
  facet normal 0.427612 -0.903962 0
    outer loop
      vertex 50.6961 -35.9433 0
      vertex 51.2284 -35.6915 3
      vertex 50.6961 -35.9433 3
    endloop
  endfacet
  facet normal 0.427612 -0.903962 0
    outer loop
      vertex 51.2284 -35.6915 3
      vertex 50.6961 -35.9433 0
      vertex 51.2284 -35.6915 0
    endloop
  endfacet
  facet normal 0 0 -1
    outer loop
      vertex 51.7827 -30.5528 0
      vertex 54.4 -30.4 0
      vertex 54.3711 -30.9881 0
    endloop
  endfacet
  facet normal 0 0 -1
    outer loop
      vertex 54.4 -30.4 0
      vertex 51.8 -30.2 0
      vertex 54.4 30.4 0
    endloop
  endfacet
  facet normal 0 0 -1
    outer loop
      vertex 51.7308 -30.9023 0
      vertex 54.3711 -30.9881 0
      vertex 54.2847 -31.5705 0
    endloop
  endfacet
  facet normal 0 0 -1
    outer loop
      vertex 51.8 30.2 0
      vertex 54.4 30.4 0
      vertex 51.8 -30.2 0
    endloop
  endfacet
  facet normal 0 0 -1
    outer loop
      vertex 51.645 -31.245 0
      vertex 54.2847 -31.5705 0
      vertex 54.1416 -32.1417 0
    endloop
  endfacet
  facet normal 0 0 -1
    outer loop
      vertex 51.7827 30.5528 0
      vertex 54.4 30.4 0
      vertex 51.8 30.2 0
    endloop
  endfacet
  facet normal 0 0 -1
    outer loop
      vertex 51.526 -31.5776 0
      vertex 54.1416 -32.1417 0
      vertex 53.9433 -32.6961 0
    endloop
  endfacet
  facet normal 0 0 -1
    outer loop
      vertex 54.4 30.4 0
      vertex 51.7827 30.5528 0
      vertex 54.3711 30.9881 0
    endloop
  endfacet
  facet normal 0 0 -1
    outer loop
      vertex 51.3749 -31.897 0
      vertex 53.9433 -32.6961 0
      vertex 53.6915 -33.2284 0
    endloop
  endfacet
  facet normal 0 0 -1
    outer loop
      vertex 51.7308 30.9023 0
      vertex 54.3711 30.9881 0
      vertex 51.7827 30.5528 0
    endloop
  endfacet
  facet normal 0 0 -1
    outer loop
      vertex 51.1933 -32.2 0
      vertex 53.6915 -33.2284 0
      vertex 53.3888 -33.7334 0
    endloop
  endfacet
  facet normal -0 0 -1
    outer loop
      vertex 54.3711 30.9881 0
      vertex 51.7308 30.9023 0
      vertex 54.2847 31.5705 0
    endloop
  endfacet
  facet normal 0 0 -1
    outer loop
      vertex 50.9828 -32.4838 0
      vertex 53.3888 -33.7334 0
      vertex 53.0381 -34.2064 0
    endloop
  endfacet
  facet normal 0 0 -1
    outer loop
      vertex 51.645 31.245 0
      vertex 54.2847 31.5705 0
      vertex 51.7308 30.9023 0
    endloop
  endfacet
  facet normal 0 0 -1
    outer loop
      vertex 50.7456 -32.7456 0
      vertex 53.0381 -34.2064 0
      vertex 52.6426 -34.6426 0
    endloop
  endfacet
  facet normal -0 0 -1
    outer loop
      vertex 54.2847 31.5705 0
      vertex 51.645 31.245 0
      vertex 54.1416 32.1417 0
    endloop
  endfacet
  facet normal 0 0 -1
    outer loop
      vertex 50.7456 -32.7456 0
      vertex 52.6426 -34.6426 0
      vertex 52.2064 -35.0381 0
    endloop
  endfacet
  facet normal 0 0 -1
    outer loop
      vertex 51.526 31.5776 0
      vertex 54.1416 32.1417 0
      vertex 51.645 31.245 0
    endloop
  endfacet
  facet normal -0 0 -1
    outer loop
      vertex 54.1416 32.1417 0
      vertex 51.526 31.5776 0
      vertex 53.9433 32.6961 0
    endloop
  endfacet
  facet normal -0 0 -1
    outer loop
      vertex 54.4 -30.4 0
      vertex 51.7827 -30.5528 0
      vertex 51.8 -30.2 0
    endloop
  endfacet
  facet normal 0 0 -1
    outer loop
      vertex 50.4838 -32.9828 0
      vertex 52.2064 -35.0381 0
      vertex 51.7334 -35.3888 0
    endloop
  endfacet
  facet normal 0 0 -1
    outer loop
      vertex 54.3711 -30.9881 0
      vertex 51.7308 -30.9023 0
      vertex 51.7827 -30.5528 0
    endloop
  endfacet
  facet normal 0 0 -1
    outer loop
      vertex 54.2847 -31.5705 0
      vertex 51.645 -31.245 0
      vertex 51.7308 -30.9023 0
    endloop
  endfacet
  facet normal 0 0 -1
    outer loop
      vertex 54.1416 -32.1417 0
      vertex 51.526 -31.5776 0
      vertex 51.645 -31.245 0
    endloop
  endfacet
  facet normal 0 0 -1
    outer loop
      vertex 53.9433 -32.6961 0
      vertex 51.3749 -31.897 0
      vertex 51.526 -31.5776 0
    endloop
  endfacet
  facet normal 0 0 -1
    outer loop
      vertex 50.2 -33.1933 0
      vertex 51.7334 -35.3888 0
      vertex 51.2284 -35.6915 0
    endloop
  endfacet
  facet normal 0 0 -1
    outer loop
      vertex 53.6915 -33.2284 0
      vertex 51.1933 -32.2 0
      vertex 51.3749 -31.897 0
    endloop
  endfacet
  facet normal 0 0 -1
    outer loop
      vertex 53.3888 -33.7334 0
      vertex 50.9828 -32.4838 0
      vertex 51.1933 -32.2 0
    endloop
  endfacet
  facet normal 0 0 -1
    outer loop
      vertex 53.0381 -34.2064 0
      vertex 50.7456 -32.7456 0
      vertex 50.9828 -32.4838 0
    endloop
  endfacet
  facet normal 0 0 -1
    outer loop
      vertex 49.897 -33.3749 0
      vertex 51.2284 -35.6915 0
      vertex 50.6961 -35.9433 0
    endloop
  endfacet
  facet normal 0 0 -1
    outer loop
      vertex 52.2064 -35.0381 0
      vertex 50.4838 -32.9828 0
      vertex 50.7456 -32.7456 0
    endloop
  endfacet
  facet normal 0 0 -1
    outer loop
      vertex 51.7334 -35.3888 0
      vertex 50.2 -33.1933 0
      vertex 50.4838 -32.9828 0
    endloop
  endfacet
  facet normal 0 0 -1
    outer loop
      vertex 49.5776 -33.526 0
      vertex 50.6961 -35.9433 0
      vertex 50.1417 -36.1416 0
    endloop
  endfacet
  facet normal 0 0 -1
    outer loop
      vertex 51.2284 -35.6915 0
      vertex 49.897 -33.3749 0
      vertex 50.2 -33.1933 0
    endloop
  endfacet
  facet normal 0 0 -1
    outer loop
      vertex 50.6961 -35.9433 0
      vertex 49.5776 -33.526 0
      vertex 49.897 -33.3749 0
    endloop
  endfacet
  facet normal 0 0 -1
    outer loop
      vertex 49.245 -33.645 0
      vertex 50.1417 -36.1416 0
      vertex 49.5705 -36.2847 0
    endloop
  endfacet
  facet normal 0 0 -1
    outer loop
      vertex 50.1417 -36.1416 0
      vertex 49.245 -33.645 0
      vertex 49.5776 -33.526 0
    endloop
  endfacet
  facet normal 0 0 -1
    outer loop
      vertex 48.9023 -33.7308 0
      vertex 49.5705 -36.2847 0
      vertex 48.9881 -36.3711 0
    endloop
  endfacet
  facet normal 0 0 -1
    outer loop
      vertex 49.5705 -36.2847 0
      vertex 48.9023 -33.7308 0
      vertex 49.245 -33.645 0
    endloop
  endfacet
  facet normal 0 0 -1
    outer loop
      vertex 48.9881 -36.3711 0
      vertex 48.5528 -33.7827 0
      vertex 48.9023 -33.7308 0
    endloop
  endfacet
  facet normal 0 0 -1
    outer loop
      vertex 48.4 -36.4 0
      vertex 48.5528 -33.7827 0
      vertex 48.9881 -36.3711 0
    endloop
  endfacet
  facet normal 0 0 -1
    outer loop
      vertex 48.4 -36.4 0
      vertex 48.2 -33.8 0
      vertex 48.5528 -33.7827 0
    endloop
  endfacet
  facet normal 0 0 -1
    outer loop
      vertex 48.4 -36.4 0
      vertex -48.2 -33.8 0
      vertex 48.2 -33.8 0
    endloop
  endfacet
  facet normal 0 0 -1
    outer loop
      vertex -48.4 -36.4 0
      vertex -48.2 -33.8 0
      vertex 48.4 -36.4 0
    endloop
  endfacet
  facet normal 0 0 -1
    outer loop
      vertex -48.4 -36.4 0
      vertex -48.5528 -33.7827 0
      vertex -48.2 -33.8 0
    endloop
  endfacet
  facet normal 0 0 -1
    outer loop
      vertex -48.9881 -36.3711 0
      vertex -48.5528 -33.7827 0
      vertex -48.4 -36.4 0
    endloop
  endfacet
  facet normal -0 0 -1
    outer loop
      vertex -48.5528 -33.7827 0
      vertex -48.9881 -36.3711 0
      vertex -48.9023 -33.7308 0
    endloop
  endfacet
  facet normal 0 0 -1
    outer loop
      vertex -49.5705 -36.2847 0
      vertex -48.9023 -33.7308 0
      vertex -48.9881 -36.3711 0
    endloop
  endfacet
  facet normal -0 0 -1
    outer loop
      vertex -48.9023 -33.7308 0
      vertex -49.5705 -36.2847 0
      vertex -49.245 -33.645 0
    endloop
  endfacet
  facet normal 0 0 -1
    outer loop
      vertex -50.1417 -36.1416 0
      vertex -49.245 -33.645 0
      vertex -49.5705 -36.2847 0
    endloop
  endfacet
  facet normal -0 0 -1
    outer loop
      vertex -49.245 -33.645 0
      vertex -50.1417 -36.1416 0
      vertex -49.5776 -33.526 0
    endloop
  endfacet
  facet normal 0 0 -1
    outer loop
      vertex -50.6961 -35.9433 0
      vertex -49.5776 -33.526 0
      vertex -50.1417 -36.1416 0
    endloop
  endfacet
  facet normal -0 0 -1
    outer loop
      vertex -49.5776 -33.526 0
      vertex -50.6961 -35.9433 0
      vertex -49.897 -33.3749 0
    endloop
  endfacet
  facet normal 0 0 -1
    outer loop
      vertex -51.2284 -35.6915 0
      vertex -49.897 -33.3749 0
      vertex -50.6961 -35.9433 0
    endloop
  endfacet
  facet normal -0 0 -1
    outer loop
      vertex -49.897 -33.3749 0
      vertex -51.2284 -35.6915 0
      vertex -50.2 -33.1933 0
    endloop
  endfacet
  facet normal 0 0 -1
    outer loop
      vertex -51.7334 -35.3888 0
      vertex -50.2 -33.1933 0
      vertex -51.2284 -35.6915 0
    endloop
  endfacet
  facet normal -0 0 -1
    outer loop
      vertex -50.2 -33.1933 0
      vertex -51.7334 -35.3888 0
      vertex -50.4838 -32.9828 0
    endloop
  endfacet
  facet normal 0 0 -1
    outer loop
      vertex -52.2064 -35.0381 0
      vertex -50.4838 -32.9828 0
      vertex -51.7334 -35.3888 0
    endloop
  endfacet
  facet normal -0 0 -1
    outer loop
      vertex -50.4838 -32.9828 0
      vertex -52.2064 -35.0381 0
      vertex -50.7456 -32.7456 0
    endloop
  endfacet
  facet normal 0 0 -1
    outer loop
      vertex -52.6426 -34.6426 0
      vertex -50.7456 -32.7456 0
      vertex -52.2064 -35.0381 0
    endloop
  endfacet
  facet normal 0 0 -1
    outer loop
      vertex -53.0381 -34.2064 0
      vertex -50.7456 -32.7456 0
      vertex -52.6426 -34.6426 0
    endloop
  endfacet
  facet normal -0 0 -1
    outer loop
      vertex -50.7456 -32.7456 0
      vertex -53.0381 -34.2064 0
      vertex -50.9828 -32.4838 0
    endloop
  endfacet
  facet normal 0 0 -1
    outer loop
      vertex -53.3888 -33.7334 0
      vertex -50.9828 -32.4838 0
      vertex -53.0381 -34.2064 0
    endloop
  endfacet
  facet normal -0 0 -1
    outer loop
      vertex -50.9828 -32.4838 0
      vertex -53.3888 -33.7334 0
      vertex -51.1933 -32.2 0
    endloop
  endfacet
  facet normal 0 0 -1
    outer loop
      vertex -53.6915 -33.2284 0
      vertex -51.1933 -32.2 0
      vertex -53.3888 -33.7334 0
    endloop
  endfacet
  facet normal -0 0 -1
    outer loop
      vertex -51.1933 -32.2 0
      vertex -53.6915 -33.2284 0
      vertex -51.3749 -31.897 0
    endloop
  endfacet
  facet normal -0 0 -1
    outer loop
      vertex -51.3749 -31.897 0
      vertex -53.9433 -32.6961 0
      vertex -51.526 -31.5776 0
    endloop
  endfacet
  facet normal 0 0 -1
    outer loop
      vertex -53.9433 -32.6961 0
      vertex -51.3749 -31.897 0
      vertex -53.6915 -33.2284 0
    endloop
  endfacet
  facet normal 0 0 -1
    outer loop
      vertex 51.3749 31.897 0
      vertex 53.9433 32.6961 0
      vertex 51.526 31.5776 0
    endloop
  endfacet
  facet normal -0 0 -1
    outer loop
      vertex 53.9433 32.6961 0
      vertex 51.3749 31.897 0
      vertex 53.6915 33.2284 0
    endloop
  endfacet
  facet normal 0 0 -1
    outer loop
      vertex 51.1933 32.2 0
      vertex 53.6915 33.2284 0
      vertex 51.3749 31.897 0
    endloop
  endfacet
  facet normal -0 0 -1
    outer loop
      vertex 53.6915 33.2284 0
      vertex 51.1933 32.2 0
      vertex 53.3888 33.7334 0
    endloop
  endfacet
  facet normal 0 0 -1
    outer loop
      vertex 50.9828 32.4838 0
      vertex 53.3888 33.7334 0
      vertex 51.1933 32.2 0
    endloop
  endfacet
  facet normal -0 0 -1
    outer loop
      vertex 53.3888 33.7334 0
      vertex 50.9828 32.4838 0
      vertex 53.0381 34.2064 0
    endloop
  endfacet
  facet normal 0 0 -1
    outer loop
      vertex 50.7456 32.7456 0
      vertex 53.0381 34.2064 0
      vertex 50.9828 32.4838 0
    endloop
  endfacet
  facet normal -0 0 -1
    outer loop
      vertex 53.0381 34.2064 0
      vertex 50.7456 32.7456 0
      vertex 52.6426 34.6426 0
    endloop
  endfacet
  facet normal -0 0 -1
    outer loop
      vertex 52.6426 34.6426 0
      vertex 50.7456 32.7456 0
      vertex 52.2064 35.0381 0
    endloop
  endfacet
  facet normal 0 0 -1
    outer loop
      vertex 50.4838 32.9828 0
      vertex 52.2064 35.0381 0
      vertex 50.7456 32.7456 0
    endloop
  endfacet
  facet normal -0 0 -1
    outer loop
      vertex 52.2064 35.0381 0
      vertex 50.4838 32.9828 0
      vertex 51.7334 35.3888 0
    endloop
  endfacet
  facet normal 0 0 -1
    outer loop
      vertex 50.2 33.1933 0
      vertex 51.7334 35.3888 0
      vertex 50.4838 32.9828 0
    endloop
  endfacet
  facet normal -0 0 -1
    outer loop
      vertex 51.7334 35.3888 0
      vertex 50.2 33.1933 0
      vertex 51.2284 35.6915 0
    endloop
  endfacet
  facet normal 0 0 -1
    outer loop
      vertex 49.897 33.3749 0
      vertex 51.2284 35.6915 0
      vertex 50.2 33.1933 0
    endloop
  endfacet
  facet normal -0 0 -1
    outer loop
      vertex 51.2284 35.6915 0
      vertex 49.897 33.3749 0
      vertex 50.6961 35.9433 0
    endloop
  endfacet
  facet normal 0 0 -1
    outer loop
      vertex 49.5776 33.526 0
      vertex 50.6961 35.9433 0
      vertex 49.897 33.3749 0
    endloop
  endfacet
  facet normal -0 0 -1
    outer loop
      vertex 50.6961 35.9433 0
      vertex 49.5776 33.526 0
      vertex 50.1417 36.1416 0
    endloop
  endfacet
  facet normal 0 0 -1
    outer loop
      vertex 49.245 33.645 0
      vertex 50.1417 36.1416 0
      vertex 49.5776 33.526 0
    endloop
  endfacet
  facet normal -0 0 -1
    outer loop
      vertex 50.1417 36.1416 0
      vertex 49.245 33.645 0
      vertex 49.5705 36.2847 0
    endloop
  endfacet
  facet normal 0 0 -1
    outer loop
      vertex 48.9023 33.7308 0
      vertex 49.5705 36.2847 0
      vertex 49.245 33.645 0
    endloop
  endfacet
  facet normal -0 0 -1
    outer loop
      vertex 49.5705 36.2847 0
      vertex 48.9023 33.7308 0
      vertex 48.9881 36.3711 0
    endloop
  endfacet
  facet normal 0 0 -1
    outer loop
      vertex 48.5528 33.7827 0
      vertex 48.9881 36.3711 0
      vertex 48.9023 33.7308 0
    endloop
  endfacet
  facet normal 0 0 -1
    outer loop
      vertex 48.5528 33.7827 0
      vertex 48.4 36.4 0
      vertex 48.9881 36.3711 0
    endloop
  endfacet
  facet normal 0 0 -1
    outer loop
      vertex 48.2 33.8 0
      vertex 48.4 36.4 0
      vertex 48.5528 33.7827 0
    endloop
  endfacet
  facet normal 0 0 -1
    outer loop
      vertex -48.2 33.8 0
      vertex 48.4 36.4 0
      vertex 48.2 33.8 0
    endloop
  endfacet
  facet normal 0 0 -1
    outer loop
      vertex -48.2 33.8 0
      vertex -48.4 36.4 0
      vertex 48.4 36.4 0
    endloop
  endfacet
  facet normal 0 0 -1
    outer loop
      vertex -48.5528 33.7827 0
      vertex -48.4 36.4 0
      vertex -48.2 33.8 0
    endloop
  endfacet
  facet normal 0 0 -1
    outer loop
      vertex -48.9881 36.3711 0
      vertex -48.5528 33.7827 0
      vertex -48.9023 33.7308 0
    endloop
  endfacet
  facet normal 0 0 -1
    outer loop
      vertex -48.5528 33.7827 0
      vertex -48.9881 36.3711 0
      vertex -48.4 36.4 0
    endloop
  endfacet
  facet normal 0 0 -1
    outer loop
      vertex -49.5705 36.2847 0
      vertex -48.9023 33.7308 0
      vertex -49.245 33.645 0
    endloop
  endfacet
  facet normal 0 0 -1
    outer loop
      vertex -48.9023 33.7308 0
      vertex -49.5705 36.2847 0
      vertex -48.9881 36.3711 0
    endloop
  endfacet
  facet normal 0 0 -1
    outer loop
      vertex -50.1417 36.1416 0
      vertex -49.245 33.645 0
      vertex -49.5776 33.526 0
    endloop
  endfacet
  facet normal 0 0 -1
    outer loop
      vertex -50.6961 35.9433 0
      vertex -49.5776 33.526 0
      vertex -49.897 33.3749 0
    endloop
  endfacet
  facet normal 0 0 -1
    outer loop
      vertex -49.245 33.645 0
      vertex -50.1417 36.1416 0
      vertex -49.5705 36.2847 0
    endloop
  endfacet
  facet normal 0 0 -1
    outer loop
      vertex -51.2284 35.6915 0
      vertex -49.897 33.3749 0
      vertex -50.2 33.1933 0
    endloop
  endfacet
  facet normal 0 0 -1
    outer loop
      vertex -51.7334 35.3888 0
      vertex -50.2 33.1933 0
      vertex -50.4838 32.9828 0
    endloop
  endfacet
  facet normal 0 0 -1
    outer loop
      vertex -49.5776 33.526 0
      vertex -50.6961 35.9433 0
      vertex -50.1417 36.1416 0
    endloop
  endfacet
  facet normal 0 0 -1
    outer loop
      vertex -52.2064 35.0381 0
      vertex -50.4838 32.9828 0
      vertex -50.7456 32.7456 0
    endloop
  endfacet
  facet normal 0 0 -1
    outer loop
      vertex -53.0381 34.2064 0
      vertex -50.7456 32.7456 0
      vertex -50.9828 32.4838 0
    endloop
  endfacet
  facet normal 0 0 -1
    outer loop
      vertex -53.3888 33.7334 0
      vertex -50.9828 32.4838 0
      vertex -51.1933 32.2 0
    endloop
  endfacet
  facet normal 0 0 -1
    outer loop
      vertex -49.897 33.3749 0
      vertex -51.2284 35.6915 0
      vertex -50.6961 35.9433 0
    endloop
  endfacet
  facet normal 0 0 -1
    outer loop
      vertex -53.6915 33.2284 0
      vertex -51.1933 32.2 0
      vertex -51.3749 31.897 0
    endloop
  endfacet
  facet normal 0 0 -1
    outer loop
      vertex -53.9433 32.6961 0
      vertex -51.3749 31.897 0
      vertex -51.526 31.5776 0
    endloop
  endfacet
  facet normal 0 0 -1
    outer loop
      vertex -54.1416 32.1417 0
      vertex -51.526 31.5776 0
      vertex -51.645 31.245 0
    endloop
  endfacet
  facet normal 0 0 -1
    outer loop
      vertex -54.2847 31.5705 0
      vertex -51.645 31.245 0
      vertex -51.7308 30.9023 0
    endloop
  endfacet
  facet normal 0 0 -1
    outer loop
      vertex -50.2 33.1933 0
      vertex -51.7334 35.3888 0
      vertex -51.2284 35.6915 0
    endloop
  endfacet
  facet normal 0 0 -1
    outer loop
      vertex -54.3711 30.9881 0
      vertex -51.7308 30.9023 0
      vertex -51.7827 30.5528 0
    endloop
  endfacet
  facet normal 0 0 -1
    outer loop
      vertex -54.4 30.4 0
      vertex -51.7827 30.5528 0
      vertex -51.8 30.2 0
    endloop
  endfacet
  facet normal 0 0 -1
    outer loop
      vertex -50.4838 32.9828 0
      vertex -52.2064 35.0381 0
      vertex -51.7334 35.3888 0
    endloop
  endfacet
  facet normal -0 0 -1
    outer loop
      vertex -51.8 -30.2 0
      vertex -54.4 -30.4 0
      vertex -51.8 30.2 0
    endloop
  endfacet
  facet normal 0 0 -1
    outer loop
      vertex -54.1416 -32.1417 0
      vertex -51.526 -31.5776 0
      vertex -53.9433 -32.6961 0
    endloop
  endfacet
  facet normal 0 0 -1
    outer loop
      vertex -54.4 30.4 0
      vertex -51.8 30.2 0
      vertex -54.4 -30.4 0
    endloop
  endfacet
  facet normal -0 0 -1
    outer loop
      vertex -51.526 -31.5776 0
      vertex -54.1416 -32.1417 0
      vertex -51.645 -31.245 0
    endloop
  endfacet
  facet normal -0 0 -1
    outer loop
      vertex -51.7827 30.5528 0
      vertex -54.4 30.4 0
      vertex -54.3711 30.9881 0
    endloop
  endfacet
  facet normal 0 0 -1
    outer loop
      vertex -54.2847 -31.5705 0
      vertex -51.645 -31.245 0
      vertex -54.1416 -32.1417 0
    endloop
  endfacet
  facet normal 0 0 -1
    outer loop
      vertex -50.7456 32.7456 0
      vertex -52.6426 34.6426 0
      vertex -52.2064 35.0381 0
    endloop
  endfacet
  facet normal -0 0 -1
    outer loop
      vertex -51.645 -31.245 0
      vertex -54.2847 -31.5705 0
      vertex -51.7308 -30.9023 0
    endloop
  endfacet
  facet normal 0 0 -1
    outer loop
      vertex -50.7456 32.7456 0
      vertex -53.0381 34.2064 0
      vertex -52.6426 34.6426 0
    endloop
  endfacet
  facet normal 0 0 -1
    outer loop
      vertex -54.3711 -30.9881 0
      vertex -51.7308 -30.9023 0
      vertex -54.2847 -31.5705 0
    endloop
  endfacet
  facet normal 0 0 -1
    outer loop
      vertex -50.9828 32.4838 0
      vertex -53.3888 33.7334 0
      vertex -53.0381 34.2064 0
    endloop
  endfacet
  facet normal -0 0 -1
    outer loop
      vertex -51.7308 -30.9023 0
      vertex -54.3711 -30.9881 0
      vertex -51.7827 -30.5528 0
    endloop
  endfacet
  facet normal 0 0 -1
    outer loop
      vertex -51.1933 32.2 0
      vertex -53.6915 33.2284 0
      vertex -53.3888 33.7334 0
    endloop
  endfacet
  facet normal 0 0 -1
    outer loop
      vertex -54.4 -30.4 0
      vertex -51.7827 -30.5528 0
      vertex -54.3711 -30.9881 0
    endloop
  endfacet
  facet normal 0 0 -1
    outer loop
      vertex -51.3749 31.897 0
      vertex -53.9433 32.6961 0
      vertex -53.6915 33.2284 0
    endloop
  endfacet
  facet normal 0 0 -1
    outer loop
      vertex -51.7827 -30.5528 0
      vertex -54.4 -30.4 0
      vertex -51.8 -30.2 0
    endloop
  endfacet
  facet normal 0 0 -1
    outer loop
      vertex -51.526 31.5776 0
      vertex -54.1416 32.1417 0
      vertex -53.9433 32.6961 0
    endloop
  endfacet
  facet normal 0 0 -1
    outer loop
      vertex -51.645 31.245 0
      vertex -54.2847 31.5705 0
      vertex -54.1416 32.1417 0
    endloop
  endfacet
  facet normal 0 0 -1
    outer loop
      vertex -51.7308 30.9023 0
      vertex -54.3711 30.9881 0
      vertex -54.2847 31.5705 0
    endloop
  endfacet
  facet normal 0 0 -1
    outer loop
      vertex -10.7594 -12.249 0
      vertex -25.2406 -12.249 0
      vertex -10.1439 -11.222 0
    endloop
  endfacet
  facet normal 0 0 -1
    outer loop
      vertex -10.1439 11.222 0
      vertex -23.8587 16.8042 0
      vertex -23.8 18 0
    endloop
  endfacet
  facet normal 0 0 -1
    outer loop
      vertex -25.8561 -11.222 0
      vertex -10.1439 -11.222 0
      vertex -25.2406 -12.249 0
    endloop
  endfacet
  facet normal 0 0 -1
    outer loop
      vertex -10.1439 11.222 0
      vertex -24.0344 15.6199 0
      vertex -23.8587 16.8042 0
    endloop
  endfacet
  facet normal 0 0 -1
    outer loop
      vertex -10.1439 -11.222 0
      vertex -25.8561 -11.222 0
      vertex -9.43073 -10.2604 0
    endloop
  endfacet
  facet normal 0 0 -1
    outer loop
      vertex -10.1439 11.222 0
      vertex -24.3253 14.4585 0
      vertex -24.0344 15.6199 0
    endloop
  endfacet
  facet normal 0 0 -1
    outer loop
      vertex -26.5693 -10.2604 0
      vertex -9.43073 -10.2604 0
      vertex -25.8561 -11.222 0
    endloop
  endfacet
  facet normal 0 0 -1
    outer loop
      vertex -10.1439 11.222 0
      vertex -24.7287 13.3313 0
      vertex -24.3253 14.4585 0
    endloop
  endfacet
  facet normal 0 0 -1
    outer loop
      vertex -27.3733 -9.3733 0
      vertex -9.43073 -10.2604 0
      vertex -26.5693 -10.2604 0
    endloop
  endfacet
  facet normal 0 0 -1
    outer loop
      vertex -10.1439 11.222 0
      vertex -25.2406 12.249 0
      vertex -24.7287 13.3313 0
    endloop
  endfacet
  facet normal 0 0 -1
    outer loop
      vertex -9.43073 -10.2604 0
      vertex -27.3733 -9.3733 0
      vertex -9.43073 10.2604 0
    endloop
  endfacet
  facet normal 0 0 -1
    outer loop
      vertex -10.1439 11.222 0
      vertex -25.8561 11.222 0
      vertex -25.2406 12.249 0
    endloop
  endfacet
  facet normal 0 0 -1
    outer loop
      vertex -27.3733 9.3733 0
      vertex -9.43073 10.2604 0
      vertex -27.3733 -9.3733 0
    endloop
  endfacet
  facet normal -0 0 -1
    outer loop
      vertex -10.1439 11.222 0
      vertex -26.5693 10.2604 0
      vertex -25.8561 11.222 0
    endloop
  endfacet
  facet normal 0 -0 -1
    outer loop
      vertex -26.5693 10.2604 0
      vertex -9.43073 10.2604 0
      vertex -27.3733 9.3733 0
    endloop
  endfacet
  facet normal 0 0 -1
    outer loop
      vertex -9.43073 10.2604 0
      vertex -26.5693 10.2604 0
      vertex -10.1439 11.222 0
    endloop
  endfacet
  facet normal 0 0 -1
    outer loop
      vertex -28.2604 -8.56927 0
      vertex -27.3733 9.3733 0
      vertex -27.3733 -9.3733 0
    endloop
  endfacet
  facet normal 0 0 -1
    outer loop
      vertex -28.2604 -8.56927 0
      vertex -28.2604 8.56927 0
      vertex -27.3733 9.3733 0
    endloop
  endfacet
  facet normal 0 0 -1
    outer loop
      vertex -29.222 -7.85607 0
      vertex -28.2604 8.56927 0
      vertex -28.2604 -8.56927 0
    endloop
  endfacet
  facet normal 0 0 -1
    outer loop
      vertex -29.222 -7.85607 0
      vertex -29.222 7.85607 0
      vertex -28.2604 8.56927 0
    endloop
  endfacet
  facet normal 0 0 -1
    outer loop
      vertex -30.249 -7.24056 0
      vertex -29.222 7.85607 0
      vertex -29.222 -7.85607 0
    endloop
  endfacet
  facet normal 0 0 -1
    outer loop
      vertex -30.249 -7.24056 0
      vertex -30.249 7.24056 0
      vertex -29.222 7.85607 0
    endloop
  endfacet
  facet normal 0 0 -1
    outer loop
      vertex -31.3313 -6.72867 0
      vertex -30.249 7.24056 0
      vertex -30.249 -7.24056 0
    endloop
  endfacet
  facet normal 0 0 -1
    outer loop
      vertex -31.3313 -6.72867 0
      vertex -31.3313 6.72867 0
      vertex -30.249 7.24056 0
    endloop
  endfacet
  facet normal 0 0 -1
    outer loop
      vertex -32.4585 -6.32533 0
      vertex -31.3313 6.72867 0
      vertex -31.3313 -6.72867 0
    endloop
  endfacet
  facet normal 0 0 -1
    outer loop
      vertex -32.4585 -6.32533 0
      vertex -32.4585 6.32533 0
      vertex -31.3313 6.72867 0
    endloop
  endfacet
  facet normal 0 0 -1
    outer loop
      vertex -33.6199 -6.03442 0
      vertex -32.4585 6.32533 0
      vertex -32.4585 -6.32533 0
    endloop
  endfacet
  facet normal 0 0 -1
    outer loop
      vertex -33.6199 -6.03442 0
      vertex -33.6199 6.03442 0
      vertex -32.4585 6.32533 0
    endloop
  endfacet
  facet normal 0 0 -1
    outer loop
      vertex -34.8042 -5.85875 0
      vertex -33.6199 6.03442 0
      vertex -33.6199 -6.03442 0
    endloop
  endfacet
  facet normal 0 0 -1
    outer loop
      vertex -34.8042 -5.85875 0
      vertex -34.8042 5.85875 0
      vertex -33.6199 6.03442 0
    endloop
  endfacet
  facet normal 0 0 -1
    outer loop
      vertex -36 -5.8 0
      vertex -34.8042 5.85875 0
      vertex -34.8042 -5.85875 0
    endloop
  endfacet
  facet normal 0 0 -1
    outer loop
      vertex -36 -5.8 0
      vertex -36 5.8 0
      vertex -34.8042 5.85875 0
    endloop
  endfacet
  facet normal 0 0 -1
    outer loop
      vertex -37.1958 -5.85875 0
      vertex -36 5.8 0
      vertex -36 -5.8 0
    endloop
  endfacet
  facet normal 0 0 -1
    outer loop
      vertex -37.1958 -5.85875 0
      vertex -37.1958 5.85875 0
      vertex -36 5.8 0
    endloop
  endfacet
  facet normal 0 0 -1
    outer loop
      vertex -38.3801 -6.03442 0
      vertex -37.1958 5.85875 0
      vertex -37.1958 -5.85875 0
    endloop
  endfacet
  facet normal 0 0 -1
    outer loop
      vertex -38.3801 -6.03442 0
      vertex -38.3801 6.03442 0
      vertex -37.1958 5.85875 0
    endloop
  endfacet
  facet normal 0 0 -1
    outer loop
      vertex -39.5415 -6.32533 0
      vertex -38.3801 6.03442 0
      vertex -38.3801 -6.03442 0
    endloop
  endfacet
  facet normal 0 0 -1
    outer loop
      vertex -39.5415 -6.32533 0
      vertex -39.5415 6.32533 0
      vertex -38.3801 6.03442 0
    endloop
  endfacet
  facet normal 0 0 -1
    outer loop
      vertex -40.6687 -6.72867 0
      vertex -39.5415 6.32533 0
      vertex -39.5415 -6.32533 0
    endloop
  endfacet
  facet normal 0 0 -1
    outer loop
      vertex -40.6687 -6.72867 0
      vertex -40.6687 6.72867 0
      vertex -39.5415 6.32533 0
    endloop
  endfacet
  facet normal 0 0 -1
    outer loop
      vertex -41.751 -7.24056 0
      vertex -40.6687 6.72867 0
      vertex -40.6687 -6.72867 0
    endloop
  endfacet
  facet normal 0 0 -1
    outer loop
      vertex -41.751 -7.24056 0
      vertex -41.751 7.24056 0
      vertex -40.6687 6.72867 0
    endloop
  endfacet
  facet normal 0 0 -1
    outer loop
      vertex -42.778 -7.85607 0
      vertex -41.751 7.24056 0
      vertex -41.751 -7.24056 0
    endloop
  endfacet
  facet normal 0 0 -1
    outer loop
      vertex -42.778 -7.85607 0
      vertex -42.778 7.85607 0
      vertex -41.751 7.24056 0
    endloop
  endfacet
  facet normal 0 0 -1
    outer loop
      vertex -43.7396 -8.56927 0
      vertex -42.778 7.85607 0
      vertex -42.778 -7.85607 0
    endloop
  endfacet
  facet normal 0 0 -1
    outer loop
      vertex -43.7396 -8.56927 0
      vertex -43.7396 8.56927 0
      vertex -42.778 7.85607 0
    endloop
  endfacet
  facet normal 0 0 -1
    outer loop
      vertex -44.6267 -9.3733 0
      vertex -43.7396 8.56927 0
      vertex -43.7396 -8.56927 0
    endloop
  endfacet
  facet normal 0 0 -1
    outer loop
      vertex -44.6267 -9.3733 0
      vertex -44.6267 9.3733 0
      vertex -43.7396 8.56927 0
    endloop
  endfacet
  facet normal 0 0 -1
    outer loop
      vertex -45.4307 -10.2604 0
      vertex -44.6267 9.3733 0
      vertex -44.6267 -9.3733 0
    endloop
  endfacet
  facet normal 0 0 -1
    outer loop
      vertex -45.4307 -10.2604 0
      vertex -45.4307 10.2604 0
      vertex -44.6267 9.3733 0
    endloop
  endfacet
  facet normal 0 0 -1
    outer loop
      vertex -46.1439 -11.222 0
      vertex -45.4307 10.2604 0
      vertex -45.4307 -10.2604 0
    endloop
  endfacet
  facet normal 0 0 -1
    outer loop
      vertex -46.1439 -11.222 0
      vertex -46.1439 11.222 0
      vertex -45.4307 10.2604 0
    endloop
  endfacet
  facet normal 0 0 -1
    outer loop
      vertex -46.7594 -12.249 0
      vertex -46.1439 11.222 0
      vertex -46.1439 -11.222 0
    endloop
  endfacet
  facet normal 0 0 -1
    outer loop
      vertex -46.7594 -12.249 0
      vertex -46.7594 12.249 0
      vertex -46.1439 11.222 0
    endloop
  endfacet
  facet normal 0 0 -1
    outer loop
      vertex -47.2713 -13.3313 0
      vertex -46.7594 12.249 0
      vertex -46.7594 -12.249 0
    endloop
  endfacet
  facet normal 0 0 -1
    outer loop
      vertex -47.2713 -13.3313 0
      vertex -47.2713 13.3313 0
      vertex -46.7594 12.249 0
    endloop
  endfacet
  facet normal 0 0 -1
    outer loop
      vertex -47.6747 -14.4585 0
      vertex -47.2713 13.3313 0
      vertex -47.2713 -13.3313 0
    endloop
  endfacet
  facet normal 0 0 -1
    outer loop
      vertex -47.6747 -14.4585 0
      vertex -47.6747 14.4585 0
      vertex -47.2713 13.3313 0
    endloop
  endfacet
  facet normal 0 0 -1
    outer loop
      vertex -47.9656 -15.6199 0
      vertex -47.6747 14.4585 0
      vertex -47.6747 -14.4585 0
    endloop
  endfacet
  facet normal 0 0 -1
    outer loop
      vertex -47.9656 -15.6199 0
      vertex -47.9656 15.6199 0
      vertex -47.6747 14.4585 0
    endloop
  endfacet
  facet normal 0 0 -1
    outer loop
      vertex -48.1413 -16.8042 0
      vertex -47.9656 15.6199 0
      vertex -47.9656 -15.6199 0
    endloop
  endfacet
  facet normal 0 0 -1
    outer loop
      vertex -48.1413 -16.8042 0
      vertex -48.1413 16.8042 0
      vertex -47.9656 15.6199 0
    endloop
  endfacet
  facet normal 0 0 -1
    outer loop
      vertex -49.4 -27.8 0
      vertex -48.1413 -16.8042 0
      vertex -48.2 -18 0
    endloop
  endfacet
  facet normal -0 0 -1
    outer loop
      vertex -48.1413 -16.8042 0
      vertex -49.4 -27.8 0
      vertex -48.1413 16.8042 0
    endloop
  endfacet
  facet normal 0 0 -1
    outer loop
      vertex 25.2406 -12.249 0
      vertex 10.7594 -12.249 0
      vertex 25.8561 -11.222 0
    endloop
  endfacet
  facet normal 0 0 -1
    outer loop
      vertex 25.8561 11.222 0
      vertex 12.1413 16.8042 0
      vertex 12.2 18 0
    endloop
  endfacet
  facet normal 0 0 -1
    outer loop
      vertex 10.1439 -11.222 0
      vertex 25.8561 -11.222 0
      vertex 10.7594 -12.249 0
    endloop
  endfacet
  facet normal 0 0 -1
    outer loop
      vertex 25.8561 11.222 0
      vertex 11.9656 15.6199 0
      vertex 12.1413 16.8042 0
    endloop
  endfacet
  facet normal 0 0 -1
    outer loop
      vertex 25.8561 -11.222 0
      vertex 10.1439 -11.222 0
      vertex 26.5693 -10.2604 0
    endloop
  endfacet
  facet normal 0 0 -1
    outer loop
      vertex 25.8561 11.222 0
      vertex 11.6747 14.4585 0
      vertex 11.9656 15.6199 0
    endloop
  endfacet
  facet normal 0 0 -1
    outer loop
      vertex 9.43073 -10.2604 0
      vertex 26.5693 -10.2604 0
      vertex 10.1439 -11.222 0
    endloop
  endfacet
  facet normal 0 0 -1
    outer loop
      vertex 25.8561 11.222 0
      vertex 11.2713 13.3313 0
      vertex 11.6747 14.4585 0
    endloop
  endfacet
  facet normal 0 0 -1
    outer loop
      vertex 8.6267 -9.3733 0
      vertex 26.5693 -10.2604 0
      vertex 9.43073 -10.2604 0
    endloop
  endfacet
  facet normal 0 0 -1
    outer loop
      vertex 25.8561 11.222 0
      vertex 10.7594 12.249 0
      vertex 11.2713 13.3313 0
    endloop
  endfacet
  facet normal 0 0 -1
    outer loop
      vertex 26.5693 -10.2604 0
      vertex 8.6267 -9.3733 0
      vertex 26.5693 10.2604 0
    endloop
  endfacet
  facet normal 0 0 -1
    outer loop
      vertex 25.8561 11.222 0
      vertex 10.1439 11.222 0
      vertex 10.7594 12.249 0
    endloop
  endfacet
  facet normal 0 0 -1
    outer loop
      vertex 8.6267 9.3733 0
      vertex 26.5693 10.2604 0
      vertex 8.6267 -9.3733 0
    endloop
  endfacet
  facet normal -0 0 -1
    outer loop
      vertex 25.8561 11.222 0
      vertex 9.43073 10.2604 0
      vertex 10.1439 11.222 0
    endloop
  endfacet
  facet normal 0 -0 -1
    outer loop
      vertex 9.43073 10.2604 0
      vertex 26.5693 10.2604 0
      vertex 8.6267 9.3733 0
    endloop
  endfacet
  facet normal 0 0 -1
    outer loop
      vertex 26.5693 10.2604 0
      vertex 9.43073 10.2604 0
      vertex 25.8561 11.222 0
    endloop
  endfacet
  facet normal 0 0 -1
    outer loop
      vertex 7.7396 -8.56927 0
      vertex 8.6267 9.3733 0
      vertex 8.6267 -9.3733 0
    endloop
  endfacet
  facet normal 0 0 -1
    outer loop
      vertex 7.7396 -8.56927 0
      vertex 7.7396 8.56927 0
      vertex 8.6267 9.3733 0
    endloop
  endfacet
  facet normal 0 0 -1
    outer loop
      vertex 6.77796 -7.85607 0
      vertex 7.7396 8.56927 0
      vertex 7.7396 -8.56927 0
    endloop
  endfacet
  facet normal 0 0 -1
    outer loop
      vertex 6.77796 -7.85607 0
      vertex 6.77796 7.85607 0
      vertex 7.7396 8.56927 0
    endloop
  endfacet
  facet normal 0 0 -1
    outer loop
      vertex 2.58748 -0.254844 0
      vertex 6.77796 -7.85607 0
      vertex 5.75104 -7.24056 0
    endloop
  endfacet
  facet normal 0 0 -1
    outer loop
      vertex 6.77796 -7.85607 0
      vertex 2.6 0 0
      vertex 6.77796 7.85607 0
    endloop
  endfacet
  facet normal 0 0 -1
    outer loop
      vertex 2.48804 -0.75474 0
      vertex 5.75104 -7.24056 0
      vertex 4.66874 -6.72867 0
    endloop
  endfacet
  facet normal 0 0 -1
    outer loop
      vertex 2.58748 0.254844 0
      vertex 6.77796 7.85607 0
      vertex 2.6 0 0
    endloop
  endfacet
  facet normal 0 0 -1
    outer loop
      vertex 2.29299 -1.22563 0
      vertex 4.66874 -6.72867 0
      vertex 3.54147 -6.32533 0
    endloop
  endfacet
  facet normal 0 0 -1
    outer loop
      vertex 6.77796 7.85607 0
      vertex 2.58748 0.254844 0
      vertex 5.75104 7.24056 0
    endloop
  endfacet
  facet normal 0 0 -1
    outer loop
      vertex 2.55004 0.507235 0
      vertex 5.75104 7.24056 0
      vertex 2.58748 0.254844 0
    endloop
  endfacet
  facet normal 0 0 -1
    outer loop
      vertex 6.77796 -7.85607 0
      vertex 2.58748 -0.254844 0
      vertex 2.6 0 0
    endloop
  endfacet
  facet normal 0 0 -1
    outer loop
      vertex 5.75104 -7.24056 0
      vertex 2.55004 -0.507235 0
      vertex 2.58748 -0.254844 0
    endloop
  endfacet
  facet normal 0 0 -1
    outer loop
      vertex 5.75104 -7.24056 0
      vertex 2.48804 -0.75474 0
      vertex 2.55004 -0.507235 0
    endloop
  endfacet
  facet normal 0 0 -1
    outer loop
      vertex 4.66874 -6.72867 0
      vertex 2.40209 -0.994976 0
      vertex 2.48804 -0.75474 0
    endloop
  endfacet
  facet normal 0 0 -1
    outer loop
      vertex 1.83848 -1.83848 0
      vertex 3.54147 -6.32533 0
      vertex 2.3801 -6.03442 0
    endloop
  endfacet
  facet normal 0 0 -1
    outer loop
      vertex 4.66874 -6.72867 0
      vertex 2.29299 -1.22563 0
      vertex 2.40209 -0.994976 0
    endloop
  endfacet
  facet normal 0 0 -1
    outer loop
      vertex 3.54147 -6.32533 0
      vertex 2.16182 -1.44448 0
      vertex 2.29299 -1.22563 0
    endloop
  endfacet
  facet normal 0 0 -1
    outer loop
      vertex 3.54147 -6.32533 0
      vertex 2.00983 -1.64942 0
      vertex 2.16182 -1.44448 0
    endloop
  endfacet
  facet normal 0 0 -1
    outer loop
      vertex 3.54147 -6.32533 0
      vertex 1.83848 -1.83848 0
      vertex 2.00983 -1.64942 0
    endloop
  endfacet
  facet normal 0 0 -1
    outer loop
      vertex 2.3801 -6.03442 0
      vertex 1.64942 -2.00983 0
      vertex 1.83848 -1.83848 0
    endloop
  endfacet
  facet normal 0 0 -1
    outer loop
      vertex 2.3801 -6.03442 0
      vertex 1.44448 -2.16182 0
      vertex 1.64942 -2.00983 0
    endloop
  endfacet
  facet normal 0 0 -1
    outer loop
      vertex 2.3801 -6.03442 0
      vertex 1.22563 -2.29299 0
      vertex 1.44448 -2.16182 0
    endloop
  endfacet
  facet normal 0 0 -1
    outer loop
      vertex 1.19581 -5.85875 0
      vertex 1.22563 -2.29299 0
      vertex 2.3801 -6.03442 0
    endloop
  endfacet
  facet normal 0 0 -1
    outer loop
      vertex 1.19581 -5.85875 0
      vertex 0.994976 -2.40209 0
      vertex 1.22563 -2.29299 0
    endloop
  endfacet
  facet normal 0 0 -1
    outer loop
      vertex 1.19581 -5.85875 0
      vertex 0.75474 -2.48804 0
      vertex 0.994976 -2.40209 0
    endloop
  endfacet
  facet normal 0 0 -1
    outer loop
      vertex 1.19581 -5.85875 0
      vertex 0.507235 -2.55004 0
      vertex 0.75474 -2.48804 0
    endloop
  endfacet
  facet normal 0 0 -1
    outer loop
      vertex 0 -5.8 0
      vertex 0.507235 -2.55004 0
      vertex 1.19581 -5.85875 0
    endloop
  endfacet
  facet normal 0 0 -1
    outer loop
      vertex 0.507235 -2.55004 0
      vertex 0 -5.8 0
      vertex 0.254844 -2.58748 0
    endloop
  endfacet
  facet normal 0 0 -1
    outer loop
      vertex 0 -5.8 0
      vertex 0 -2.6 0
      vertex 0.254844 -2.58748 0
    endloop
  endfacet
  facet normal 0 0 -1
    outer loop
      vertex 0 -5.8 0
      vertex -0.254844 -2.58748 0
      vertex 0 -2.6 0
    endloop
  endfacet
  facet normal 0 0 -1
    outer loop
      vertex 0 -5.8 0
      vertex -0.507235 -2.55004 0
      vertex -0.254844 -2.58748 0
    endloop
  endfacet
  facet normal 0 0 -1
    outer loop
      vertex -1.19581 -5.85875 0
      vertex -0.507235 -2.55004 0
      vertex 0 -5.8 0
    endloop
  endfacet
  facet normal -0 0 -1
    outer loop
      vertex -0.507235 -2.55004 0
      vertex -1.19581 -5.85875 0
      vertex -0.75474 -2.48804 0
    endloop
  endfacet
  facet normal -0 0 -1
    outer loop
      vertex -0.75474 -2.48804 0
      vertex -1.19581 -5.85875 0
      vertex -0.994976 -2.40209 0
    endloop
  endfacet
  facet normal 0 0 -1
    outer loop
      vertex -1.19581 -5.85875 0
      vertex -1.22563 -2.29299 0
      vertex -0.994976 -2.40209 0
    endloop
  endfacet
  facet normal 0 0 -1
    outer loop
      vertex -2.3801 -6.03442 0
      vertex -1.22563 -2.29299 0
      vertex -1.19581 -5.85875 0
    endloop
  endfacet
  facet normal -0 0 -1
    outer loop
      vertex -1.22563 -2.29299 0
      vertex -2.3801 -6.03442 0
      vertex -1.44448 -2.16182 0
    endloop
  endfacet
  facet normal -0 0 -1
    outer loop
      vertex -1.44448 -2.16182 0
      vertex -2.3801 -6.03442 0
      vertex -1.64942 -2.00983 0
    endloop
  endfacet
  facet normal -0 0 -1
    outer loop
      vertex -1.64942 -2.00983 0
      vertex -2.3801 -6.03442 0
      vertex -1.83848 -1.83848 0
    endloop
  endfacet
  facet normal 0 0 -1
    outer loop
      vertex -3.54147 -6.32533 0
      vertex -1.83848 -1.83848 0
      vertex -2.3801 -6.03442 0
    endloop
  endfacet
  facet normal -0 0 -1
    outer loop
      vertex -1.83848 -1.83848 0
      vertex -3.54147 -6.32533 0
      vertex -2.00983 -1.64942 0
    endloop
  endfacet
  facet normal -0 0 -1
    outer loop
      vertex -2.00983 -1.64942 0
      vertex -3.54147 -6.32533 0
      vertex -2.16182 -1.44448 0
    endloop
  endfacet
  facet normal -0 0 -1
    outer loop
      vertex -2.16182 -1.44448 0
      vertex -3.54147 -6.32533 0
      vertex -2.29299 -1.22563 0
    endloop
  endfacet
  facet normal 0 0 -1
    outer loop
      vertex -4.66874 -6.72867 0
      vertex -2.29299 -1.22563 0
      vertex -3.54147 -6.32533 0
    endloop
  endfacet
  facet normal -0 0 -1
    outer loop
      vertex -2.29299 -1.22563 0
      vertex -4.66874 -6.72867 0
      vertex -2.40209 -0.994976 0
    endloop
  endfacet
  facet normal -0 0 -1
    outer loop
      vertex -2.40209 -0.994976 0
      vertex -4.66874 -6.72867 0
      vertex -2.48804 -0.75474 0
    endloop
  endfacet
  facet normal 0 0 -1
    outer loop
      vertex -5.75104 -7.24056 0
      vertex -2.48804 -0.75474 0
      vertex -4.66874 -6.72867 0
    endloop
  endfacet
  facet normal -0 0 -1
    outer loop
      vertex -2.48804 -0.75474 0
      vertex -5.75104 -7.24056 0
      vertex -2.55004 -0.507235 0
    endloop
  endfacet
  facet normal 0 0 -1
    outer loop
      vertex 48.1413 16.8042 0
      vertex 49.4 27.8 0
      vertex 48.1413 -16.8042 0
    endloop
  endfacet
  facet normal 0 0 -1
    outer loop
      vertex 49.4 27.8 0
      vertex 48.1413 16.8042 0
      vertex 48.2 18 0
    endloop
  endfacet
  facet normal 0 0 -1
    outer loop
      vertex 47.9656 -15.6199 0
      vertex 48.1413 16.8042 0
      vertex 48.1413 -16.8042 0
    endloop
  endfacet
  facet normal 0 0 -1
    outer loop
      vertex 47.9656 -15.6199 0
      vertex 47.9656 15.6199 0
      vertex 48.1413 16.8042 0
    endloop
  endfacet
  facet normal 0 0 -1
    outer loop
      vertex 47.6747 -14.4585 0
      vertex 47.9656 15.6199 0
      vertex 47.9656 -15.6199 0
    endloop
  endfacet
  facet normal 0 0 -1
    outer loop
      vertex 47.6747 -14.4585 0
      vertex 47.6747 14.4585 0
      vertex 47.9656 15.6199 0
    endloop
  endfacet
  facet normal 0 0 -1
    outer loop
      vertex 47.2713 -13.3313 0
      vertex 47.6747 14.4585 0
      vertex 47.6747 -14.4585 0
    endloop
  endfacet
  facet normal 0 0 -1
    outer loop
      vertex 47.2713 -13.3313 0
      vertex 47.2713 13.3313 0
      vertex 47.6747 14.4585 0
    endloop
  endfacet
  facet normal 0 0 -1
    outer loop
      vertex 46.7594 -12.249 0
      vertex 47.2713 13.3313 0
      vertex 47.2713 -13.3313 0
    endloop
  endfacet
  facet normal 0 0 -1
    outer loop
      vertex 46.7594 -12.249 0
      vertex 46.7594 12.249 0
      vertex 47.2713 13.3313 0
    endloop
  endfacet
  facet normal 0 0 -1
    outer loop
      vertex 46.1439 -11.222 0
      vertex 46.7594 12.249 0
      vertex 46.7594 -12.249 0
    endloop
  endfacet
  facet normal 0 0 -1
    outer loop
      vertex 46.1439 -11.222 0
      vertex 46.1439 11.222 0
      vertex 46.7594 12.249 0
    endloop
  endfacet
  facet normal 0 0 -1
    outer loop
      vertex 45.4307 -10.2604 0
      vertex 46.1439 11.222 0
      vertex 46.1439 -11.222 0
    endloop
  endfacet
  facet normal 0 0 -1
    outer loop
      vertex 45.4307 -10.2604 0
      vertex 45.4307 10.2604 0
      vertex 46.1439 11.222 0
    endloop
  endfacet
  facet normal 0 0 -1
    outer loop
      vertex 44.6267 -9.3733 0
      vertex 45.4307 10.2604 0
      vertex 45.4307 -10.2604 0
    endloop
  endfacet
  facet normal 0 0 -1
    outer loop
      vertex 44.6267 -9.3733 0
      vertex 44.6267 9.3733 0
      vertex 45.4307 10.2604 0
    endloop
  endfacet
  facet normal 0 0 -1
    outer loop
      vertex 43.7396 -8.56927 0
      vertex 44.6267 9.3733 0
      vertex 44.6267 -9.3733 0
    endloop
  endfacet
  facet normal 0 0 -1
    outer loop
      vertex 43.7396 -8.56927 0
      vertex 43.7396 8.56927 0
      vertex 44.6267 9.3733 0
    endloop
  endfacet
  facet normal 0 0 -1
    outer loop
      vertex 42.778 -7.85607 0
      vertex 43.7396 8.56927 0
      vertex 43.7396 -8.56927 0
    endloop
  endfacet
  facet normal 0 0 -1
    outer loop
      vertex 42.778 -7.85607 0
      vertex 42.778 7.85607 0
      vertex 43.7396 8.56927 0
    endloop
  endfacet
  facet normal 0 0 -1
    outer loop
      vertex 41.751 -7.24056 0
      vertex 42.778 7.85607 0
      vertex 42.778 -7.85607 0
    endloop
  endfacet
  facet normal 0 0 -1
    outer loop
      vertex 41.751 -7.24056 0
      vertex 41.751 7.24056 0
      vertex 42.778 7.85607 0
    endloop
  endfacet
  facet normal 0 0 -1
    outer loop
      vertex 40.6687 -6.72867 0
      vertex 41.751 7.24056 0
      vertex 41.751 -7.24056 0
    endloop
  endfacet
  facet normal 0 0 -1
    outer loop
      vertex 40.6687 -6.72867 0
      vertex 40.6687 6.72867 0
      vertex 41.751 7.24056 0
    endloop
  endfacet
  facet normal 0 0 -1
    outer loop
      vertex 39.5415 -6.32533 0
      vertex 40.6687 6.72867 0
      vertex 40.6687 -6.72867 0
    endloop
  endfacet
  facet normal 0 0 -1
    outer loop
      vertex 39.5415 -6.32533 0
      vertex 39.5415 6.32533 0
      vertex 40.6687 6.72867 0
    endloop
  endfacet
  facet normal 0 0 -1
    outer loop
      vertex 38.3801 -6.03442 0
      vertex 39.5415 6.32533 0
      vertex 39.5415 -6.32533 0
    endloop
  endfacet
  facet normal 0 0 -1
    outer loop
      vertex 38.3801 -6.03442 0
      vertex 38.3801 6.03442 0
      vertex 39.5415 6.32533 0
    endloop
  endfacet
  facet normal 0 0 -1
    outer loop
      vertex 37.1958 -5.85875 0
      vertex 38.3801 6.03442 0
      vertex 38.3801 -6.03442 0
    endloop
  endfacet
  facet normal 0 0 -1
    outer loop
      vertex 37.1958 -5.85875 0
      vertex 37.1958 5.85875 0
      vertex 38.3801 6.03442 0
    endloop
  endfacet
  facet normal 0 0 -1
    outer loop
      vertex 36 -5.8 0
      vertex 37.1958 5.85875 0
      vertex 37.1958 -5.85875 0
    endloop
  endfacet
  facet normal 0 0 -1
    outer loop
      vertex 36 -5.8 0
      vertex 36 5.8 0
      vertex 37.1958 5.85875 0
    endloop
  endfacet
  facet normal 0 0 -1
    outer loop
      vertex 34.8042 -5.85875 0
      vertex 36 5.8 0
      vertex 36 -5.8 0
    endloop
  endfacet
  facet normal 0 0 -1
    outer loop
      vertex 34.8042 -5.85875 0
      vertex 34.8042 5.85875 0
      vertex 36 5.8 0
    endloop
  endfacet
  facet normal 0 0 -1
    outer loop
      vertex 33.6199 -6.03442 0
      vertex 34.8042 5.85875 0
      vertex 34.8042 -5.85875 0
    endloop
  endfacet
  facet normal 0 0 -1
    outer loop
      vertex 33.6199 -6.03442 0
      vertex 33.6199 6.03442 0
      vertex 34.8042 5.85875 0
    endloop
  endfacet
  facet normal 0 0 -1
    outer loop
      vertex 32.4585 -6.32533 0
      vertex 33.6199 6.03442 0
      vertex 33.6199 -6.03442 0
    endloop
  endfacet
  facet normal 0 0 -1
    outer loop
      vertex 32.4585 -6.32533 0
      vertex 32.4585 6.32533 0
      vertex 33.6199 6.03442 0
    endloop
  endfacet
  facet normal 0 0 -1
    outer loop
      vertex 31.3313 -6.72867 0
      vertex 32.4585 6.32533 0
      vertex 32.4585 -6.32533 0
    endloop
  endfacet
  facet normal 0 0 -1
    outer loop
      vertex 31.3313 -6.72867 0
      vertex 31.3313 6.72867 0
      vertex 32.4585 6.32533 0
    endloop
  endfacet
  facet normal 0 0 -1
    outer loop
      vertex 30.249 -7.24056 0
      vertex 31.3313 6.72867 0
      vertex 31.3313 -6.72867 0
    endloop
  endfacet
  facet normal 0 0 -1
    outer loop
      vertex 30.249 -7.24056 0
      vertex 30.249 7.24056 0
      vertex 31.3313 6.72867 0
    endloop
  endfacet
  facet normal 0 0 -1
    outer loop
      vertex 29.222 -7.85607 0
      vertex 30.249 7.24056 0
      vertex 30.249 -7.24056 0
    endloop
  endfacet
  facet normal 0 0 -1
    outer loop
      vertex 29.222 -7.85607 0
      vertex 29.222 7.85607 0
      vertex 30.249 7.24056 0
    endloop
  endfacet
  facet normal 0 0 -1
    outer loop
      vertex 28.2604 -8.56927 0
      vertex 29.222 7.85607 0
      vertex 29.222 -7.85607 0
    endloop
  endfacet
  facet normal 0 0 -1
    outer loop
      vertex 28.2604 -8.56927 0
      vertex 28.2604 8.56927 0
      vertex 29.222 7.85607 0
    endloop
  endfacet
  facet normal 0 0 -1
    outer loop
      vertex 27.3733 -9.3733 0
      vertex 28.2604 8.56927 0
      vertex 28.2604 -8.56927 0
    endloop
  endfacet
  facet normal 0 0 -1
    outer loop
      vertex 27.3733 -9.3733 0
      vertex 27.3733 9.3733 0
      vertex 28.2604 8.56927 0
    endloop
  endfacet
  facet normal 0 0 -1
    outer loop
      vertex 26.5693 -10.2604 0
      vertex 27.3733 9.3733 0
      vertex 27.3733 -9.3733 0
    endloop
  endfacet
  facet normal 0 0 -1
    outer loop
      vertex 26.5693 -10.2604 0
      vertex 26.5693 10.2604 0
      vertex 27.3733 9.3733 0
    endloop
  endfacet
  facet normal 0 0 -1
    outer loop
      vertex 11.2713 -13.3313 0
      vertex 24.7287 -13.3313 0
      vertex 11.6747 -14.4585 0
    endloop
  endfacet
  facet normal 0 0 -1
    outer loop
      vertex 24.7287 -13.3313 0
      vertex 11.2713 -13.3313 0
      vertex 25.2406 -12.249 0
    endloop
  endfacet
  facet normal 0 0 -1
    outer loop
      vertex 11.6747 -14.4585 0
      vertex 24.3253 -14.4585 0
      vertex 11.9656 -15.6199 0
    endloop
  endfacet
  facet normal 0 0 -1
    outer loop
      vertex 24.3253 -14.4585 0
      vertex 11.6747 -14.4585 0
      vertex 24.7287 -13.3313 0
    endloop
  endfacet
  facet normal 0 0 -1
    outer loop
      vertex 24.0344 -15.6199 0
      vertex 11.9656 -15.6199 0
      vertex 24.3253 -14.4585 0
    endloop
  endfacet
  facet normal 0 0 -1
    outer loop
      vertex 10.7594 -12.249 0
      vertex 25.2406 -12.249 0
      vertex 11.2713 -13.3313 0
    endloop
  endfacet
  facet normal 0 0 -1
    outer loop
      vertex 11.9656 -15.6199 0
      vertex 24.0344 -15.6199 0
      vertex 12.1413 -16.8042 0
    endloop
  endfacet
  facet normal 0 0 -1
    outer loop
      vertex 25.8561 11.222 0
      vertex 12.2 18 0
      vertex 25.2406 12.249 0
    endloop
  endfacet
  facet normal 0 0 -1
    outer loop
      vertex 23.8587 -16.8042 0
      vertex 12.1413 -16.8042 0
      vertex 24.0344 -15.6199 0
    endloop
  endfacet
  facet normal 0 0 -1
    outer loop
      vertex 25.2406 12.249 0
      vertex 12.2 18 0
      vertex 24.7287 13.3313 0
    endloop
  endfacet
  facet normal 0 0 -1
    outer loop
      vertex 12.1413 -16.8042 0
      vertex 23.8587 -16.8042 0
      vertex 12.2 -18 0
    endloop
  endfacet
  facet normal 0 0 -1
    outer loop
      vertex 24.7287 13.3313 0
      vertex 12.2 18 0
      vertex 24.3253 14.4585 0
    endloop
  endfacet
  facet normal 0 0 -1
    outer loop
      vertex 12.2 -18 0
      vertex 23.8587 -16.8042 0
      vertex 23.8 -18 0
    endloop
  endfacet
  facet normal 0 0 -1
    outer loop
      vertex 24.3253 14.4585 0
      vertex 12.2 18 0
      vertex 24.0344 15.6199 0
    endloop
  endfacet
  facet normal 0 0 -1
    outer loop
      vertex 45.4307 -25.7396 0
      vertex 49.4 -27.8 0
      vertex 49.3827 -28.1528 0
    endloop
  endfacet
  facet normal 0 0 -1
    outer loop
      vertex 48.1413 -16.8042 0
      vertex 49.4 -27.8 0
      vertex 48.2 -18 0
    endloop
  endfacet
  facet normal 0 0 -1
    outer loop
      vertex 44.6267 -26.6267 0
      vertex 49.3827 -28.1528 0
      vertex 49.3308 -28.5023 0
    endloop
  endfacet
  facet normal 0 0 -1
    outer loop
      vertex 49.4 -27.8 0
      vertex 48.1413 -16.8042 0
      vertex 49.4 27.8 0
    endloop
  endfacet
  facet normal 0 0 -1
    outer loop
      vertex 44.6267 -26.6267 0
      vertex 49.3308 -28.5023 0
      vertex 49.245 -28.845 0
    endloop
  endfacet
  facet normal 0 0 -1
    outer loop
      vertex 48.1413 19.1958 0
      vertex 49.4 27.8 0
      vertex 48.2 18 0
    endloop
  endfacet
  facet normal 0 0 -1
    outer loop
      vertex 44.6267 -26.6267 0
      vertex 49.245 -28.845 0
      vertex 49.126 -29.1776 0
    endloop
  endfacet
  facet normal 0 0 -1
    outer loop
      vertex 47.9656 20.3801 0
      vertex 49.4 27.8 0
      vertex 48.1413 19.1958 0
    endloop
  endfacet
  facet normal 0 0 -1
    outer loop
      vertex 44.6267 -26.6267 0
      vertex 49.126 -29.1776 0
      vertex 48.9749 -29.497 0
    endloop
  endfacet
  facet normal 0 0 -1
    outer loop
      vertex 47.6747 21.5415 0
      vertex 49.4 27.8 0
      vertex 47.9656 20.3801 0
    endloop
  endfacet
  facet normal 0 0 -1
    outer loop
      vertex 44.6267 -26.6267 0
      vertex 48.9749 -29.497 0
      vertex 48.7933 -29.8 0
    endloop
  endfacet
  facet normal 0 0 -1
    outer loop
      vertex 47.2713 22.6687 0
      vertex 49.4 27.8 0
      vertex 47.6747 21.5415 0
    endloop
  endfacet
  facet normal 0 0 -1
    outer loop
      vertex 44.6267 -26.6267 0
      vertex 48.7933 -29.8 0
      vertex 48.5828 -30.0838 0
    endloop
  endfacet
  facet normal 0 0 -1
    outer loop
      vertex 46.7594 23.751 0
      vertex 49.4 27.8 0
      vertex 47.2713 22.6687 0
    endloop
  endfacet
  facet normal 0 0 -1
    outer loop
      vertex 44.6267 -26.6267 0
      vertex 48.5828 -30.0838 0
      vertex 48.3456 -30.3456 0
    endloop
  endfacet
  facet normal 0 0 -1
    outer loop
      vertex 46.1439 24.778 0
      vertex 49.4 27.8 0
      vertex 46.7594 23.751 0
    endloop
  endfacet
  facet normal 0 0 -1
    outer loop
      vertex 45.4307 25.7396 0
      vertex 49.4 27.8 0
      vertex 46.1439 24.778 0
    endloop
  endfacet
  facet normal 0 0 -1
    outer loop
      vertex 49.4 -27.8 0
      vertex 48.1413 -19.1958 0
      vertex 48.2 -18 0
    endloop
  endfacet
  facet normal 0 0 -1
    outer loop
      vertex 44.6267 -26.6267 0
      vertex 48.3456 -30.3456 0
      vertex 48.0838 -30.5828 0
    endloop
  endfacet
  facet normal 0 0 -1
    outer loop
      vertex 49.4 -27.8 0
      vertex 47.9656 -20.3801 0
      vertex 48.1413 -19.1958 0
    endloop
  endfacet
  facet normal 0 0 -1
    outer loop
      vertex 44.6267 -26.6267 0
      vertex 48.0838 -30.5828 0
      vertex 47.8 -30.7933 0
    endloop
  endfacet
  facet normal 0 0 -1
    outer loop
      vertex 49.4 -27.8 0
      vertex 47.6747 -21.5415 0
      vertex 47.9656 -20.3801 0
    endloop
  endfacet
  facet normal 0 0 -1
    outer loop
      vertex 44.6267 -26.6267 0
      vertex 47.8 -30.7933 0
      vertex 47.497 -30.9749 0
    endloop
  endfacet
  facet normal 0 0 -1
    outer loop
      vertex 49.4 -27.8 0
      vertex 47.2713 -22.6687 0
      vertex 47.6747 -21.5415 0
    endloop
  endfacet
  facet normal 0 0 -1
    outer loop
      vertex 44.6267 -26.6267 0
      vertex 47.497 -30.9749 0
      vertex 47.1776 -31.126 0
    endloop
  endfacet
  facet normal 0 0 -1
    outer loop
      vertex 44.6267 -26.6267 0
      vertex 47.1776 -31.126 0
      vertex 46.845 -31.245 0
    endloop
  endfacet
  facet normal 0 0 -1
    outer loop
      vertex 49.4 -27.8 0
      vertex 46.7594 -23.751 0
      vertex 47.2713 -22.6687 0
    endloop
  endfacet
  facet normal 0 0 -1
    outer loop
      vertex 44.6267 -26.6267 0
      vertex 46.845 -31.245 0
      vertex 46.5023 -31.3308 0
    endloop
  endfacet
  facet normal 0 0 -1
    outer loop
      vertex 44.6267 -26.6267 0
      vertex 46.5023 -31.3308 0
      vertex 46.1528 -31.3827 0
    endloop
  endfacet
  facet normal 0 0 -1
    outer loop
      vertex 49.4 -27.8 0
      vertex 46.1439 -24.778 0
      vertex 46.7594 -23.751 0
    endloop
  endfacet
  facet normal 0 0 -1
    outer loop
      vertex 44.6267 -26.6267 0
      vertex 46.1528 -31.3827 0
      vertex 45.8 -31.4 0
    endloop
  endfacet
  facet normal 0 0 -1
    outer loop
      vertex 49.4 -27.8 0
      vertex 45.4307 -25.7396 0
      vertex 46.1439 -24.778 0
    endloop
  endfacet
  facet normal 0 0 -1
    outer loop
      vertex 49.3827 -28.1528 0
      vertex 44.6267 -26.6267 0
      vertex 45.4307 -25.7396 0
    endloop
  endfacet
  facet normal 0 0 -1
    outer loop
      vertex 45.8 -31.4 0
      vertex 43.7396 -27.4307 0
      vertex 44.6267 -26.6267 0
    endloop
  endfacet
  facet normal 0 0 -1
    outer loop
      vertex 45.8 -31.4 0
      vertex 42.778 -28.1439 0
      vertex 43.7396 -27.4307 0
    endloop
  endfacet
  facet normal 0 0 -1
    outer loop
      vertex 45.8 -31.4 0
      vertex 41.751 -28.7594 0
      vertex 42.778 -28.1439 0
    endloop
  endfacet
  facet normal 0 0 -1
    outer loop
      vertex 45.8 -31.4 0
      vertex 40.6687 -29.2713 0
      vertex 41.751 -28.7594 0
    endloop
  endfacet
  facet normal 0 0 -1
    outer loop
      vertex 45.8 -31.4 0
      vertex 39.5415 -29.6747 0
      vertex 40.6687 -29.2713 0
    endloop
  endfacet
  facet normal 0 0 -1
    outer loop
      vertex 45.8 -31.4 0
      vertex 38.3801 -29.9656 0
      vertex 39.5415 -29.6747 0
    endloop
  endfacet
  facet normal 0 0 -1
    outer loop
      vertex 45.8 -31.4 0
      vertex 37.1958 -30.1413 0
      vertex 38.3801 -29.9656 0
    endloop
  endfacet
  facet normal 0 0 -1
    outer loop
      vertex 45.8 -31.4 0
      vertex 36 -30.2 0
      vertex 37.1958 -30.1413 0
    endloop
  endfacet
  facet normal 0 0 -1
    outer loop
      vertex 45.8 -31.4 0
      vertex 34.8042 -30.1413 0
      vertex 36 -30.2 0
    endloop
  endfacet
  facet normal 0 0 -1
    outer loop
      vertex 24.0344 15.6199 0
      vertex 12.2 18 0
      vertex 23.8587 16.8042 0
    endloop
  endfacet
  facet normal 0 0 -1
    outer loop
      vertex 23.8587 -19.1958 0
      vertex 12.2 -18 0
      vertex 23.8 -18 0
    endloop
  endfacet
  facet normal 0 0 -1
    outer loop
      vertex 12.1413 -19.1958 0
      vertex 23.8587 -19.1958 0
      vertex 24.0344 -20.3801 0
    endloop
  endfacet
  facet normal 0 0 -1
    outer loop
      vertex 11.9656 -20.3801 0
      vertex 24.0344 -20.3801 0
      vertex 24.3253 -21.5415 0
    endloop
  endfacet
  facet normal 0 0 -1
    outer loop
      vertex 11.6747 -21.5415 0
      vertex 24.3253 -21.5415 0
      vertex 24.7287 -22.6687 0
    endloop
  endfacet
  facet normal 0 0 -1
    outer loop
      vertex 11.2713 -22.6687 0
      vertex 24.7287 -22.6687 0
      vertex 25.2406 -23.751 0
    endloop
  endfacet
  facet normal 0 0 -1
    outer loop
      vertex 10.7594 -23.751 0
      vertex 25.2406 -23.751 0
      vertex 25.8561 -24.778 0
    endloop
  endfacet
  facet normal 0 0 -1
    outer loop
      vertex 10.1439 -24.778 0
      vertex 25.8561 -24.778 0
      vertex 26.5693 -25.7396 0
    endloop
  endfacet
  facet normal 0 0 -1
    outer loop
      vertex 9.43073 -25.7396 0
      vertex 26.5693 -25.7396 0
      vertex 27.3733 -26.6267 0
    endloop
  endfacet
  facet normal 0 0 -1
    outer loop
      vertex 8.6267 -26.6267 0
      vertex 27.3733 -26.6267 0
      vertex 28.2604 -27.4307 0
    endloop
  endfacet
  facet normal 0 0 -1
    outer loop
      vertex 7.7396 -27.4307 0
      vertex 28.2604 -27.4307 0
      vertex 29.222 -28.1439 0
    endloop
  endfacet
  facet normal 0 0 -1
    outer loop
      vertex 6.77796 -28.1439 0
      vertex 29.222 -28.1439 0
      vertex 30.249 -28.7594 0
    endloop
  endfacet
  facet normal 0 0 -1
    outer loop
      vertex 23.8587 -19.1958 0
      vertex 12.1413 -19.1958 0
      vertex 12.2 -18 0
    endloop
  endfacet
  facet normal 0 0 -1
    outer loop
      vertex 24.0344 -20.3801 0
      vertex 11.9656 -20.3801 0
      vertex 12.1413 -19.1958 0
    endloop
  endfacet
  facet normal 0 0 -1
    outer loop
      vertex 5.75104 -28.7594 0
      vertex 30.249 -28.7594 0
      vertex 31.3313 -29.2713 0
    endloop
  endfacet
  facet normal 0 0 -1
    outer loop
      vertex 24.3253 -21.5415 0
      vertex 11.6747 -21.5415 0
      vertex 11.9656 -20.3801 0
    endloop
  endfacet
  facet normal 0 0 -1
    outer loop
      vertex 24.7287 -22.6687 0
      vertex 11.2713 -22.6687 0
      vertex 11.6747 -21.5415 0
    endloop
  endfacet
  facet normal 0 0 -1
    outer loop
      vertex 4.66874 -29.2713 0
      vertex 31.3313 -29.2713 0
      vertex 32.4585 -29.6747 0
    endloop
  endfacet
  facet normal 0 0 -1
    outer loop
      vertex 25.2406 -23.751 0
      vertex 10.7594 -23.751 0
      vertex 11.2713 -22.6687 0
    endloop
  endfacet
  facet normal 0 0 -1
    outer loop
      vertex 25.8561 -24.778 0
      vertex 10.1439 -24.778 0
      vertex 10.7594 -23.751 0
    endloop
  endfacet
  facet normal 0 0 -1
    outer loop
      vertex 3.54147 -29.6747 0
      vertex 32.4585 -29.6747 0
      vertex 33.6199 -29.9656 0
    endloop
  endfacet
  facet normal 0 0 -1
    outer loop
      vertex 26.5693 -25.7396 0
      vertex 9.43073 -25.7396 0
      vertex 10.1439 -24.778 0
    endloop
  endfacet
  facet normal 0 0 -1
    outer loop
      vertex 27.3733 -26.6267 0
      vertex 8.6267 -26.6267 0
      vertex 9.43073 -25.7396 0
    endloop
  endfacet
  facet normal 0 0 -1
    outer loop
      vertex 2.3801 -29.9656 0
      vertex 33.6199 -29.9656 0
      vertex 34.8042 -30.1413 0
    endloop
  endfacet
  facet normal 0 0 -1
    outer loop
      vertex 28.2604 -27.4307 0
      vertex 7.7396 -27.4307 0
      vertex 8.6267 -26.6267 0
    endloop
  endfacet
  facet normal 0 0 -1
    outer loop
      vertex 1.19581 -30.1413 0
      vertex 34.8042 -30.1413 0
      vertex 45.8 -31.4 0
    endloop
  endfacet
  facet normal 0 0 -1
    outer loop
      vertex 29.222 -28.1439 0
      vertex 6.77796 -28.1439 0
      vertex 7.7396 -27.4307 0
    endloop
  endfacet
  facet normal 0 0 -1
    outer loop
      vertex 30.249 -28.7594 0
      vertex 5.75104 -28.7594 0
      vertex 6.77796 -28.1439 0
    endloop
  endfacet
  facet normal 0 0 -1
    outer loop
      vertex 31.3313 -29.2713 0
      vertex 4.66874 -29.2713 0
      vertex 5.75104 -28.7594 0
    endloop
  endfacet
  facet normal 0 0 -1
    outer loop
      vertex 32.4585 -29.6747 0
      vertex 3.54147 -29.6747 0
      vertex 4.66874 -29.2713 0
    endloop
  endfacet
  facet normal 0 0 -1
    outer loop
      vertex 33.6199 -29.9656 0
      vertex 2.3801 -29.9656 0
      vertex 3.54147 -29.6747 0
    endloop
  endfacet
  facet normal 0 0 -1
    outer loop
      vertex 34.8042 -30.1413 0
      vertex 1.19581 -30.1413 0
      vertex 2.3801 -29.9656 0
    endloop
  endfacet
  facet normal 0 0 -1
    outer loop
      vertex 45.8 -31.4 0
      vertex 0 -30.2 0
      vertex 1.19581 -30.1413 0
    endloop
  endfacet
  facet normal 0 0 -1
    outer loop
      vertex -11.9656 15.6199 0
      vertex -23.8 18 0
      vertex -12.1413 16.8042 0
    endloop
  endfacet
  facet normal 0 0 -1
    outer loop
      vertex -12.1413 -19.1958 0
      vertex -23.8 -18 0
      vertex -12.2 -18 0
    endloop
  endfacet
  facet normal 0 0 -1
    outer loop
      vertex -23.8587 -19.1958 0
      vertex -12.1413 -19.1958 0
      vertex -11.9656 -20.3801 0
    endloop
  endfacet
  facet normal 0 0 -1
    outer loop
      vertex -24.0344 -20.3801 0
      vertex -11.9656 -20.3801 0
      vertex -11.6747 -21.5415 0
    endloop
  endfacet
  facet normal 0 0 -1
    outer loop
      vertex -24.3253 -21.5415 0
      vertex -11.6747 -21.5415 0
      vertex -11.2713 -22.6687 0
    endloop
  endfacet
  facet normal 0 0 -1
    outer loop
      vertex -24.7287 -22.6687 0
      vertex -11.2713 -22.6687 0
      vertex -10.7594 -23.751 0
    endloop
  endfacet
  facet normal 0 0 -1
    outer loop
      vertex -25.2406 -23.751 0
      vertex -10.7594 -23.751 0
      vertex -10.1439 -24.778 0
    endloop
  endfacet
  facet normal 0 0 -1
    outer loop
      vertex -25.8561 -24.778 0
      vertex -10.1439 -24.778 0
      vertex -9.43073 -25.7396 0
    endloop
  endfacet
  facet normal 0 0 -1
    outer loop
      vertex -26.5693 -25.7396 0
      vertex -9.43073 -25.7396 0
      vertex -8.6267 -26.6267 0
    endloop
  endfacet
  facet normal 0 0 -1
    outer loop
      vertex -27.3733 -26.6267 0
      vertex -8.6267 -26.6267 0
      vertex -7.7396 -27.4307 0
    endloop
  endfacet
  facet normal 0 0 -1
    outer loop
      vertex -28.2604 -27.4307 0
      vertex -7.7396 -27.4307 0
      vertex -6.77796 -28.1439 0
    endloop
  endfacet
  facet normal 0 0 -1
    outer loop
      vertex -29.222 -28.1439 0
      vertex -6.77796 -28.1439 0
      vertex -5.75104 -28.7594 0
    endloop
  endfacet
  facet normal 0 0 -1
    outer loop
      vertex -12.1413 -19.1958 0
      vertex -23.8587 -19.1958 0
      vertex -23.8 -18 0
    endloop
  endfacet
  facet normal 0 0 -1
    outer loop
      vertex -11.9656 -20.3801 0
      vertex -24.0344 -20.3801 0
      vertex -23.8587 -19.1958 0
    endloop
  endfacet
  facet normal 0 0 -1
    outer loop
      vertex -30.249 -28.7594 0
      vertex -5.75104 -28.7594 0
      vertex -4.66874 -29.2713 0
    endloop
  endfacet
  facet normal 0 0 -1
    outer loop
      vertex -11.6747 -21.5415 0
      vertex -24.3253 -21.5415 0
      vertex -24.0344 -20.3801 0
    endloop
  endfacet
  facet normal 0 0 -1
    outer loop
      vertex -11.2713 -22.6687 0
      vertex -24.7287 -22.6687 0
      vertex -24.3253 -21.5415 0
    endloop
  endfacet
  facet normal 0 0 -1
    outer loop
      vertex -31.3313 -29.2713 0
      vertex -4.66874 -29.2713 0
      vertex -3.54147 -29.6747 0
    endloop
  endfacet
  facet normal 0 0 -1
    outer loop
      vertex -10.7594 -23.751 0
      vertex -25.2406 -23.751 0
      vertex -24.7287 -22.6687 0
    endloop
  endfacet
  facet normal 0 0 -1
    outer loop
      vertex -10.1439 -24.778 0
      vertex -25.8561 -24.778 0
      vertex -25.2406 -23.751 0
    endloop
  endfacet
  facet normal 0 0 -1
    outer loop
      vertex -32.4585 -29.6747 0
      vertex -3.54147 -29.6747 0
      vertex -2.3801 -29.9656 0
    endloop
  endfacet
  facet normal 0 0 -1
    outer loop
      vertex -9.43073 -25.7396 0
      vertex -26.5693 -25.7396 0
      vertex -25.8561 -24.778 0
    endloop
  endfacet
  facet normal 0 0 -1
    outer loop
      vertex -8.6267 -26.6267 0
      vertex -27.3733 -26.6267 0
      vertex -26.5693 -25.7396 0
    endloop
  endfacet
  facet normal 0 0 -1
    outer loop
      vertex -33.6199 -29.9656 0
      vertex -2.3801 -29.9656 0
      vertex -1.19581 -30.1413 0
    endloop
  endfacet
  facet normal 0 0 -1
    outer loop
      vertex -7.7396 -27.4307 0
      vertex -28.2604 -27.4307 0
      vertex -27.3733 -26.6267 0
    endloop
  endfacet
  facet normal 0 0 -1
    outer loop
      vertex -6.77796 -28.1439 0
      vertex -29.222 -28.1439 0
      vertex -28.2604 -27.4307 0
    endloop
  endfacet
  facet normal 0 0 -1
    outer loop
      vertex -5.75104 -28.7594 0
      vertex -30.249 -28.7594 0
      vertex -29.222 -28.1439 0
    endloop
  endfacet
  facet normal 0 0 -1
    outer loop
      vertex -45.8 -31.4 0
      vertex -1.19581 -30.1413 0
      vertex 0 -30.2 0
    endloop
  endfacet
  facet normal 0 0 -1
    outer loop
      vertex -4.66874 -29.2713 0
      vertex -31.3313 -29.2713 0
      vertex -30.249 -28.7594 0
    endloop
  endfacet
  facet normal 0 0 -1
    outer loop
      vertex -3.54147 -29.6747 0
      vertex -32.4585 -29.6747 0
      vertex -31.3313 -29.2713 0
    endloop
  endfacet
  facet normal 0 0 -1
    outer loop
      vertex -45.8 -31.4 0
      vertex 0 -30.2 0
      vertex 45.8 -31.4 0
    endloop
  endfacet
  facet normal 0 0 -1
    outer loop
      vertex -2.3801 -29.9656 0
      vertex -33.6199 -29.9656 0
      vertex -32.4585 -29.6747 0
    endloop
  endfacet
  facet normal 0 0 -1
    outer loop
      vertex -1.19581 -30.1413 0
      vertex -34.8042 -30.1413 0
      vertex -33.6199 -29.9656 0
    endloop
  endfacet
  facet normal -0 0 -1
    outer loop
      vertex -1.19581 -30.1413 0
      vertex -45.8 -31.4 0
      vertex -34.8042 -30.1413 0
    endloop
  endfacet
  facet normal 0 0 -1
    outer loop
      vertex -34.8042 -30.1413 0
      vertex -45.8 -31.4 0
      vertex -36 -30.2 0
    endloop
  endfacet
  facet normal 0 0 -1
    outer loop
      vertex -45.8 -31.4 0
      vertex -37.1958 -30.1413 0
      vertex -36 -30.2 0
    endloop
  endfacet
  facet normal 0 0 -1
    outer loop
      vertex -45.8 -31.4 0
      vertex -38.3801 -29.9656 0
      vertex -37.1958 -30.1413 0
    endloop
  endfacet
  facet normal 0 0 -1
    outer loop
      vertex -45.8 -31.4 0
      vertex -39.5415 -29.6747 0
      vertex -38.3801 -29.9656 0
    endloop
  endfacet
  facet normal 0 0 -1
    outer loop
      vertex -45.8 -31.4 0
      vertex -40.6687 -29.2713 0
      vertex -39.5415 -29.6747 0
    endloop
  endfacet
  facet normal 0 0 -1
    outer loop
      vertex -45.8 -31.4 0
      vertex -41.751 -28.7594 0
      vertex -40.6687 -29.2713 0
    endloop
  endfacet
  facet normal 0 0 -1
    outer loop
      vertex -45.8 -31.4 0
      vertex -42.778 -28.1439 0
      vertex -41.751 -28.7594 0
    endloop
  endfacet
  facet normal 0 0 -1
    outer loop
      vertex -45.8 -31.4 0
      vertex -43.7396 -27.4307 0
      vertex -42.778 -28.1439 0
    endloop
  endfacet
  facet normal 0 0 -1
    outer loop
      vertex -45.8 -31.4 0
      vertex -44.6267 -26.6267 0
      vertex -43.7396 -27.4307 0
    endloop
  endfacet
  facet normal 0 0 -1
    outer loop
      vertex -46.1528 -31.3827 0
      vertex -44.6267 -26.6267 0
      vertex -45.8 -31.4 0
    endloop
  endfacet
  facet normal 0 0 -1
    outer loop
      vertex -46.5023 -31.3308 0
      vertex -44.6267 -26.6267 0
      vertex -46.1528 -31.3827 0
    endloop
  endfacet
  facet normal 0 0 -1
    outer loop
      vertex -46.845 -31.245 0
      vertex -44.6267 -26.6267 0
      vertex -46.5023 -31.3308 0
    endloop
  endfacet
  facet normal 0 0 -1
    outer loop
      vertex -47.1776 -31.126 0
      vertex -44.6267 -26.6267 0
      vertex -46.845 -31.245 0
    endloop
  endfacet
  facet normal 0 0 -1
    outer loop
      vertex -47.497 -30.9749 0
      vertex -44.6267 -26.6267 0
      vertex -47.1776 -31.126 0
    endloop
  endfacet
  facet normal 0 0 -1
    outer loop
      vertex -47.8 -30.7933 0
      vertex -44.6267 -26.6267 0
      vertex -47.497 -30.9749 0
    endloop
  endfacet
  facet normal 0 0 -1
    outer loop
      vertex -48.0838 -30.5828 0
      vertex -44.6267 -26.6267 0
      vertex -47.8 -30.7933 0
    endloop
  endfacet
  facet normal -0 0 -1
    outer loop
      vertex -46.1439 -24.778 0
      vertex -49.4 -27.8 0
      vertex -46.7594 -23.751 0
    endloop
  endfacet
  facet normal 0 0 -1
    outer loop
      vertex -48.3456 -30.3456 0
      vertex -44.6267 -26.6267 0
      vertex -48.0838 -30.5828 0
    endloop
  endfacet
  facet normal -0 0 -1
    outer loop
      vertex -46.7594 -23.751 0
      vertex -49.4 -27.8 0
      vertex -47.2713 -22.6687 0
    endloop
  endfacet
  facet normal 0 0 -1
    outer loop
      vertex -48.5828 -30.0838 0
      vertex -44.6267 -26.6267 0
      vertex -48.3456 -30.3456 0
    endloop
  endfacet
  facet normal -0 0 -1
    outer loop
      vertex -47.2713 -22.6687 0
      vertex -49.4 -27.8 0
      vertex -47.6747 -21.5415 0
    endloop
  endfacet
  facet normal 0 0 -1
    outer loop
      vertex -48.7933 -29.8 0
      vertex -44.6267 -26.6267 0
      vertex -48.5828 -30.0838 0
    endloop
  endfacet
  facet normal -0 0 -1
    outer loop
      vertex -47.6747 -21.5415 0
      vertex -49.4 -27.8 0
      vertex -47.9656 -20.3801 0
    endloop
  endfacet
  facet normal -0 0 -1
    outer loop
      vertex -47.9656 -20.3801 0
      vertex -49.4 -27.8 0
      vertex -48.1413 -19.1958 0
    endloop
  endfacet
  facet normal -0 0 -1
    outer loop
      vertex -48.1413 -19.1958 0
      vertex -49.4 -27.8 0
      vertex -48.2 -18 0
    endloop
  endfacet
  facet normal 0 0 -1
    outer loop
      vertex -48.9749 -29.497 0
      vertex -44.6267 -26.6267 0
      vertex -48.7933 -29.8 0
    endloop
  endfacet
  facet normal -0 0 -1
    outer loop
      vertex 49.4 27.8 0
      vertex 45.4307 25.7396 0
      vertex 49.3827 28.1528 0
    endloop
  endfacet
  facet normal 0 0 -1
    outer loop
      vertex 44.6267 26.6267 0
      vertex 49.3827 28.1528 0
      vertex 45.4307 25.7396 0
    endloop
  endfacet
  facet normal -0 0 -1
    outer loop
      vertex 49.3827 28.1528 0
      vertex 44.6267 26.6267 0
      vertex 49.3308 28.5023 0
    endloop
  endfacet
  facet normal -0 0 -1
    outer loop
      vertex 49.3308 28.5023 0
      vertex 44.6267 26.6267 0
      vertex 49.245 28.845 0
    endloop
  endfacet
  facet normal -0 0 -1
    outer loop
      vertex 49.245 28.845 0
      vertex 44.6267 26.6267 0
      vertex 49.126 29.1776 0
    endloop
  endfacet
  facet normal -0 0 -1
    outer loop
      vertex 49.126 29.1776 0
      vertex 44.6267 26.6267 0
      vertex 48.9749 29.497 0
    endloop
  endfacet
  facet normal -0 0 -1
    outer loop
      vertex 48.9749 29.497 0
      vertex 44.6267 26.6267 0
      vertex 48.7933 29.8 0
    endloop
  endfacet
  facet normal -0 0 -1
    outer loop
      vertex 48.7933 29.8 0
      vertex 44.6267 26.6267 0
      vertex 48.5828 30.0838 0
    endloop
  endfacet
  facet normal -0 0 -1
    outer loop
      vertex 48.5828 30.0838 0
      vertex 44.6267 26.6267 0
      vertex 48.3456 30.3456 0
    endloop
  endfacet
  facet normal -0 0 -1
    outer loop
      vertex 48.3456 30.3456 0
      vertex 44.6267 26.6267 0
      vertex 48.0838 30.5828 0
    endloop
  endfacet
  facet normal -0 0 -1
    outer loop
      vertex 48.0838 30.5828 0
      vertex 44.6267 26.6267 0
      vertex 47.8 30.7933 0
    endloop
  endfacet
  facet normal -0 0 -1
    outer loop
      vertex 47.8 30.7933 0
      vertex 44.6267 26.6267 0
      vertex 47.497 30.9749 0
    endloop
  endfacet
  facet normal -0 0 -1
    outer loop
      vertex 47.497 30.9749 0
      vertex 44.6267 26.6267 0
      vertex 47.1776 31.126 0
    endloop
  endfacet
  facet normal -0 0 -1
    outer loop
      vertex 47.1776 31.126 0
      vertex 44.6267 26.6267 0
      vertex 46.845 31.245 0
    endloop
  endfacet
  facet normal -0 0 -1
    outer loop
      vertex 46.845 31.245 0
      vertex 44.6267 26.6267 0
      vertex 46.5023 31.3308 0
    endloop
  endfacet
  facet normal -0 0 -1
    outer loop
      vertex 46.5023 31.3308 0
      vertex 44.6267 26.6267 0
      vertex 46.1528 31.3827 0
    endloop
  endfacet
  facet normal -0 0 -1
    outer loop
      vertex 46.1528 31.3827 0
      vertex 44.6267 26.6267 0
      vertex 45.8 31.4 0
    endloop
  endfacet
  facet normal 0 0 -1
    outer loop
      vertex 43.7396 27.4307 0
      vertex 45.8 31.4 0
      vertex 44.6267 26.6267 0
    endloop
  endfacet
  facet normal 0 0 -1
    outer loop
      vertex 42.778 28.1439 0
      vertex 45.8 31.4 0
      vertex 43.7396 27.4307 0
    endloop
  endfacet
  facet normal 0 0 -1
    outer loop
      vertex 41.751 28.7594 0
      vertex 45.8 31.4 0
      vertex 42.778 28.1439 0
    endloop
  endfacet
  facet normal 0 0 -1
    outer loop
      vertex 40.6687 29.2713 0
      vertex 45.8 31.4 0
      vertex 41.751 28.7594 0
    endloop
  endfacet
  facet normal 0 0 -1
    outer loop
      vertex 39.5415 29.6747 0
      vertex 45.8 31.4 0
      vertex 40.6687 29.2713 0
    endloop
  endfacet
  facet normal 0 0 -1
    outer loop
      vertex 38.3801 29.9656 0
      vertex 45.8 31.4 0
      vertex 39.5415 29.6747 0
    endloop
  endfacet
  facet normal 0 0 -1
    outer loop
      vertex 37.1958 30.1413 0
      vertex 45.8 31.4 0
      vertex 38.3801 29.9656 0
    endloop
  endfacet
  facet normal 0 0 -1
    outer loop
      vertex 36 30.2 0
      vertex 45.8 31.4 0
      vertex 37.1958 30.1413 0
    endloop
  endfacet
  facet normal 0 0 -1
    outer loop
      vertex 34.8042 30.1413 0
      vertex 45.8 31.4 0
      vertex 36 30.2 0
    endloop
  endfacet
  facet normal 0 0 -1
    outer loop
      vertex 23.8587 16.8042 0
      vertex 12.2 18 0
      vertex 23.8 18 0
    endloop
  endfacet
  facet normal 0 0 -1
    outer loop
      vertex 23.8 18 0
      vertex 12.2 18 0
      vertex 23.8587 19.1958 0
    endloop
  endfacet
  facet normal 0 0 -1
    outer loop
      vertex 12.1413 19.1958 0
      vertex 23.8587 19.1958 0
      vertex 12.2 18 0
    endloop
  endfacet
  facet normal 0 0 -1
    outer loop
      vertex 23.8587 19.1958 0
      vertex 12.1413 19.1958 0
      vertex 24.0344 20.3801 0
    endloop
  endfacet
  facet normal 0 0 -1
    outer loop
      vertex 11.9656 20.3801 0
      vertex 24.0344 20.3801 0
      vertex 12.1413 19.1958 0
    endloop
  endfacet
  facet normal 0 0 -1
    outer loop
      vertex 24.0344 20.3801 0
      vertex 11.9656 20.3801 0
      vertex 24.3253 21.5415 0
    endloop
  endfacet
  facet normal 0 0 -1
    outer loop
      vertex 11.6747 21.5415 0
      vertex 24.3253 21.5415 0
      vertex 11.9656 20.3801 0
    endloop
  endfacet
  facet normal 0 0 -1
    outer loop
      vertex 24.3253 21.5415 0
      vertex 11.6747 21.5415 0
      vertex 24.7287 22.6687 0
    endloop
  endfacet
  facet normal 0 0 -1
    outer loop
      vertex 11.2713 22.6687 0
      vertex 24.7287 22.6687 0
      vertex 11.6747 21.5415 0
    endloop
  endfacet
  facet normal 0 0 -1
    outer loop
      vertex 24.7287 22.6687 0
      vertex 11.2713 22.6687 0
      vertex 25.2406 23.751 0
    endloop
  endfacet
  facet normal 0 0 -1
    outer loop
      vertex 10.7594 23.751 0
      vertex 25.2406 23.751 0
      vertex 11.2713 22.6687 0
    endloop
  endfacet
  facet normal 0 0 -1
    outer loop
      vertex 25.2406 23.751 0
      vertex 10.7594 23.751 0
      vertex 25.8561 24.778 0
    endloop
  endfacet
  facet normal 0 0 -1
    outer loop
      vertex 10.1439 24.778 0
      vertex 25.8561 24.778 0
      vertex 10.7594 23.751 0
    endloop
  endfacet
  facet normal 0 0 -1
    outer loop
      vertex 25.8561 24.778 0
      vertex 10.1439 24.778 0
      vertex 26.5693 25.7396 0
    endloop
  endfacet
  facet normal 0 0 -1
    outer loop
      vertex 9.43073 25.7396 0
      vertex 26.5693 25.7396 0
      vertex 10.1439 24.778 0
    endloop
  endfacet
  facet normal 0 0 -1
    outer loop
      vertex 26.5693 25.7396 0
      vertex 9.43073 25.7396 0
      vertex 27.3733 26.6267 0
    endloop
  endfacet
  facet normal 0 0 -1
    outer loop
      vertex 8.6267 26.6267 0
      vertex 27.3733 26.6267 0
      vertex 9.43073 25.7396 0
    endloop
  endfacet
  facet normal 0 0 -1
    outer loop
      vertex 27.3733 26.6267 0
      vertex 8.6267 26.6267 0
      vertex 28.2604 27.4307 0
    endloop
  endfacet
  facet normal 0 0 -1
    outer loop
      vertex 7.7396 27.4307 0
      vertex 28.2604 27.4307 0
      vertex 8.6267 26.6267 0
    endloop
  endfacet
  facet normal 0 0 -1
    outer loop
      vertex 28.2604 27.4307 0
      vertex 7.7396 27.4307 0
      vertex 29.222 28.1439 0
    endloop
  endfacet
  facet normal 0 0 -1
    outer loop
      vertex 6.77796 28.1439 0
      vertex 29.222 28.1439 0
      vertex 7.7396 27.4307 0
    endloop
  endfacet
  facet normal 0 0 -1
    outer loop
      vertex 29.222 28.1439 0
      vertex 6.77796 28.1439 0
      vertex 30.249 28.7594 0
    endloop
  endfacet
  facet normal 0 0 -1
    outer loop
      vertex 5.75104 28.7594 0
      vertex 30.249 28.7594 0
      vertex 6.77796 28.1439 0
    endloop
  endfacet
  facet normal 0 0 -1
    outer loop
      vertex 30.249 28.7594 0
      vertex 5.75104 28.7594 0
      vertex 31.3313 29.2713 0
    endloop
  endfacet
  facet normal 0 0 -1
    outer loop
      vertex 4.66874 29.2713 0
      vertex 31.3313 29.2713 0
      vertex 5.75104 28.7594 0
    endloop
  endfacet
  facet normal 0 0 -1
    outer loop
      vertex 31.3313 29.2713 0
      vertex 4.66874 29.2713 0
      vertex 32.4585 29.6747 0
    endloop
  endfacet
  facet normal 0 0 -1
    outer loop
      vertex 3.54147 29.6747 0
      vertex 32.4585 29.6747 0
      vertex 4.66874 29.2713 0
    endloop
  endfacet
  facet normal 0 0 -1
    outer loop
      vertex 32.4585 29.6747 0
      vertex 3.54147 29.6747 0
      vertex 33.6199 29.9656 0
    endloop
  endfacet
  facet normal 0 0 -1
    outer loop
      vertex 2.3801 29.9656 0
      vertex 33.6199 29.9656 0
      vertex 3.54147 29.6747 0
    endloop
  endfacet
  facet normal 0 0 -1
    outer loop
      vertex 33.6199 29.9656 0
      vertex 2.3801 29.9656 0
      vertex 34.8042 30.1413 0
    endloop
  endfacet
  facet normal 0 0 -1
    outer loop
      vertex 1.19581 30.1413 0
      vertex 34.8042 30.1413 0
      vertex 2.3801 29.9656 0
    endloop
  endfacet
  facet normal 0 0 -1
    outer loop
      vertex 34.8042 30.1413 0
      vertex 1.19581 30.1413 0
      vertex 45.8 31.4 0
    endloop
  endfacet
  facet normal 0 0 -1
    outer loop
      vertex 0 30.2 0
      vertex 45.8 31.4 0
      vertex 1.19581 30.1413 0
    endloop
  endfacet
  facet normal 0 0 -1
    outer loop
      vertex -12.1413 16.8042 0
      vertex -23.8 18 0
      vertex -12.2 18 0
    endloop
  endfacet
  facet normal 0 0 -1
    outer loop
      vertex -12.2 18 0
      vertex -23.8 18 0
      vertex -12.1413 19.1958 0
    endloop
  endfacet
  facet normal 0 0 -1
    outer loop
      vertex -23.8587 19.1958 0
      vertex -12.1413 19.1958 0
      vertex -23.8 18 0
    endloop
  endfacet
  facet normal 0 0 -1
    outer loop
      vertex -12.1413 19.1958 0
      vertex -23.8587 19.1958 0
      vertex -11.9656 20.3801 0
    endloop
  endfacet
  facet normal 0 0 -1
    outer loop
      vertex -24.0344 20.3801 0
      vertex -11.9656 20.3801 0
      vertex -23.8587 19.1958 0
    endloop
  endfacet
  facet normal 0 0 -1
    outer loop
      vertex -11.9656 20.3801 0
      vertex -24.0344 20.3801 0
      vertex -11.6747 21.5415 0
    endloop
  endfacet
  facet normal 0 0 -1
    outer loop
      vertex -24.3253 21.5415 0
      vertex -11.6747 21.5415 0
      vertex -24.0344 20.3801 0
    endloop
  endfacet
  facet normal 0 0 -1
    outer loop
      vertex -11.6747 21.5415 0
      vertex -24.3253 21.5415 0
      vertex -11.2713 22.6687 0
    endloop
  endfacet
  facet normal 0 0 -1
    outer loop
      vertex -24.7287 22.6687 0
      vertex -11.2713 22.6687 0
      vertex -24.3253 21.5415 0
    endloop
  endfacet
  facet normal 0 0 -1
    outer loop
      vertex -11.2713 22.6687 0
      vertex -24.7287 22.6687 0
      vertex -10.7594 23.751 0
    endloop
  endfacet
  facet normal 0 0 -1
    outer loop
      vertex -25.2406 23.751 0
      vertex -10.7594 23.751 0
      vertex -24.7287 22.6687 0
    endloop
  endfacet
  facet normal 0 0 -1
    outer loop
      vertex -10.7594 23.751 0
      vertex -25.2406 23.751 0
      vertex -10.1439 24.778 0
    endloop
  endfacet
  facet normal 0 0 -1
    outer loop
      vertex -25.8561 24.778 0
      vertex -10.1439 24.778 0
      vertex -25.2406 23.751 0
    endloop
  endfacet
  facet normal 0 0 -1
    outer loop
      vertex -10.1439 24.778 0
      vertex -25.8561 24.778 0
      vertex -9.43073 25.7396 0
    endloop
  endfacet
  facet normal 0 0 -1
    outer loop
      vertex -26.5693 25.7396 0
      vertex -9.43073 25.7396 0
      vertex -25.8561 24.778 0
    endloop
  endfacet
  facet normal 0 0 -1
    outer loop
      vertex -9.43073 25.7396 0
      vertex -26.5693 25.7396 0
      vertex -8.6267 26.6267 0
    endloop
  endfacet
  facet normal 0 0 -1
    outer loop
      vertex -27.3733 26.6267 0
      vertex -8.6267 26.6267 0
      vertex -26.5693 25.7396 0
    endloop
  endfacet
  facet normal 0 0 -1
    outer loop
      vertex -8.6267 26.6267 0
      vertex -27.3733 26.6267 0
      vertex -7.7396 27.4307 0
    endloop
  endfacet
  facet normal 0 0 -1
    outer loop
      vertex -28.2604 27.4307 0
      vertex -7.7396 27.4307 0
      vertex -27.3733 26.6267 0
    endloop
  endfacet
  facet normal 0 0 -1
    outer loop
      vertex -7.7396 27.4307 0
      vertex -28.2604 27.4307 0
      vertex -6.77796 28.1439 0
    endloop
  endfacet
  facet normal 0 0 -1
    outer loop
      vertex -29.222 28.1439 0
      vertex -6.77796 28.1439 0
      vertex -28.2604 27.4307 0
    endloop
  endfacet
  facet normal 0 0 -1
    outer loop
      vertex -6.77796 28.1439 0
      vertex -29.222 28.1439 0
      vertex -5.75104 28.7594 0
    endloop
  endfacet
  facet normal 0 0 -1
    outer loop
      vertex -30.249 28.7594 0
      vertex -5.75104 28.7594 0
      vertex -29.222 28.1439 0
    endloop
  endfacet
  facet normal 0 0 -1
    outer loop
      vertex -5.75104 28.7594 0
      vertex -30.249 28.7594 0
      vertex -4.66874 29.2713 0
    endloop
  endfacet
  facet normal 0 0 -1
    outer loop
      vertex -31.3313 29.2713 0
      vertex -4.66874 29.2713 0
      vertex -30.249 28.7594 0
    endloop
  endfacet
  facet normal 0 0 -1
    outer loop
      vertex -4.66874 29.2713 0
      vertex -31.3313 29.2713 0
      vertex -3.54147 29.6747 0
    endloop
  endfacet
  facet normal 0 0 -1
    outer loop
      vertex -32.4585 29.6747 0
      vertex -3.54147 29.6747 0
      vertex -31.3313 29.2713 0
    endloop
  endfacet
  facet normal 0 0 -1
    outer loop
      vertex -3.54147 29.6747 0
      vertex -32.4585 29.6747 0
      vertex -2.3801 29.9656 0
    endloop
  endfacet
  facet normal 0 0 -1
    outer loop
      vertex -33.6199 29.9656 0
      vertex -2.3801 29.9656 0
      vertex -32.4585 29.6747 0
    endloop
  endfacet
  facet normal 0 0 -1
    outer loop
      vertex -2.3801 29.9656 0
      vertex -33.6199 29.9656 0
      vertex -1.19581 30.1413 0
    endloop
  endfacet
  facet normal 0 0 -1
    outer loop
      vertex -34.8042 30.1413 0
      vertex -1.19581 30.1413 0
      vertex -33.6199 29.9656 0
    endloop
  endfacet
  facet normal 0 0 -1
    outer loop
      vertex -45.8 31.4 0
      vertex -1.19581 30.1413 0
      vertex -34.8042 30.1413 0
    endloop
  endfacet
  facet normal 0 0 -1
    outer loop
      vertex -1.19581 30.1413 0
      vertex -45.8 31.4 0
      vertex 0 30.2 0
    endloop
  endfacet
  facet normal 0 0 -1
    outer loop
      vertex -45.8 31.4 0
      vertex -34.8042 30.1413 0
      vertex -36 30.2 0
    endloop
  endfacet
  facet normal 0 0 -1
    outer loop
      vertex 0 30.2 0
      vertex -45.8 31.4 0
      vertex 45.8 31.4 0
    endloop
  endfacet
  facet normal 0 0 -1
    outer loop
      vertex -37.1958 30.1413 0
      vertex -45.8 31.4 0
      vertex -36 30.2 0
    endloop
  endfacet
  facet normal 0 0 -1
    outer loop
      vertex -38.3801 29.9656 0
      vertex -45.8 31.4 0
      vertex -37.1958 30.1413 0
    endloop
  endfacet
  facet normal 0 0 -1
    outer loop
      vertex -39.5415 29.6747 0
      vertex -45.8 31.4 0
      vertex -38.3801 29.9656 0
    endloop
  endfacet
  facet normal 0 0 -1
    outer loop
      vertex -40.6687 29.2713 0
      vertex -45.8 31.4 0
      vertex -39.5415 29.6747 0
    endloop
  endfacet
  facet normal 0 0 -1
    outer loop
      vertex -41.751 28.7594 0
      vertex -45.8 31.4 0
      vertex -40.6687 29.2713 0
    endloop
  endfacet
  facet normal 0 0 -1
    outer loop
      vertex -42.778 28.1439 0
      vertex -45.8 31.4 0
      vertex -41.751 28.7594 0
    endloop
  endfacet
  facet normal 0 0 -1
    outer loop
      vertex -43.7396 27.4307 0
      vertex -45.8 31.4 0
      vertex -42.778 28.1439 0
    endloop
  endfacet
  facet normal 0 0 -1
    outer loop
      vertex -44.6267 26.6267 0
      vertex -45.8 31.4 0
      vertex -43.7396 27.4307 0
    endloop
  endfacet
  facet normal 0 0 -1
    outer loop
      vertex -49.3827 28.1528 0
      vertex -44.6267 26.6267 0
      vertex -45.4307 25.7396 0
    endloop
  endfacet
  facet normal 0 0 -1
    outer loop
      vertex -49.4 27.8 0
      vertex -45.4307 25.7396 0
      vertex -46.1439 24.778 0
    endloop
  endfacet
  facet normal 0 0 -1
    outer loop
      vertex -44.6267 26.6267 0
      vertex -46.1528 31.3827 0
      vertex -45.8 31.4 0
    endloop
  endfacet
  facet normal 0 0 -1
    outer loop
      vertex -44.6267 26.6267 0
      vertex -46.5023 31.3308 0
      vertex -46.1528 31.3827 0
    endloop
  endfacet
  facet normal 0 0 -1
    outer loop
      vertex -49.4 27.8 0
      vertex -46.1439 24.778 0
      vertex -46.7594 23.751 0
    endloop
  endfacet
  facet normal 0 0 -1
    outer loop
      vertex -45.4307 25.7396 0
      vertex -49.4 27.8 0
      vertex -49.3827 28.1528 0
    endloop
  endfacet
  facet normal 0 0 -1
    outer loop
      vertex -44.6267 26.6267 0
      vertex -46.845 31.245 0
      vertex -46.5023 31.3308 0
    endloop
  endfacet
  facet normal 0 0 -1
    outer loop
      vertex -49.4 27.8 0
      vertex -46.7594 23.751 0
      vertex -47.2713 22.6687 0
    endloop
  endfacet
  facet normal 0 0 -1
    outer loop
      vertex -44.6267 26.6267 0
      vertex -47.1776 31.126 0
      vertex -46.845 31.245 0
    endloop
  endfacet
  facet normal 0 0 -1
    outer loop
      vertex -49.4 27.8 0
      vertex -47.2713 22.6687 0
      vertex -47.6747 21.5415 0
    endloop
  endfacet
  facet normal 0 0 -1
    outer loop
      vertex -44.6267 26.6267 0
      vertex -47.497 30.9749 0
      vertex -47.1776 31.126 0
    endloop
  endfacet
  facet normal 0 0 -1
    outer loop
      vertex -49.4 27.8 0
      vertex -47.6747 21.5415 0
      vertex -47.9656 20.3801 0
    endloop
  endfacet
  facet normal 0 0 -1
    outer loop
      vertex -44.6267 26.6267 0
      vertex -47.8 30.7933 0
      vertex -47.497 30.9749 0
    endloop
  endfacet
  facet normal 0 0 -1
    outer loop
      vertex -49.4 27.8 0
      vertex -47.9656 20.3801 0
      vertex -48.1413 19.1958 0
    endloop
  endfacet
  facet normal 0 0 -1
    outer loop
      vertex -49.4 27.8 0
      vertex -48.1413 19.1958 0
      vertex -48.2 18 0
    endloop
  endfacet
  facet normal 0 0 -1
    outer loop
      vertex -44.6267 26.6267 0
      vertex -48.0838 30.5828 0
      vertex -47.8 30.7933 0
    endloop
  endfacet
  facet normal 0 0 -1
    outer loop
      vertex -49.4 27.8 0
      vertex -48.1413 16.8042 0
      vertex -49.4 -27.8 0
    endloop
  endfacet
  facet normal 0 0 -1
    outer loop
      vertex -49.126 -29.1776 0
      vertex -44.6267 -26.6267 0
      vertex -48.9749 -29.497 0
    endloop
  endfacet
  facet normal 0 0 -1
    outer loop
      vertex -48.1413 16.8042 0
      vertex -49.4 27.8 0
      vertex -48.2 18 0
    endloop
  endfacet
  facet normal 0 0 -1
    outer loop
      vertex -49.245 -28.845 0
      vertex -44.6267 -26.6267 0
      vertex -49.126 -29.1776 0
    endloop
  endfacet
  facet normal 0 0 -1
    outer loop
      vertex -44.6267 26.6267 0
      vertex -48.3456 30.3456 0
      vertex -48.0838 30.5828 0
    endloop
  endfacet
  facet normal 0 0 -1
    outer loop
      vertex -49.3308 -28.5023 0
      vertex -44.6267 -26.6267 0
      vertex -49.245 -28.845 0
    endloop
  endfacet
  facet normal 0 0 -1
    outer loop
      vertex -44.6267 26.6267 0
      vertex -48.5828 30.0838 0
      vertex -48.3456 30.3456 0
    endloop
  endfacet
  facet normal 0 0 -1
    outer loop
      vertex -49.3827 -28.1528 0
      vertex -44.6267 -26.6267 0
      vertex -49.3308 -28.5023 0
    endloop
  endfacet
  facet normal 0 0 -1
    outer loop
      vertex -44.6267 26.6267 0
      vertex -48.7933 29.8 0
      vertex -48.5828 30.0838 0
    endloop
  endfacet
  facet normal -0 0 -1
    outer loop
      vertex -44.6267 -26.6267 0
      vertex -49.3827 -28.1528 0
      vertex -45.4307 -25.7396 0
    endloop
  endfacet
  facet normal 0 0 -1
    outer loop
      vertex -44.6267 26.6267 0
      vertex -48.9749 29.497 0
      vertex -48.7933 29.8 0
    endloop
  endfacet
  facet normal 0 0 -1
    outer loop
      vertex -49.4 -27.8 0
      vertex -45.4307 -25.7396 0
      vertex -49.3827 -28.1528 0
    endloop
  endfacet
  facet normal 0 0 -1
    outer loop
      vertex -44.6267 26.6267 0
      vertex -49.126 29.1776 0
      vertex -48.9749 29.497 0
    endloop
  endfacet
  facet normal -0 0 -1
    outer loop
      vertex -45.4307 -25.7396 0
      vertex -49.4 -27.8 0
      vertex -46.1439 -24.778 0
    endloop
  endfacet
  facet normal 0 0 -1
    outer loop
      vertex -44.6267 26.6267 0
      vertex -49.245 28.845 0
      vertex -49.126 29.1776 0
    endloop
  endfacet
  facet normal 0 0 -1
    outer loop
      vertex -44.6267 26.6267 0
      vertex -49.3308 28.5023 0
      vertex -49.245 28.845 0
    endloop
  endfacet
  facet normal 0 0 -1
    outer loop
      vertex -44.6267 26.6267 0
      vertex -49.3827 28.1528 0
      vertex -49.3308 28.5023 0
    endloop
  endfacet
  facet normal 0 0 -1
    outer loop
      vertex 2.48804 0.75474 0
      vertex 5.75104 7.24056 0
      vertex 2.55004 0.507235 0
    endloop
  endfacet
  facet normal 0 0 -1
    outer loop
      vertex 5.75104 7.24056 0
      vertex 2.48804 0.75474 0
      vertex 4.66874 6.72867 0
    endloop
  endfacet
  facet normal 0 0 -1
    outer loop
      vertex 2.40209 0.994976 0
      vertex 4.66874 6.72867 0
      vertex 2.48804 0.75474 0
    endloop
  endfacet
  facet normal 0 0 -1
    outer loop
      vertex 2.29299 1.22563 0
      vertex 4.66874 6.72867 0
      vertex 2.40209 0.994976 0
    endloop
  endfacet
  facet normal 0 0 -1
    outer loop
      vertex 4.66874 6.72867 0
      vertex 2.29299 1.22563 0
      vertex 3.54147 6.32533 0
    endloop
  endfacet
  facet normal 0 0 -1
    outer loop
      vertex 2.16182 1.44448 0
      vertex 3.54147 6.32533 0
      vertex 2.29299 1.22563 0
    endloop
  endfacet
  facet normal 0 0 -1
    outer loop
      vertex 2.00983 1.64942 0
      vertex 3.54147 6.32533 0
      vertex 2.16182 1.44448 0
    endloop
  endfacet
  facet normal 0 0 -1
    outer loop
      vertex 1.83848 1.83848 0
      vertex 3.54147 6.32533 0
      vertex 2.00983 1.64942 0
    endloop
  endfacet
  facet normal 0 0 -1
    outer loop
      vertex 3.54147 6.32533 0
      vertex 1.83848 1.83848 0
      vertex 2.3801 6.03442 0
    endloop
  endfacet
  facet normal 0 0 -1
    outer loop
      vertex 1.64942 2.00983 0
      vertex 2.3801 6.03442 0
      vertex 1.83848 1.83848 0
    endloop
  endfacet
  facet normal 0 0 -1
    outer loop
      vertex 1.44448 2.16182 0
      vertex 2.3801 6.03442 0
      vertex 1.64942 2.00983 0
    endloop
  endfacet
  facet normal 0 0 -1
    outer loop
      vertex 1.22563 2.29299 0
      vertex 2.3801 6.03442 0
      vertex 1.44448 2.16182 0
    endloop
  endfacet
  facet normal 0 0 -1
    outer loop
      vertex 1.22563 2.29299 0
      vertex 1.19581 5.85875 0
      vertex 2.3801 6.03442 0
    endloop
  endfacet
  facet normal 0 0 -1
    outer loop
      vertex 0.994976 2.40209 0
      vertex 1.19581 5.85875 0
      vertex 1.22563 2.29299 0
    endloop
  endfacet
  facet normal 0 0 -1
    outer loop
      vertex 0.75474 2.48804 0
      vertex 1.19581 5.85875 0
      vertex 0.994976 2.40209 0
    endloop
  endfacet
  facet normal 0 0 -1
    outer loop
      vertex 0.507235 2.55004 0
      vertex 1.19581 5.85875 0
      vertex 0.75474 2.48804 0
    endloop
  endfacet
  facet normal 0 0 -1
    outer loop
      vertex 0 5.8 0
      vertex 0.507235 2.55004 0
      vertex 0.254844 2.58748 0
    endloop
  endfacet
  facet normal 0 0 -1
    outer loop
      vertex 0 5.8 0
      vertex 0.254844 2.58748 0
      vertex 0 2.6 0
    endloop
  endfacet
  facet normal 0 0 -1
    outer loop
      vertex 0.507235 2.55004 0
      vertex 0 5.8 0
      vertex 1.19581 5.85875 0
    endloop
  endfacet
  facet normal 0 0 -1
    outer loop
      vertex -0.254844 2.58748 0
      vertex 0 5.8 0
      vertex 0 2.6 0
    endloop
  endfacet
  facet normal 0 0 -1
    outer loop
      vertex -0.507235 2.55004 0
      vertex 0 5.8 0
      vertex -0.254844 2.58748 0
    endloop
  endfacet
  facet normal 0 0 -1
    outer loop
      vertex -1.19581 5.85875 0
      vertex -0.507235 2.55004 0
      vertex -0.75474 2.48804 0
    endloop
  endfacet
  facet normal 0 0 -1
    outer loop
      vertex -1.19581 5.85875 0
      vertex -0.75474 2.48804 0
      vertex -0.994976 2.40209 0
    endloop
  endfacet
  facet normal 0 0 -1
    outer loop
      vertex -0.507235 2.55004 0
      vertex -1.19581 5.85875 0
      vertex 0 5.8 0
    endloop
  endfacet
  facet normal 0 0 -1
    outer loop
      vertex -1.22563 2.29299 0
      vertex -1.19581 5.85875 0
      vertex -0.994976 2.40209 0
    endloop
  endfacet
  facet normal 0 0 -1
    outer loop
      vertex -2.3801 6.03442 0
      vertex -1.22563 2.29299 0
      vertex -1.44448 2.16182 0
    endloop
  endfacet
  facet normal 0 0 -1
    outer loop
      vertex -2.3801 6.03442 0
      vertex -1.44448 2.16182 0
      vertex -1.64942 2.00983 0
    endloop
  endfacet
  facet normal 0 0 -1
    outer loop
      vertex -2.3801 6.03442 0
      vertex -1.64942 2.00983 0
      vertex -1.83848 1.83848 0
    endloop
  endfacet
  facet normal 0 0 -1
    outer loop
      vertex -3.54147 6.32533 0
      vertex -1.83848 1.83848 0
      vertex -2.00983 1.64942 0
    endloop
  endfacet
  facet normal 0 0 -1
    outer loop
      vertex -3.54147 6.32533 0
      vertex -2.00983 1.64942 0
      vertex -2.16182 1.44448 0
    endloop
  endfacet
  facet normal 0 0 -1
    outer loop
      vertex -3.54147 6.32533 0
      vertex -2.16182 1.44448 0
      vertex -2.29299 1.22563 0
    endloop
  endfacet
  facet normal 0 0 -1
    outer loop
      vertex -1.22563 2.29299 0
      vertex -2.3801 6.03442 0
      vertex -1.19581 5.85875 0
    endloop
  endfacet
  facet normal 0 0 -1
    outer loop
      vertex -4.66874 6.72867 0
      vertex -2.29299 1.22563 0
      vertex -2.40209 0.994976 0
    endloop
  endfacet
  facet normal 0 0 -1
    outer loop
      vertex -4.66874 6.72867 0
      vertex -2.40209 0.994976 0
      vertex -2.48804 0.75474 0
    endloop
  endfacet
  facet normal 0 0 -1
    outer loop
      vertex -5.75104 7.24056 0
      vertex -2.48804 0.75474 0
      vertex -2.55004 0.507235 0
    endloop
  endfacet
  facet normal 0 0 -1
    outer loop
      vertex -5.75104 7.24056 0
      vertex -2.55004 0.507235 0
      vertex -2.58748 0.254844 0
    endloop
  endfacet
  facet normal 0 0 -1
    outer loop
      vertex -6.77796 7.85607 0
      vertex -2.58748 0.254844 0
      vertex -2.6 0 0
    endloop
  endfacet
  facet normal -0 0 -1
    outer loop
      vertex -2.55004 -0.507235 0
      vertex -5.75104 -7.24056 0
      vertex -2.58748 -0.254844 0
    endloop
  endfacet
  facet normal 0 0 -1
    outer loop
      vertex -1.83848 1.83848 0
      vertex -3.54147 6.32533 0
      vertex -2.3801 6.03442 0
    endloop
  endfacet
  facet normal 0 0 -1
    outer loop
      vertex -6.77796 -7.85607 0
      vertex -2.58748 -0.254844 0
      vertex -5.75104 -7.24056 0
    endloop
  endfacet
  facet normal 0 0 -1
    outer loop
      vertex -2.29299 1.22563 0
      vertex -4.66874 6.72867 0
      vertex -3.54147 6.32533 0
    endloop
  endfacet
  facet normal -0 0 -1
    outer loop
      vertex -2.58748 -0.254844 0
      vertex -6.77796 -7.85607 0
      vertex -2.6 0 0
    endloop
  endfacet
  facet normal 0 0 -1
    outer loop
      vertex -2.48804 0.75474 0
      vertex -5.75104 7.24056 0
      vertex -4.66874 6.72867 0
    endloop
  endfacet
  facet normal 0 0 -1
    outer loop
      vertex -6.77796 7.85607 0
      vertex -2.6 0 0
      vertex -6.77796 -7.85607 0
    endloop
  endfacet
  facet normal 0 0 -1
    outer loop
      vertex -2.58748 0.254844 0
      vertex -6.77796 7.85607 0
      vertex -5.75104 7.24056 0
    endloop
  endfacet
  facet normal 0 0 -1
    outer loop
      vertex -7.7396 -8.56927 0
      vertex -6.77796 7.85607 0
      vertex -6.77796 -7.85607 0
    endloop
  endfacet
  facet normal 0 0 -1
    outer loop
      vertex -7.7396 -8.56927 0
      vertex -7.7396 8.56927 0
      vertex -6.77796 7.85607 0
    endloop
  endfacet
  facet normal 0 0 -1
    outer loop
      vertex -8.6267 -9.3733 0
      vertex -7.7396 8.56927 0
      vertex -7.7396 -8.56927 0
    endloop
  endfacet
  facet normal 0 0 -1
    outer loop
      vertex -8.6267 -9.3733 0
      vertex -8.6267 9.3733 0
      vertex -7.7396 8.56927 0
    endloop
  endfacet
  facet normal 0 0 -1
    outer loop
      vertex -9.43073 -10.2604 0
      vertex -8.6267 9.3733 0
      vertex -8.6267 -9.3733 0
    endloop
  endfacet
  facet normal 0 0 -1
    outer loop
      vertex -9.43073 -10.2604 0
      vertex -9.43073 10.2604 0
      vertex -8.6267 9.3733 0
    endloop
  endfacet
  facet normal 0 0 -1
    outer loop
      vertex -24.7287 -13.3313 0
      vertex -11.2713 -13.3313 0
      vertex -24.3253 -14.4585 0
    endloop
  endfacet
  facet normal 0 0 -1
    outer loop
      vertex -11.2713 -13.3313 0
      vertex -24.7287 -13.3313 0
      vertex -10.7594 -12.249 0
    endloop
  endfacet
  facet normal 0 0 -1
    outer loop
      vertex -24.3253 -14.4585 0
      vertex -11.6747 -14.4585 0
      vertex -24.0344 -15.6199 0
    endloop
  endfacet
  facet normal 0 0 -1
    outer loop
      vertex -11.6747 -14.4585 0
      vertex -24.3253 -14.4585 0
      vertex -11.2713 -13.3313 0
    endloop
  endfacet
  facet normal 0 0 -1
    outer loop
      vertex -11.9656 -15.6199 0
      vertex -24.0344 -15.6199 0
      vertex -11.6747 -14.4585 0
    endloop
  endfacet
  facet normal 0 0 -1
    outer loop
      vertex -25.2406 -12.249 0
      vertex -10.7594 -12.249 0
      vertex -24.7287 -13.3313 0
    endloop
  endfacet
  facet normal 0 0 -1
    outer loop
      vertex -24.0344 -15.6199 0
      vertex -11.9656 -15.6199 0
      vertex -23.8587 -16.8042 0
    endloop
  endfacet
  facet normal 0 0 -1
    outer loop
      vertex -10.1439 11.222 0
      vertex -23.8 18 0
      vertex -10.7594 12.249 0
    endloop
  endfacet
  facet normal 0 0 -1
    outer loop
      vertex -12.1413 -16.8042 0
      vertex -23.8587 -16.8042 0
      vertex -11.9656 -15.6199 0
    endloop
  endfacet
  facet normal 0 0 -1
    outer loop
      vertex -10.7594 12.249 0
      vertex -23.8 18 0
      vertex -11.2713 13.3313 0
    endloop
  endfacet
  facet normal 0 0 -1
    outer loop
      vertex -23.8587 -16.8042 0
      vertex -12.1413 -16.8042 0
      vertex -23.8 -18 0
    endloop
  endfacet
  facet normal 0 0 -1
    outer loop
      vertex -11.2713 13.3313 0
      vertex -23.8 18 0
      vertex -11.6747 14.4585 0
    endloop
  endfacet
  facet normal 0 0 -1
    outer loop
      vertex -23.8 -18 0
      vertex -12.1413 -16.8042 0
      vertex -12.2 -18 0
    endloop
  endfacet
  facet normal 0 0 -1
    outer loop
      vertex -11.6747 14.4585 0
      vertex -23.8 18 0
      vertex -11.9656 15.6199 0
    endloop
  endfacet
  facet normal 0.595589 -0.803289 0
    outer loop
      vertex 51.7334 -35.3888 0
      vertex 52.2064 -35.0381 3
      vertex 51.7334 -35.3888 3
    endloop
  endfacet
  facet normal 0.595589 -0.803289 0
    outer loop
      vertex 52.2064 -35.0381 3
      vertex 51.7334 -35.3888 0
      vertex 52.2064 -35.0381 0
    endloop
  endfacet
  facet normal 0 0 1
    outer loop
      vertex -41.751 -28.7594 3
      vertex -46.7857 -31.4922 3
      vertex -46.7853 -31.5 3
    endloop
  endfacet
  facet normal 0 0 1
    outer loop
      vertex -46.1439 -24.778 3
      vertex -46.7984 -31.2339 3
      vertex -46.7857 -31.4922 3
    endloop
  endfacet
  facet normal 0 0 1
    outer loop
      vertex -46.1439 -24.778 3
      vertex -46.8363 -30.9781 3
      vertex -46.7984 -31.2339 3
    endloop
  endfacet
  facet normal 0 0 1
    outer loop
      vertex -46.1439 -24.778 3
      vertex -46.8375 -30.9704 3
      vertex -46.8363 -30.9781 3
    endloop
  endfacet
  facet normal 0 0 1
    outer loop
      vertex -46.1439 -24.778 3
      vertex -46.8393 -30.9628 3
      vertex -46.8375 -30.9704 3
    endloop
  endfacet
  facet normal 0 0 1
    outer loop
      vertex -46.1439 -24.778 3
      vertex -46.9022 -30.712 3
      vertex -46.8393 -30.9628 3
    endloop
  endfacet
  facet normal 0 0 1
    outer loop
      vertex -46.1439 -24.778 3
      vertex -46.9048 -30.7046 3
      vertex -46.9022 -30.712 3
    endloop
  endfacet
  facet normal 0 0 1
    outer loop
      vertex -46.1439 -24.778 3
      vertex -46.9919 -30.4611 3
      vertex -46.9048 -30.7046 3
    endloop
  endfacet
  facet normal 0 0 1
    outer loop
      vertex -46.1439 -24.778 3
      vertex -47.1025 -30.2273 3
      vertex -46.9919 -30.4611 3
    endloop
  endfacet
  facet normal 0 0 1
    outer loop
      vertex -46.1439 -24.778 3
      vertex -47.1058 -30.2203 3
      vertex -47.1025 -30.2273 3
    endloop
  endfacet
  facet normal 0 0 1
    outer loop
      vertex -46.1439 -24.778 3
      vertex -47.1098 -30.2136 3
      vertex -47.1058 -30.2203 3
    endloop
  endfacet
  facet normal 0 0 1
    outer loop
      vertex -46.1439 -24.778 3
      vertex -47.2428 -29.9918 3
      vertex -47.1098 -30.2136 3
    endloop
  endfacet
  facet normal 0 0 1
    outer loop
      vertex -46.1439 -24.778 3
      vertex -47.2474 -29.9855 3
      vertex -47.2428 -29.9918 3
    endloop
  endfacet
  facet normal 0 0 1
    outer loop
      vertex -50.0219 -28.8363 3
      vertex -46.7594 -23.751 3
      vertex -47.2713 -22.6687 3
    endloop
  endfacet
  facet normal 0 0 1
    outer loop
      vertex -46.1439 -24.778 3
      vertex -47.4015 -29.7778 3
      vertex -47.2474 -29.9855 3
    endloop
  endfacet
  facet normal 0 0 1
    outer loop
      vertex -46.1439 -24.778 3
      vertex -47.4067 -29.772 3
      vertex -47.4015 -29.7778 3
    endloop
  endfacet
  facet normal 0 0 1
    outer loop
      vertex -46.1439 -24.778 3
      vertex -47.5804 -29.5804 3
      vertex -47.4067 -29.772 3
    endloop
  endfacet
  facet normal 0 0 1
    outer loop
      vertex -50.5389 -28.9919 3
      vertex -47.2713 -22.6687 3
      vertex -47.6747 -21.5415 3
    endloop
  endfacet
  facet normal 0 0 1
    outer loop
      vertex -46.1439 -24.778 3
      vertex -47.772 -29.4067 3
      vertex -47.5804 -29.5804 3
    endloop
  endfacet
  facet normal 0 0 1
    outer loop
      vertex -46.1439 -24.778 3
      vertex -47.7778 -29.4015 3
      vertex -47.772 -29.4067 3
    endloop
  endfacet
  facet normal 0 0 1
    outer loop
      vertex -54.4 -30.4 3
      vertex -47.6747 -21.5415 3
      vertex -47.9656 -20.3801 3
    endloop
  endfacet
  facet normal 0 0 1
    outer loop
      vertex -46.1439 -24.778 3
      vertex -47.9855 -29.2474 3
      vertex -47.7778 -29.4015 3
    endloop
  endfacet
  facet normal 0 0 1
    outer loop
      vertex -46.1439 -24.778 3
      vertex -47.9918 -29.2428 3
      vertex -47.9855 -29.2474 3
    endloop
  endfacet
  facet normal 0 0 1
    outer loop
      vertex -54.4 -30.4 3
      vertex -47.9656 -20.3801 3
      vertex -48.1413 -19.1958 3
    endloop
  endfacet
  facet normal 0 0 1
    outer loop
      vertex -54.4 -30.4 3
      vertex -48.1413 -19.1958 3
      vertex -48.2 -18 3
    endloop
  endfacet
  facet normal 0 0 1
    outer loop
      vertex -46.1439 -24.778 3
      vertex -48.2136 -29.1098 3
      vertex -47.9918 -29.2428 3
    endloop
  endfacet
  facet normal -0 0 1
    outer loop
      vertex -48.9781 28.8363 3
      vertex -46.1439 24.778 3
      vertex -48.9704 28.8375 3
    endloop
  endfacet
  facet normal -0 0 1
    outer loop
      vertex -49.2339 28.7984 3
      vertex -46.1439 24.778 3
      vertex -48.9781 28.8363 3
    endloop
  endfacet
  facet normal 0 0 1
    outer loop
      vertex -46.1439 -24.778 3
      vertex -48.2203 -29.1058 3
      vertex -48.2136 -29.1098 3
    endloop
  endfacet
  facet normal 0 0 1
    outer loop
      vertex -46.1439 24.778 3
      vertex -49.2339 28.7984 3
      vertex -46.7594 23.751 3
    endloop
  endfacet
  facet normal 0 0 1
    outer loop
      vertex -46.1439 -24.778 3
      vertex -48.2273 -29.1025 3
      vertex -48.2203 -29.1058 3
    endloop
  endfacet
  facet normal -0 0 1
    outer loop
      vertex -49.4922 28.7857 3
      vertex -46.7594 23.751 3
      vertex -49.2339 28.7984 3
    endloop
  endfacet
  facet normal 0 0 1
    outer loop
      vertex -46.1439 -24.778 3
      vertex -48.4611 -28.9919 3
      vertex -48.2273 -29.1025 3
    endloop
  endfacet
  facet normal -0 0 1
    outer loop
      vertex -49.5 28.7853 3
      vertex -46.7594 23.751 3
      vertex -49.4922 28.7857 3
    endloop
  endfacet
  facet normal 0 0 1
    outer loop
      vertex -46.1439 -24.778 3
      vertex -48.7046 -28.9048 3
      vertex -48.4611 -28.9919 3
    endloop
  endfacet
  facet normal 0 0 1
    outer loop
      vertex -49.5078 28.7857 3
      vertex -46.7594 23.751 3
      vertex -49.5 28.7853 3
    endloop
  endfacet
  facet normal 0 0 1
    outer loop
      vertex -46.1439 -24.778 3
      vertex -48.712 -28.9022 3
      vertex -48.7046 -28.9048 3
    endloop
  endfacet
  facet normal 0 0 1
    outer loop
      vertex -49.7661 28.7984 3
      vertex -46.7594 23.751 3
      vertex -49.5078 28.7857 3
    endloop
  endfacet
  facet normal 0 0 1
    outer loop
      vertex -46.1439 -24.778 3
      vertex -48.9628 -28.8393 3
      vertex -48.712 -28.9022 3
    endloop
  endfacet
  facet normal 0 0 1
    outer loop
      vertex -50.0219 28.8363 3
      vertex -46.7594 23.751 3
      vertex -49.7661 28.7984 3
    endloop
  endfacet
  facet normal 0 0 1
    outer loop
      vertex -46.1439 -24.778 3
      vertex -48.9704 -28.8375 3
      vertex -48.9628 -28.8393 3
    endloop
  endfacet
  facet normal 0 0 1
    outer loop
      vertex -46.7594 23.751 3
      vertex -50.0219 28.8363 3
      vertex -47.2713 22.6687 3
    endloop
  endfacet
  facet normal 0 0 1
    outer loop
      vertex -46.1439 -24.778 3
      vertex -48.9781 -28.8363 3
      vertex -48.9704 -28.8375 3
    endloop
  endfacet
  facet normal 0 0 1
    outer loop
      vertex -50.0296 28.8375 3
      vertex -47.2713 22.6687 3
      vertex -50.0219 28.8363 3
    endloop
  endfacet
  facet normal 0 0 1
    outer loop
      vertex -46.1439 -24.778 3
      vertex -49.2339 -28.7984 3
      vertex -48.9781 -28.8363 3
    endloop
  endfacet
  facet normal 0 0 1
    outer loop
      vertex -50.0372 28.8393 3
      vertex -47.2713 22.6687 3
      vertex -50.0296 28.8375 3
    endloop
  endfacet
  facet normal 0 0 1
    outer loop
      vertex -46.7594 -23.751 3
      vertex -49.4922 -28.7857 3
      vertex -49.2339 -28.7984 3
    endloop
  endfacet
  facet normal 0 0 1
    outer loop
      vertex -50.288 28.9022 3
      vertex -47.2713 22.6687 3
      vertex -50.0372 28.8393 3
    endloop
  endfacet
  facet normal 0 0 1
    outer loop
      vertex -46.7594 -23.751 3
      vertex -49.5 -28.7853 3
      vertex -49.4922 -28.7857 3
    endloop
  endfacet
  facet normal 0 0 1
    outer loop
      vertex -50.2954 28.9048 3
      vertex -47.2713 22.6687 3
      vertex -50.288 28.9022 3
    endloop
  endfacet
  facet normal 0 0 1
    outer loop
      vertex -46.7594 -23.751 3
      vertex -49.5078 -28.7857 3
      vertex -49.5 -28.7853 3
    endloop
  endfacet
  facet normal 0 0 1
    outer loop
      vertex -50.5389 28.9919 3
      vertex -47.2713 22.6687 3
      vertex -50.2954 28.9048 3
    endloop
  endfacet
  facet normal 0 0 1
    outer loop
      vertex -46.7594 -23.751 3
      vertex -49.7661 -28.7984 3
      vertex -49.5078 -28.7857 3
    endloop
  endfacet
  facet normal 0 0 1
    outer loop
      vertex -47.2713 22.6687 3
      vertex -50.5389 28.9919 3
      vertex -47.6747 21.5415 3
    endloop
  endfacet
  facet normal 0 0 1
    outer loop
      vertex -46.7594 -23.751 3
      vertex -50.0219 -28.8363 3
      vertex -49.7661 -28.7984 3
    endloop
  endfacet
  facet normal 0 0 1
    outer loop
      vertex -50.7727 29.1025 3
      vertex -47.6747 21.5415 3
      vertex -50.5389 28.9919 3
    endloop
  endfacet
  facet normal 0 0 1
    outer loop
      vertex -47.2713 -22.6687 3
      vertex -50.0296 -28.8375 3
      vertex -50.0219 -28.8363 3
    endloop
  endfacet
  facet normal 0 0 1
    outer loop
      vertex -50.7797 29.1058 3
      vertex -47.6747 21.5415 3
      vertex -50.7727 29.1025 3
    endloop
  endfacet
  facet normal 0 0 1
    outer loop
      vertex -47.2713 -22.6687 3
      vertex -50.0372 -28.8393 3
      vertex -50.0296 -28.8375 3
    endloop
  endfacet
  facet normal 0 0 1
    outer loop
      vertex -50.7864 29.1098 3
      vertex -47.6747 21.5415 3
      vertex -50.7797 29.1058 3
    endloop
  endfacet
  facet normal 0 0 1
    outer loop
      vertex -47.2713 -22.6687 3
      vertex -50.288 -28.9022 3
      vertex -50.0372 -28.8393 3
    endloop
  endfacet
  facet normal 0 0 1
    outer loop
      vertex -51.0082 29.2428 3
      vertex -47.6747 21.5415 3
      vertex -50.7864 29.1098 3
    endloop
  endfacet
  facet normal 0 0 1
    outer loop
      vertex -47.2713 -22.6687 3
      vertex -50.2954 -28.9048 3
      vertex -50.288 -28.9022 3
    endloop
  endfacet
  facet normal 0 0 1
    outer loop
      vertex -48.2 18 3
      vertex -54.4 30.4 3
      vertex -48.2 -18 3
    endloop
  endfacet
  facet normal 0 0 1
    outer loop
      vertex -47.2713 -22.6687 3
      vertex -50.5389 -28.9919 3
      vertex -50.2954 -28.9048 3
    endloop
  endfacet
  facet normal 0 0 1
    outer loop
      vertex -54.4 30.4 3
      vertex -47.6747 21.5415 3
      vertex -51.0082 29.2428 3
    endloop
  endfacet
  facet normal 0 0 1
    outer loop
      vertex -54.4 -30.4 3
      vertex -48.2 -18 3
      vertex -54.4 30.4 3
    endloop
  endfacet
  facet normal 0 0 1
    outer loop
      vertex -47.6747 21.5415 3
      vertex -54.4 30.4 3
      vertex -47.9656 20.3801 3
    endloop
  endfacet
  facet normal 0 0 1
    outer loop
      vertex -47.6747 -21.5415 3
      vertex -54.4 -30.4 3
      vertex -51.0082 -29.2428 3
    endloop
  endfacet
  facet normal 0 0 1
    outer loop
      vertex -47.9656 20.3801 3
      vertex -54.4 30.4 3
      vertex -48.1413 19.1958 3
    endloop
  endfacet
  facet normal 0 0 1
    outer loop
      vertex -47.6747 -21.5415 3
      vertex -50.7727 -29.1025 3
      vertex -50.5389 -28.9919 3
    endloop
  endfacet
  facet normal 0 0 1
    outer loop
      vertex -48.1413 19.1958 3
      vertex -54.4 30.4 3
      vertex -48.2 18 3
    endloop
  endfacet
  facet normal 0 0 1
    outer loop
      vertex -47.6747 -21.5415 3
      vertex -50.7797 -29.1058 3
      vertex -50.7727 -29.1025 3
    endloop
  endfacet
  facet normal 0 0 1
    outer loop
      vertex -54.4 30.4 3
      vertex -51.0082 29.2428 3
      vertex -51.0145 29.2474 3
    endloop
  endfacet
  facet normal 0 0 1
    outer loop
      vertex -47.6747 -21.5415 3
      vertex -50.7864 -29.1098 3
      vertex -50.7797 -29.1058 3
    endloop
  endfacet
  facet normal 0 0 1
    outer loop
      vertex -54.4 30.4 3
      vertex -51.0145 29.2474 3
      vertex -51.2222 29.4015 3
    endloop
  endfacet
  facet normal 0 0 1
    outer loop
      vertex -47.6747 -21.5415 3
      vertex -51.0082 -29.2428 3
      vertex -50.7864 -29.1098 3
    endloop
  endfacet
  facet normal 0 0 1
    outer loop
      vertex -54.4 30.4 3
      vertex -51.2222 29.4015 3
      vertex -51.228 29.4067 3
    endloop
  endfacet
  facet normal 0 0 1
    outer loop
      vertex -51.0082 -29.2428 3
      vertex -54.4 -30.4 3
      vertex -51.0145 -29.2474 3
    endloop
  endfacet
  facet normal 0 0 1
    outer loop
      vertex -54.4 30.4 3
      vertex -51.228 29.4067 3
      vertex -51.4196 29.5804 3
    endloop
  endfacet
  facet normal 0 0 1
    outer loop
      vertex -51.0145 -29.2474 3
      vertex -54.4 -30.4 3
      vertex -51.2222 -29.4015 3
    endloop
  endfacet
  facet normal 0 0 1
    outer loop
      vertex -54.4 30.4 3
      vertex -51.4196 29.5804 3
      vertex -51.5933 29.772 3
    endloop
  endfacet
  facet normal 0 0 1
    outer loop
      vertex -51.2222 -29.4015 3
      vertex -54.4 -30.4 3
      vertex -51.228 -29.4067 3
    endloop
  endfacet
  facet normal 0 0 1
    outer loop
      vertex -54.4 30.4 3
      vertex -51.5933 29.772 3
      vertex -51.5985 29.7778 3
    endloop
  endfacet
  facet normal 0 0 1
    outer loop
      vertex -51.228 -29.4067 3
      vertex -54.4 -30.4 3
      vertex -51.4196 -29.5804 3
    endloop
  endfacet
  facet normal 0 0 1
    outer loop
      vertex -54.4 30.4 3
      vertex -51.5985 29.7778 3
      vertex -51.7526 29.9855 3
    endloop
  endfacet
  facet normal 0 0 1
    outer loop
      vertex -51.4196 -29.5804 3
      vertex -54.4 -30.4 3
      vertex -51.5933 -29.772 3
    endloop
  endfacet
  facet normal 0 0 1
    outer loop
      vertex -54.4 30.4 3
      vertex -51.7526 29.9855 3
      vertex -51.7572 29.9918 3
    endloop
  endfacet
  facet normal 0 0 1
    outer loop
      vertex -51.5933 -29.772 3
      vertex -54.4 -30.4 3
      vertex -51.5985 -29.7778 3
    endloop
  endfacet
  facet normal 0 0 1
    outer loop
      vertex -54.4 30.4 3
      vertex -51.7572 29.9918 3
      vertex -51.8902 30.2136 3
    endloop
  endfacet
  facet normal 0 0 1
    outer loop
      vertex -51.5985 -29.7778 3
      vertex -54.4 -30.4 3
      vertex -51.7526 -29.9855 3
    endloop
  endfacet
  facet normal 0 0 1
    outer loop
      vertex -54.4 30.4 3
      vertex -51.8902 30.2136 3
      vertex -51.8942 30.2203 3
    endloop
  endfacet
  facet normal 0 0 1
    outer loop
      vertex -51.7526 -29.9855 3
      vertex -54.4 -30.4 3
      vertex -51.7572 -29.9918 3
    endloop
  endfacet
  facet normal 0 0 1
    outer loop
      vertex -54.4 30.4 3
      vertex -51.8942 30.2203 3
      vertex -51.8975 30.2273 3
    endloop
  endfacet
  facet normal 0 0 1
    outer loop
      vertex -51.7572 -29.9918 3
      vertex -54.4 -30.4 3
      vertex -51.8902 -30.2136 3
    endloop
  endfacet
  facet normal -0 0 1
    outer loop
      vertex -54.4 30.4 3
      vertex -51.8975 30.2273 3
      vertex -52.0081 30.4611 3
    endloop
  endfacet
  facet normal 0 0 1
    outer loop
      vertex -51.8902 -30.2136 3
      vertex -54.4 -30.4 3
      vertex -51.8942 -30.2203 3
    endloop
  endfacet
  facet normal 0 0 1
    outer loop
      vertex -54.4 30.4 3
      vertex -52.0081 30.4611 3
      vertex -52.0952 30.7046 3
    endloop
  endfacet
  facet normal 0 0 1
    outer loop
      vertex -51.8942 -30.2203 3
      vertex -54.4 -30.4 3
      vertex -51.8975 -30.2273 3
    endloop
  endfacet
  facet normal 0 0 1
    outer loop
      vertex -54.4 30.4 3
      vertex -52.0952 30.7046 3
      vertex -52.0978 30.712 3
    endloop
  endfacet
  facet normal 0 0 1
    outer loop
      vertex -51.8975 -30.2273 3
      vertex -54.4 -30.4 3
      vertex -52.0081 -30.4611 3
    endloop
  endfacet
  facet normal 0 0 1
    outer loop
      vertex -54.4 30.4 3
      vertex -52.0978 30.712 3
      vertex -52.1607 30.9628 3
    endloop
  endfacet
  facet normal 0 0 1
    outer loop
      vertex -52.0081 -30.4611 3
      vertex -54.4 -30.4 3
      vertex -52.0952 -30.7046 3
    endloop
  endfacet
  facet normal 0 0 1
    outer loop
      vertex -54.3711 30.9881 3
      vertex -52.1607 30.9628 3
      vertex -52.1625 30.9704 3
    endloop
  endfacet
  facet normal 0 0 1
    outer loop
      vertex -52.0952 -30.7046 3
      vertex -54.4 -30.4 3
      vertex -52.0978 -30.712 3
    endloop
  endfacet
  facet normal 0 0 1
    outer loop
      vertex -54.3711 30.9881 3
      vertex -52.1625 30.9704 3
      vertex -52.1637 30.9781 3
    endloop
  endfacet
  facet normal 0 0 1
    outer loop
      vertex -52.0978 -30.712 3
      vertex -54.4 -30.4 3
      vertex -52.1607 -30.9628 3
    endloop
  endfacet
  facet normal -0 0 1
    outer loop
      vertex -54.3711 30.9881 3
      vertex -52.1637 30.9781 3
      vertex -52.2016 31.2339 3
    endloop
  endfacet
  facet normal 0 -0 1
    outer loop
      vertex -54.3711 -30.9881 3
      vertex -52.1607 -30.9628 3
      vertex -54.4 -30.4 3
    endloop
  endfacet
  facet normal 0 0 1
    outer loop
      vertex -54.2847 31.5705 3
      vertex -52.2016 31.2339 3
      vertex -52.2143 31.4922 3
    endloop
  endfacet
  facet normal 0 0 1
    outer loop
      vertex -52.1607 -30.9628 3
      vertex -54.3711 -30.9881 3
      vertex -52.1625 -30.9704 3
    endloop
  endfacet
  facet normal 0 0 1
    outer loop
      vertex -54.2847 31.5705 3
      vertex -52.2143 31.4922 3
      vertex -52.2147 31.5 3
    endloop
  endfacet
  facet normal 0 0 1
    outer loop
      vertex -52.1625 -30.9704 3
      vertex -54.3711 -30.9881 3
      vertex -52.1637 -30.9781 3
    endloop
  endfacet
  facet normal 0 0 1
    outer loop
      vertex -10.7594 12.249 3
      vertex -25.2406 12.249 3
      vertex -10.1439 11.222 3
    endloop
  endfacet
  facet normal 0 0 1
    outer loop
      vertex -10.1439 -11.222 3
      vertex -23.8587 -16.8042 3
      vertex -23.8 -18 3
    endloop
  endfacet
  facet normal 0 0 1
    outer loop
      vertex -25.8561 11.222 3
      vertex -10.1439 11.222 3
      vertex -25.2406 12.249 3
    endloop
  endfacet
  facet normal 0 0 1
    outer loop
      vertex -10.1439 -11.222 3
      vertex -24.0344 -15.6199 3
      vertex -23.8587 -16.8042 3
    endloop
  endfacet
  facet normal 0 0 1
    outer loop
      vertex -10.1439 11.222 3
      vertex -25.8561 11.222 3
      vertex -9.43073 10.2604 3
    endloop
  endfacet
  facet normal 0 0 1
    outer loop
      vertex -10.1439 -11.222 3
      vertex -24.3253 -14.4585 3
      vertex -24.0344 -15.6199 3
    endloop
  endfacet
  facet normal 0 0 1
    outer loop
      vertex -26.5693 10.2604 3
      vertex -9.43073 10.2604 3
      vertex -25.8561 11.222 3
    endloop
  endfacet
  facet normal 0 0 1
    outer loop
      vertex -10.1439 -11.222 3
      vertex -24.7287 -13.3313 3
      vertex -24.3253 -14.4585 3
    endloop
  endfacet
  facet normal 0 0 1
    outer loop
      vertex -27.3733 9.3733 3
      vertex -9.43073 10.2604 3
      vertex -26.5693 10.2604 3
    endloop
  endfacet
  facet normal 0 0 1
    outer loop
      vertex -10.1439 -11.222 3
      vertex -25.2406 -12.249 3
      vertex -24.7287 -13.3313 3
    endloop
  endfacet
  facet normal 0 0 1
    outer loop
      vertex -9.43073 10.2604 3
      vertex -27.3733 9.3733 3
      vertex -9.43073 -10.2604 3
    endloop
  endfacet
  facet normal 0 0 1
    outer loop
      vertex -10.1439 -11.222 3
      vertex -25.8561 -11.222 3
      vertex -25.2406 -12.249 3
    endloop
  endfacet
  facet normal -0 0 1
    outer loop
      vertex -27.3733 -9.3733 3
      vertex -9.43073 -10.2604 3
      vertex -27.3733 9.3733 3
    endloop
  endfacet
  facet normal 0 0 1
    outer loop
      vertex -10.1439 -11.222 3
      vertex -26.5693 -10.2604 3
      vertex -25.8561 -11.222 3
    endloop
  endfacet
  facet normal 0 -0 1
    outer loop
      vertex -26.5693 -10.2604 3
      vertex -9.43073 -10.2604 3
      vertex -27.3733 -9.3733 3
    endloop
  endfacet
  facet normal 0 0 1
    outer loop
      vertex -9.43073 -10.2604 3
      vertex -26.5693 -10.2604 3
      vertex -10.1439 -11.222 3
    endloop
  endfacet
  facet normal -0 0 1
    outer loop
      vertex -28.2604 8.56927 3
      vertex -27.3733 -9.3733 3
      vertex -27.3733 9.3733 3
    endloop
  endfacet
  facet normal 0 0 1
    outer loop
      vertex -28.2604 8.56927 3
      vertex -28.2604 -8.56927 3
      vertex -27.3733 -9.3733 3
    endloop
  endfacet
  facet normal -0 0 1
    outer loop
      vertex -29.222 7.85607 3
      vertex -28.2604 -8.56927 3
      vertex -28.2604 8.56927 3
    endloop
  endfacet
  facet normal 0 0 1
    outer loop
      vertex -29.222 7.85607 3
      vertex -29.222 -7.85607 3
      vertex -28.2604 -8.56927 3
    endloop
  endfacet
  facet normal -0 0 1
    outer loop
      vertex -30.249 7.24056 3
      vertex -29.222 -7.85607 3
      vertex -29.222 7.85607 3
    endloop
  endfacet
  facet normal 0 0 1
    outer loop
      vertex -30.249 7.24056 3
      vertex -30.249 -7.24056 3
      vertex -29.222 -7.85607 3
    endloop
  endfacet
  facet normal -0 0 1
    outer loop
      vertex -31.3313 6.72867 3
      vertex -30.249 -7.24056 3
      vertex -30.249 7.24056 3
    endloop
  endfacet
  facet normal 0 0 1
    outer loop
      vertex -31.3313 6.72867 3
      vertex -31.3313 -6.72867 3
      vertex -30.249 -7.24056 3
    endloop
  endfacet
  facet normal -0 0 1
    outer loop
      vertex -32.4585 6.32533 3
      vertex -31.3313 -6.72867 3
      vertex -31.3313 6.72867 3
    endloop
  endfacet
  facet normal 0 0 1
    outer loop
      vertex -32.4585 6.32533 3
      vertex -32.4585 -6.32533 3
      vertex -31.3313 -6.72867 3
    endloop
  endfacet
  facet normal -0 0 1
    outer loop
      vertex -33.6199 6.03442 3
      vertex -32.4585 -6.32533 3
      vertex -32.4585 6.32533 3
    endloop
  endfacet
  facet normal 0 0 1
    outer loop
      vertex -33.6199 6.03442 3
      vertex -33.6199 -6.03442 3
      vertex -32.4585 -6.32533 3
    endloop
  endfacet
  facet normal -0 0 1
    outer loop
      vertex -34.8042 5.85875 3
      vertex -33.6199 -6.03442 3
      vertex -33.6199 6.03442 3
    endloop
  endfacet
  facet normal 0 0 1
    outer loop
      vertex -34.8042 5.85875 3
      vertex -34.8042 -5.85875 3
      vertex -33.6199 -6.03442 3
    endloop
  endfacet
  facet normal -0 0 1
    outer loop
      vertex -36 5.8 3
      vertex -34.8042 -5.85875 3
      vertex -34.8042 5.85875 3
    endloop
  endfacet
  facet normal 0 0 1
    outer loop
      vertex -36 5.8 3
      vertex -36 -5.8 3
      vertex -34.8042 -5.85875 3
    endloop
  endfacet
  facet normal 0 0 1
    outer loop
      vertex -37.1958 5.85875 3
      vertex -36 -5.8 3
      vertex -36 5.8 3
    endloop
  endfacet
  facet normal 0 0 1
    outer loop
      vertex -37.1958 5.85875 3
      vertex -37.1958 -5.85875 3
      vertex -36 -5.8 3
    endloop
  endfacet
  facet normal 0 0 1
    outer loop
      vertex -38.3801 6.03442 3
      vertex -37.1958 -5.85875 3
      vertex -37.1958 5.85875 3
    endloop
  endfacet
  facet normal 0 0 1
    outer loop
      vertex -38.3801 6.03442 3
      vertex -38.3801 -6.03442 3
      vertex -37.1958 -5.85875 3
    endloop
  endfacet
  facet normal 0 0 1
    outer loop
      vertex -39.5415 6.32533 3
      vertex -38.3801 -6.03442 3
      vertex -38.3801 6.03442 3
    endloop
  endfacet
  facet normal 0 0 1
    outer loop
      vertex -39.5415 6.32533 3
      vertex -39.5415 -6.32533 3
      vertex -38.3801 -6.03442 3
    endloop
  endfacet
  facet normal 0 0 1
    outer loop
      vertex -40.6687 6.72867 3
      vertex -39.5415 -6.32533 3
      vertex -39.5415 6.32533 3
    endloop
  endfacet
  facet normal 0 0 1
    outer loop
      vertex -40.6687 6.72867 3
      vertex -40.6687 -6.72867 3
      vertex -39.5415 -6.32533 3
    endloop
  endfacet
  facet normal 0 0 1
    outer loop
      vertex -41.751 7.24056 3
      vertex -40.6687 -6.72867 3
      vertex -40.6687 6.72867 3
    endloop
  endfacet
  facet normal 0 0 1
    outer loop
      vertex -41.751 7.24056 3
      vertex -41.751 -7.24056 3
      vertex -40.6687 -6.72867 3
    endloop
  endfacet
  facet normal 0 0 1
    outer loop
      vertex -42.778 7.85607 3
      vertex -41.751 -7.24056 3
      vertex -41.751 7.24056 3
    endloop
  endfacet
  facet normal 0 0 1
    outer loop
      vertex -42.778 7.85607 3
      vertex -42.778 -7.85607 3
      vertex -41.751 -7.24056 3
    endloop
  endfacet
  facet normal 0 0 1
    outer loop
      vertex -43.7396 8.56927 3
      vertex -42.778 -7.85607 3
      vertex -42.778 7.85607 3
    endloop
  endfacet
  facet normal 0 0 1
    outer loop
      vertex -43.7396 8.56927 3
      vertex -43.7396 -8.56927 3
      vertex -42.778 -7.85607 3
    endloop
  endfacet
  facet normal 0 0 1
    outer loop
      vertex -44.6267 9.3733 3
      vertex -43.7396 -8.56927 3
      vertex -43.7396 8.56927 3
    endloop
  endfacet
  facet normal 0 0 1
    outer loop
      vertex -44.6267 9.3733 3
      vertex -44.6267 -9.3733 3
      vertex -43.7396 -8.56927 3
    endloop
  endfacet
  facet normal 0 0 1
    outer loop
      vertex -45.4307 10.2604 3
      vertex -44.6267 -9.3733 3
      vertex -44.6267 9.3733 3
    endloop
  endfacet
  facet normal 0 0 1
    outer loop
      vertex -45.4307 10.2604 3
      vertex -45.4307 -10.2604 3
      vertex -44.6267 -9.3733 3
    endloop
  endfacet
  facet normal 0 0 1
    outer loop
      vertex -46.1439 11.222 3
      vertex -45.4307 -10.2604 3
      vertex -45.4307 10.2604 3
    endloop
  endfacet
  facet normal 0 0 1
    outer loop
      vertex -46.1439 11.222 3
      vertex -46.1439 -11.222 3
      vertex -45.4307 -10.2604 3
    endloop
  endfacet
  facet normal 0 0 1
    outer loop
      vertex -46.7594 12.249 3
      vertex -46.1439 -11.222 3
      vertex -46.1439 11.222 3
    endloop
  endfacet
  facet normal 0 0 1
    outer loop
      vertex -46.7594 12.249 3
      vertex -46.7594 -12.249 3
      vertex -46.1439 -11.222 3
    endloop
  endfacet
  facet normal 0 0 1
    outer loop
      vertex -47.2713 13.3313 3
      vertex -46.7594 -12.249 3
      vertex -46.7594 12.249 3
    endloop
  endfacet
  facet normal 0 0 1
    outer loop
      vertex -47.2713 13.3313 3
      vertex -47.2713 -13.3313 3
      vertex -46.7594 -12.249 3
    endloop
  endfacet
  facet normal 0 0 1
    outer loop
      vertex -47.6747 14.4585 3
      vertex -47.2713 -13.3313 3
      vertex -47.2713 13.3313 3
    endloop
  endfacet
  facet normal 0 0 1
    outer loop
      vertex -47.6747 14.4585 3
      vertex -47.6747 -14.4585 3
      vertex -47.2713 -13.3313 3
    endloop
  endfacet
  facet normal 0 0 1
    outer loop
      vertex -47.9656 15.6199 3
      vertex -47.6747 -14.4585 3
      vertex -47.6747 14.4585 3
    endloop
  endfacet
  facet normal 0 0 1
    outer loop
      vertex -47.9656 15.6199 3
      vertex -47.9656 -15.6199 3
      vertex -47.6747 -14.4585 3
    endloop
  endfacet
  facet normal 0 0 1
    outer loop
      vertex -48.1413 16.8042 3
      vertex -47.9656 -15.6199 3
      vertex -47.9656 15.6199 3
    endloop
  endfacet
  facet normal 0 0 1
    outer loop
      vertex -48.1413 16.8042 3
      vertex -48.1413 -16.8042 3
      vertex -47.9656 -15.6199 3
    endloop
  endfacet
  facet normal 0 0 1
    outer loop
      vertex -48.2 18 3
      vertex -48.1413 -16.8042 3
      vertex -48.1413 16.8042 3
    endloop
  endfacet
  facet normal 0 0 1
    outer loop
      vertex -48.1413 -16.8042 3
      vertex -48.2 18 3
      vertex -48.2 -18 3
    endloop
  endfacet
  facet normal -0 0 1
    outer loop
      vertex -46.9022 30.712 3
      vertex -42.778 28.1439 3
      vertex -46.8393 30.9628 3
    endloop
  endfacet
  facet normal -0 0 1
    outer loop
      vertex -46.9048 30.7046 3
      vertex -42.778 28.1439 3
      vertex -46.9022 30.712 3
    endloop
  endfacet
  facet normal -0 0 1
    outer loop
      vertex -46.9919 30.4611 3
      vertex -42.778 28.1439 3
      vertex -46.9048 30.7046 3
    endloop
  endfacet
  facet normal 0 0 1
    outer loop
      vertex -42.778 28.1439 3
      vertex -46.9919 30.4611 3
      vertex -43.7396 27.4307 3
    endloop
  endfacet
  facet normal -0 0 1
    outer loop
      vertex -47.1025 30.2273 3
      vertex -43.7396 27.4307 3
      vertex -46.9919 30.4611 3
    endloop
  endfacet
  facet normal -0 0 1
    outer loop
      vertex -47.1058 30.2203 3
      vertex -43.7396 27.4307 3
      vertex -47.1025 30.2273 3
    endloop
  endfacet
  facet normal -0 0 1
    outer loop
      vertex -47.1098 30.2136 3
      vertex -43.7396 27.4307 3
      vertex -47.1058 30.2203 3
    endloop
  endfacet
  facet normal -0 0 1
    outer loop
      vertex -47.2428 29.9918 3
      vertex -43.7396 27.4307 3
      vertex -47.1098 30.2136 3
    endloop
  endfacet
  facet normal -0 0 1
    outer loop
      vertex -47.2474 29.9855 3
      vertex -43.7396 27.4307 3
      vertex -47.2428 29.9918 3
    endloop
  endfacet
  facet normal 0 0 1
    outer loop
      vertex -43.7396 27.4307 3
      vertex -47.2474 29.9855 3
      vertex -44.6267 26.6267 3
    endloop
  endfacet
  facet normal -0 0 1
    outer loop
      vertex -47.4015 29.7778 3
      vertex -44.6267 26.6267 3
      vertex -47.2474 29.9855 3
    endloop
  endfacet
  facet normal -0 0 1
    outer loop
      vertex -47.4067 29.772 3
      vertex -44.6267 26.6267 3
      vertex -47.4015 29.7778 3
    endloop
  endfacet
  facet normal -0 0 1
    outer loop
      vertex -47.5804 29.5804 3
      vertex -44.6267 26.6267 3
      vertex -47.4067 29.772 3
    endloop
  endfacet
  facet normal -0 0 1
    outer loop
      vertex -47.772 29.4067 3
      vertex -44.6267 26.6267 3
      vertex -47.5804 29.5804 3
    endloop
  endfacet
  facet normal -0 0 1
    outer loop
      vertex -47.7778 29.4015 3
      vertex -44.6267 26.6267 3
      vertex -47.772 29.4067 3
    endloop
  endfacet
  facet normal 0 0 1
    outer loop
      vertex -44.6267 26.6267 3
      vertex -47.7778 29.4015 3
      vertex -45.4307 25.7396 3
    endloop
  endfacet
  facet normal -0 0 1
    outer loop
      vertex -47.9855 29.2474 3
      vertex -45.4307 25.7396 3
      vertex -47.7778 29.4015 3
    endloop
  endfacet
  facet normal -0 0 1
    outer loop
      vertex -47.9918 29.2428 3
      vertex -45.4307 25.7396 3
      vertex -47.9855 29.2474 3
    endloop
  endfacet
  facet normal -0 0 1
    outer loop
      vertex -48.2136 29.1098 3
      vertex -45.4307 25.7396 3
      vertex -47.9918 29.2428 3
    endloop
  endfacet
  facet normal -0 0 1
    outer loop
      vertex -48.2203 29.1058 3
      vertex -45.4307 25.7396 3
      vertex -48.2136 29.1098 3
    endloop
  endfacet
  facet normal -0 0 1
    outer loop
      vertex -48.2273 29.1025 3
      vertex -45.4307 25.7396 3
      vertex -48.2203 29.1058 3
    endloop
  endfacet
  facet normal -0 0 1
    outer loop
      vertex -48.4611 28.9919 3
      vertex -45.4307 25.7396 3
      vertex -48.2273 29.1025 3
    endloop
  endfacet
  facet normal 0 0 1
    outer loop
      vertex -45.4307 25.7396 3
      vertex -48.4611 28.9919 3
      vertex -46.1439 24.778 3
    endloop
  endfacet
  facet normal -0 0 1
    outer loop
      vertex -48.7046 28.9048 3
      vertex -46.1439 24.778 3
      vertex -48.4611 28.9919 3
    endloop
  endfacet
  facet normal -0 0 1
    outer loop
      vertex -48.712 28.9022 3
      vertex -46.1439 24.778 3
      vertex -48.7046 28.9048 3
    endloop
  endfacet
  facet normal -0 0 1
    outer loop
      vertex -48.9704 28.8375 3
      vertex -46.1439 24.778 3
      vertex -48.9628 28.8393 3
    endloop
  endfacet
  facet normal -0 0 1
    outer loop
      vertex -48.9628 28.8393 3
      vertex -46.1439 24.778 3
      vertex -48.712 28.9022 3
    endloop
  endfacet
  facet normal 0 0 1
    outer loop
      vertex 25.2406 12.249 3
      vertex 10.7594 12.249 3
      vertex 25.8561 11.222 3
    endloop
  endfacet
  facet normal 0 0 1
    outer loop
      vertex 25.8561 -11.222 3
      vertex 12.1413 -16.8042 3
      vertex 12.2 -18 3
    endloop
  endfacet
  facet normal 0 0 1
    outer loop
      vertex 10.1439 11.222 3
      vertex 25.8561 11.222 3
      vertex 10.7594 12.249 3
    endloop
  endfacet
  facet normal 0 0 1
    outer loop
      vertex 25.8561 -11.222 3
      vertex 11.9656 -15.6199 3
      vertex 12.1413 -16.8042 3
    endloop
  endfacet
  facet normal 0 0 1
    outer loop
      vertex 25.8561 11.222 3
      vertex 10.1439 11.222 3
      vertex 26.5693 10.2604 3
    endloop
  endfacet
  facet normal 0 0 1
    outer loop
      vertex 25.8561 -11.222 3
      vertex 11.6747 -14.4585 3
      vertex 11.9656 -15.6199 3
    endloop
  endfacet
  facet normal 0 0 1
    outer loop
      vertex 9.43073 10.2604 3
      vertex 26.5693 10.2604 3
      vertex 10.1439 11.222 3
    endloop
  endfacet
  facet normal 0 0 1
    outer loop
      vertex 25.8561 -11.222 3
      vertex 11.2713 -13.3313 3
      vertex 11.6747 -14.4585 3
    endloop
  endfacet
  facet normal 0 0 1
    outer loop
      vertex 8.6267 9.3733 3
      vertex 26.5693 10.2604 3
      vertex 9.43073 10.2604 3
    endloop
  endfacet
  facet normal 0 0 1
    outer loop
      vertex 25.8561 -11.222 3
      vertex 10.7594 -12.249 3
      vertex 11.2713 -13.3313 3
    endloop
  endfacet
  facet normal 0 0 1
    outer loop
      vertex 26.5693 10.2604 3
      vertex 8.6267 9.3733 3
      vertex 26.5693 -10.2604 3
    endloop
  endfacet
  facet normal 0 0 1
    outer loop
      vertex 25.8561 -11.222 3
      vertex 10.1439 -11.222 3
      vertex 10.7594 -12.249 3
    endloop
  endfacet
  facet normal -0 0 1
    outer loop
      vertex 8.6267 -9.3733 3
      vertex 26.5693 -10.2604 3
      vertex 8.6267 9.3733 3
    endloop
  endfacet
  facet normal 0 0 1
    outer loop
      vertex 25.8561 -11.222 3
      vertex 9.43073 -10.2604 3
      vertex 10.1439 -11.222 3
    endloop
  endfacet
  facet normal 0 -0 1
    outer loop
      vertex 9.43073 -10.2604 3
      vertex 26.5693 -10.2604 3
      vertex 8.6267 -9.3733 3
    endloop
  endfacet
  facet normal 0 0 1
    outer loop
      vertex 26.5693 -10.2604 3
      vertex 9.43073 -10.2604 3
      vertex 25.8561 -11.222 3
    endloop
  endfacet
  facet normal -0 0 1
    outer loop
      vertex 7.7396 8.56927 3
      vertex 8.6267 -9.3733 3
      vertex 8.6267 9.3733 3
    endloop
  endfacet
  facet normal 0 0 1
    outer loop
      vertex 7.7396 8.56927 3
      vertex 7.7396 -8.56927 3
      vertex 8.6267 -9.3733 3
    endloop
  endfacet
  facet normal -0 0 1
    outer loop
      vertex 6.77796 7.85607 3
      vertex 7.7396 -8.56927 3
      vertex 7.7396 8.56927 3
    endloop
  endfacet
  facet normal 0 0 1
    outer loop
      vertex 6.77796 7.85607 3
      vertex 6.77796 -7.85607 3
      vertex 7.7396 -8.56927 3
    endloop
  endfacet
  facet normal 0 0 1
    outer loop
      vertex 2.58748 0.254844 3
      vertex 6.77796 7.85607 3
      vertex 5.75104 7.24056 3
    endloop
  endfacet
  facet normal 0 0 1
    outer loop
      vertex 6.77796 7.85607 3
      vertex 2.6 0 3
      vertex 6.77796 -7.85607 3
    endloop
  endfacet
  facet normal 0 0 1
    outer loop
      vertex 2.48804 0.75474 3
      vertex 5.75104 7.24056 3
      vertex 4.66874 6.72867 3
    endloop
  endfacet
  facet normal -0 0 1
    outer loop
      vertex 2.58748 -0.254844 3
      vertex 6.77796 -7.85607 3
      vertex 2.6 0 3
    endloop
  endfacet
  facet normal 0 0 1
    outer loop
      vertex 2.29299 1.22563 3
      vertex 4.66874 6.72867 3
      vertex 3.54147 6.32533 3
    endloop
  endfacet
  facet normal 0 0 1
    outer loop
      vertex 6.77796 -7.85607 3
      vertex 2.58748 -0.254844 3
      vertex 5.75104 -7.24056 3
    endloop
  endfacet
  facet normal -0 0 1
    outer loop
      vertex 2.55004 -0.507235 3
      vertex 5.75104 -7.24056 3
      vertex 2.58748 -0.254844 3
    endloop
  endfacet
  facet normal 0 0 1
    outer loop
      vertex 6.77796 7.85607 3
      vertex 2.58748 0.254844 3
      vertex 2.6 0 3
    endloop
  endfacet
  facet normal 0 0 1
    outer loop
      vertex 5.75104 7.24056 3
      vertex 2.55004 0.507235 3
      vertex 2.58748 0.254844 3
    endloop
  endfacet
  facet normal 0 0 1
    outer loop
      vertex 5.75104 7.24056 3
      vertex 2.48804 0.75474 3
      vertex 2.55004 0.507235 3
    endloop
  endfacet
  facet normal 0 0 1
    outer loop
      vertex 4.66874 6.72867 3
      vertex 2.40209 0.994976 3
      vertex 2.48804 0.75474 3
    endloop
  endfacet
  facet normal 0 0 1
    outer loop
      vertex 1.83848 1.83848 3
      vertex 3.54147 6.32533 3
      vertex 2.3801 6.03442 3
    endloop
  endfacet
  facet normal 0 0 1
    outer loop
      vertex 4.66874 6.72867 3
      vertex 2.29299 1.22563 3
      vertex 2.40209 0.994976 3
    endloop
  endfacet
  facet normal 0 0 1
    outer loop
      vertex 3.54147 6.32533 3
      vertex 2.16182 1.44448 3
      vertex 2.29299 1.22563 3
    endloop
  endfacet
  facet normal 0 0 1
    outer loop
      vertex 3.54147 6.32533 3
      vertex 2.00983 1.64942 3
      vertex 2.16182 1.44448 3
    endloop
  endfacet
  facet normal 0 0 1
    outer loop
      vertex 3.54147 6.32533 3
      vertex 1.83848 1.83848 3
      vertex 2.00983 1.64942 3
    endloop
  endfacet
  facet normal 0 0 1
    outer loop
      vertex 2.3801 6.03442 3
      vertex 1.64942 2.00983 3
      vertex 1.83848 1.83848 3
    endloop
  endfacet
  facet normal 0 0 1
    outer loop
      vertex 2.3801 6.03442 3
      vertex 1.44448 2.16182 3
      vertex 1.64942 2.00983 3
    endloop
  endfacet
  facet normal 0 0 1
    outer loop
      vertex 2.3801 6.03442 3
      vertex 1.22563 2.29299 3
      vertex 1.44448 2.16182 3
    endloop
  endfacet
  facet normal -0 0 1
    outer loop
      vertex 1.19581 5.85875 3
      vertex 1.22563 2.29299 3
      vertex 2.3801 6.03442 3
    endloop
  endfacet
  facet normal 0 0 1
    outer loop
      vertex 1.19581 5.85875 3
      vertex 0.994976 2.40209 3
      vertex 1.22563 2.29299 3
    endloop
  endfacet
  facet normal 0 0 1
    outer loop
      vertex 1.19581 5.85875 3
      vertex 0.75474 2.48804 3
      vertex 0.994976 2.40209 3
    endloop
  endfacet
  facet normal 0 0 1
    outer loop
      vertex 1.19581 5.85875 3
      vertex 0.507235 2.55004 3
      vertex 0.75474 2.48804 3
    endloop
  endfacet
  facet normal -0 0 1
    outer loop
      vertex 0 5.8 3
      vertex 0.507235 2.55004 3
      vertex 1.19581 5.85875 3
    endloop
  endfacet
  facet normal 0 0 1
    outer loop
      vertex 0.507235 2.55004 3
      vertex 0 5.8 3
      vertex 0.254844 2.58748 3
    endloop
  endfacet
  facet normal 0 0 1
    outer loop
      vertex 0 5.8 3
      vertex 0 2.6 3
      vertex 0.254844 2.58748 3
    endloop
  endfacet
  facet normal 0 0 1
    outer loop
      vertex 0 5.8 3
      vertex -0.254844 2.58748 3
      vertex 0 2.6 3
    endloop
  endfacet
  facet normal 0 0 1
    outer loop
      vertex 0 5.8 3
      vertex -0.507235 2.55004 3
      vertex -0.254844 2.58748 3
    endloop
  endfacet
  facet normal 0 0 1
    outer loop
      vertex -1.19581 5.85875 3
      vertex -0.507235 2.55004 3
      vertex 0 5.8 3
    endloop
  endfacet
  facet normal 0 0 1
    outer loop
      vertex -0.507235 2.55004 3
      vertex -1.19581 5.85875 3
      vertex -0.75474 2.48804 3
    endloop
  endfacet
  facet normal 0 0 1
    outer loop
      vertex -0.75474 2.48804 3
      vertex -1.19581 5.85875 3
      vertex -0.994976 2.40209 3
    endloop
  endfacet
  facet normal 0 0 1
    outer loop
      vertex -1.19581 5.85875 3
      vertex -1.22563 2.29299 3
      vertex -0.994976 2.40209 3
    endloop
  endfacet
  facet normal 0 0 1
    outer loop
      vertex -2.3801 6.03442 3
      vertex -1.22563 2.29299 3
      vertex -1.19581 5.85875 3
    endloop
  endfacet
  facet normal 0 0 1
    outer loop
      vertex -1.22563 2.29299 3
      vertex -2.3801 6.03442 3
      vertex -1.44448 2.16182 3
    endloop
  endfacet
  facet normal 0 0 1
    outer loop
      vertex -1.44448 2.16182 3
      vertex -2.3801 6.03442 3
      vertex -1.64942 2.00983 3
    endloop
  endfacet
  facet normal 0 0 1
    outer loop
      vertex -1.64942 2.00983 3
      vertex -2.3801 6.03442 3
      vertex -1.83848 1.83848 3
    endloop
  endfacet
  facet normal 0 0 1
    outer loop
      vertex -3.54147 6.32533 3
      vertex -1.83848 1.83848 3
      vertex -2.3801 6.03442 3
    endloop
  endfacet
  facet normal 0 0 1
    outer loop
      vertex -1.83848 1.83848 3
      vertex -3.54147 6.32533 3
      vertex -2.00983 1.64942 3
    endloop
  endfacet
  facet normal 0 0 1
    outer loop
      vertex -2.00983 1.64942 3
      vertex -3.54147 6.32533 3
      vertex -2.16182 1.44448 3
    endloop
  endfacet
  facet normal 0 0 1
    outer loop
      vertex -2.16182 1.44448 3
      vertex -3.54147 6.32533 3
      vertex -2.29299 1.22563 3
    endloop
  endfacet
  facet normal 0 0 1
    outer loop
      vertex -4.66874 6.72867 3
      vertex -2.29299 1.22563 3
      vertex -3.54147 6.32533 3
    endloop
  endfacet
  facet normal 0 0 1
    outer loop
      vertex -2.29299 1.22563 3
      vertex -4.66874 6.72867 3
      vertex -2.40209 0.994976 3
    endloop
  endfacet
  facet normal 0 0 1
    outer loop
      vertex -2.40209 0.994976 3
      vertex -4.66874 6.72867 3
      vertex -2.48804 0.75474 3
    endloop
  endfacet
  facet normal 0 0 1
    outer loop
      vertex -5.75104 7.24056 3
      vertex -2.48804 0.75474 3
      vertex -4.66874 6.72867 3
    endloop
  endfacet
  facet normal 0 0 1
    outer loop
      vertex -2.48804 0.75474 3
      vertex -5.75104 7.24056 3
      vertex -2.55004 0.507235 3
    endloop
  endfacet
  facet normal -0 0 1
    outer loop
      vertex 2.48804 -0.75474 3
      vertex 5.75104 -7.24056 3
      vertex 2.55004 -0.507235 3
    endloop
  endfacet
  facet normal 0 0 1
    outer loop
      vertex 5.75104 -7.24056 3
      vertex 2.48804 -0.75474 3
      vertex 4.66874 -6.72867 3
    endloop
  endfacet
  facet normal -0 0 1
    outer loop
      vertex 2.40209 -0.994976 3
      vertex 4.66874 -6.72867 3
      vertex 2.48804 -0.75474 3
    endloop
  endfacet
  facet normal -0 0 1
    outer loop
      vertex 2.29299 -1.22563 3
      vertex 4.66874 -6.72867 3
      vertex 2.40209 -0.994976 3
    endloop
  endfacet
  facet normal 0 0 1
    outer loop
      vertex 4.66874 -6.72867 3
      vertex 2.29299 -1.22563 3
      vertex 3.54147 -6.32533 3
    endloop
  endfacet
  facet normal -0 0 1
    outer loop
      vertex 2.16182 -1.44448 3
      vertex 3.54147 -6.32533 3
      vertex 2.29299 -1.22563 3
    endloop
  endfacet
  facet normal -0 0 1
    outer loop
      vertex 2.00983 -1.64942 3
      vertex 3.54147 -6.32533 3
      vertex 2.16182 -1.44448 3
    endloop
  endfacet
  facet normal -0 0 1
    outer loop
      vertex 1.83848 -1.83848 3
      vertex 3.54147 -6.32533 3
      vertex 2.00983 -1.64942 3
    endloop
  endfacet
  facet normal 0 0 1
    outer loop
      vertex 3.54147 -6.32533 3
      vertex 1.83848 -1.83848 3
      vertex 2.3801 -6.03442 3
    endloop
  endfacet
  facet normal -0 0 1
    outer loop
      vertex 1.64942 -2.00983 3
      vertex 2.3801 -6.03442 3
      vertex 1.83848 -1.83848 3
    endloop
  endfacet
  facet normal -0 0 1
    outer loop
      vertex 1.44448 -2.16182 3
      vertex 2.3801 -6.03442 3
      vertex 1.64942 -2.00983 3
    endloop
  endfacet
  facet normal -0 0 1
    outer loop
      vertex 1.22563 -2.29299 3
      vertex 2.3801 -6.03442 3
      vertex 1.44448 -2.16182 3
    endloop
  endfacet
  facet normal 0 0 1
    outer loop
      vertex 1.22563 -2.29299 3
      vertex 1.19581 -5.85875 3
      vertex 2.3801 -6.03442 3
    endloop
  endfacet
  facet normal -0 0 1
    outer loop
      vertex 0.994976 -2.40209 3
      vertex 1.19581 -5.85875 3
      vertex 1.22563 -2.29299 3
    endloop
  endfacet
  facet normal -0 0 1
    outer loop
      vertex 0.75474 -2.48804 3
      vertex 1.19581 -5.85875 3
      vertex 0.994976 -2.40209 3
    endloop
  endfacet
  facet normal -0 0 1
    outer loop
      vertex 0.507235 -2.55004 3
      vertex 1.19581 -5.85875 3
      vertex 0.75474 -2.48804 3
    endloop
  endfacet
  facet normal 0 0 1
    outer loop
      vertex 0 -5.8 3
      vertex 0.507235 -2.55004 3
      vertex 0.254844 -2.58748 3
    endloop
  endfacet
  facet normal 0 0 1
    outer loop
      vertex 0 -5.8 3
      vertex 0.254844 -2.58748 3
      vertex 0 -2.6 3
    endloop
  endfacet
  facet normal 0 0 1
    outer loop
      vertex 0.507235 -2.55004 3
      vertex 0 -5.8 3
      vertex 1.19581 -5.85875 3
    endloop
  endfacet
  facet normal 0 0 1
    outer loop
      vertex -0.254844 -2.58748 3
      vertex 0 -5.8 3
      vertex 0 -2.6 3
    endloop
  endfacet
  facet normal 0 0 1
    outer loop
      vertex -0.507235 -2.55004 3
      vertex 0 -5.8 3
      vertex -0.254844 -2.58748 3
    endloop
  endfacet
  facet normal 0 0 1
    outer loop
      vertex -1.19581 -5.85875 3
      vertex -0.507235 -2.55004 3
      vertex -0.75474 -2.48804 3
    endloop
  endfacet
  facet normal 0 0 1
    outer loop
      vertex -1.19581 -5.85875 3
      vertex -0.75474 -2.48804 3
      vertex -0.994976 -2.40209 3
    endloop
  endfacet
  facet normal 0 0 1
    outer loop
      vertex -0.507235 -2.55004 3
      vertex -1.19581 -5.85875 3
      vertex 0 -5.8 3
    endloop
  endfacet
  facet normal 0 0 1
    outer loop
      vertex -1.22563 -2.29299 3
      vertex -1.19581 -5.85875 3
      vertex -0.994976 -2.40209 3
    endloop
  endfacet
  facet normal 0 0 1
    outer loop
      vertex -2.3801 -6.03442 3
      vertex -1.22563 -2.29299 3
      vertex -1.44448 -2.16182 3
    endloop
  endfacet
  facet normal 0 0 1
    outer loop
      vertex -2.3801 -6.03442 3
      vertex -1.44448 -2.16182 3
      vertex -1.64942 -2.00983 3
    endloop
  endfacet
  facet normal 0 0 1
    outer loop
      vertex -2.3801 -6.03442 3
      vertex -1.64942 -2.00983 3
      vertex -1.83848 -1.83848 3
    endloop
  endfacet
  facet normal 0 0 1
    outer loop
      vertex -3.54147 -6.32533 3
      vertex -1.83848 -1.83848 3
      vertex -2.00983 -1.64942 3
    endloop
  endfacet
  facet normal 0 0 1
    outer loop
      vertex -3.54147 -6.32533 3
      vertex -2.00983 -1.64942 3
      vertex -2.16182 -1.44448 3
    endloop
  endfacet
  facet normal 0 0 1
    outer loop
      vertex -3.54147 -6.32533 3
      vertex -2.16182 -1.44448 3
      vertex -2.29299 -1.22563 3
    endloop
  endfacet
  facet normal 0 0 1
    outer loop
      vertex -1.22563 -2.29299 3
      vertex -2.3801 -6.03442 3
      vertex -1.19581 -5.85875 3
    endloop
  endfacet
  facet normal 0 0 1
    outer loop
      vertex -4.66874 -6.72867 3
      vertex -2.29299 -1.22563 3
      vertex -2.40209 -0.994976 3
    endloop
  endfacet
  facet normal 0 0 1
    outer loop
      vertex -4.66874 -6.72867 3
      vertex -2.40209 -0.994976 3
      vertex -2.48804 -0.75474 3
    endloop
  endfacet
  facet normal 0 0 1
    outer loop
      vertex -5.75104 -7.24056 3
      vertex -2.48804 -0.75474 3
      vertex -2.55004 -0.507235 3
    endloop
  endfacet
  facet normal 0 0 1
    outer loop
      vertex -5.75104 -7.24056 3
      vertex -2.55004 -0.507235 3
      vertex -2.58748 -0.254844 3
    endloop
  endfacet
  facet normal 0 0 1
    outer loop
      vertex -6.77796 -7.85607 3
      vertex -2.58748 -0.254844 3
      vertex -2.6 0 3
    endloop
  endfacet
  facet normal 0 0 1
    outer loop
      vertex -2.55004 0.507235 3
      vertex -5.75104 7.24056 3
      vertex -2.58748 0.254844 3
    endloop
  endfacet
  facet normal 0 0 1
    outer loop
      vertex -1.83848 -1.83848 3
      vertex -3.54147 -6.32533 3
      vertex -2.3801 -6.03442 3
    endloop
  endfacet
  facet normal 0 0 1
    outer loop
      vertex -6.77796 7.85607 3
      vertex -2.58748 0.254844 3
      vertex -5.75104 7.24056 3
    endloop
  endfacet
  facet normal 0 0 1
    outer loop
      vertex -2.29299 -1.22563 3
      vertex -4.66874 -6.72867 3
      vertex -3.54147 -6.32533 3
    endloop
  endfacet
  facet normal 0 0 1
    outer loop
      vertex -2.58748 0.254844 3
      vertex -6.77796 7.85607 3
      vertex -2.6 0 3
    endloop
  endfacet
  facet normal 0 0 1
    outer loop
      vertex -2.48804 -0.75474 3
      vertex -5.75104 -7.24056 3
      vertex -4.66874 -6.72867 3
    endloop
  endfacet
  facet normal 0 0 1
    outer loop
      vertex -6.77796 -7.85607 3
      vertex -2.6 0 3
      vertex -6.77796 7.85607 3
    endloop
  endfacet
  facet normal 0 0 1
    outer loop
      vertex -2.58748 -0.254844 3
      vertex -6.77796 -7.85607 3
      vertex -5.75104 -7.24056 3
    endloop
  endfacet
  facet normal 0 0 1
    outer loop
      vertex -7.7396 8.56927 3
      vertex -6.77796 -7.85607 3
      vertex -6.77796 7.85607 3
    endloop
  endfacet
  facet normal 0 0 1
    outer loop
      vertex -7.7396 8.56927 3
      vertex -7.7396 -8.56927 3
      vertex -6.77796 -7.85607 3
    endloop
  endfacet
  facet normal 0 0 1
    outer loop
      vertex -8.6267 9.3733 3
      vertex -7.7396 -8.56927 3
      vertex -7.7396 8.56927 3
    endloop
  endfacet
  facet normal 0 0 1
    outer loop
      vertex -8.6267 9.3733 3
      vertex -8.6267 -9.3733 3
      vertex -7.7396 -8.56927 3
    endloop
  endfacet
  facet normal 0 0 1
    outer loop
      vertex -9.43073 10.2604 3
      vertex -8.6267 -9.3733 3
      vertex -8.6267 9.3733 3
    endloop
  endfacet
  facet normal 0 0 1
    outer loop
      vertex -9.43073 10.2604 3
      vertex -9.43073 -10.2604 3
      vertex -8.6267 -9.3733 3
    endloop
  endfacet
  facet normal 0 0 1
    outer loop
      vertex -24.7287 13.3313 3
      vertex -11.2713 13.3313 3
      vertex -24.3253 14.4585 3
    endloop
  endfacet
  facet normal 0 0 1
    outer loop
      vertex -11.2713 13.3313 3
      vertex -24.7287 13.3313 3
      vertex -10.7594 12.249 3
    endloop
  endfacet
  facet normal 0 0 1
    outer loop
      vertex -24.3253 14.4585 3
      vertex -11.6747 14.4585 3
      vertex -24.0344 15.6199 3
    endloop
  endfacet
  facet normal 0 0 1
    outer loop
      vertex -11.6747 14.4585 3
      vertex -24.3253 14.4585 3
      vertex -11.2713 13.3313 3
    endloop
  endfacet
  facet normal 0 0 1
    outer loop
      vertex -11.9656 15.6199 3
      vertex -24.0344 15.6199 3
      vertex -11.6747 14.4585 3
    endloop
  endfacet
  facet normal 0 0 1
    outer loop
      vertex -25.2406 12.249 3
      vertex -10.7594 12.249 3
      vertex -24.7287 13.3313 3
    endloop
  endfacet
  facet normal 0 0 1
    outer loop
      vertex -24.0344 15.6199 3
      vertex -11.9656 15.6199 3
      vertex -23.8587 16.8042 3
    endloop
  endfacet
  facet normal 0 0 1
    outer loop
      vertex -10.1439 -11.222 3
      vertex -23.8 -18 3
      vertex -10.7594 -12.249 3
    endloop
  endfacet
  facet normal 0 0 1
    outer loop
      vertex -12.1413 16.8042 3
      vertex -23.8587 16.8042 3
      vertex -11.9656 15.6199 3
    endloop
  endfacet
  facet normal 0 0 1
    outer loop
      vertex -10.7594 -12.249 3
      vertex -23.8 -18 3
      vertex -11.2713 -13.3313 3
    endloop
  endfacet
  facet normal 0 0 1
    outer loop
      vertex -23.8587 16.8042 3
      vertex -12.1413 16.8042 3
      vertex -23.8 18 3
    endloop
  endfacet
  facet normal 0 0 1
    outer loop
      vertex -11.2713 -13.3313 3
      vertex -23.8 -18 3
      vertex -11.6747 -14.4585 3
    endloop
  endfacet
  facet normal -0 0 1
    outer loop
      vertex -23.8 18 3
      vertex -12.1413 16.8042 3
      vertex -12.2 18 3
    endloop
  endfacet
  facet normal 0 0 1
    outer loop
      vertex -11.6747 -14.4585 3
      vertex -23.8 -18 3
      vertex -11.9656 -15.6199 3
    endloop
  endfacet
  facet normal 0 0 1
    outer loop
      vertex 47.6747 14.4585 3
      vertex 54.4 30.4 3
      vertex 47.9656 15.6199 3
    endloop
  endfacet
  facet normal 0 0 1
    outer loop
      vertex 54.4 -30.4 3
      vertex 48.1413 -16.8042 3
      vertex 48.2 -18 3
    endloop
  endfacet
  facet normal 0 0 1
    outer loop
      vertex 54.4 30.4 3
      vertex 47.6747 14.4585 3
      vertex 54.4 -30.4 3
    endloop
  endfacet
  facet normal 0 0 1
    outer loop
      vertex 54.4 -30.4 3
      vertex 47.9656 -15.6199 3
      vertex 48.1413 -16.8042 3
    endloop
  endfacet
  facet normal -0 0 1
    outer loop
      vertex 47.6747 -14.4585 3
      vertex 54.4 -30.4 3
      vertex 47.6747 14.4585 3
    endloop
  endfacet
  facet normal 0 0 1
    outer loop
      vertex 54.4 -30.4 3
      vertex 47.6747 -14.4585 3
      vertex 47.9656 -15.6199 3
    endloop
  endfacet
  facet normal -0 0 1
    outer loop
      vertex 47.2713 13.3313 3
      vertex 47.6747 -14.4585 3
      vertex 47.6747 14.4585 3
    endloop
  endfacet
  facet normal 0 0 1
    outer loop
      vertex 47.2713 13.3313 3
      vertex 47.2713 -13.3313 3
      vertex 47.6747 -14.4585 3
    endloop
  endfacet
  facet normal -0 0 1
    outer loop
      vertex 46.7594 12.249 3
      vertex 47.2713 -13.3313 3
      vertex 47.2713 13.3313 3
    endloop
  endfacet
  facet normal 0 0 1
    outer loop
      vertex 46.7594 12.249 3
      vertex 46.7594 -12.249 3
      vertex 47.2713 -13.3313 3
    endloop
  endfacet
  facet normal -0 0 1
    outer loop
      vertex 46.1439 11.222 3
      vertex 46.7594 -12.249 3
      vertex 46.7594 12.249 3
    endloop
  endfacet
  facet normal 0 0 1
    outer loop
      vertex 46.1439 11.222 3
      vertex 46.1439 -11.222 3
      vertex 46.7594 -12.249 3
    endloop
  endfacet
  facet normal -0 0 1
    outer loop
      vertex 45.4307 10.2604 3
      vertex 46.1439 -11.222 3
      vertex 46.1439 11.222 3
    endloop
  endfacet
  facet normal 0 0 1
    outer loop
      vertex 45.4307 10.2604 3
      vertex 45.4307 -10.2604 3
      vertex 46.1439 -11.222 3
    endloop
  endfacet
  facet normal -0 0 1
    outer loop
      vertex 44.6267 9.3733 3
      vertex 45.4307 -10.2604 3
      vertex 45.4307 10.2604 3
    endloop
  endfacet
  facet normal 0 0 1
    outer loop
      vertex 44.6267 9.3733 3
      vertex 44.6267 -9.3733 3
      vertex 45.4307 -10.2604 3
    endloop
  endfacet
  facet normal -0 0 1
    outer loop
      vertex 43.7396 8.56927 3
      vertex 44.6267 -9.3733 3
      vertex 44.6267 9.3733 3
    endloop
  endfacet
  facet normal 0 0 1
    outer loop
      vertex 43.7396 8.56927 3
      vertex 43.7396 -8.56927 3
      vertex 44.6267 -9.3733 3
    endloop
  endfacet
  facet normal -0 0 1
    outer loop
      vertex 42.778 7.85607 3
      vertex 43.7396 -8.56927 3
      vertex 43.7396 8.56927 3
    endloop
  endfacet
  facet normal 0 0 1
    outer loop
      vertex 42.778 7.85607 3
      vertex 42.778 -7.85607 3
      vertex 43.7396 -8.56927 3
    endloop
  endfacet
  facet normal -0 0 1
    outer loop
      vertex 41.751 7.24056 3
      vertex 42.778 -7.85607 3
      vertex 42.778 7.85607 3
    endloop
  endfacet
  facet normal 0 0 1
    outer loop
      vertex 41.751 7.24056 3
      vertex 41.751 -7.24056 3
      vertex 42.778 -7.85607 3
    endloop
  endfacet
  facet normal -0 0 1
    outer loop
      vertex 40.6687 6.72867 3
      vertex 41.751 -7.24056 3
      vertex 41.751 7.24056 3
    endloop
  endfacet
  facet normal 0 0 1
    outer loop
      vertex 40.6687 6.72867 3
      vertex 40.6687 -6.72867 3
      vertex 41.751 -7.24056 3
    endloop
  endfacet
  facet normal -0 0 1
    outer loop
      vertex 39.5415 6.32533 3
      vertex 40.6687 -6.72867 3
      vertex 40.6687 6.72867 3
    endloop
  endfacet
  facet normal 0 0 1
    outer loop
      vertex 39.5415 6.32533 3
      vertex 39.5415 -6.32533 3
      vertex 40.6687 -6.72867 3
    endloop
  endfacet
  facet normal -0 0 1
    outer loop
      vertex 38.3801 6.03442 3
      vertex 39.5415 -6.32533 3
      vertex 39.5415 6.32533 3
    endloop
  endfacet
  facet normal 0 0 1
    outer loop
      vertex 38.3801 6.03442 3
      vertex 38.3801 -6.03442 3
      vertex 39.5415 -6.32533 3
    endloop
  endfacet
  facet normal -0 0 1
    outer loop
      vertex 37.1958 5.85875 3
      vertex 38.3801 -6.03442 3
      vertex 38.3801 6.03442 3
    endloop
  endfacet
  facet normal 0 0 1
    outer loop
      vertex 37.1958 5.85875 3
      vertex 37.1958 -5.85875 3
      vertex 38.3801 -6.03442 3
    endloop
  endfacet
  facet normal -0 0 1
    outer loop
      vertex 36 5.8 3
      vertex 37.1958 -5.85875 3
      vertex 37.1958 5.85875 3
    endloop
  endfacet
  facet normal 0 0 1
    outer loop
      vertex 36 5.8 3
      vertex 36 -5.8 3
      vertex 37.1958 -5.85875 3
    endloop
  endfacet
  facet normal 0 0 1
    outer loop
      vertex 34.8042 5.85875 3
      vertex 36 -5.8 3
      vertex 36 5.8 3
    endloop
  endfacet
  facet normal 0 0 1
    outer loop
      vertex 34.8042 5.85875 3
      vertex 34.8042 -5.85875 3
      vertex 36 -5.8 3
    endloop
  endfacet
  facet normal 0 0 1
    outer loop
      vertex 33.6199 6.03442 3
      vertex 34.8042 -5.85875 3
      vertex 34.8042 5.85875 3
    endloop
  endfacet
  facet normal 0 0 1
    outer loop
      vertex 33.6199 6.03442 3
      vertex 33.6199 -6.03442 3
      vertex 34.8042 -5.85875 3
    endloop
  endfacet
  facet normal 0 0 1
    outer loop
      vertex 32.4585 6.32533 3
      vertex 33.6199 -6.03442 3
      vertex 33.6199 6.03442 3
    endloop
  endfacet
  facet normal 0 0 1
    outer loop
      vertex 32.4585 6.32533 3
      vertex 32.4585 -6.32533 3
      vertex 33.6199 -6.03442 3
    endloop
  endfacet
  facet normal 0 0 1
    outer loop
      vertex 31.3313 6.72867 3
      vertex 32.4585 -6.32533 3
      vertex 32.4585 6.32533 3
    endloop
  endfacet
  facet normal 0 0 1
    outer loop
      vertex 31.3313 6.72867 3
      vertex 31.3313 -6.72867 3
      vertex 32.4585 -6.32533 3
    endloop
  endfacet
  facet normal 0 0 1
    outer loop
      vertex 30.249 7.24056 3
      vertex 31.3313 -6.72867 3
      vertex 31.3313 6.72867 3
    endloop
  endfacet
  facet normal 0 0 1
    outer loop
      vertex 30.249 7.24056 3
      vertex 30.249 -7.24056 3
      vertex 31.3313 -6.72867 3
    endloop
  endfacet
  facet normal 0 0 1
    outer loop
      vertex 29.222 7.85607 3
      vertex 30.249 -7.24056 3
      vertex 30.249 7.24056 3
    endloop
  endfacet
  facet normal 0 0 1
    outer loop
      vertex 29.222 7.85607 3
      vertex 29.222 -7.85607 3
      vertex 30.249 -7.24056 3
    endloop
  endfacet
  facet normal 0 0 1
    outer loop
      vertex 28.2604 8.56927 3
      vertex 29.222 -7.85607 3
      vertex 29.222 7.85607 3
    endloop
  endfacet
  facet normal 0 0 1
    outer loop
      vertex 28.2604 8.56927 3
      vertex 28.2604 -8.56927 3
      vertex 29.222 -7.85607 3
    endloop
  endfacet
  facet normal 0 0 1
    outer loop
      vertex 27.3733 9.3733 3
      vertex 28.2604 -8.56927 3
      vertex 28.2604 8.56927 3
    endloop
  endfacet
  facet normal 0 0 1
    outer loop
      vertex 27.3733 9.3733 3
      vertex 27.3733 -9.3733 3
      vertex 28.2604 -8.56927 3
    endloop
  endfacet
  facet normal 0 0 1
    outer loop
      vertex 26.5693 10.2604 3
      vertex 27.3733 -9.3733 3
      vertex 27.3733 9.3733 3
    endloop
  endfacet
  facet normal 0 0 1
    outer loop
      vertex 26.5693 10.2604 3
      vertex 26.5693 -10.2604 3
      vertex 27.3733 -9.3733 3
    endloop
  endfacet
  facet normal 0 0 1
    outer loop
      vertex 11.2713 13.3313 3
      vertex 24.7287 13.3313 3
      vertex 11.6747 14.4585 3
    endloop
  endfacet
  facet normal 0 0 1
    outer loop
      vertex 24.7287 13.3313 3
      vertex 11.2713 13.3313 3
      vertex 25.2406 12.249 3
    endloop
  endfacet
  facet normal 0 0 1
    outer loop
      vertex 11.6747 14.4585 3
      vertex 24.3253 14.4585 3
      vertex 11.9656 15.6199 3
    endloop
  endfacet
  facet normal 0 0 1
    outer loop
      vertex 24.3253 14.4585 3
      vertex 11.6747 14.4585 3
      vertex 24.7287 13.3313 3
    endloop
  endfacet
  facet normal 0 0 1
    outer loop
      vertex 24.0344 15.6199 3
      vertex 11.9656 15.6199 3
      vertex 24.3253 14.4585 3
    endloop
  endfacet
  facet normal 0 0 1
    outer loop
      vertex 10.7594 12.249 3
      vertex 25.2406 12.249 3
      vertex 11.2713 13.3313 3
    endloop
  endfacet
  facet normal 0 0 1
    outer loop
      vertex 11.9656 15.6199 3
      vertex 24.0344 15.6199 3
      vertex 12.1413 16.8042 3
    endloop
  endfacet
  facet normal 0 0 1
    outer loop
      vertex 25.8561 -11.222 3
      vertex 12.2 -18 3
      vertex 25.2406 -12.249 3
    endloop
  endfacet
  facet normal 0 0 1
    outer loop
      vertex 23.8587 16.8042 3
      vertex 12.1413 16.8042 3
      vertex 24.0344 15.6199 3
    endloop
  endfacet
  facet normal 0 0 1
    outer loop
      vertex 25.2406 -12.249 3
      vertex 12.2 -18 3
      vertex 24.7287 -13.3313 3
    endloop
  endfacet
  facet normal 0 0 1
    outer loop
      vertex 12.1413 16.8042 3
      vertex 23.8587 16.8042 3
      vertex 12.2 18 3
    endloop
  endfacet
  facet normal 0 0 1
    outer loop
      vertex 24.7287 -13.3313 3
      vertex 12.2 -18 3
      vertex 24.3253 -14.4585 3
    endloop
  endfacet
  facet normal -0 0 1
    outer loop
      vertex 12.2 18 3
      vertex 23.8587 16.8042 3
      vertex 23.8 18 3
    endloop
  endfacet
  facet normal 0 0 1
    outer loop
      vertex 24.3253 -14.4585 3
      vertex 12.2 -18 3
      vertex 24.0344 -15.6199 3
    endloop
  endfacet
  facet normal 0 0 1
    outer loop
      vertex 52.1625 30.9704 3
      vertex 54.3711 30.9881 3
      vertex 52.1637 30.9781 3
    endloop
  endfacet
  facet normal 0 0 1
    outer loop
      vertex 54.4 -30.4 3
      vertex 52.2143 -31.4922 3
      vertex 52.2147 -31.5 3
    endloop
  endfacet
  facet normal 0 0 1
    outer loop
      vertex 52.1607 30.9628 3
      vertex 54.3711 30.9881 3
      vertex 52.1625 30.9704 3
    endloop
  endfacet
  facet normal 0 0 1
    outer loop
      vertex 54.4 -30.4 3
      vertex 52.2016 -31.2339 3
      vertex 52.2143 -31.4922 3
    endloop
  endfacet
  facet normal 0 0 1
    outer loop
      vertex 54.3711 30.9881 3
      vertex 52.1607 30.9628 3
      vertex 54.4 30.4 3
    endloop
  endfacet
  facet normal 0 0 1
    outer loop
      vertex 54.4 -30.4 3
      vertex 52.1637 -30.9781 3
      vertex 52.2016 -31.2339 3
    endloop
  endfacet
  facet normal -0 0 1
    outer loop
      vertex 52.0978 30.712 3
      vertex 54.4 30.4 3
      vertex 52.1607 30.9628 3
    endloop
  endfacet
  facet normal 0 0 1
    outer loop
      vertex 54.4 -30.4 3
      vertex 52.1625 -30.9704 3
      vertex 52.1637 -30.9781 3
    endloop
  endfacet
  facet normal -0 0 1
    outer loop
      vertex 52.0952 30.7046 3
      vertex 54.4 30.4 3
      vertex 52.0978 30.712 3
    endloop
  endfacet
  facet normal 0 0 1
    outer loop
      vertex 54.4 -30.4 3
      vertex 52.1607 -30.9628 3
      vertex 52.1625 -30.9704 3
    endloop
  endfacet
  facet normal -0 0 1
    outer loop
      vertex 52.0081 30.4611 3
      vertex 54.4 30.4 3
      vertex 52.0952 30.7046 3
    endloop
  endfacet
  facet normal 0 0 1
    outer loop
      vertex 54.4 -30.4 3
      vertex 52.0978 -30.712 3
      vertex 52.1607 -30.9628 3
    endloop
  endfacet
  facet normal 0 0 1
    outer loop
      vertex 51.8975 30.2273 3
      vertex 54.4 30.4 3
      vertex 52.0081 30.4611 3
    endloop
  endfacet
  facet normal 0 0 1
    outer loop
      vertex 54.4 -30.4 3
      vertex 52.0952 -30.7046 3
      vertex 52.0978 -30.712 3
    endloop
  endfacet
  facet normal 0 0 1
    outer loop
      vertex 48.1413 16.8042 3
      vertex 54.4 30.4 3
      vertex 48.2 18 3
    endloop
  endfacet
  facet normal 0 0 1
    outer loop
      vertex 54.4 -30.4 3
      vertex 52.0081 -30.4611 3
      vertex 52.0952 -30.7046 3
    endloop
  endfacet
  facet normal 0 0 1
    outer loop
      vertex 51.8942 30.2203 3
      vertex 54.4 30.4 3
      vertex 51.8975 30.2273 3
    endloop
  endfacet
  facet normal 0 0 1
    outer loop
      vertex 47.9656 15.6199 3
      vertex 54.4 30.4 3
      vertex 48.1413 16.8042 3
    endloop
  endfacet
  facet normal 0 0 1
    outer loop
      vertex 51.8902 30.2136 3
      vertex 54.4 30.4 3
      vertex 51.8942 30.2203 3
    endloop
  endfacet
  facet normal -0 0 1
    outer loop
      vertex 48.1413 -19.1958 3
      vertex 54.4 -30.4 3
      vertex 48.2 -18 3
    endloop
  endfacet
  facet normal 0 0 1
    outer loop
      vertex 51.7572 29.9918 3
      vertex 54.4 30.4 3
      vertex 51.8902 30.2136 3
    endloop
  endfacet
  facet normal 0 0 1
    outer loop
      vertex 54.4 -30.4 3
      vertex 51.8975 -30.2273 3
      vertex 52.0081 -30.4611 3
    endloop
  endfacet
  facet normal 0 0 1
    outer loop
      vertex 51.7526 29.9855 3
      vertex 54.4 30.4 3
      vertex 51.7572 29.9918 3
    endloop
  endfacet
  facet normal 0 0 1
    outer loop
      vertex 54.4 -30.4 3
      vertex 51.8942 -30.2203 3
      vertex 51.8975 -30.2273 3
    endloop
  endfacet
  facet normal 0 0 1
    outer loop
      vertex 51.5985 29.7778 3
      vertex 54.4 30.4 3
      vertex 51.7526 29.9855 3
    endloop
  endfacet
  facet normal 0 0 1
    outer loop
      vertex 54.4 -30.4 3
      vertex 51.8902 -30.2136 3
      vertex 51.8942 -30.2203 3
    endloop
  endfacet
  facet normal 0 0 1
    outer loop
      vertex 51.5933 29.772 3
      vertex 54.4 30.4 3
      vertex 51.5985 29.7778 3
    endloop
  endfacet
  facet normal 0 0 1
    outer loop
      vertex 54.4 -30.4 3
      vertex 51.7572 -29.9918 3
      vertex 51.8902 -30.2136 3
    endloop
  endfacet
  facet normal 0 0 1
    outer loop
      vertex 51.4196 29.5804 3
      vertex 54.4 30.4 3
      vertex 51.5933 29.772 3
    endloop
  endfacet
  facet normal 0 0 1
    outer loop
      vertex 54.4 -30.4 3
      vertex 51.7526 -29.9855 3
      vertex 51.7572 -29.9918 3
    endloop
  endfacet
  facet normal 0 0 1
    outer loop
      vertex 51.228 29.4067 3
      vertex 54.4 30.4 3
      vertex 51.4196 29.5804 3
    endloop
  endfacet
  facet normal 0 0 1
    outer loop
      vertex 54.4 -30.4 3
      vertex 51.5985 -29.7778 3
      vertex 51.7526 -29.9855 3
    endloop
  endfacet
  facet normal 0 0 1
    outer loop
      vertex 51.2222 29.4015 3
      vertex 54.4 30.4 3
      vertex 51.228 29.4067 3
    endloop
  endfacet
  facet normal -0 0 1
    outer loop
      vertex 47.9656 -20.3801 3
      vertex 54.4 -30.4 3
      vertex 48.1413 -19.1958 3
    endloop
  endfacet
  facet normal 0 0 1
    outer loop
      vertex 51.0145 29.2474 3
      vertex 54.4 30.4 3
      vertex 51.2222 29.4015 3
    endloop
  endfacet
  facet normal 0 0 1
    outer loop
      vertex 54.4 -30.4 3
      vertex 51.5933 -29.772 3
      vertex 51.5985 -29.7778 3
    endloop
  endfacet
  facet normal 0 0 1
    outer loop
      vertex 51.0082 29.2428 3
      vertex 54.4 30.4 3
      vertex 51.0145 29.2474 3
    endloop
  endfacet
  facet normal 0 0 1
    outer loop
      vertex 54.4 -30.4 3
      vertex 51.4196 -29.5804 3
      vertex 51.5933 -29.772 3
    endloop
  endfacet
  facet normal 0 0 1
    outer loop
      vertex 47.6747 21.5415 3
      vertex 54.4 30.4 3
      vertex 51.0082 29.2428 3
    endloop
  endfacet
  facet normal -0 0 1
    outer loop
      vertex 47.6747 -21.5415 3
      vertex 54.4 -30.4 3
      vertex 47.9656 -20.3801 3
    endloop
  endfacet
  facet normal 0 0 1
    outer loop
      vertex 47.6747 21.5415 3
      vertex 51.0082 29.2428 3
      vertex 50.7864 29.1098 3
    endloop
  endfacet
  facet normal 0 0 1
    outer loop
      vertex 54.4 -30.4 3
      vertex 51.228 -29.4067 3
      vertex 51.4196 -29.5804 3
    endloop
  endfacet
  facet normal 0 0 1
    outer loop
      vertex 47.6747 21.5415 3
      vertex 50.7864 29.1098 3
      vertex 50.7797 29.1058 3
    endloop
  endfacet
  facet normal 0 0 1
    outer loop
      vertex 54.4 -30.4 3
      vertex 51.2222 -29.4015 3
      vertex 51.228 -29.4067 3
    endloop
  endfacet
  facet normal 0 0 1
    outer loop
      vertex 47.6747 21.5415 3
      vertex 50.7797 29.1058 3
      vertex 50.7727 29.1025 3
    endloop
  endfacet
  facet normal 0 0 1
    outer loop
      vertex 54.4 -30.4 3
      vertex 51.0145 -29.2474 3
      vertex 51.2222 -29.4015 3
    endloop
  endfacet
  facet normal 0 0 1
    outer loop
      vertex 47.6747 21.5415 3
      vertex 50.7727 29.1025 3
      vertex 50.5389 28.9919 3
    endloop
  endfacet
  facet normal 0 0 1
    outer loop
      vertex 54.4 -30.4 3
      vertex 51.0082 -29.2428 3
      vertex 51.0145 -29.2474 3
    endloop
  endfacet
  facet normal 0 0 1
    outer loop
      vertex 47.2713 22.6687 3
      vertex 50.5389 28.9919 3
      vertex 50.2954 28.9048 3
    endloop
  endfacet
  facet normal 0 0 1
    outer loop
      vertex 54.4 -30.4 3
      vertex 47.6747 -21.5415 3
      vertex 51.0082 -29.2428 3
    endloop
  endfacet
  facet normal 0 0 1
    outer loop
      vertex 47.2713 22.6687 3
      vertex 50.2954 28.9048 3
      vertex 50.288 28.9022 3
    endloop
  endfacet
  facet normal 0 0 1
    outer loop
      vertex 51.0082 -29.2428 3
      vertex 47.6747 -21.5415 3
      vertex 50.7864 -29.1098 3
    endloop
  endfacet
  facet normal 0 0 1
    outer loop
      vertex 47.2713 22.6687 3
      vertex 50.288 28.9022 3
      vertex 50.0372 28.8393 3
    endloop
  endfacet
  facet normal 0 0 1
    outer loop
      vertex 50.7864 -29.1098 3
      vertex 47.6747 -21.5415 3
      vertex 50.7797 -29.1058 3
    endloop
  endfacet
  facet normal 0 0 1
    outer loop
      vertex 47.2713 22.6687 3
      vertex 50.0372 28.8393 3
      vertex 50.0296 28.8375 3
    endloop
  endfacet
  facet normal 0 0 1
    outer loop
      vertex 50.7797 -29.1058 3
      vertex 47.6747 -21.5415 3
      vertex 50.7727 -29.1025 3
    endloop
  endfacet
  facet normal 0 0 1
    outer loop
      vertex 47.2713 22.6687 3
      vertex 50.0296 28.8375 3
      vertex 50.0219 28.8363 3
    endloop
  endfacet
  facet normal 0 0 1
    outer loop
      vertex 50.7727 -29.1025 3
      vertex 47.6747 -21.5415 3
      vertex 50.5389 -28.9919 3
    endloop
  endfacet
  facet normal 0 0 1
    outer loop
      vertex 46.7594 23.751 3
      vertex 50.0219 28.8363 3
      vertex 49.7661 28.7984 3
    endloop
  endfacet
  facet normal -0 0 1
    outer loop
      vertex 47.2713 -22.6687 3
      vertex 50.5389 -28.9919 3
      vertex 47.6747 -21.5415 3
    endloop
  endfacet
  facet normal 0 0 1
    outer loop
      vertex 46.7594 23.751 3
      vertex 49.7661 28.7984 3
      vertex 49.5078 28.7857 3
    endloop
  endfacet
  facet normal 0 0 1
    outer loop
      vertex 50.5389 -28.9919 3
      vertex 47.2713 -22.6687 3
      vertex 50.2954 -28.9048 3
    endloop
  endfacet
  facet normal 0 0 1
    outer loop
      vertex 46.7594 23.751 3
      vertex 49.5078 28.7857 3
      vertex 49.5 28.7853 3
    endloop
  endfacet
  facet normal 0 0 1
    outer loop
      vertex 50.2954 -28.9048 3
      vertex 47.2713 -22.6687 3
      vertex 50.288 -28.9022 3
    endloop
  endfacet
  facet normal 0 0 1
    outer loop
      vertex 46.7594 23.751 3
      vertex 49.5 28.7853 3
      vertex 49.4922 28.7857 3
    endloop
  endfacet
  facet normal 0 0 1
    outer loop
      vertex 50.288 -28.9022 3
      vertex 47.2713 -22.6687 3
      vertex 50.0372 -28.8393 3
    endloop
  endfacet
  facet normal 0 0 1
    outer loop
      vertex 46.7594 23.751 3
      vertex 49.4922 28.7857 3
      vertex 49.2339 28.7984 3
    endloop
  endfacet
  facet normal 0 0 1
    outer loop
      vertex 50.0372 -28.8393 3
      vertex 47.2713 -22.6687 3
      vertex 50.0296 -28.8375 3
    endloop
  endfacet
  facet normal 0 0 1
    outer loop
      vertex 46.1439 24.778 3
      vertex 49.2339 28.7984 3
      vertex 48.9781 28.8363 3
    endloop
  endfacet
  facet normal 0 0 1
    outer loop
      vertex 50.0296 -28.8375 3
      vertex 47.2713 -22.6687 3
      vertex 50.0219 -28.8363 3
    endloop
  endfacet
  facet normal 0 0 1
    outer loop
      vertex 46.1439 24.778 3
      vertex 48.9781 28.8363 3
      vertex 48.9704 28.8375 3
    endloop
  endfacet
  facet normal -0 0 1
    outer loop
      vertex 46.7594 -23.751 3
      vertex 50.0219 -28.8363 3
      vertex 47.2713 -22.6687 3
    endloop
  endfacet
  facet normal 0 0 1
    outer loop
      vertex 46.1439 24.778 3
      vertex 48.9704 28.8375 3
      vertex 48.9628 28.8393 3
    endloop
  endfacet
  facet normal 0 0 1
    outer loop
      vertex 50.0219 -28.8363 3
      vertex 46.7594 -23.751 3
      vertex 49.7661 -28.7984 3
    endloop
  endfacet
  facet normal 0 0 1
    outer loop
      vertex 46.1439 24.778 3
      vertex 48.9628 28.8393 3
      vertex 48.712 28.9022 3
    endloop
  endfacet
  facet normal 0 0 1
    outer loop
      vertex 49.7661 -28.7984 3
      vertex 46.7594 -23.751 3
      vertex 49.5078 -28.7857 3
    endloop
  endfacet
  facet normal 0 0 1
    outer loop
      vertex 46.1439 24.778 3
      vertex 48.712 28.9022 3
      vertex 48.7046 28.9048 3
    endloop
  endfacet
  facet normal 0 0 1
    outer loop
      vertex 49.5078 -28.7857 3
      vertex 46.7594 -23.751 3
      vertex 49.5 -28.7853 3
    endloop
  endfacet
  facet normal 0 0 1
    outer loop
      vertex 46.1439 24.778 3
      vertex 48.7046 28.9048 3
      vertex 48.4611 28.9919 3
    endloop
  endfacet
  facet normal 0 0 1
    outer loop
      vertex 49.5 -28.7853 3
      vertex 46.7594 -23.751 3
      vertex 49.4922 -28.7857 3
    endloop
  endfacet
  facet normal 0 0 1
    outer loop
      vertex 45.4307 25.7396 3
      vertex 48.4611 28.9919 3
      vertex 48.2273 29.1025 3
    endloop
  endfacet
  facet normal 0 0 1
    outer loop
      vertex 49.4922 -28.7857 3
      vertex 46.7594 -23.751 3
      vertex 49.2339 -28.7984 3
    endloop
  endfacet
  facet normal 0 0 1
    outer loop
      vertex 45.4307 25.7396 3
      vertex 48.2273 29.1025 3
      vertex 48.2203 29.1058 3
    endloop
  endfacet
  facet normal -0 0 1
    outer loop
      vertex 46.1439 -24.778 3
      vertex 49.2339 -28.7984 3
      vertex 46.7594 -23.751 3
    endloop
  endfacet
  facet normal 0 0 1
    outer loop
      vertex 45.4307 25.7396 3
      vertex 48.2203 29.1058 3
      vertex 48.2136 29.1098 3
    endloop
  endfacet
  facet normal 0 0 1
    outer loop
      vertex 49.2339 -28.7984 3
      vertex 46.1439 -24.778 3
      vertex 48.9781 -28.8363 3
    endloop
  endfacet
  facet normal 0 0 1
    outer loop
      vertex 48.9781 -28.8363 3
      vertex 46.1439 -24.778 3
      vertex 48.9704 -28.8375 3
    endloop
  endfacet
  facet normal 0 0 1
    outer loop
      vertex 54.4 30.4 3
      vertex 48.1413 19.1958 3
      vertex 48.2 18 3
    endloop
  endfacet
  facet normal 0 0 1
    outer loop
      vertex 45.4307 25.7396 3
      vertex 48.2136 29.1098 3
      vertex 47.9918 29.2428 3
    endloop
  endfacet
  facet normal 0 0 1
    outer loop
      vertex 45.4307 25.7396 3
      vertex 47.9918 29.2428 3
      vertex 47.9855 29.2474 3
    endloop
  endfacet
  facet normal 0 0 1
    outer loop
      vertex 54.4 30.4 3
      vertex 47.9656 20.3801 3
      vertex 48.1413 19.1958 3
    endloop
  endfacet
  facet normal 0 0 1
    outer loop
      vertex 45.4307 25.7396 3
      vertex 47.9855 29.2474 3
      vertex 47.7778 29.4015 3
    endloop
  endfacet
  facet normal 0 0 1
    outer loop
      vertex 44.6267 26.6267 3
      vertex 47.7778 29.4015 3
      vertex 47.772 29.4067 3
    endloop
  endfacet
  facet normal 0 0 1
    outer loop
      vertex 54.4 30.4 3
      vertex 47.6747 21.5415 3
      vertex 47.9656 20.3801 3
    endloop
  endfacet
  facet normal 0 0 1
    outer loop
      vertex 44.6267 26.6267 3
      vertex 47.772 29.4067 3
      vertex 47.5804 29.5804 3
    endloop
  endfacet
  facet normal 0 0 1
    outer loop
      vertex 44.6267 26.6267 3
      vertex 47.5804 29.5804 3
      vertex 47.4067 29.772 3
    endloop
  endfacet
  facet normal 0 0 1
    outer loop
      vertex 44.6267 26.6267 3
      vertex 47.4067 29.772 3
      vertex 47.4015 29.7778 3
    endloop
  endfacet
  facet normal 0 0 1
    outer loop
      vertex 50.5389 28.9919 3
      vertex 47.2713 22.6687 3
      vertex 47.6747 21.5415 3
    endloop
  endfacet
  facet normal 0 0 1
    outer loop
      vertex 44.6267 26.6267 3
      vertex 47.4015 29.7778 3
      vertex 47.2474 29.9855 3
    endloop
  endfacet
  facet normal 0 0 1
    outer loop
      vertex 43.7396 27.4307 3
      vertex 47.2474 29.9855 3
      vertex 47.2428 29.9918 3
    endloop
  endfacet
  facet normal 0 0 1
    outer loop
      vertex 43.7396 27.4307 3
      vertex 47.2428 29.9918 3
      vertex 47.1098 30.2136 3
    endloop
  endfacet
  facet normal 0 0 1
    outer loop
      vertex 43.7396 27.4307 3
      vertex 47.1098 30.2136 3
      vertex 47.1058 30.2203 3
    endloop
  endfacet
  facet normal 0 0 1
    outer loop
      vertex 43.7396 27.4307 3
      vertex 47.1058 30.2203 3
      vertex 47.1025 30.2273 3
    endloop
  endfacet
  facet normal 0 0 1
    outer loop
      vertex 43.7396 27.4307 3
      vertex 47.1025 30.2273 3
      vertex 46.9919 30.4611 3
    endloop
  endfacet
  facet normal 0 0 1
    outer loop
      vertex 42.778 28.1439 3
      vertex 46.9919 30.4611 3
      vertex 46.9048 30.7046 3
    endloop
  endfacet
  facet normal 0 0 1
    outer loop
      vertex 42.778 28.1439 3
      vertex 46.9048 30.7046 3
      vertex 46.9022 30.712 3
    endloop
  endfacet
  facet normal 0 0 1
    outer loop
      vertex 42.778 28.1439 3
      vertex 46.9022 30.712 3
      vertex 46.8393 30.9628 3
    endloop
  endfacet
  facet normal 0 0 1
    outer loop
      vertex 42.778 28.1439 3
      vertex 46.8393 30.9628 3
      vertex 46.8375 30.9704 3
    endloop
  endfacet
  facet normal 0 0 1
    outer loop
      vertex 42.778 28.1439 3
      vertex 46.8375 30.9704 3
      vertex 46.8363 30.9781 3
    endloop
  endfacet
  facet normal 0 0 1
    outer loop
      vertex 42.778 28.1439 3
      vertex 46.8363 30.9781 3
      vertex 46.7984 31.2339 3
    endloop
  endfacet
  facet normal 0 0 1
    outer loop
      vertex 50.0219 28.8363 3
      vertex 46.7594 23.751 3
      vertex 47.2713 22.6687 3
    endloop
  endfacet
  facet normal 0 0 1
    outer loop
      vertex 41.751 28.7594 3
      vertex 46.7984 31.2339 3
      vertex 46.7857 31.4922 3
    endloop
  endfacet
  facet normal 0 0 1
    outer loop
      vertex 41.751 28.7594 3
      vertex 46.7857 31.4922 3
      vertex 46.7853 31.5 3
    endloop
  endfacet
  facet normal 0 0 1
    outer loop
      vertex 52.2016 31.2339 3
      vertex 54.2847 31.5705 3
      vertex 52.2143 31.4922 3
    endloop
  endfacet
  facet normal 0 0 1
    outer loop
      vertex 54.2847 31.5705 3
      vertex 52.2016 31.2339 3
      vertex 54.3711 30.9881 3
    endloop
  endfacet
  facet normal 0 0 1
    outer loop
      vertex 52.2143 31.4922 3
      vertex 54.2847 31.5705 3
      vertex 52.2147 31.5 3
    endloop
  endfacet
  facet normal 0 0 1
    outer loop
      vertex 52.1637 30.9781 3
      vertex 54.3711 30.9881 3
      vertex 52.2016 31.2339 3
    endloop
  endfacet
  facet normal 0 0 1
    outer loop
      vertex 52.2143 31.5078 3
      vertex 54.2847 31.5705 3
      vertex 54.1416 32.1417 3
    endloop
  endfacet
  facet normal 0 0 1
    outer loop
      vertex 54.4 -30.4 3
      vertex 52.2147 -31.5 3
      vertex 54.3711 -30.9881 3
    endloop
  endfacet
  facet normal 0 0 1
    outer loop
      vertex 52.1637 32.0219 3
      vertex 54.1416 32.1417 3
      vertex 53.9433 32.6961 3
    endloop
  endfacet
  facet normal 0 0 1
    outer loop
      vertex 54.3711 -30.9881 3
      vertex 52.2147 -31.5 3
      vertex 54.2847 -31.5705 3
    endloop
  endfacet
  facet normal 0 0 1
    outer loop
      vertex 52.0978 32.288 3
      vertex 53.9433 32.6961 3
      vertex 53.6915 33.2284 3
    endloop
  endfacet
  facet normal -0 0 1
    outer loop
      vertex 52.2143 -31.5078 3
      vertex 54.2847 -31.5705 3
      vertex 52.2147 -31.5 3
    endloop
  endfacet
  facet normal 0 0 1
    outer loop
      vertex 52.0081 32.5389 3
      vertex 53.6915 33.2284 3
      vertex 53.3888 33.7334 3
    endloop
  endfacet
  facet normal 0 0 1
    outer loop
      vertex 54.2847 -31.5705 3
      vertex 52.2143 -31.5078 3
      vertex 54.1416 -32.1417 3
    endloop
  endfacet
  facet normal 0 0 1
    outer loop
      vertex 51.7572 33.0082 3
      vertex 53.3888 33.7334 3
      vertex 53.0381 34.2064 3
    endloop
  endfacet
  facet normal -0 0 1
    outer loop
      vertex 52.2016 -31.7661 3
      vertex 54.1416 -32.1417 3
      vertex 52.2143 -31.5078 3
    endloop
  endfacet
  facet normal 0 0 1
    outer loop
      vertex 51.5933 33.228 3
      vertex 53.0381 34.2064 3
      vertex 52.6426 34.6426 3
    endloop
  endfacet
  facet normal -0 0 1
    outer loop
      vertex 52.1637 -32.0219 3
      vertex 54.1416 -32.1417 3
      vertex 52.2016 -31.7661 3
    endloop
  endfacet
  facet normal 0 0 1
    outer loop
      vertex 54.1416 -32.1417 3
      vertex 52.1637 -32.0219 3
      vertex 53.9433 -32.6961 3
    endloop
  endfacet
  facet normal 0 0 1
    outer loop
      vertex 54.2847 31.5705 3
      vertex 52.2143 31.5078 3
      vertex 52.2147 31.5 3
    endloop
  endfacet
  facet normal 0 0 1
    outer loop
      vertex 51.228 33.5933 3
      vertex 52.6426 34.6426 3
      vertex 52.2064 35.0381 3
    endloop
  endfacet
  facet normal 0 0 1
    outer loop
      vertex 54.1416 32.1417 3
      vertex 52.2016 31.7661 3
      vertex 52.2143 31.5078 3
    endloop
  endfacet
  facet normal 0 0 1
    outer loop
      vertex 54.1416 32.1417 3
      vertex 52.1637 32.0219 3
      vertex 52.2016 31.7661 3
    endloop
  endfacet
  facet normal 0 0 1
    outer loop
      vertex 53.9433 32.6961 3
      vertex 52.1625 32.0296 3
      vertex 52.1637 32.0219 3
    endloop
  endfacet
  facet normal 0 0 1
    outer loop
      vertex 53.9433 32.6961 3
      vertex 52.1607 32.0372 3
      vertex 52.1625 32.0296 3
    endloop
  endfacet
  facet normal 0 0 1
    outer loop
      vertex 53.9433 32.6961 3
      vertex 52.0978 32.288 3
      vertex 52.1607 32.0372 3
    endloop
  endfacet
  facet normal 0 0 1
    outer loop
      vertex 53.6915 33.2284 3
      vertex 52.0952 32.2954 3
      vertex 52.0978 32.288 3
    endloop
  endfacet
  facet normal 0 0 1
    outer loop
      vertex 53.6915 33.2284 3
      vertex 52.0081 32.5389 3
      vertex 52.0952 32.2954 3
    endloop
  endfacet
  facet normal 0 0 1
    outer loop
      vertex 53.3888 33.7334 3
      vertex 51.8975 32.7727 3
      vertex 52.0081 32.5389 3
    endloop
  endfacet
  facet normal 0 0 1
    outer loop
      vertex 53.3888 33.7334 3
      vertex 51.8942 32.7797 3
      vertex 51.8975 32.7727 3
    endloop
  endfacet
  facet normal 0 0 1
    outer loop
      vertex 53.3888 33.7334 3
      vertex 51.8902 32.7864 3
      vertex 51.8942 32.7797 3
    endloop
  endfacet
  facet normal 0 0 1
    outer loop
      vertex 53.3888 33.7334 3
      vertex 51.7572 33.0082 3
      vertex 51.8902 32.7864 3
    endloop
  endfacet
  facet normal 0 0 1
    outer loop
      vertex 53.0381 34.2064 3
      vertex 51.7526 33.0145 3
      vertex 51.7572 33.0082 3
    endloop
  endfacet
  facet normal 0 0 1
    outer loop
      vertex 51.0082 33.7572 3
      vertex 52.2064 35.0381 3
      vertex 51.7334 35.3888 3
    endloop
  endfacet
  facet normal 0 0 1
    outer loop
      vertex 53.0381 34.2064 3
      vertex 51.5985 33.2222 3
      vertex 51.7526 33.0145 3
    endloop
  endfacet
  facet normal 0 0 1
    outer loop
      vertex 53.0381 34.2064 3
      vertex 51.5933 33.228 3
      vertex 51.5985 33.2222 3
    endloop
  endfacet
  facet normal 0 0 1
    outer loop
      vertex 52.6426 34.6426 3
      vertex 51.4196 33.4196 3
      vertex 51.5933 33.228 3
    endloop
  endfacet
  facet normal 0 0 1
    outer loop
      vertex 50.5389 34.0081 3
      vertex 51.7334 35.3888 3
      vertex 51.2284 35.6915 3
    endloop
  endfacet
  facet normal 0 0 1
    outer loop
      vertex 52.6426 34.6426 3
      vertex 51.228 33.5933 3
      vertex 51.4196 33.4196 3
    endloop
  endfacet
  facet normal 0 0 1
    outer loop
      vertex 52.2064 35.0381 3
      vertex 51.2222 33.5985 3
      vertex 51.228 33.5933 3
    endloop
  endfacet
  facet normal 0 0 1
    outer loop
      vertex 52.2064 35.0381 3
      vertex 51.0145 33.7526 3
      vertex 51.2222 33.5985 3
    endloop
  endfacet
  facet normal 0 0 1
    outer loop
      vertex 52.2064 35.0381 3
      vertex 51.0082 33.7572 3
      vertex 51.0145 33.7526 3
    endloop
  endfacet
  facet normal 0 0 1
    outer loop
      vertex 51.7334 35.3888 3
      vertex 50.7864 33.8902 3
      vertex 51.0082 33.7572 3
    endloop
  endfacet
  facet normal 0 0 1
    outer loop
      vertex 51.7334 35.3888 3
      vertex 50.7797 33.8942 3
      vertex 50.7864 33.8902 3
    endloop
  endfacet
  facet normal 0 0 1
    outer loop
      vertex 51.7334 35.3888 3
      vertex 50.7727 33.8975 3
      vertex 50.7797 33.8942 3
    endloop
  endfacet
  facet normal 0 0 1
    outer loop
      vertex 50.288 34.0978 3
      vertex 51.2284 35.6915 3
      vertex 50.6961 35.9433 3
    endloop
  endfacet
  facet normal 0 0 1
    outer loop
      vertex 51.7334 35.3888 3
      vertex 50.5389 34.0081 3
      vertex 50.7727 33.8975 3
    endloop
  endfacet
  facet normal 0 0 1
    outer loop
      vertex 51.2284 35.6915 3
      vertex 50.2954 34.0952 3
      vertex 50.5389 34.0081 3
    endloop
  endfacet
  facet normal 0 0 1
    outer loop
      vertex 51.2284 35.6915 3
      vertex 50.288 34.0978 3
      vertex 50.2954 34.0952 3
    endloop
  endfacet
  facet normal 0 0 1
    outer loop
      vertex 50.0219 34.1637 3
      vertex 50.6961 35.9433 3
      vertex 50.1417 36.1416 3
    endloop
  endfacet
  facet normal 0 0 1
    outer loop
      vertex 50.6961 35.9433 3
      vertex 50.0372 34.1607 3
      vertex 50.288 34.0978 3
    endloop
  endfacet
  facet normal 0 0 1
    outer loop
      vertex 50.6961 35.9433 3
      vertex 50.0296 34.1625 3
      vertex 50.0372 34.1607 3
    endloop
  endfacet
  facet normal 0 0 1
    outer loop
      vertex 50.6961 35.9433 3
      vertex 50.0219 34.1637 3
      vertex 50.0296 34.1625 3
    endloop
  endfacet
  facet normal 0 0 1
    outer loop
      vertex 50.1417 36.1416 3
      vertex 49.7661 34.2016 3
      vertex 50.0219 34.1637 3
    endloop
  endfacet
  facet normal 0 0 1
    outer loop
      vertex 49.5078 34.2143 3
      vertex 50.1417 36.1416 3
      vertex 49.5705 36.2847 3
    endloop
  endfacet
  facet normal 0 0 1
    outer loop
      vertex 50.1417 36.1416 3
      vertex 49.5078 34.2143 3
      vertex 49.7661 34.2016 3
    endloop
  endfacet
  facet normal 0 0 1
    outer loop
      vertex 49.5705 36.2847 3
      vertex 49.5 34.2147 3
      vertex 49.5078 34.2143 3
    endloop
  endfacet
  facet normal 0 0 1
    outer loop
      vertex 49.5705 36.2847 3
      vertex 49.4922 34.2143 3
      vertex 49.5 34.2147 3
    endloop
  endfacet
  facet normal 0 0 1
    outer loop
      vertex 49.5705 36.2847 3
      vertex 49.2339 34.2016 3
      vertex 49.4922 34.2143 3
    endloop
  endfacet
  facet normal 0 0 1
    outer loop
      vertex 48.9881 36.3711 3
      vertex 49.2339 34.2016 3
      vertex 49.5705 36.2847 3
    endloop
  endfacet
  facet normal 0 0 1
    outer loop
      vertex 48.9881 36.3711 3
      vertex 48.9781 34.1637 3
      vertex 49.2339 34.2016 3
    endloop
  endfacet
  facet normal 0 0 1
    outer loop
      vertex 48.9881 36.3711 3
      vertex 48.9704 34.1625 3
      vertex 48.9781 34.1637 3
    endloop
  endfacet
  facet normal 0 0 1
    outer loop
      vertex 48.9881 36.3711 3
      vertex 48.9628 34.1607 3
      vertex 48.9704 34.1625 3
    endloop
  endfacet
  facet normal 0 0 1
    outer loop
      vertex 48.4 36.4 3
      vertex 48.9628 34.1607 3
      vertex 48.9881 36.3711 3
    endloop
  endfacet
  facet normal 0 0 1
    outer loop
      vertex 48.9628 34.1607 3
      vertex 48.4 36.4 3
      vertex 48.712 34.0978 3
    endloop
  endfacet
  facet normal 0 0 1
    outer loop
      vertex 48.712 34.0978 3
      vertex 48.4 36.4 3
      vertex 48.7046 34.0952 3
    endloop
  endfacet
  facet normal 0 0 1
    outer loop
      vertex 48.7046 34.0952 3
      vertex 48.4 36.4 3
      vertex 48.4611 34.0081 3
    endloop
  endfacet
  facet normal 0 0 1
    outer loop
      vertex 48.4 36.4 3
      vertex 48.2273 33.8975 3
      vertex 48.4611 34.0081 3
    endloop
  endfacet
  facet normal 0 0 1
    outer loop
      vertex 48.4 36.4 3
      vertex 48.2203 33.8942 3
      vertex 48.2273 33.8975 3
    endloop
  endfacet
  facet normal 0 0 1
    outer loop
      vertex 48.4 36.4 3
      vertex 48.2136 33.8902 3
      vertex 48.2203 33.8942 3
    endloop
  endfacet
  facet normal 0 0 1
    outer loop
      vertex 48.4 36.4 3
      vertex 47.9918 33.7572 3
      vertex 48.2136 33.8902 3
    endloop
  endfacet
  facet normal 0 0 1
    outer loop
      vertex 48.4 36.4 3
      vertex 47.9855 33.7526 3
      vertex 47.9918 33.7572 3
    endloop
  endfacet
  facet normal 0 0 1
    outer loop
      vertex 48.4 36.4 3
      vertex 47.7778 33.5985 3
      vertex 47.9855 33.7526 3
    endloop
  endfacet
  facet normal 0 0 1
    outer loop
      vertex 48.4 36.4 3
      vertex 47.772 33.5933 3
      vertex 47.7778 33.5985 3
    endloop
  endfacet
  facet normal 0 0 1
    outer loop
      vertex 48.4 36.4 3
      vertex 47.5804 33.4196 3
      vertex 47.772 33.5933 3
    endloop
  endfacet
  facet normal 0 0 1
    outer loop
      vertex 48.4 36.4 3
      vertex 47.4067 33.228 3
      vertex 47.5804 33.4196 3
    endloop
  endfacet
  facet normal 0 0 1
    outer loop
      vertex 48.4 36.4 3
      vertex 47.4015 33.2222 3
      vertex 47.4067 33.228 3
    endloop
  endfacet
  facet normal 0 0 1
    outer loop
      vertex 48.4 36.4 3
      vertex 47.2474 33.0145 3
      vertex 47.4015 33.2222 3
    endloop
  endfacet
  facet normal 0 0 1
    outer loop
      vertex 48.4 36.4 3
      vertex 47.2428 33.0082 3
      vertex 47.2474 33.0145 3
    endloop
  endfacet
  facet normal 0 0 1
    outer loop
      vertex 39.5415 29.6747 3
      vertex 47.2428 33.0082 3
      vertex 48.4 36.4 3
    endloop
  endfacet
  facet normal 0 0 1
    outer loop
      vertex 47.2428 33.0082 3
      vertex 39.5415 29.6747 3
      vertex 47.1098 32.7864 3
    endloop
  endfacet
  facet normal 0 0 1
    outer loop
      vertex 47.1098 32.7864 3
      vertex 39.5415 29.6747 3
      vertex 47.1058 32.7797 3
    endloop
  endfacet
  facet normal 0 0 1
    outer loop
      vertex 47.1058 32.7797 3
      vertex 39.5415 29.6747 3
      vertex 47.1025 32.7727 3
    endloop
  endfacet
  facet normal 0 0 1
    outer loop
      vertex 49.2339 28.7984 3
      vertex 46.1439 24.778 3
      vertex 46.7594 23.751 3
    endloop
  endfacet
  facet normal 0 0 1
    outer loop
      vertex 41.751 28.7594 3
      vertex 46.7853 31.5 3
      vertex 46.7857 31.5078 3
    endloop
  endfacet
  facet normal 0 0 1
    outer loop
      vertex 41.751 28.7594 3
      vertex 46.7857 31.5078 3
      vertex 46.7984 31.7661 3
    endloop
  endfacet
  facet normal 0 0 1
    outer loop
      vertex 48.4611 28.9919 3
      vertex 45.4307 25.7396 3
      vertex 46.1439 24.778 3
    endloop
  endfacet
  facet normal 0 0 1
    outer loop
      vertex 41.751 28.7594 3
      vertex 46.7984 31.7661 3
      vertex 46.8363 32.0219 3
    endloop
  endfacet
  facet normal 0 0 1
    outer loop
      vertex 41.751 28.7594 3
      vertex 46.8363 32.0219 3
      vertex 46.8375 32.0296 3
    endloop
  endfacet
  facet normal 0 0 1
    outer loop
      vertex 47.7778 29.4015 3
      vertex 44.6267 26.6267 3
      vertex 45.4307 25.7396 3
    endloop
  endfacet
  facet normal 0 0 1
    outer loop
      vertex 40.6687 29.2713 3
      vertex 46.8375 32.0296 3
      vertex 46.8393 32.0372 3
    endloop
  endfacet
  facet normal 0 0 1
    outer loop
      vertex 40.6687 29.2713 3
      vertex 46.8393 32.0372 3
      vertex 46.9022 32.288 3
    endloop
  endfacet
  facet normal 0 0 1
    outer loop
      vertex 40.6687 29.2713 3
      vertex 46.9022 32.288 3
      vertex 46.9048 32.2954 3
    endloop
  endfacet
  facet normal 0 0 1
    outer loop
      vertex 40.6687 29.2713 3
      vertex 46.9048 32.2954 3
      vertex 46.9919 32.5389 3
    endloop
  endfacet
  facet normal 0 0 1
    outer loop
      vertex 47.1025 32.7727 3
      vertex 39.5415 29.6747 3
      vertex 46.9919 32.5389 3
    endloop
  endfacet
  facet normal 0 0 1
    outer loop
      vertex 47.2474 29.9855 3
      vertex 43.7396 27.4307 3
      vertex 44.6267 26.6267 3
    endloop
  endfacet
  facet normal 0 0 1
    outer loop
      vertex 46.9919 30.4611 3
      vertex 42.778 28.1439 3
      vertex 43.7396 27.4307 3
    endloop
  endfacet
  facet normal 0 0 1
    outer loop
      vertex 46.7984 31.2339 3
      vertex 41.751 28.7594 3
      vertex 42.778 28.1439 3
    endloop
  endfacet
  facet normal 0 0 1
    outer loop
      vertex 46.8375 32.0296 3
      vertex 40.6687 29.2713 3
      vertex 41.751 28.7594 3
    endloop
  endfacet
  facet normal 0 0 1
    outer loop
      vertex 46.9919 32.5389 3
      vertex 39.5415 29.6747 3
      vertex 40.6687 29.2713 3
    endloop
  endfacet
  facet normal 0 0 1
    outer loop
      vertex 48.4 36.4 3
      vertex 38.3801 29.9656 3
      vertex 39.5415 29.6747 3
    endloop
  endfacet
  facet normal 0 0 1
    outer loop
      vertex 48.4 36.4 3
      vertex 37.1958 30.1413 3
      vertex 38.3801 29.9656 3
    endloop
  endfacet
  facet normal 0 0 1
    outer loop
      vertex 48.4 36.4 3
      vertex 36 30.2 3
      vertex 37.1958 30.1413 3
    endloop
  endfacet
  facet normal 0 0 1
    outer loop
      vertex 48.4 36.4 3
      vertex 34.8042 30.1413 3
      vertex 36 30.2 3
    endloop
  endfacet
  facet normal 0 0 1
    outer loop
      vertex 48.4 36.4 3
      vertex 33.6199 29.9656 3
      vertex 34.8042 30.1413 3
    endloop
  endfacet
  facet normal 0 0 1
    outer loop
      vertex 48.4 36.4 3
      vertex 32.4585 29.6747 3
      vertex 33.6199 29.9656 3
    endloop
  endfacet
  facet normal 0 0 1
    outer loop
      vertex 3.54147 29.6747 3
      vertex 32.4585 29.6747 3
      vertex 48.4 36.4 3
    endloop
  endfacet
  facet normal 0 0 1
    outer loop
      vertex 24.0344 -15.6199 3
      vertex 12.2 -18 3
      vertex 23.8587 -16.8042 3
    endloop
  endfacet
  facet normal 0 0 1
    outer loop
      vertex 23.8587 19.1958 3
      vertex 12.2 18 3
      vertex 23.8 18 3
    endloop
  endfacet
  facet normal 0 0 1
    outer loop
      vertex 12.1413 19.1958 3
      vertex 23.8587 19.1958 3
      vertex 24.0344 20.3801 3
    endloop
  endfacet
  facet normal 0 0 1
    outer loop
      vertex 11.9656 20.3801 3
      vertex 24.0344 20.3801 3
      vertex 24.3253 21.5415 3
    endloop
  endfacet
  facet normal 0 0 1
    outer loop
      vertex 11.6747 21.5415 3
      vertex 24.3253 21.5415 3
      vertex 24.7287 22.6687 3
    endloop
  endfacet
  facet normal 0 0 1
    outer loop
      vertex 11.2713 22.6687 3
      vertex 24.7287 22.6687 3
      vertex 25.2406 23.751 3
    endloop
  endfacet
  facet normal 0 0 1
    outer loop
      vertex 10.7594 23.751 3
      vertex 25.2406 23.751 3
      vertex 25.8561 24.778 3
    endloop
  endfacet
  facet normal 0 0 1
    outer loop
      vertex 10.1439 24.778 3
      vertex 25.8561 24.778 3
      vertex 26.5693 25.7396 3
    endloop
  endfacet
  facet normal 0 0 1
    outer loop
      vertex 9.43073 25.7396 3
      vertex 26.5693 25.7396 3
      vertex 27.3733 26.6267 3
    endloop
  endfacet
  facet normal 0 0 1
    outer loop
      vertex 8.6267 26.6267 3
      vertex 27.3733 26.6267 3
      vertex 28.2604 27.4307 3
    endloop
  endfacet
  facet normal 0 0 1
    outer loop
      vertex 7.7396 27.4307 3
      vertex 28.2604 27.4307 3
      vertex 29.222 28.1439 3
    endloop
  endfacet
  facet normal 0 0 1
    outer loop
      vertex 6.77796 28.1439 3
      vertex 29.222 28.1439 3
      vertex 30.249 28.7594 3
    endloop
  endfacet
  facet normal 0 0 1
    outer loop
      vertex 23.8587 19.1958 3
      vertex 12.1413 19.1958 3
      vertex 12.2 18 3
    endloop
  endfacet
  facet normal 0 0 1
    outer loop
      vertex 24.0344 20.3801 3
      vertex 11.9656 20.3801 3
      vertex 12.1413 19.1958 3
    endloop
  endfacet
  facet normal 0 0 1
    outer loop
      vertex 5.75104 28.7594 3
      vertex 30.249 28.7594 3
      vertex 31.3313 29.2713 3
    endloop
  endfacet
  facet normal 0 0 1
    outer loop
      vertex 24.3253 21.5415 3
      vertex 11.6747 21.5415 3
      vertex 11.9656 20.3801 3
    endloop
  endfacet
  facet normal 0 0 1
    outer loop
      vertex 32.4585 29.6747 3
      vertex 3.54147 29.6747 3
      vertex 31.3313 29.2713 3
    endloop
  endfacet
  facet normal 0 0 1
    outer loop
      vertex 24.7287 22.6687 3
      vertex 11.2713 22.6687 3
      vertex 11.6747 21.5415 3
    endloop
  endfacet
  facet normal 0 0 1
    outer loop
      vertex 25.2406 23.751 3
      vertex 10.7594 23.751 3
      vertex 11.2713 22.6687 3
    endloop
  endfacet
  facet normal 0 0 1
    outer loop
      vertex 25.8561 24.778 3
      vertex 10.1439 24.778 3
      vertex 10.7594 23.751 3
    endloop
  endfacet
  facet normal 0 0 1
    outer loop
      vertex 26.5693 25.7396 3
      vertex 9.43073 25.7396 3
      vertex 10.1439 24.778 3
    endloop
  endfacet
  facet normal 0 0 1
    outer loop
      vertex 27.3733 26.6267 3
      vertex 8.6267 26.6267 3
      vertex 9.43073 25.7396 3
    endloop
  endfacet
  facet normal 0 0 1
    outer loop
      vertex 28.2604 27.4307 3
      vertex 7.7396 27.4307 3
      vertex 8.6267 26.6267 3
    endloop
  endfacet
  facet normal 0 0 1
    outer loop
      vertex 29.222 28.1439 3
      vertex 6.77796 28.1439 3
      vertex 7.7396 27.4307 3
    endloop
  endfacet
  facet normal 0 0 1
    outer loop
      vertex 30.249 28.7594 3
      vertex 5.75104 28.7594 3
      vertex 6.77796 28.1439 3
    endloop
  endfacet
  facet normal 0 0 1
    outer loop
      vertex 31.3313 29.2713 3
      vertex 4.66874 29.2713 3
      vertex 5.75104 28.7594 3
    endloop
  endfacet
  facet normal 0 0 1
    outer loop
      vertex 31.3313 29.2713 3
      vertex 3.54147 29.6747 3
      vertex 4.66874 29.2713 3
    endloop
  endfacet
  facet normal 0 0 1
    outer loop
      vertex 48.4 36.4 3
      vertex 2.3801 29.9656 3
      vertex 3.54147 29.6747 3
    endloop
  endfacet
  facet normal 0 0 1
    outer loop
      vertex 48.4 36.4 3
      vertex 1.19581 30.1413 3
      vertex 2.3801 29.9656 3
    endloop
  endfacet
  facet normal 0 0 1
    outer loop
      vertex 48.4 36.4 3
      vertex 0 30.2 3
      vertex 1.19581 30.1413 3
    endloop
  endfacet
  facet normal -0 0 1
    outer loop
      vertex -48.4 36.4 3
      vertex 0 30.2 3
      vertex 48.4 36.4 3
    endloop
  endfacet
  facet normal 0 0 1
    outer loop
      vertex -11.9656 -15.6199 3
      vertex -23.8 -18 3
      vertex -12.1413 -16.8042 3
    endloop
  endfacet
  facet normal 0 0 1
    outer loop
      vertex -12.1413 19.1958 3
      vertex -23.8 18 3
      vertex -12.2 18 3
    endloop
  endfacet
  facet normal 0 0 1
    outer loop
      vertex -23.8587 19.1958 3
      vertex -12.1413 19.1958 3
      vertex -11.9656 20.3801 3
    endloop
  endfacet
  facet normal 0 0 1
    outer loop
      vertex -24.0344 20.3801 3
      vertex -11.9656 20.3801 3
      vertex -11.6747 21.5415 3
    endloop
  endfacet
  facet normal 0 0 1
    outer loop
      vertex -24.3253 21.5415 3
      vertex -11.6747 21.5415 3
      vertex -11.2713 22.6687 3
    endloop
  endfacet
  facet normal 0 0 1
    outer loop
      vertex -24.7287 22.6687 3
      vertex -11.2713 22.6687 3
      vertex -10.7594 23.751 3
    endloop
  endfacet
  facet normal 0 0 1
    outer loop
      vertex -25.2406 23.751 3
      vertex -10.7594 23.751 3
      vertex -10.1439 24.778 3
    endloop
  endfacet
  facet normal 0 0 1
    outer loop
      vertex -25.8561 24.778 3
      vertex -10.1439 24.778 3
      vertex -9.43073 25.7396 3
    endloop
  endfacet
  facet normal 0 0 1
    outer loop
      vertex -26.5693 25.7396 3
      vertex -9.43073 25.7396 3
      vertex -8.6267 26.6267 3
    endloop
  endfacet
  facet normal 0 0 1
    outer loop
      vertex -27.3733 26.6267 3
      vertex -8.6267 26.6267 3
      vertex -7.7396 27.4307 3
    endloop
  endfacet
  facet normal 0 0 1
    outer loop
      vertex -28.2604 27.4307 3
      vertex -7.7396 27.4307 3
      vertex -6.77796 28.1439 3
    endloop
  endfacet
  facet normal 0 0 1
    outer loop
      vertex -29.222 28.1439 3
      vertex -6.77796 28.1439 3
      vertex -5.75104 28.7594 3
    endloop
  endfacet
  facet normal 0 0 1
    outer loop
      vertex -12.1413 19.1958 3
      vertex -23.8587 19.1958 3
      vertex -23.8 18 3
    endloop
  endfacet
  facet normal 0 0 1
    outer loop
      vertex -11.9656 20.3801 3
      vertex -24.0344 20.3801 3
      vertex -23.8587 19.1958 3
    endloop
  endfacet
  facet normal 0 0 1
    outer loop
      vertex -30.249 28.7594 3
      vertex -5.75104 28.7594 3
      vertex -4.66874 29.2713 3
    endloop
  endfacet
  facet normal 0 0 1
    outer loop
      vertex -11.6747 21.5415 3
      vertex -24.3253 21.5415 3
      vertex -24.0344 20.3801 3
    endloop
  endfacet
  facet normal 0 0 1
    outer loop
      vertex -11.2713 22.6687 3
      vertex -24.7287 22.6687 3
      vertex -24.3253 21.5415 3
    endloop
  endfacet
  facet normal 0 0 1
    outer loop
      vertex -31.3313 29.2713 3
      vertex -4.66874 29.2713 3
      vertex -3.54147 29.6747 3
    endloop
  endfacet
  facet normal 0 0 1
    outer loop
      vertex -10.7594 23.751 3
      vertex -25.2406 23.751 3
      vertex -24.7287 22.6687 3
    endloop
  endfacet
  facet normal 0 0 1
    outer loop
      vertex -10.1439 24.778 3
      vertex -25.8561 24.778 3
      vertex -25.2406 23.751 3
    endloop
  endfacet
  facet normal 0 0 1
    outer loop
      vertex -48.4 36.4 3
      vertex -3.54147 29.6747 3
      vertex -2.3801 29.9656 3
    endloop
  endfacet
  facet normal 0 0 1
    outer loop
      vertex -9.43073 25.7396 3
      vertex -26.5693 25.7396 3
      vertex -25.8561 24.778 3
    endloop
  endfacet
  facet normal 0 0 1
    outer loop
      vertex -8.6267 26.6267 3
      vertex -27.3733 26.6267 3
      vertex -26.5693 25.7396 3
    endloop
  endfacet
  facet normal 0 0 1
    outer loop
      vertex -48.4 36.4 3
      vertex -2.3801 29.9656 3
      vertex -1.19581 30.1413 3
    endloop
  endfacet
  facet normal 0 0 1
    outer loop
      vertex -7.7396 27.4307 3
      vertex -28.2604 27.4307 3
      vertex -27.3733 26.6267 3
    endloop
  endfacet
  facet normal 0 0 1
    outer loop
      vertex 0 30.2 3
      vertex -48.4 36.4 3
      vertex -1.19581 30.1413 3
    endloop
  endfacet
  facet normal 0 0 1
    outer loop
      vertex -6.77796 28.1439 3
      vertex -29.222 28.1439 3
      vertex -28.2604 27.4307 3
    endloop
  endfacet
  facet normal 0 0 1
    outer loop
      vertex -5.75104 28.7594 3
      vertex -30.249 28.7594 3
      vertex -29.222 28.1439 3
    endloop
  endfacet
  facet normal 0 0 1
    outer loop
      vertex -4.66874 29.2713 3
      vertex -31.3313 29.2713 3
      vertex -30.249 28.7594 3
    endloop
  endfacet
  facet normal 0 0 1
    outer loop
      vertex -3.54147 29.6747 3
      vertex -32.4585 29.6747 3
      vertex -31.3313 29.2713 3
    endloop
  endfacet
  facet normal 0 0 1
    outer loop
      vertex -3.54147 29.6747 3
      vertex -48.4 36.4 3
      vertex -32.4585 29.6747 3
    endloop
  endfacet
  facet normal 0 0 1
    outer loop
      vertex -32.4585 29.6747 3
      vertex -48.4 36.4 3
      vertex -33.6199 29.9656 3
    endloop
  endfacet
  facet normal 0 0 1
    outer loop
      vertex -33.6199 29.9656 3
      vertex -48.4 36.4 3
      vertex -34.8042 30.1413 3
    endloop
  endfacet
  facet normal 0 0 1
    outer loop
      vertex -34.8042 30.1413 3
      vertex -48.4 36.4 3
      vertex -36 30.2 3
    endloop
  endfacet
  facet normal -0 0 1
    outer loop
      vertex -46.8393 30.9628 3
      vertex -42.778 28.1439 3
      vertex -46.8375 30.9704 3
    endloop
  endfacet
  facet normal -0 0 1
    outer loop
      vertex -46.8375 30.9704 3
      vertex -42.778 28.1439 3
      vertex -46.8363 30.9781 3
    endloop
  endfacet
  facet normal -0 0 1
    outer loop
      vertex -46.8363 30.9781 3
      vertex -42.778 28.1439 3
      vertex -46.7984 31.2339 3
    endloop
  endfacet
  facet normal 0 0 1
    outer loop
      vertex -41.751 28.7594 3
      vertex -46.7984 31.2339 3
      vertex -42.778 28.1439 3
    endloop
  endfacet
  facet normal -0 0 1
    outer loop
      vertex -46.7984 31.2339 3
      vertex -41.751 28.7594 3
      vertex -46.7857 31.4922 3
    endloop
  endfacet
  facet normal -0 0 1
    outer loop
      vertex -46.7857 31.4922 3
      vertex -41.751 28.7594 3
      vertex -46.7853 31.5 3
    endloop
  endfacet
  facet normal 0 0 1
    outer loop
      vertex -46.8363 32.0219 3
      vertex -41.751 28.7594 3
      vertex -40.6687 29.2713 3
    endloop
  endfacet
  facet normal 0 0 1
    outer loop
      vertex -46.9919 32.5389 3
      vertex -40.6687 29.2713 3
      vertex -39.5415 29.6747 3
    endloop
  endfacet
  facet normal 0 0 1
    outer loop
      vertex -48.4 36.4 3
      vertex -39.5415 29.6747 3
      vertex -38.3801 29.9656 3
    endloop
  endfacet
  facet normal 0 0 1
    outer loop
      vertex -48.4 36.4 3
      vertex -38.3801 29.9656 3
      vertex -37.1958 30.1413 3
    endloop
  endfacet
  facet normal 0 0 1
    outer loop
      vertex -36 30.2 3
      vertex -48.4 36.4 3
      vertex -37.1958 30.1413 3
    endloop
  endfacet
  facet normal 0 0 1
    outer loop
      vertex -41.751 28.7594 3
      vertex -46.7857 31.5078 3
      vertex -46.7853 31.5 3
    endloop
  endfacet
  facet normal 0 0 1
    outer loop
      vertex -41.751 28.7594 3
      vertex -46.7984 31.7661 3
      vertex -46.7857 31.5078 3
    endloop
  endfacet
  facet normal 0 0 1
    outer loop
      vertex -41.751 28.7594 3
      vertex -46.8363 32.0219 3
      vertex -46.7984 31.7661 3
    endloop
  endfacet
  facet normal 0 0 1
    outer loop
      vertex -40.6687 29.2713 3
      vertex -46.8375 32.0296 3
      vertex -46.8363 32.0219 3
    endloop
  endfacet
  facet normal 0 0 1
    outer loop
      vertex -40.6687 29.2713 3
      vertex -46.8393 32.0372 3
      vertex -46.8375 32.0296 3
    endloop
  endfacet
  facet normal 0 0 1
    outer loop
      vertex -40.6687 29.2713 3
      vertex -46.9022 32.288 3
      vertex -46.8393 32.0372 3
    endloop
  endfacet
  facet normal 0 0 1
    outer loop
      vertex -40.6687 29.2713 3
      vertex -46.9048 32.2954 3
      vertex -46.9022 32.288 3
    endloop
  endfacet
  facet normal 0 0 1
    outer loop
      vertex -40.6687 29.2713 3
      vertex -46.9919 32.5389 3
      vertex -46.9048 32.2954 3
    endloop
  endfacet
  facet normal 0 0 1
    outer loop
      vertex -39.5415 29.6747 3
      vertex -48.4 36.4 3
      vertex -47.2428 33.0082 3
    endloop
  endfacet
  facet normal 0 0 1
    outer loop
      vertex -39.5415 29.6747 3
      vertex -47.1025 32.7727 3
      vertex -46.9919 32.5389 3
    endloop
  endfacet
  facet normal 0 0 1
    outer loop
      vertex -39.5415 29.6747 3
      vertex -47.1058 32.7797 3
      vertex -47.1025 32.7727 3
    endloop
  endfacet
  facet normal 0 0 1
    outer loop
      vertex -39.5415 29.6747 3
      vertex -47.1098 32.7864 3
      vertex -47.1058 32.7797 3
    endloop
  endfacet
  facet normal 0 0 1
    outer loop
      vertex -39.5415 29.6747 3
      vertex -47.2428 33.0082 3
      vertex -47.1098 32.7864 3
    endloop
  endfacet
  facet normal 0 0 1
    outer loop
      vertex -47.2428 33.0082 3
      vertex -48.4 36.4 3
      vertex -47.2474 33.0145 3
    endloop
  endfacet
  facet normal 0 0 1
    outer loop
      vertex -47.2474 33.0145 3
      vertex -48.4 36.4 3
      vertex -47.4015 33.2222 3
    endloop
  endfacet
  facet normal 0 0 1
    outer loop
      vertex -47.4015 33.2222 3
      vertex -48.4 36.4 3
      vertex -47.4067 33.228 3
    endloop
  endfacet
  facet normal 0 0 1
    outer loop
      vertex -47.4067 33.228 3
      vertex -48.4 36.4 3
      vertex -47.5804 33.4196 3
    endloop
  endfacet
  facet normal 0 0 1
    outer loop
      vertex -47.5804 33.4196 3
      vertex -48.4 36.4 3
      vertex -47.772 33.5933 3
    endloop
  endfacet
  facet normal 0 0 1
    outer loop
      vertex -47.772 33.5933 3
      vertex -48.4 36.4 3
      vertex -47.7778 33.5985 3
    endloop
  endfacet
  facet normal 0 0 1
    outer loop
      vertex -47.7778 33.5985 3
      vertex -48.4 36.4 3
      vertex -47.9855 33.7526 3
    endloop
  endfacet
  facet normal 0 0 1
    outer loop
      vertex -47.9855 33.7526 3
      vertex -48.4 36.4 3
      vertex -47.9918 33.7572 3
    endloop
  endfacet
  facet normal 0 0 1
    outer loop
      vertex -47.9918 33.7572 3
      vertex -48.4 36.4 3
      vertex -48.2136 33.8902 3
    endloop
  endfacet
  facet normal 0 0 1
    outer loop
      vertex -48.2136 33.8902 3
      vertex -48.4 36.4 3
      vertex -48.2203 33.8942 3
    endloop
  endfacet
  facet normal 0 0 1
    outer loop
      vertex -48.2203 33.8942 3
      vertex -48.4 36.4 3
      vertex -48.2273 33.8975 3
    endloop
  endfacet
  facet normal 0 0 1
    outer loop
      vertex -48.4 36.4 3
      vertex -48.4611 34.0081 3
      vertex -48.2273 33.8975 3
    endloop
  endfacet
  facet normal 0 0 1
    outer loop
      vertex -48.4 36.4 3
      vertex -48.7046 34.0952 3
      vertex -48.4611 34.0081 3
    endloop
  endfacet
  facet normal 0 0 1
    outer loop
      vertex -48.4 36.4 3
      vertex -48.712 34.0978 3
      vertex -48.7046 34.0952 3
    endloop
  endfacet
  facet normal 0 0 1
    outer loop
      vertex -48.4 36.4 3
      vertex -48.9628 34.1607 3
      vertex -48.712 34.0978 3
    endloop
  endfacet
  facet normal -0 0 1
    outer loop
      vertex -48.9881 36.3711 3
      vertex -48.9628 34.1607 3
      vertex -48.4 36.4 3
    endloop
  endfacet
  facet normal 0 0 1
    outer loop
      vertex -48.9628 34.1607 3
      vertex -48.9881 36.3711 3
      vertex -48.9704 34.1625 3
    endloop
  endfacet
  facet normal 0 0 1
    outer loop
      vertex -48.9704 34.1625 3
      vertex -48.9881 36.3711 3
      vertex -48.9781 34.1637 3
    endloop
  endfacet
  facet normal 0 0 1
    outer loop
      vertex -48.9881 36.3711 3
      vertex -49.2339 34.2016 3
      vertex -48.9781 34.1637 3
    endloop
  endfacet
  facet normal -0 0 1
    outer loop
      vertex -49.5705 36.2847 3
      vertex -49.2339 34.2016 3
      vertex -48.9881 36.3711 3
    endloop
  endfacet
  facet normal 0 0 1
    outer loop
      vertex -49.2339 34.2016 3
      vertex -49.5705 36.2847 3
      vertex -49.4922 34.2143 3
    endloop
  endfacet
  facet normal 0 0 1
    outer loop
      vertex -49.4922 34.2143 3
      vertex -49.5705 36.2847 3
      vertex -49.5 34.2147 3
    endloop
  endfacet
  facet normal 0 0 1
    outer loop
      vertex -49.5 34.2147 3
      vertex -49.5705 36.2847 3
      vertex -49.5078 34.2143 3
    endloop
  endfacet
  facet normal -0 0 1
    outer loop
      vertex -50.1417 36.1416 3
      vertex -49.5078 34.2143 3
      vertex -49.5705 36.2847 3
    endloop
  endfacet
  facet normal 0 0 1
    outer loop
      vertex -49.5078 34.2143 3
      vertex -50.1417 36.1416 3
      vertex -49.7661 34.2016 3
    endloop
  endfacet
  facet normal 0 0 1
    outer loop
      vertex -49.7661 34.2016 3
      vertex -50.1417 36.1416 3
      vertex -50.0219 34.1637 3
    endloop
  endfacet
  facet normal -0 0 1
    outer loop
      vertex -50.6961 35.9433 3
      vertex -50.0219 34.1637 3
      vertex -50.1417 36.1416 3
    endloop
  endfacet
  facet normal 0 0 1
    outer loop
      vertex -50.0219 34.1637 3
      vertex -50.6961 35.9433 3
      vertex -50.0296 34.1625 3
    endloop
  endfacet
  facet normal 0 0 1
    outer loop
      vertex -50.0296 34.1625 3
      vertex -50.6961 35.9433 3
      vertex -50.0372 34.1607 3
    endloop
  endfacet
  facet normal 0 0 1
    outer loop
      vertex -50.0372 34.1607 3
      vertex -50.6961 35.9433 3
      vertex -50.288 34.0978 3
    endloop
  endfacet
  facet normal -0 0 1
    outer loop
      vertex -51.2284 35.6915 3
      vertex -50.288 34.0978 3
      vertex -50.6961 35.9433 3
    endloop
  endfacet
  facet normal 0 0 1
    outer loop
      vertex -50.288 34.0978 3
      vertex -51.2284 35.6915 3
      vertex -50.2954 34.0952 3
    endloop
  endfacet
  facet normal 0 0 1
    outer loop
      vertex -50.2954 34.0952 3
      vertex -51.2284 35.6915 3
      vertex -50.5389 34.0081 3
    endloop
  endfacet
  facet normal -0 0 1
    outer loop
      vertex -51.7334 35.3888 3
      vertex -50.5389 34.0081 3
      vertex -51.2284 35.6915 3
    endloop
  endfacet
  facet normal 0 0 1
    outer loop
      vertex -50.5389 34.0081 3
      vertex -51.7334 35.3888 3
      vertex -50.7727 33.8975 3
    endloop
  endfacet
  facet normal 0 0 1
    outer loop
      vertex -50.7727 33.8975 3
      vertex -51.7334 35.3888 3
      vertex -50.7797 33.8942 3
    endloop
  endfacet
  facet normal 0 0 1
    outer loop
      vertex -50.7797 33.8942 3
      vertex -51.7334 35.3888 3
      vertex -50.7864 33.8902 3
    endloop
  endfacet
  facet normal 0 0 1
    outer loop
      vertex -50.7864 33.8902 3
      vertex -51.7334 35.3888 3
      vertex -51.0082 33.7572 3
    endloop
  endfacet
  facet normal -0 0 1
    outer loop
      vertex -52.2064 35.0381 3
      vertex -51.0082 33.7572 3
      vertex -51.7334 35.3888 3
    endloop
  endfacet
  facet normal 0 0 1
    outer loop
      vertex -51.0082 33.7572 3
      vertex -52.2064 35.0381 3
      vertex -51.0145 33.7526 3
    endloop
  endfacet
  facet normal 0 0 1
    outer loop
      vertex -51.0145 33.7526 3
      vertex -52.2064 35.0381 3
      vertex -51.2222 33.5985 3
    endloop
  endfacet
  facet normal 0 0 1
    outer loop
      vertex -51.2222 33.5985 3
      vertex -52.2064 35.0381 3
      vertex -51.228 33.5933 3
    endloop
  endfacet
  facet normal -0 0 1
    outer loop
      vertex -52.6426 34.6426 3
      vertex -51.228 33.5933 3
      vertex -52.2064 35.0381 3
    endloop
  endfacet
  facet normal 0 0 1
    outer loop
      vertex -51.228 33.5933 3
      vertex -52.6426 34.6426 3
      vertex -51.4196 33.4196 3
    endloop
  endfacet
  facet normal 0 0 1
    outer loop
      vertex -51.4196 33.4196 3
      vertex -52.6426 34.6426 3
      vertex -51.5933 33.228 3
    endloop
  endfacet
  facet normal -0 0 1
    outer loop
      vertex -53.0381 34.2064 3
      vertex -51.5933 33.228 3
      vertex -52.6426 34.6426 3
    endloop
  endfacet
  facet normal 0 0 1
    outer loop
      vertex -51.5933 33.228 3
      vertex -53.0381 34.2064 3
      vertex -51.5985 33.2222 3
    endloop
  endfacet
  facet normal 0 0 1
    outer loop
      vertex -51.5985 33.2222 3
      vertex -53.0381 34.2064 3
      vertex -51.7526 33.0145 3
    endloop
  endfacet
  facet normal 0 0 1
    outer loop
      vertex -51.7526 33.0145 3
      vertex -53.0381 34.2064 3
      vertex -51.7572 33.0082 3
    endloop
  endfacet
  facet normal -0 0 1
    outer loop
      vertex -53.3888 33.7334 3
      vertex -51.7572 33.0082 3
      vertex -53.0381 34.2064 3
    endloop
  endfacet
  facet normal 0 0 1
    outer loop
      vertex -51.7572 33.0082 3
      vertex -53.3888 33.7334 3
      vertex -51.8902 32.7864 3
    endloop
  endfacet
  facet normal 0 0 1
    outer loop
      vertex -51.8902 32.7864 3
      vertex -53.3888 33.7334 3
      vertex -51.8942 32.7797 3
    endloop
  endfacet
  facet normal 0 0 1
    outer loop
      vertex -51.8942 32.7797 3
      vertex -53.3888 33.7334 3
      vertex -51.8975 32.7727 3
    endloop
  endfacet
  facet normal 0 0 1
    outer loop
      vertex -51.8975 32.7727 3
      vertex -53.3888 33.7334 3
      vertex -52.0081 32.5389 3
    endloop
  endfacet
  facet normal -0 0 1
    outer loop
      vertex -53.6915 33.2284 3
      vertex -52.0081 32.5389 3
      vertex -53.3888 33.7334 3
    endloop
  endfacet
  facet normal 0 0 1
    outer loop
      vertex -52.0081 32.5389 3
      vertex -53.6915 33.2284 3
      vertex -52.0952 32.2954 3
    endloop
  endfacet
  facet normal 0 0 1
    outer loop
      vertex -52.0952 32.2954 3
      vertex -53.6915 33.2284 3
      vertex -52.0978 32.288 3
    endloop
  endfacet
  facet normal -0 0 1
    outer loop
      vertex -53.9433 32.6961 3
      vertex -52.0978 32.288 3
      vertex -53.6915 33.2284 3
    endloop
  endfacet
  facet normal 0 0 1
    outer loop
      vertex -52.0978 32.288 3
      vertex -53.9433 32.6961 3
      vertex -52.1607 32.0372 3
    endloop
  endfacet
  facet normal 0 0 1
    outer loop
      vertex -52.1625 32.0296 3
      vertex -53.9433 32.6961 3
      vertex -52.1637 32.0219 3
    endloop
  endfacet
  facet normal 0 0 1
    outer loop
      vertex -52.1607 32.0372 3
      vertex -53.9433 32.6961 3
      vertex -52.1625 32.0296 3
    endloop
  endfacet
  facet normal -0 0 1
    outer loop
      vertex 52.1625 -32.0296 3
      vertex 53.9433 -32.6961 3
      vertex 52.1637 -32.0219 3
    endloop
  endfacet
  facet normal -0 0 1
    outer loop
      vertex 52.1607 -32.0372 3
      vertex 53.9433 -32.6961 3
      vertex 52.1625 -32.0296 3
    endloop
  endfacet
  facet normal -0 0 1
    outer loop
      vertex 52.0978 -32.288 3
      vertex 53.9433 -32.6961 3
      vertex 52.1607 -32.0372 3
    endloop
  endfacet
  facet normal 0 0 1
    outer loop
      vertex 53.9433 -32.6961 3
      vertex 52.0978 -32.288 3
      vertex 53.6915 -33.2284 3
    endloop
  endfacet
  facet normal -0 0 1
    outer loop
      vertex 52.0952 -32.2954 3
      vertex 53.6915 -33.2284 3
      vertex 52.0978 -32.288 3
    endloop
  endfacet
  facet normal -0 0 1
    outer loop
      vertex 52.0081 -32.5389 3
      vertex 53.6915 -33.2284 3
      vertex 52.0952 -32.2954 3
    endloop
  endfacet
  facet normal 0 0 1
    outer loop
      vertex 53.6915 -33.2284 3
      vertex 52.0081 -32.5389 3
      vertex 53.3888 -33.7334 3
    endloop
  endfacet
  facet normal -0 0 1
    outer loop
      vertex 51.8975 -32.7727 3
      vertex 53.3888 -33.7334 3
      vertex 52.0081 -32.5389 3
    endloop
  endfacet
  facet normal -0 0 1
    outer loop
      vertex 51.8942 -32.7797 3
      vertex 53.3888 -33.7334 3
      vertex 51.8975 -32.7727 3
    endloop
  endfacet
  facet normal -0 0 1
    outer loop
      vertex 51.8902 -32.7864 3
      vertex 53.3888 -33.7334 3
      vertex 51.8942 -32.7797 3
    endloop
  endfacet
  facet normal -0 0 1
    outer loop
      vertex 51.7572 -33.0082 3
      vertex 53.3888 -33.7334 3
      vertex 51.8902 -32.7864 3
    endloop
  endfacet
  facet normal 0 0 1
    outer loop
      vertex 53.3888 -33.7334 3
      vertex 51.7572 -33.0082 3
      vertex 53.0381 -34.2064 3
    endloop
  endfacet
  facet normal -0 0 1
    outer loop
      vertex 51.7526 -33.0145 3
      vertex 53.0381 -34.2064 3
      vertex 51.7572 -33.0082 3
    endloop
  endfacet
  facet normal -0 0 1
    outer loop
      vertex 51.5985 -33.2222 3
      vertex 53.0381 -34.2064 3
      vertex 51.7526 -33.0145 3
    endloop
  endfacet
  facet normal -0 0 1
    outer loop
      vertex 51.5933 -33.228 3
      vertex 53.0381 -34.2064 3
      vertex 51.5985 -33.2222 3
    endloop
  endfacet
  facet normal 0 0 1
    outer loop
      vertex 53.0381 -34.2064 3
      vertex 51.5933 -33.228 3
      vertex 52.6426 -34.6426 3
    endloop
  endfacet
  facet normal -0 0 1
    outer loop
      vertex 51.4196 -33.4196 3
      vertex 52.6426 -34.6426 3
      vertex 51.5933 -33.228 3
    endloop
  endfacet
  facet normal -0 0 1
    outer loop
      vertex 51.228 -33.5933 3
      vertex 52.6426 -34.6426 3
      vertex 51.4196 -33.4196 3
    endloop
  endfacet
  facet normal 0 0 1
    outer loop
      vertex 52.6426 -34.6426 3
      vertex 51.228 -33.5933 3
      vertex 52.2064 -35.0381 3
    endloop
  endfacet
  facet normal -0 0 1
    outer loop
      vertex 51.2222 -33.5985 3
      vertex 52.2064 -35.0381 3
      vertex 51.228 -33.5933 3
    endloop
  endfacet
  facet normal -0 0 1
    outer loop
      vertex 51.0145 -33.7526 3
      vertex 52.2064 -35.0381 3
      vertex 51.2222 -33.5985 3
    endloop
  endfacet
  facet normal -0 0 1
    outer loop
      vertex 51.0082 -33.7572 3
      vertex 52.2064 -35.0381 3
      vertex 51.0145 -33.7526 3
    endloop
  endfacet
  facet normal 0 0 1
    outer loop
      vertex 52.2064 -35.0381 3
      vertex 51.0082 -33.7572 3
      vertex 51.7334 -35.3888 3
    endloop
  endfacet
  facet normal -0 0 1
    outer loop
      vertex 50.7864 -33.8902 3
      vertex 51.7334 -35.3888 3
      vertex 51.0082 -33.7572 3
    endloop
  endfacet
  facet normal -0 0 1
    outer loop
      vertex 50.7797 -33.8942 3
      vertex 51.7334 -35.3888 3
      vertex 50.7864 -33.8902 3
    endloop
  endfacet
  facet normal -0 0 1
    outer loop
      vertex 50.7727 -33.8975 3
      vertex 51.7334 -35.3888 3
      vertex 50.7797 -33.8942 3
    endloop
  endfacet
  facet normal -0 0 1
    outer loop
      vertex 50.5389 -34.0081 3
      vertex 51.7334 -35.3888 3
      vertex 50.7727 -33.8975 3
    endloop
  endfacet
  facet normal 0 0 1
    outer loop
      vertex 51.7334 -35.3888 3
      vertex 50.5389 -34.0081 3
      vertex 51.2284 -35.6915 3
    endloop
  endfacet
  facet normal -0 0 1
    outer loop
      vertex 50.2954 -34.0952 3
      vertex 51.2284 -35.6915 3
      vertex 50.5389 -34.0081 3
    endloop
  endfacet
  facet normal -0 0 1
    outer loop
      vertex 50.288 -34.0978 3
      vertex 51.2284 -35.6915 3
      vertex 50.2954 -34.0952 3
    endloop
  endfacet
  facet normal 0 0 1
    outer loop
      vertex 51.2284 -35.6915 3
      vertex 50.288 -34.0978 3
      vertex 50.6961 -35.9433 3
    endloop
  endfacet
  facet normal -0 0 1
    outer loop
      vertex 50.0372 -34.1607 3
      vertex 50.6961 -35.9433 3
      vertex 50.288 -34.0978 3
    endloop
  endfacet
  facet normal -0 0 1
    outer loop
      vertex 50.0296 -34.1625 3
      vertex 50.6961 -35.9433 3
      vertex 50.0372 -34.1607 3
    endloop
  endfacet
  facet normal -0 0 1
    outer loop
      vertex 50.0219 -34.1637 3
      vertex 50.6961 -35.9433 3
      vertex 50.0296 -34.1625 3
    endloop
  endfacet
  facet normal 0 0 1
    outer loop
      vertex 50.6961 -35.9433 3
      vertex 50.0219 -34.1637 3
      vertex 50.1417 -36.1416 3
    endloop
  endfacet
  facet normal -0 0 1
    outer loop
      vertex 49.7661 -34.2016 3
      vertex 50.1417 -36.1416 3
      vertex 50.0219 -34.1637 3
    endloop
  endfacet
  facet normal -0 0 1
    outer loop
      vertex 49.5078 -34.2143 3
      vertex 50.1417 -36.1416 3
      vertex 49.7661 -34.2016 3
    endloop
  endfacet
  facet normal 0 0 1
    outer loop
      vertex 50.1417 -36.1416 3
      vertex 49.5078 -34.2143 3
      vertex 49.5705 -36.2847 3
    endloop
  endfacet
  facet normal -0 0 1
    outer loop
      vertex 49.5 -34.2147 3
      vertex 49.5705 -36.2847 3
      vertex 49.5078 -34.2143 3
    endloop
  endfacet
  facet normal 0 0 1
    outer loop
      vertex 49.4922 -34.2143 3
      vertex 49.5705 -36.2847 3
      vertex 49.5 -34.2147 3
    endloop
  endfacet
  facet normal 0 0 1
    outer loop
      vertex 49.2339 -34.2016 3
      vertex 49.5705 -36.2847 3
      vertex 49.4922 -34.2143 3
    endloop
  endfacet
  facet normal 0 0 1
    outer loop
      vertex 49.2339 -34.2016 3
      vertex 48.9881 -36.3711 3
      vertex 49.5705 -36.2847 3
    endloop
  endfacet
  facet normal 0 0 1
    outer loop
      vertex 48.9781 -34.1637 3
      vertex 48.9881 -36.3711 3
      vertex 49.2339 -34.2016 3
    endloop
  endfacet
  facet normal 0 0 1
    outer loop
      vertex 48.9704 -34.1625 3
      vertex 48.9881 -36.3711 3
      vertex 48.9781 -34.1637 3
    endloop
  endfacet
  facet normal 0 0 1
    outer loop
      vertex 48.9628 -34.1607 3
      vertex 48.9881 -36.3711 3
      vertex 48.9704 -34.1625 3
    endloop
  endfacet
  facet normal 0 0 1
    outer loop
      vertex 48.4 -36.4 3
      vertex 48.9628 -34.1607 3
      vertex 48.712 -34.0978 3
    endloop
  endfacet
  facet normal 0 0 1
    outer loop
      vertex 48.4 -36.4 3
      vertex 48.712 -34.0978 3
      vertex 48.7046 -34.0952 3
    endloop
  endfacet
  facet normal 0 0 1
    outer loop
      vertex 48.4 -36.4 3
      vertex 48.7046 -34.0952 3
      vertex 48.4611 -34.0081 3
    endloop
  endfacet
  facet normal 0 0 1
    outer loop
      vertex 48.9628 -34.1607 3
      vertex 48.4 -36.4 3
      vertex 48.9881 -36.3711 3
    endloop
  endfacet
  facet normal 0 0 1
    outer loop
      vertex 48.2273 -33.8975 3
      vertex 48.4 -36.4 3
      vertex 48.4611 -34.0081 3
    endloop
  endfacet
  facet normal 0 0 1
    outer loop
      vertex 48.2203 -33.8942 3
      vertex 48.4 -36.4 3
      vertex 48.2273 -33.8975 3
    endloop
  endfacet
  facet normal 0 0 1
    outer loop
      vertex 48.2136 -33.8902 3
      vertex 48.4 -36.4 3
      vertex 48.2203 -33.8942 3
    endloop
  endfacet
  facet normal 0 0 1
    outer loop
      vertex 47.9918 -33.7572 3
      vertex 48.4 -36.4 3
      vertex 48.2136 -33.8902 3
    endloop
  endfacet
  facet normal 0 0 1
    outer loop
      vertex 47.9855 -33.7526 3
      vertex 48.4 -36.4 3
      vertex 47.9918 -33.7572 3
    endloop
  endfacet
  facet normal 0 0 1
    outer loop
      vertex 47.7778 -33.5985 3
      vertex 48.4 -36.4 3
      vertex 47.9855 -33.7526 3
    endloop
  endfacet
  facet normal 0 0 1
    outer loop
      vertex 47.772 -33.5933 3
      vertex 48.4 -36.4 3
      vertex 47.7778 -33.5985 3
    endloop
  endfacet
  facet normal 0 0 1
    outer loop
      vertex 47.5804 -33.4196 3
      vertex 48.4 -36.4 3
      vertex 47.772 -33.5933 3
    endloop
  endfacet
  facet normal 0 0 1
    outer loop
      vertex 47.4067 -33.228 3
      vertex 48.4 -36.4 3
      vertex 47.5804 -33.4196 3
    endloop
  endfacet
  facet normal 0 0 1
    outer loop
      vertex 47.4015 -33.2222 3
      vertex 48.4 -36.4 3
      vertex 47.4067 -33.228 3
    endloop
  endfacet
  facet normal 0 0 1
    outer loop
      vertex 47.2474 -33.0145 3
      vertex 48.4 -36.4 3
      vertex 47.4015 -33.2222 3
    endloop
  endfacet
  facet normal 0 0 1
    outer loop
      vertex 47.2428 -33.0082 3
      vertex 48.4 -36.4 3
      vertex 47.2474 -33.0145 3
    endloop
  endfacet
  facet normal 0 0 1
    outer loop
      vertex 39.5415 -29.6747 3
      vertex 47.2428 -33.0082 3
      vertex 47.1098 -32.7864 3
    endloop
  endfacet
  facet normal 0 0 1
    outer loop
      vertex 39.5415 -29.6747 3
      vertex 47.1098 -32.7864 3
      vertex 47.1058 -32.7797 3
    endloop
  endfacet
  facet normal 0 0 1
    outer loop
      vertex 39.5415 -29.6747 3
      vertex 47.1058 -32.7797 3
      vertex 47.1025 -32.7727 3
    endloop
  endfacet
  facet normal 0 0 1
    outer loop
      vertex 39.5415 -29.6747 3
      vertex 47.1025 -32.7727 3
      vertex 46.9919 -32.5389 3
    endloop
  endfacet
  facet normal 0 0 1
    outer loop
      vertex 46.8393 -30.9628 3
      vertex 42.778 -28.1439 3
      vertex 46.8375 -30.9704 3
    endloop
  endfacet
  facet normal 0 0 1
    outer loop
      vertex 46.8375 -30.9704 3
      vertex 42.778 -28.1439 3
      vertex 46.8363 -30.9781 3
    endloop
  endfacet
  facet normal 0 0 1
    outer loop
      vertex 46.8363 -30.9781 3
      vertex 42.778 -28.1439 3
      vertex 46.7984 -31.2339 3
    endloop
  endfacet
  facet normal -0 0 1
    outer loop
      vertex 41.751 -28.7594 3
      vertex 46.7984 -31.2339 3
      vertex 42.778 -28.1439 3
    endloop
  endfacet
  facet normal 0 0 1
    outer loop
      vertex 46.7984 -31.2339 3
      vertex 41.751 -28.7594 3
      vertex 46.7857 -31.4922 3
    endloop
  endfacet
  facet normal 0 0 1
    outer loop
      vertex 46.7857 -31.4922 3
      vertex 41.751 -28.7594 3
      vertex 46.7853 -31.5 3
    endloop
  endfacet
  facet normal 0 0 1
    outer loop
      vertex 46.7853 -31.5 3
      vertex 41.751 -28.7594 3
      vertex 46.7857 -31.5078 3
    endloop
  endfacet
  facet normal 0 0 1
    outer loop
      vertex 46.7857 -31.5078 3
      vertex 41.751 -28.7594 3
      vertex 46.7984 -31.7661 3
    endloop
  endfacet
  facet normal 0 0 1
    outer loop
      vertex 46.7984 -31.7661 3
      vertex 41.751 -28.7594 3
      vertex 46.8363 -32.0219 3
    endloop
  endfacet
  facet normal 0 0 1
    outer loop
      vertex 46.8363 -32.0219 3
      vertex 41.751 -28.7594 3
      vertex 46.8375 -32.0296 3
    endloop
  endfacet
  facet normal -0 0 1
    outer loop
      vertex 40.6687 -29.2713 3
      vertex 46.8375 -32.0296 3
      vertex 41.751 -28.7594 3
    endloop
  endfacet
  facet normal 0 0 1
    outer loop
      vertex 46.8375 -32.0296 3
      vertex 40.6687 -29.2713 3
      vertex 46.8393 -32.0372 3
    endloop
  endfacet
  facet normal 0 0 1
    outer loop
      vertex 46.8393 -32.0372 3
      vertex 40.6687 -29.2713 3
      vertex 46.9022 -32.288 3
    endloop
  endfacet
  facet normal 0 0 1
    outer loop
      vertex 46.9022 -32.288 3
      vertex 40.6687 -29.2713 3
      vertex 46.9048 -32.2954 3
    endloop
  endfacet
  facet normal 0 0 1
    outer loop
      vertex 46.9048 -32.2954 3
      vertex 40.6687 -29.2713 3
      vertex 46.9919 -32.5389 3
    endloop
  endfacet
  facet normal -0 0 1
    outer loop
      vertex 39.5415 -29.6747 3
      vertex 46.9919 -32.5389 3
      vertex 40.6687 -29.2713 3
    endloop
  endfacet
  facet normal 0 0 1
    outer loop
      vertex 47.2428 -33.0082 3
      vertex 39.5415 -29.6747 3
      vertex 48.4 -36.4 3
    endloop
  endfacet
  facet normal -0 0 1
    outer loop
      vertex 38.3801 -29.9656 3
      vertex 48.4 -36.4 3
      vertex 39.5415 -29.6747 3
    endloop
  endfacet
  facet normal -0 0 1
    outer loop
      vertex 37.1958 -30.1413 3
      vertex 48.4 -36.4 3
      vertex 38.3801 -29.9656 3
    endloop
  endfacet
  facet normal -0 0 1
    outer loop
      vertex 36 -30.2 3
      vertex 48.4 -36.4 3
      vertex 37.1958 -30.1413 3
    endloop
  endfacet
  facet normal 0 0 1
    outer loop
      vertex 34.8042 -30.1413 3
      vertex 48.4 -36.4 3
      vertex 36 -30.2 3
    endloop
  endfacet
  facet normal 0 0 1
    outer loop
      vertex 33.6199 -29.9656 3
      vertex 48.4 -36.4 3
      vertex 34.8042 -30.1413 3
    endloop
  endfacet
  facet normal 0 0 1
    outer loop
      vertex 32.4585 -29.6747 3
      vertex 48.4 -36.4 3
      vertex 33.6199 -29.9656 3
    endloop
  endfacet
  facet normal 0 0 1
    outer loop
      vertex 3.54147 -29.6747 3
      vertex 32.4585 -29.6747 3
      vertex 31.3313 -29.2713 3
    endloop
  endfacet
  facet normal 0 0 1
    outer loop
      vertex 23.8587 -16.8042 3
      vertex 12.2 -18 3
      vertex 23.8 -18 3
    endloop
  endfacet
  facet normal 0 0 1
    outer loop
      vertex 23.8 -18 3
      vertex 12.2 -18 3
      vertex 23.8587 -19.1958 3
    endloop
  endfacet
  facet normal 0 0 1
    outer loop
      vertex 12.1413 -19.1958 3
      vertex 23.8587 -19.1958 3
      vertex 12.2 -18 3
    endloop
  endfacet
  facet normal 0 0 1
    outer loop
      vertex 23.8587 -19.1958 3
      vertex 12.1413 -19.1958 3
      vertex 24.0344 -20.3801 3
    endloop
  endfacet
  facet normal 0 0 1
    outer loop
      vertex 11.9656 -20.3801 3
      vertex 24.0344 -20.3801 3
      vertex 12.1413 -19.1958 3
    endloop
  endfacet
  facet normal 0 0 1
    outer loop
      vertex 24.0344 -20.3801 3
      vertex 11.9656 -20.3801 3
      vertex 24.3253 -21.5415 3
    endloop
  endfacet
  facet normal 0 0 1
    outer loop
      vertex 11.6747 -21.5415 3
      vertex 24.3253 -21.5415 3
      vertex 11.9656 -20.3801 3
    endloop
  endfacet
  facet normal 0 0 1
    outer loop
      vertex 24.3253 -21.5415 3
      vertex 11.6747 -21.5415 3
      vertex 24.7287 -22.6687 3
    endloop
  endfacet
  facet normal 0 0 1
    outer loop
      vertex 11.2713 -22.6687 3
      vertex 24.7287 -22.6687 3
      vertex 11.6747 -21.5415 3
    endloop
  endfacet
  facet normal 0 0 1
    outer loop
      vertex 24.7287 -22.6687 3
      vertex 11.2713 -22.6687 3
      vertex 25.2406 -23.751 3
    endloop
  endfacet
  facet normal 0 0 1
    outer loop
      vertex 10.7594 -23.751 3
      vertex 25.2406 -23.751 3
      vertex 11.2713 -22.6687 3
    endloop
  endfacet
  facet normal 0 0 1
    outer loop
      vertex 25.2406 -23.751 3
      vertex 10.7594 -23.751 3
      vertex 25.8561 -24.778 3
    endloop
  endfacet
  facet normal 0 0 1
    outer loop
      vertex 10.1439 -24.778 3
      vertex 25.8561 -24.778 3
      vertex 10.7594 -23.751 3
    endloop
  endfacet
  facet normal 0 0 1
    outer loop
      vertex 25.8561 -24.778 3
      vertex 10.1439 -24.778 3
      vertex 26.5693 -25.7396 3
    endloop
  endfacet
  facet normal 0 0 1
    outer loop
      vertex 9.43073 -25.7396 3
      vertex 26.5693 -25.7396 3
      vertex 10.1439 -24.778 3
    endloop
  endfacet
  facet normal 0 0 1
    outer loop
      vertex 26.5693 -25.7396 3
      vertex 9.43073 -25.7396 3
      vertex 27.3733 -26.6267 3
    endloop
  endfacet
  facet normal 0 0 1
    outer loop
      vertex 8.6267 -26.6267 3
      vertex 27.3733 -26.6267 3
      vertex 9.43073 -25.7396 3
    endloop
  endfacet
  facet normal 0 0 1
    outer loop
      vertex 27.3733 -26.6267 3
      vertex 8.6267 -26.6267 3
      vertex 28.2604 -27.4307 3
    endloop
  endfacet
  facet normal 0 0 1
    outer loop
      vertex 7.7396 -27.4307 3
      vertex 28.2604 -27.4307 3
      vertex 8.6267 -26.6267 3
    endloop
  endfacet
  facet normal 0 0 1
    outer loop
      vertex 28.2604 -27.4307 3
      vertex 7.7396 -27.4307 3
      vertex 29.222 -28.1439 3
    endloop
  endfacet
  facet normal 0 0 1
    outer loop
      vertex 6.77796 -28.1439 3
      vertex 29.222 -28.1439 3
      vertex 7.7396 -27.4307 3
    endloop
  endfacet
  facet normal 0 0 1
    outer loop
      vertex 29.222 -28.1439 3
      vertex 6.77796 -28.1439 3
      vertex 30.249 -28.7594 3
    endloop
  endfacet
  facet normal 0 0 1
    outer loop
      vertex 5.75104 -28.7594 3
      vertex 30.249 -28.7594 3
      vertex 6.77796 -28.1439 3
    endloop
  endfacet
  facet normal 0 0 1
    outer loop
      vertex 30.249 -28.7594 3
      vertex 5.75104 -28.7594 3
      vertex 31.3313 -29.2713 3
    endloop
  endfacet
  facet normal 0 0 1
    outer loop
      vertex 4.66874 -29.2713 3
      vertex 31.3313 -29.2713 3
      vertex 5.75104 -28.7594 3
    endloop
  endfacet
  facet normal 0 0 1
    outer loop
      vertex 3.54147 -29.6747 3
      vertex 31.3313 -29.2713 3
      vertex 4.66874 -29.2713 3
    endloop
  endfacet
  facet normal 0 0 1
    outer loop
      vertex 32.4585 -29.6747 3
      vertex 3.54147 -29.6747 3
      vertex 48.4 -36.4 3
    endloop
  endfacet
  facet normal -0 0 1
    outer loop
      vertex 2.3801 -29.9656 3
      vertex 48.4 -36.4 3
      vertex 3.54147 -29.6747 3
    endloop
  endfacet
  facet normal -0 0 1
    outer loop
      vertex 1.19581 -30.1413 3
      vertex 48.4 -36.4 3
      vertex 2.3801 -29.9656 3
    endloop
  endfacet
  facet normal -0 0 1
    outer loop
      vertex 0 -30.2 3
      vertex 48.4 -36.4 3
      vertex 1.19581 -30.1413 3
    endloop
  endfacet
  facet normal 0 0 1
    outer loop
      vertex -48.4 -36.4 3
      vertex 0 -30.2 3
      vertex -1.19581 -30.1413 3
    endloop
  endfacet
  facet normal 0 0 1
    outer loop
      vertex -12.1413 -16.8042 3
      vertex -23.8 -18 3
      vertex -12.2 -18 3
    endloop
  endfacet
  facet normal 0 0 1
    outer loop
      vertex -12.2 -18 3
      vertex -23.8 -18 3
      vertex -12.1413 -19.1958 3
    endloop
  endfacet
  facet normal 0 0 1
    outer loop
      vertex -23.8587 -19.1958 3
      vertex -12.1413 -19.1958 3
      vertex -23.8 -18 3
    endloop
  endfacet
  facet normal 0 0 1
    outer loop
      vertex -12.1413 -19.1958 3
      vertex -23.8587 -19.1958 3
      vertex -11.9656 -20.3801 3
    endloop
  endfacet
  facet normal 0 0 1
    outer loop
      vertex -24.0344 -20.3801 3
      vertex -11.9656 -20.3801 3
      vertex -23.8587 -19.1958 3
    endloop
  endfacet
  facet normal 0 0 1
    outer loop
      vertex -11.9656 -20.3801 3
      vertex -24.0344 -20.3801 3
      vertex -11.6747 -21.5415 3
    endloop
  endfacet
  facet normal 0 0 1
    outer loop
      vertex -24.3253 -21.5415 3
      vertex -11.6747 -21.5415 3
      vertex -24.0344 -20.3801 3
    endloop
  endfacet
  facet normal 0 0 1
    outer loop
      vertex -11.6747 -21.5415 3
      vertex -24.3253 -21.5415 3
      vertex -11.2713 -22.6687 3
    endloop
  endfacet
  facet normal 0 0 1
    outer loop
      vertex -24.7287 -22.6687 3
      vertex -11.2713 -22.6687 3
      vertex -24.3253 -21.5415 3
    endloop
  endfacet
  facet normal 0 0 1
    outer loop
      vertex -11.2713 -22.6687 3
      vertex -24.7287 -22.6687 3
      vertex -10.7594 -23.751 3
    endloop
  endfacet
  facet normal 0 0 1
    outer loop
      vertex -25.2406 -23.751 3
      vertex -10.7594 -23.751 3
      vertex -24.7287 -22.6687 3
    endloop
  endfacet
  facet normal 0 0 1
    outer loop
      vertex -10.7594 -23.751 3
      vertex -25.2406 -23.751 3
      vertex -10.1439 -24.778 3
    endloop
  endfacet
  facet normal 0 0 1
    outer loop
      vertex -25.8561 -24.778 3
      vertex -10.1439 -24.778 3
      vertex -25.2406 -23.751 3
    endloop
  endfacet
  facet normal 0 0 1
    outer loop
      vertex -10.1439 -24.778 3
      vertex -25.8561 -24.778 3
      vertex -9.43073 -25.7396 3
    endloop
  endfacet
  facet normal 0 0 1
    outer loop
      vertex -26.5693 -25.7396 3
      vertex -9.43073 -25.7396 3
      vertex -25.8561 -24.778 3
    endloop
  endfacet
  facet normal 0 0 1
    outer loop
      vertex -9.43073 -25.7396 3
      vertex -26.5693 -25.7396 3
      vertex -8.6267 -26.6267 3
    endloop
  endfacet
  facet normal 0 0 1
    outer loop
      vertex -27.3733 -26.6267 3
      vertex -8.6267 -26.6267 3
      vertex -26.5693 -25.7396 3
    endloop
  endfacet
  facet normal 0 0 1
    outer loop
      vertex -8.6267 -26.6267 3
      vertex -27.3733 -26.6267 3
      vertex -7.7396 -27.4307 3
    endloop
  endfacet
  facet normal 0 0 1
    outer loop
      vertex -28.2604 -27.4307 3
      vertex -7.7396 -27.4307 3
      vertex -27.3733 -26.6267 3
    endloop
  endfacet
  facet normal 0 0 1
    outer loop
      vertex -7.7396 -27.4307 3
      vertex -28.2604 -27.4307 3
      vertex -6.77796 -28.1439 3
    endloop
  endfacet
  facet normal 0 0 1
    outer loop
      vertex -29.222 -28.1439 3
      vertex -6.77796 -28.1439 3
      vertex -28.2604 -27.4307 3
    endloop
  endfacet
  facet normal 0 0 1
    outer loop
      vertex -6.77796 -28.1439 3
      vertex -29.222 -28.1439 3
      vertex -5.75104 -28.7594 3
    endloop
  endfacet
  facet normal 0 0 1
    outer loop
      vertex -30.249 -28.7594 3
      vertex -5.75104 -28.7594 3
      vertex -29.222 -28.1439 3
    endloop
  endfacet
  facet normal 0 0 1
    outer loop
      vertex -5.75104 -28.7594 3
      vertex -30.249 -28.7594 3
      vertex -4.66874 -29.2713 3
    endloop
  endfacet
  facet normal 0 0 1
    outer loop
      vertex -31.3313 -29.2713 3
      vertex -4.66874 -29.2713 3
      vertex -30.249 -28.7594 3
    endloop
  endfacet
  facet normal 0 0 1
    outer loop
      vertex -4.66874 -29.2713 3
      vertex -31.3313 -29.2713 3
      vertex -3.54147 -29.6747 3
    endloop
  endfacet
  facet normal 0 0 1
    outer loop
      vertex -32.4585 -29.6747 3
      vertex -3.54147 -29.6747 3
      vertex -31.3313 -29.2713 3
    endloop
  endfacet
  facet normal 0 0 1
    outer loop
      vertex -48.4 -36.4 3
      vertex -3.54147 -29.6747 3
      vertex -32.4585 -29.6747 3
    endloop
  endfacet
  facet normal 0 0 1
    outer loop
      vertex -3.54147 -29.6747 3
      vertex -48.4 -36.4 3
      vertex -2.3801 -29.9656 3
    endloop
  endfacet
  facet normal 0 0 1
    outer loop
      vertex -2.3801 -29.9656 3
      vertex -48.4 -36.4 3
      vertex -1.19581 -30.1413 3
    endloop
  endfacet
  facet normal 0 0 1
    outer loop
      vertex -48.4 -36.4 3
      vertex -32.4585 -29.6747 3
      vertex -33.6199 -29.9656 3
    endloop
  endfacet
  facet normal 0 0 1
    outer loop
      vertex -48.4 -36.4 3
      vertex -33.6199 -29.9656 3
      vertex -34.8042 -30.1413 3
    endloop
  endfacet
  facet normal 0 0 1
    outer loop
      vertex -48.4 -36.4 3
      vertex -34.8042 -30.1413 3
      vertex -36 -30.2 3
    endloop
  endfacet
  facet normal 0 0 1
    outer loop
      vertex -48.4 -36.4 3
      vertex -36 -30.2 3
      vertex -37.1958 -30.1413 3
    endloop
  endfacet
  facet normal 0 0 1
    outer loop
      vertex -49.2339 -28.7984 3
      vertex -46.1439 -24.778 3
      vertex -46.7594 -23.751 3
    endloop
  endfacet
  facet normal 0 0 1
    outer loop
      vertex -46.7857 -31.4922 3
      vertex -45.4307 -25.7396 3
      vertex -46.1439 -24.778 3
    endloop
  endfacet
  facet normal 0 0 1
    outer loop
      vertex -46.7857 -31.4922 3
      vertex -44.6267 -26.6267 3
      vertex -45.4307 -25.7396 3
    endloop
  endfacet
  facet normal 0 0 1
    outer loop
      vertex -46.7857 -31.4922 3
      vertex -43.7396 -27.4307 3
      vertex -44.6267 -26.6267 3
    endloop
  endfacet
  facet normal 0 0 1
    outer loop
      vertex -46.7857 -31.4922 3
      vertex -42.778 -28.1439 3
      vertex -43.7396 -27.4307 3
    endloop
  endfacet
  facet normal 0 0 1
    outer loop
      vertex -46.7857 -31.4922 3
      vertex -41.751 -28.7594 3
      vertex -42.778 -28.1439 3
    endloop
  endfacet
  facet normal 0 0 1
    outer loop
      vertex -46.7857 -31.5078 3
      vertex -41.751 -28.7594 3
      vertex -46.7853 -31.5 3
    endloop
  endfacet
  facet normal 0 0 1
    outer loop
      vertex -46.7984 -31.7661 3
      vertex -41.751 -28.7594 3
      vertex -46.7857 -31.5078 3
    endloop
  endfacet
  facet normal 0 0 1
    outer loop
      vertex -46.8363 -32.0219 3
      vertex -41.751 -28.7594 3
      vertex -46.7984 -31.7661 3
    endloop
  endfacet
  facet normal 0 0 1
    outer loop
      vertex -41.751 -28.7594 3
      vertex -46.8363 -32.0219 3
      vertex -40.6687 -29.2713 3
    endloop
  endfacet
  facet normal 0 0 1
    outer loop
      vertex -46.8375 -32.0296 3
      vertex -40.6687 -29.2713 3
      vertex -46.8363 -32.0219 3
    endloop
  endfacet
  facet normal 0 0 1
    outer loop
      vertex -46.8393 -32.0372 3
      vertex -40.6687 -29.2713 3
      vertex -46.8375 -32.0296 3
    endloop
  endfacet
  facet normal 0 0 1
    outer loop
      vertex -46.9022 -32.288 3
      vertex -40.6687 -29.2713 3
      vertex -46.8393 -32.0372 3
    endloop
  endfacet
  facet normal 0 0 1
    outer loop
      vertex -46.9048 -32.2954 3
      vertex -40.6687 -29.2713 3
      vertex -46.9022 -32.288 3
    endloop
  endfacet
  facet normal 0 0 1
    outer loop
      vertex -46.9919 -32.5389 3
      vertex -40.6687 -29.2713 3
      vertex -46.9048 -32.2954 3
    endloop
  endfacet
  facet normal 0 0 1
    outer loop
      vertex -40.6687 -29.2713 3
      vertex -46.9919 -32.5389 3
      vertex -39.5415 -29.6747 3
    endloop
  endfacet
  facet normal 0 0 1
    outer loop
      vertex -47.1025 -32.7727 3
      vertex -39.5415 -29.6747 3
      vertex -46.9919 -32.5389 3
    endloop
  endfacet
  facet normal 0 0 1
    outer loop
      vertex -47.1058 -32.7797 3
      vertex -39.5415 -29.6747 3
      vertex -47.1025 -32.7727 3
    endloop
  endfacet
  facet normal 0 0 1
    outer loop
      vertex -47.1098 -32.7864 3
      vertex -39.5415 -29.6747 3
      vertex -47.1058 -32.7797 3
    endloop
  endfacet
  facet normal 0 0 1
    outer loop
      vertex -47.2428 -33.0082 3
      vertex -39.5415 -29.6747 3
      vertex -47.1098 -32.7864 3
    endloop
  endfacet
  facet normal 0 0 1
    outer loop
      vertex -48.4 -36.4 3
      vertex -39.5415 -29.6747 3
      vertex -47.2428 -33.0082 3
    endloop
  endfacet
  facet normal 0 0 1
    outer loop
      vertex -39.5415 -29.6747 3
      vertex -48.4 -36.4 3
      vertex -38.3801 -29.9656 3
    endloop
  endfacet
  facet normal 0 0 1
    outer loop
      vertex -38.3801 -29.9656 3
      vertex -48.4 -36.4 3
      vertex -37.1958 -30.1413 3
    endloop
  endfacet
  facet normal 0 0 1
    outer loop
      vertex -48.4 -36.4 3
      vertex -47.2428 -33.0082 3
      vertex -47.2474 -33.0145 3
    endloop
  endfacet
  facet normal 0 0 1
    outer loop
      vertex -48.4 -36.4 3
      vertex -47.2474 -33.0145 3
      vertex -47.4015 -33.2222 3
    endloop
  endfacet
  facet normal 0 0 1
    outer loop
      vertex -48.4 -36.4 3
      vertex -47.4015 -33.2222 3
      vertex -47.4067 -33.228 3
    endloop
  endfacet
  facet normal 0 0 1
    outer loop
      vertex -48.4 -36.4 3
      vertex -47.4067 -33.228 3
      vertex -47.5804 -33.4196 3
    endloop
  endfacet
  facet normal 0 0 1
    outer loop
      vertex -48.4 -36.4 3
      vertex -47.5804 -33.4196 3
      vertex -47.772 -33.5933 3
    endloop
  endfacet
  facet normal 0 0 1
    outer loop
      vertex -48.4 -36.4 3
      vertex -47.772 -33.5933 3
      vertex -47.7778 -33.5985 3
    endloop
  endfacet
  facet normal 0 0 1
    outer loop
      vertex -48.4 -36.4 3
      vertex -47.7778 -33.5985 3
      vertex -47.9855 -33.7526 3
    endloop
  endfacet
  facet normal 0 0 1
    outer loop
      vertex -48.4 -36.4 3
      vertex -47.9855 -33.7526 3
      vertex -47.9918 -33.7572 3
    endloop
  endfacet
  facet normal 0 0 1
    outer loop
      vertex -48.4 -36.4 3
      vertex -47.9918 -33.7572 3
      vertex -48.2136 -33.8902 3
    endloop
  endfacet
  facet normal 0 0 1
    outer loop
      vertex -48.4 -36.4 3
      vertex -48.2136 -33.8902 3
      vertex -48.2203 -33.8942 3
    endloop
  endfacet
  facet normal 0 0 1
    outer loop
      vertex -48.4 -36.4 3
      vertex -48.2203 -33.8942 3
      vertex -48.2273 -33.8975 3
    endloop
  endfacet
  facet normal 0 0 1
    outer loop
      vertex 0 -30.2 3
      vertex -48.4 -36.4 3
      vertex 48.4 -36.4 3
    endloop
  endfacet
  facet normal -0 0 1
    outer loop
      vertex -48.4611 -34.0081 3
      vertex -48.4 -36.4 3
      vertex -48.2273 -33.8975 3
    endloop
  endfacet
  facet normal -0 0 1
    outer loop
      vertex -48.7046 -34.0952 3
      vertex -48.4 -36.4 3
      vertex -48.4611 -34.0081 3
    endloop
  endfacet
  facet normal -0 0 1
    outer loop
      vertex -48.712 -34.0978 3
      vertex -48.4 -36.4 3
      vertex -48.7046 -34.0952 3
    endloop
  endfacet
  facet normal -0 0 1
    outer loop
      vertex -48.9628 -34.1607 3
      vertex -48.4 -36.4 3
      vertex -48.712 -34.0978 3
    endloop
  endfacet
  facet normal 0 0 1
    outer loop
      vertex -48.9881 -36.3711 3
      vertex -48.9628 -34.1607 3
      vertex -48.9704 -34.1625 3
    endloop
  endfacet
  facet normal 0 0 1
    outer loop
      vertex -48.9881 -36.3711 3
      vertex -48.9704 -34.1625 3
      vertex -48.9781 -34.1637 3
    endloop
  endfacet
  facet normal 0 0 1
    outer loop
      vertex -48.9628 -34.1607 3
      vertex -48.9881 -36.3711 3
      vertex -48.4 -36.4 3
    endloop
  endfacet
  facet normal -0 0 1
    outer loop
      vertex -49.2339 -34.2016 3
      vertex -48.9881 -36.3711 3
      vertex -48.9781 -34.1637 3
    endloop
  endfacet
  facet normal 0 0 1
    outer loop
      vertex -49.5705 -36.2847 3
      vertex -49.2339 -34.2016 3
      vertex -49.4922 -34.2143 3
    endloop
  endfacet
  facet normal 0 0 1
    outer loop
      vertex -49.5705 -36.2847 3
      vertex -49.4922 -34.2143 3
      vertex -49.5 -34.2147 3
    endloop
  endfacet
  facet normal 0 0 1
    outer loop
      vertex -49.5705 -36.2847 3
      vertex -49.5 -34.2147 3
      vertex -49.5078 -34.2143 3
    endloop
  endfacet
  facet normal 0 0 1
    outer loop
      vertex -49.2339 -34.2016 3
      vertex -49.5705 -36.2847 3
      vertex -48.9881 -36.3711 3
    endloop
  endfacet
  facet normal 0 0 1
    outer loop
      vertex -50.1417 -36.1416 3
      vertex -49.5078 -34.2143 3
      vertex -49.7661 -34.2016 3
    endloop
  endfacet
  facet normal 0 0 1
    outer loop
      vertex -50.1417 -36.1416 3
      vertex -49.7661 -34.2016 3
      vertex -50.0219 -34.1637 3
    endloop
  endfacet
  facet normal 0 0 1
    outer loop
      vertex -50.6961 -35.9433 3
      vertex -50.0219 -34.1637 3
      vertex -50.0296 -34.1625 3
    endloop
  endfacet
  facet normal 0 0 1
    outer loop
      vertex -50.6961 -35.9433 3
      vertex -50.0296 -34.1625 3
      vertex -50.0372 -34.1607 3
    endloop
  endfacet
  facet normal 0 0 1
    outer loop
      vertex -49.5078 -34.2143 3
      vertex -50.1417 -36.1416 3
      vertex -49.5705 -36.2847 3
    endloop
  endfacet
  facet normal 0 0 1
    outer loop
      vertex -50.6961 -35.9433 3
      vertex -50.0372 -34.1607 3
      vertex -50.288 -34.0978 3
    endloop
  endfacet
  facet normal 0 0 1
    outer loop
      vertex -51.2284 -35.6915 3
      vertex -50.288 -34.0978 3
      vertex -50.2954 -34.0952 3
    endloop
  endfacet
  facet normal 0 0 1
    outer loop
      vertex -51.2284 -35.6915 3
      vertex -50.2954 -34.0952 3
      vertex -50.5389 -34.0081 3
    endloop
  endfacet
  facet normal 0 0 1
    outer loop
      vertex -50.0219 -34.1637 3
      vertex -50.6961 -35.9433 3
      vertex -50.1417 -36.1416 3
    endloop
  endfacet
  facet normal 0 0 1
    outer loop
      vertex -51.7334 -35.3888 3
      vertex -50.5389 -34.0081 3
      vertex -50.7727 -33.8975 3
    endloop
  endfacet
  facet normal 0 0 1
    outer loop
      vertex -51.7334 -35.3888 3
      vertex -50.7727 -33.8975 3
      vertex -50.7797 -33.8942 3
    endloop
  endfacet
  facet normal 0 0 1
    outer loop
      vertex -51.7334 -35.3888 3
      vertex -50.7797 -33.8942 3
      vertex -50.7864 -33.8902 3
    endloop
  endfacet
  facet normal 0 0 1
    outer loop
      vertex -51.7334 -35.3888 3
      vertex -50.7864 -33.8902 3
      vertex -51.0082 -33.7572 3
    endloop
  endfacet
  facet normal 0 0 1
    outer loop
      vertex -52.2064 -35.0381 3
      vertex -51.0082 -33.7572 3
      vertex -51.0145 -33.7526 3
    endloop
  endfacet
  facet normal 0 0 1
    outer loop
      vertex -52.2064 -35.0381 3
      vertex -51.0145 -33.7526 3
      vertex -51.2222 -33.5985 3
    endloop
  endfacet
  facet normal 0 0 1
    outer loop
      vertex -52.2064 -35.0381 3
      vertex -51.2222 -33.5985 3
      vertex -51.228 -33.5933 3
    endloop
  endfacet
  facet normal 0 0 1
    outer loop
      vertex -50.288 -34.0978 3
      vertex -51.2284 -35.6915 3
      vertex -50.6961 -35.9433 3
    endloop
  endfacet
  facet normal 0 0 1
    outer loop
      vertex -52.6426 -34.6426 3
      vertex -51.228 -33.5933 3
      vertex -51.4196 -33.4196 3
    endloop
  endfacet
  facet normal 0 0 1
    outer loop
      vertex -52.6426 -34.6426 3
      vertex -51.4196 -33.4196 3
      vertex -51.5933 -33.228 3
    endloop
  endfacet
  facet normal 0 0 1
    outer loop
      vertex -53.0381 -34.2064 3
      vertex -51.5933 -33.228 3
      vertex -51.5985 -33.2222 3
    endloop
  endfacet
  facet normal 0 0 1
    outer loop
      vertex -50.5389 -34.0081 3
      vertex -51.7334 -35.3888 3
      vertex -51.2284 -35.6915 3
    endloop
  endfacet
  facet normal 0 0 1
    outer loop
      vertex -53.0381 -34.2064 3
      vertex -51.5985 -33.2222 3
      vertex -51.7526 -33.0145 3
    endloop
  endfacet
  facet normal 0 0 1
    outer loop
      vertex -53.0381 -34.2064 3
      vertex -51.7526 -33.0145 3
      vertex -51.7572 -33.0082 3
    endloop
  endfacet
  facet normal 0 0 1
    outer loop
      vertex -53.3888 -33.7334 3
      vertex -51.7572 -33.0082 3
      vertex -51.8902 -32.7864 3
    endloop
  endfacet
  facet normal 0 0 1
    outer loop
      vertex -53.3888 -33.7334 3
      vertex -51.8902 -32.7864 3
      vertex -51.8942 -32.7797 3
    endloop
  endfacet
  facet normal 0 0 1
    outer loop
      vertex -53.3888 -33.7334 3
      vertex -51.8942 -32.7797 3
      vertex -51.8975 -32.7727 3
    endloop
  endfacet
  facet normal 0 0 1
    outer loop
      vertex -53.3888 -33.7334 3
      vertex -51.8975 -32.7727 3
      vertex -52.0081 -32.5389 3
    endloop
  endfacet
  facet normal 0 0 1
    outer loop
      vertex -53.6915 -33.2284 3
      vertex -52.0081 -32.5389 3
      vertex -52.0952 -32.2954 3
    endloop
  endfacet
  facet normal 0 0 1
    outer loop
      vertex -53.6915 -33.2284 3
      vertex -52.0952 -32.2954 3
      vertex -52.0978 -32.288 3
    endloop
  endfacet
  facet normal 0 0 1
    outer loop
      vertex -53.9433 -32.6961 3
      vertex -52.0978 -32.288 3
      vertex -52.1607 -32.0372 3
    endloop
  endfacet
  facet normal 0 0 1
    outer loop
      vertex -53.9433 -32.6961 3
      vertex -52.1607 -32.0372 3
      vertex -52.1625 -32.0296 3
    endloop
  endfacet
  facet normal 0 0 1
    outer loop
      vertex -53.9433 -32.6961 3
      vertex -52.1625 -32.0296 3
      vertex -52.1637 -32.0219 3
    endloop
  endfacet
  facet normal 0 0 1
    outer loop
      vertex -54.1416 -32.1417 3
      vertex -52.1637 -32.0219 3
      vertex -52.2016 -31.7661 3
    endloop
  endfacet
  facet normal 0 0 1
    outer loop
      vertex -51.0082 -33.7572 3
      vertex -52.2064 -35.0381 3
      vertex -51.7334 -35.3888 3
    endloop
  endfacet
  facet normal 0 0 1
    outer loop
      vertex -54.1416 -32.1417 3
      vertex -52.2016 -31.7661 3
      vertex -52.2143 -31.5078 3
    endloop
  endfacet
  facet normal 0 0 1
    outer loop
      vertex -54.2847 -31.5705 3
      vertex -52.2143 -31.5078 3
      vertex -52.2147 -31.5 3
    endloop
  endfacet
  facet normal 0 0 1
    outer loop
      vertex -52.1637 -30.9781 3
      vertex -54.3711 -30.9881 3
      vertex -52.2016 -31.2339 3
    endloop
  endfacet
  facet normal 0 -0 1
    outer loop
      vertex -54.2847 -31.5705 3
      vertex -52.2016 -31.2339 3
      vertex -54.3711 -30.9881 3
    endloop
  endfacet
  facet normal -0 0 1
    outer loop
      vertex -54.1416 32.1417 3
      vertex -52.1637 32.0219 3
      vertex -53.9433 32.6961 3
    endloop
  endfacet
  facet normal 0 0 1
    outer loop
      vertex -52.2016 -31.2339 3
      vertex -54.2847 -31.5705 3
      vertex -52.2143 -31.4922 3
    endloop
  endfacet
  facet normal 0 0 1
    outer loop
      vertex -52.1637 32.0219 3
      vertex -54.1416 32.1417 3
      vertex -52.2016 31.7661 3
    endloop
  endfacet
  facet normal 0 0 1
    outer loop
      vertex -51.228 -33.5933 3
      vertex -52.6426 -34.6426 3
      vertex -52.2064 -35.0381 3
    endloop
  endfacet
  facet normal 0 0 1
    outer loop
      vertex -52.2016 31.7661 3
      vertex -54.1416 32.1417 3
      vertex -52.2143 31.5078 3
    endloop
  endfacet
  facet normal 0 0 1
    outer loop
      vertex -51.5933 -33.228 3
      vertex -53.0381 -34.2064 3
      vertex -52.6426 -34.6426 3
    endloop
  endfacet
  facet normal -0 0 1
    outer loop
      vertex -54.2847 31.5705 3
      vertex -52.2143 31.5078 3
      vertex -54.1416 32.1417 3
    endloop
  endfacet
  facet normal 0 0 1
    outer loop
      vertex -51.7572 -33.0082 3
      vertex -53.3888 -33.7334 3
      vertex -53.0381 -34.2064 3
    endloop
  endfacet
  facet normal 0 0 1
    outer loop
      vertex -52.2143 31.5078 3
      vertex -54.2847 31.5705 3
      vertex -52.2147 31.5 3
    endloop
  endfacet
  facet normal 0 0 1
    outer loop
      vertex -52.0081 -32.5389 3
      vertex -53.6915 -33.2284 3
      vertex -53.3888 -33.7334 3
    endloop
  endfacet
  facet normal 0 0 1
    outer loop
      vertex -52.2016 31.2339 3
      vertex -54.2847 31.5705 3
      vertex -54.3711 30.9881 3
    endloop
  endfacet
  facet normal 0 0 1
    outer loop
      vertex -52.0978 -32.288 3
      vertex -53.9433 -32.6961 3
      vertex -53.6915 -33.2284 3
    endloop
  endfacet
  facet normal 0 0 1
    outer loop
      vertex -52.1607 30.9628 3
      vertex -54.3711 30.9881 3
      vertex -54.4 30.4 3
    endloop
  endfacet
  facet normal 0 0 1
    outer loop
      vertex -52.1637 -32.0219 3
      vertex -54.1416 -32.1417 3
      vertex -53.9433 -32.6961 3
    endloop
  endfacet
  facet normal 0 0 1
    outer loop
      vertex -52.2143 -31.5078 3
      vertex -54.2847 -31.5705 3
      vertex -54.1416 -32.1417 3
    endloop
  endfacet
  facet normal 0 0 1
    outer loop
      vertex -52.2143 -31.4922 3
      vertex -54.2847 -31.5705 3
      vertex -52.2147 -31.5 3
    endloop
  endfacet
  facet normal 0 0 1
    outer loop
      vertex 48.9704 -28.8375 3
      vertex 46.1439 -24.778 3
      vertex 48.9628 -28.8393 3
    endloop
  endfacet
  facet normal 0 0 1
    outer loop
      vertex 48.9628 -28.8393 3
      vertex 46.1439 -24.778 3
      vertex 48.712 -28.9022 3
    endloop
  endfacet
  facet normal 0 0 1
    outer loop
      vertex 48.712 -28.9022 3
      vertex 46.1439 -24.778 3
      vertex 48.7046 -28.9048 3
    endloop
  endfacet
  facet normal 0 0 1
    outer loop
      vertex 48.7046 -28.9048 3
      vertex 46.1439 -24.778 3
      vertex 48.4611 -28.9919 3
    endloop
  endfacet
  facet normal -0 0 1
    outer loop
      vertex 45.4307 -25.7396 3
      vertex 48.4611 -28.9919 3
      vertex 46.1439 -24.778 3
    endloop
  endfacet
  facet normal 0 0 1
    outer loop
      vertex 48.4611 -28.9919 3
      vertex 45.4307 -25.7396 3
      vertex 48.2273 -29.1025 3
    endloop
  endfacet
  facet normal 0 0 1
    outer loop
      vertex 48.2273 -29.1025 3
      vertex 45.4307 -25.7396 3
      vertex 48.2203 -29.1058 3
    endloop
  endfacet
  facet normal 0 0 1
    outer loop
      vertex 48.2203 -29.1058 3
      vertex 45.4307 -25.7396 3
      vertex 48.2136 -29.1098 3
    endloop
  endfacet
  facet normal 0 0 1
    outer loop
      vertex 48.2136 -29.1098 3
      vertex 45.4307 -25.7396 3
      vertex 47.9918 -29.2428 3
    endloop
  endfacet
  facet normal 0 0 1
    outer loop
      vertex 47.9918 -29.2428 3
      vertex 45.4307 -25.7396 3
      vertex 47.9855 -29.2474 3
    endloop
  endfacet
  facet normal 0 0 1
    outer loop
      vertex 47.9855 -29.2474 3
      vertex 45.4307 -25.7396 3
      vertex 47.7778 -29.4015 3
    endloop
  endfacet
  facet normal -0 0 1
    outer loop
      vertex 44.6267 -26.6267 3
      vertex 47.7778 -29.4015 3
      vertex 45.4307 -25.7396 3
    endloop
  endfacet
  facet normal 0 0 1
    outer loop
      vertex 47.7778 -29.4015 3
      vertex 44.6267 -26.6267 3
      vertex 47.772 -29.4067 3
    endloop
  endfacet
  facet normal 0 0 1
    outer loop
      vertex 47.772 -29.4067 3
      vertex 44.6267 -26.6267 3
      vertex 47.5804 -29.5804 3
    endloop
  endfacet
  facet normal 0 0 1
    outer loop
      vertex 47.5804 -29.5804 3
      vertex 44.6267 -26.6267 3
      vertex 47.4067 -29.772 3
    endloop
  endfacet
  facet normal 0 0 1
    outer loop
      vertex 47.4067 -29.772 3
      vertex 44.6267 -26.6267 3
      vertex 47.4015 -29.7778 3
    endloop
  endfacet
  facet normal 0 0 1
    outer loop
      vertex 47.4015 -29.7778 3
      vertex 44.6267 -26.6267 3
      vertex 47.2474 -29.9855 3
    endloop
  endfacet
  facet normal -0 0 1
    outer loop
      vertex 43.7396 -27.4307 3
      vertex 47.2474 -29.9855 3
      vertex 44.6267 -26.6267 3
    endloop
  endfacet
  facet normal 0 0 1
    outer loop
      vertex 47.2474 -29.9855 3
      vertex 43.7396 -27.4307 3
      vertex 47.2428 -29.9918 3
    endloop
  endfacet
  facet normal 0 0 1
    outer loop
      vertex 47.2428 -29.9918 3
      vertex 43.7396 -27.4307 3
      vertex 47.1098 -30.2136 3
    endloop
  endfacet
  facet normal 0 0 1
    outer loop
      vertex 47.1098 -30.2136 3
      vertex 43.7396 -27.4307 3
      vertex 47.1058 -30.2203 3
    endloop
  endfacet
  facet normal 0 0 1
    outer loop
      vertex 47.1058 -30.2203 3
      vertex 43.7396 -27.4307 3
      vertex 47.1025 -30.2273 3
    endloop
  endfacet
  facet normal 0 0 1
    outer loop
      vertex 47.1025 -30.2273 3
      vertex 43.7396 -27.4307 3
      vertex 46.9919 -30.4611 3
    endloop
  endfacet
  facet normal -0 0 1
    outer loop
      vertex 42.778 -28.1439 3
      vertex 46.9919 -30.4611 3
      vertex 43.7396 -27.4307 3
    endloop
  endfacet
  facet normal 0 0 1
    outer loop
      vertex 46.9022 -30.712 3
      vertex 42.778 -28.1439 3
      vertex 46.8393 -30.9628 3
    endloop
  endfacet
  facet normal 0 0 1
    outer loop
      vertex 46.9048 -30.7046 3
      vertex 42.778 -28.1439 3
      vertex 46.9022 -30.712 3
    endloop
  endfacet
  facet normal 0 0 1
    outer loop
      vertex 46.9919 -30.4611 3
      vertex 42.778 -28.1439 3
      vertex 46.9048 -30.7046 3
    endloop
  endfacet
  facet normal 0.803289 -0.595589 0
    outer loop
      vertex 53.0381 -34.2064 3
      vertex 53.3888 -33.7334 0
      vertex 53.3888 -33.7334 3
    endloop
  endfacet
  facet normal 0.803289 -0.595589 0
    outer loop
      vertex 53.3888 -33.7334 0
      vertex 53.0381 -34.2064 3
      vertex 53.0381 -34.2064 0
    endloop
  endfacet
  facet normal -0.242976 -0.970032 0
    outer loop
      vertex -33.6199 -6.03442 0
      vertex -32.4585 -6.32533 3
      vertex -33.6199 -6.03442 3
    endloop
  endfacet
  facet normal -0.242976 -0.970032 -0
    outer loop
      vertex -32.4585 -6.32533 3
      vertex -33.6199 -6.03442 0
      vertex -32.4585 -6.32533 0
    endloop
  endfacet
  facet normal -0.903986 0.427562 0
    outer loop
      vertex -25.2406 -23.751 0
      vertex -24.7287 -22.6687 3
      vertex -24.7287 -22.6687 0
    endloop
  endfacet
  facet normal -0.903986 0.427562 0
    outer loop
      vertex -24.7287 -22.6687 3
      vertex -25.2406 -23.751 0
      vertex -25.2406 -23.751 3
    endloop
  endfacet
  facet normal -0.989173 -0.146751 0
    outer loop
      vertex -23.8587 -16.8042 0
      vertex -24.0344 -15.6199 3
      vertex -24.0344 -15.6199 0
    endloop
  endfacet
  facet normal -0.989173 -0.146751 0
    outer loop
      vertex -24.0344 -15.6199 3
      vertex -23.8587 -16.8042 0
      vertex -23.8587 -16.8042 3
    endloop
  endfacet
  facet normal -0.998797 -0.0490294 0
    outer loop
      vertex -23.8 -18 0
      vertex -23.8587 -16.8042 3
      vertex -23.8587 -16.8042 0
    endloop
  endfacet
  facet normal -0.998797 -0.0490294 0
    outer loop
      vertex -23.8587 -16.8042 3
      vertex -23.8 -18 0
      vertex -23.8 -18 3
    endloop
  endfacet
  facet normal -0.514072 -0.857747 0
    outer loop
      vertex -30.249 -7.24056 0
      vertex -29.222 -7.85607 3
      vertex -30.249 -7.24056 3
    endloop
  endfacet
  facet normal -0.514072 -0.857747 -0
    outer loop
      vertex -29.222 -7.85607 3
      vertex -30.249 -7.24056 0
      vertex -29.222 -7.85607 0
    endloop
  endfacet
  facet normal -0.146751 0.989173 0
    outer loop
      vertex -33.6199 -29.9656 0
      vertex -34.8042 -30.1413 3
      vertex -33.6199 -29.9656 3
    endloop
  endfacet
  facet normal -0.146751 0.989173 0
    outer loop
      vertex -34.8042 -30.1413 3
      vertex -33.6199 -29.9656 0
      vertex -34.8042 -30.1413 0
    endloop
  endfacet
  facet normal 0.998797 0.0490294 0
    outer loop
      vertex -48.1413 -19.1958 3
      vertex -48.2 -18 0
      vertex -48.2 -18 3
    endloop
  endfacet
  facet normal 0.998797 0.0490294 0
    outer loop
      vertex -48.2 -18 0
      vertex -48.1413 -19.1958 3
      vertex -48.1413 -19.1958 0
    endloop
  endfacet
  facet normal 0.857751 -0.514066 0
    outer loop
      vertex -46.7594 -12.249 3
      vertex -46.1439 -11.222 0
      vertex -46.1439 -11.222 3
    endloop
  endfacet
  facet normal 0.857751 -0.514066 0
    outer loop
      vertex -46.1439 -11.222 0
      vertex -46.7594 -12.249 3
      vertex -46.7594 -12.249 0
    endloop
  endfacet
  facet normal -0.998797 0.0490294 0
    outer loop
      vertex -23.8587 -19.1958 0
      vertex -23.8 -18 3
      vertex -23.8 -18 0
    endloop
  endfacet
  facet normal -0.998797 0.0490294 0
    outer loop
      vertex -23.8 -18 3
      vertex -23.8587 -19.1958 0
      vertex -23.8587 -19.1958 3
    endloop
  endfacet
  facet normal 0.0490711 -0.998795 0
    outer loop
      vertex -37.1958 -5.85875 0
      vertex -36 -5.8 3
      vertex -37.1958 -5.85875 3
    endloop
  endfacet
  facet normal 0.0490711 -0.998795 0
    outer loop
      vertex -36 -5.8 3
      vertex -37.1958 -5.85875 0
      vertex -36 -5.8 0
    endloop
  endfacet
  facet normal -0.33695 0.941522 0
    outer loop
      vertex -31.3313 -29.2713 0
      vertex -32.4585 -29.6747 3
      vertex -31.3313 -29.2713 3
    endloop
  endfacet
  facet normal -0.33695 0.941522 0
    outer loop
      vertex -32.4585 -29.6747 3
      vertex -31.3313 -29.2713 0
      vertex -32.4585 -29.6747 0
    endloop
  endfacet
  facet normal -0.857751 -0.514066 0
    outer loop
      vertex -25.2406 -12.249 0
      vertex -25.8561 -11.222 3
      vertex -25.8561 -11.222 0
    endloop
  endfacet
  facet normal -0.857751 -0.514066 0
    outer loop
      vertex -25.8561 -11.222 3
      vertex -25.2406 -12.249 0
      vertex -25.2406 -12.249 3
    endloop
  endfacet
  facet normal 0.998797 -0.0490294 0
    outer loop
      vertex -48.2 -18 3
      vertex -48.1413 -16.8042 0
      vertex -48.1413 -16.8042 3
    endloop
  endfacet
  facet normal 0.998797 -0.0490294 0
    outer loop
      vertex -48.1413 -16.8042 0
      vertex -48.2 -18 3
      vertex -48.2 -18 0
    endloop
  endfacet
  facet normal -0.0490294 0.998797 0
    outer loop
      vertex -34.8042 -30.1413 0
      vertex -36 -30.2 3
      vertex -34.8042 -30.1413 3
    endloop
  endfacet
  facet normal -0.0490294 0.998797 0
    outer loop
      vertex -36 -30.2 3
      vertex -34.8042 -30.1413 0
      vertex -36 -30.2 0
    endloop
  endfacet
  facet normal 0.336906 -0.941538 0
    outer loop
      vertex -40.6687 -6.72867 0
      vertex -39.5415 -6.32533 3
      vertex -40.6687 -6.72867 3
    endloop
  endfacet
  facet normal 0.336906 -0.941538 0
    outer loop
      vertex -39.5415 -6.32533 3
      vertex -40.6687 -6.72867 0
      vertex -39.5415 -6.32533 0
    endloop
  endfacet
  facet normal 0.903986 0.427562 0
    outer loop
      vertex -46.7594 -23.751 3
      vertex -47.2713 -22.6687 0
      vertex -47.2713 -22.6687 3
    endloop
  endfacet
  facet normal 0.903986 0.427562 0
    outer loop
      vertex -47.2713 -22.6687 0
      vertex -46.7594 -23.751 3
      vertex -46.7594 -23.751 0
    endloop
  endfacet
  facet normal -0.595715 0.803196 0
    outer loop
      vertex -28.2604 -27.4307 0
      vertex -29.222 -28.1439 3
      vertex -28.2604 -27.4307 3
    endloop
  endfacet
  facet normal -0.595715 0.803196 0
    outer loop
      vertex -29.222 -28.1439 3
      vertex -28.2604 -27.4307 0
      vertex -29.222 -28.1439 0
    endloop
  endfacet
  facet normal 0.903986 -0.427562 0
    outer loop
      vertex -47.2713 -13.3313 3
      vertex -46.7594 -12.249 0
      vertex -46.7594 -12.249 3
    endloop
  endfacet
  facet normal 0.903986 -0.427562 0
    outer loop
      vertex -46.7594 -12.249 0
      vertex -47.2713 -13.3313 3
      vertex -47.2713 -13.3313 0
    endloop
  endfacet
  facet normal 0.514072 -0.857747 0
    outer loop
      vertex -42.778 -7.85607 0
      vertex -41.751 -7.24056 3
      vertex -42.778 -7.85607 3
    endloop
  endfacet
  facet normal 0.514072 -0.857747 0
    outer loop
      vertex -41.751 -7.24056 3
      vertex -42.778 -7.85607 0
      vertex -41.751 -7.24056 0
    endloop
  endfacet
  facet normal -0.671563 -0.740947 0
    outer loop
      vertex -28.2604 -8.56927 0
      vertex -27.3733 -9.3733 3
      vertex -28.2604 -8.56927 3
    endloop
  endfacet
  facet normal -0.671563 -0.740947 -0
    outer loop
      vertex -27.3733 -9.3733 3
      vertex -28.2604 -8.56927 0
      vertex -27.3733 -9.3733 0
    endloop
  endfacet
  facet normal -0.989173 0.146751 0
    outer loop
      vertex -24.0344 -20.3801 0
      vertex -23.8587 -19.1958 3
      vertex -23.8587 -19.1958 0
    endloop
  endfacet
  facet normal -0.989173 0.146751 0
    outer loop
      vertex -23.8587 -19.1958 3
      vertex -24.0344 -20.3801 0
      vertex -24.0344 -20.3801 3
    endloop
  endfacet
  facet normal -0.427555 -0.903989 0
    outer loop
      vertex -31.3313 -6.72867 0
      vertex -30.249 -7.24056 3
      vertex -31.3313 -6.72867 3
    endloop
  endfacet
  facet normal -0.427555 -0.903989 -0
    outer loop
      vertex -30.249 -7.24056 3
      vertex -31.3313 -6.72867 0
      vertex -30.249 -7.24056 0
    endloop
  endfacet
  facet normal -0.970034 0.242968 0
    outer loop
      vertex -24.3253 -21.5415 0
      vertex -24.0344 -20.3801 3
      vertex -24.0344 -20.3801 0
    endloop
  endfacet
  facet normal -0.970034 0.242968 0
    outer loop
      vertex -24.0344 -20.3801 3
      vertex -24.3253 -21.5415 0
      vertex -24.3253 -21.5415 3
    endloop
  endfacet
  facet normal -0.941522 -0.33695 0
    outer loop
      vertex -24.3253 -14.4585 0
      vertex -24.7287 -13.3313 3
      vertex -24.7287 -13.3313 0
    endloop
  endfacet
  facet normal -0.941522 -0.33695 0
    outer loop
      vertex -24.7287 -13.3313 3
      vertex -24.3253 -14.4585 0
      vertex -24.3253 -14.4585 3
    endloop
  endfacet
  facet normal 0.857751 0.514066 0
    outer loop
      vertex -46.1439 -24.778 3
      vertex -46.7594 -23.751 0
      vertex -46.7594 -23.751 3
    endloop
  endfacet
  facet normal 0.857751 0.514066 0
    outer loop
      vertex -46.7594 -23.751 0
      vertex -46.1439 -24.778 3
      vertex -46.1439 -24.778 0
    endloop
  endfacet
  facet normal 0.74096 0.67155 0
    outer loop
      vertex -44.6267 -26.6267 3
      vertex -45.4307 -25.7396 0
      vertex -45.4307 -25.7396 3
    endloop
  endfacet
  facet normal 0.74096 0.67155 0
    outer loop
      vertex -45.4307 -25.7396 0
      vertex -44.6267 -26.6267 3
      vertex -44.6267 -26.6267 0
    endloop
  endfacet
  facet normal 0.671563 -0.740947 0
    outer loop
      vertex -44.6267 -9.3733 0
      vertex -43.7396 -8.56927 3
      vertex -44.6267 -9.3733 3
    endloop
  endfacet
  facet normal 0.671563 -0.740947 0
    outer loop
      vertex -43.7396 -8.56927 3
      vertex -44.6267 -9.3733 0
      vertex -43.7396 -8.56927 0
    endloop
  endfacet
  facet normal -0.0490711 -0.998795 0
    outer loop
      vertex -36 -5.8 0
      vertex -34.8042 -5.85875 3
      vertex -36 -5.8 3
    endloop
  endfacet
  facet normal -0.0490711 -0.998795 -0
    outer loop
      vertex -34.8042 -5.85875 3
      vertex -36 -5.8 0
      vertex -34.8042 -5.85875 0
    endloop
  endfacet
  facet normal -0.427562 0.903986 0
    outer loop
      vertex -30.249 -28.7594 0
      vertex -31.3313 -29.2713 3
      vertex -30.249 -28.7594 3
    endloop
  endfacet
  facet normal -0.427562 0.903986 0
    outer loop
      vertex -31.3313 -29.2713 3
      vertex -30.249 -28.7594 0
      vertex -31.3313 -29.2713 0
    endloop
  endfacet
  facet normal -0.67155 0.74096 0
    outer loop
      vertex -27.3733 -26.6267 0
      vertex -28.2604 -27.4307 3
      vertex -27.3733 -26.6267 3
    endloop
  endfacet
  facet normal -0.67155 0.74096 0
    outer loop
      vertex -28.2604 -27.4307 3
      vertex -27.3733 -26.6267 0
      vertex -28.2604 -27.4307 0
    endloop
  endfacet
  facet normal 0.595715 -0.803196 0
    outer loop
      vertex -43.7396 -8.56927 0
      vertex -42.778 -7.85607 3
      vertex -43.7396 -8.56927 3
    endloop
  endfacet
  facet normal 0.595715 -0.803196 0
    outer loop
      vertex -42.778 -7.85607 3
      vertex -43.7396 -8.56927 0
      vertex -42.778 -7.85607 0
    endloop
  endfacet
  facet normal 0.970034 -0.242968 0
    outer loop
      vertex -47.9656 -15.6199 3
      vertex -47.6747 -14.4585 0
      vertex -47.6747 -14.4585 3
    endloop
  endfacet
  facet normal 0.970034 -0.242968 0
    outer loop
      vertex -47.6747 -14.4585 0
      vertex -47.9656 -15.6199 3
      vertex -47.9656 -15.6199 0
    endloop
  endfacet
  facet normal -0.514066 0.857751 0
    outer loop
      vertex -29.222 -28.1439 0
      vertex -30.249 -28.7594 3
      vertex -29.222 -28.1439 3
    endloop
  endfacet
  facet normal -0.514066 0.857751 0
    outer loop
      vertex -30.249 -28.7594 3
      vertex -29.222 -28.1439 0
      vertex -30.249 -28.7594 0
    endloop
  endfacet
  facet normal 0.74096 -0.67155 0
    outer loop
      vertex -45.4307 -10.2604 3
      vertex -44.6267 -9.3733 0
      vertex -44.6267 -9.3733 3
    endloop
  endfacet
  facet normal 0.74096 -0.67155 0
    outer loop
      vertex -44.6267 -9.3733 0
      vertex -45.4307 -10.2604 3
      vertex -45.4307 -10.2604 0
    endloop
  endfacet
  facet normal 0.803196 -0.595715 0
    outer loop
      vertex -46.1439 -11.222 3
      vertex -45.4307 -10.2604 0
      vertex -45.4307 -10.2604 3
    endloop
  endfacet
  facet normal 0.803196 -0.595715 0
    outer loop
      vertex -45.4307 -10.2604 0
      vertex -46.1439 -11.222 3
      vertex -46.1439 -11.222 0
    endloop
  endfacet
  facet normal -0.146727 -0.989177 0
    outer loop
      vertex -34.8042 -5.85875 0
      vertex -33.6199 -6.03442 3
      vertex -34.8042 -5.85875 3
    endloop
  endfacet
  facet normal -0.146727 -0.989177 -0
    outer loop
      vertex -33.6199 -6.03442 3
      vertex -34.8042 -5.85875 0
      vertex -33.6199 -6.03442 0
    endloop
  endfacet
  facet normal 0.941522 0.33695 0
    outer loop
      vertex -47.2713 -22.6687 3
      vertex -47.6747 -21.5415 0
      vertex -47.6747 -21.5415 3
    endloop
  endfacet
  facet normal 0.941522 0.33695 0
    outer loop
      vertex -47.6747 -21.5415 0
      vertex -47.2713 -22.6687 3
      vertex -47.2713 -22.6687 0
    endloop
  endfacet
  facet normal -0.595715 -0.803196 0
    outer loop
      vertex -29.222 -7.85607 0
      vertex -28.2604 -8.56927 3
      vertex -29.222 -7.85607 3
    endloop
  endfacet
  facet normal -0.595715 -0.803196 -0
    outer loop
      vertex -28.2604 -8.56927 3
      vertex -29.222 -7.85607 0
      vertex -28.2604 -8.56927 0
    endloop
  endfacet
  facet normal 0.67155 0.74096 -0
    outer loop
      vertex -43.7396 -27.4307 0
      vertex -44.6267 -26.6267 3
      vertex -43.7396 -27.4307 3
    endloop
  endfacet
  facet normal 0.67155 0.74096 0
    outer loop
      vertex -44.6267 -26.6267 3
      vertex -43.7396 -27.4307 0
      vertex -44.6267 -26.6267 0
    endloop
  endfacet
  facet normal -0.903986 -0.427562 0
    outer loop
      vertex -24.7287 -13.3313 0
      vertex -25.2406 -12.249 3
      vertex -25.2406 -12.249 0
    endloop
  endfacet
  facet normal -0.903986 -0.427562 0
    outer loop
      vertex -25.2406 -12.249 3
      vertex -24.7287 -13.3313 0
      vertex -24.7287 -13.3313 3
    endloop
  endfacet
  facet normal 0.146751 0.989173 -0
    outer loop
      vertex -37.1958 -30.1413 0
      vertex -38.3801 -29.9656 3
      vertex -37.1958 -30.1413 3
    endloop
  endfacet
  facet normal 0.146751 0.989173 0
    outer loop
      vertex -38.3801 -29.9656 3
      vertex -37.1958 -30.1413 0
      vertex -38.3801 -29.9656 0
    endloop
  endfacet
  facet normal -0.74096 -0.67155 0
    outer loop
      vertex -26.5693 -10.2604 0
      vertex -27.3733 -9.3733 3
      vertex -27.3733 -9.3733 0
    endloop
  endfacet
  facet normal -0.74096 -0.67155 0
    outer loop
      vertex -27.3733 -9.3733 3
      vertex -26.5693 -10.2604 0
      vertex -26.5693 -10.2604 3
    endloop
  endfacet
  facet normal 0.514066 0.857751 -0
    outer loop
      vertex -41.751 -28.7594 0
      vertex -42.778 -28.1439 3
      vertex -41.751 -28.7594 3
    endloop
  endfacet
  facet normal 0.514066 0.857751 0
    outer loop
      vertex -42.778 -28.1439 3
      vertex -41.751 -28.7594 0
      vertex -42.778 -28.1439 0
    endloop
  endfacet
  facet normal -0.803196 -0.595715 0
    outer loop
      vertex -25.8561 -11.222 0
      vertex -26.5693 -10.2604 3
      vertex -26.5693 -10.2604 0
    endloop
  endfacet
  facet normal -0.803196 -0.595715 0
    outer loop
      vertex -26.5693 -10.2604 3
      vertex -25.8561 -11.222 0
      vertex -25.8561 -11.222 3
    endloop
  endfacet
  facet normal -0.970034 -0.242968 0
    outer loop
      vertex -24.0344 -15.6199 0
      vertex -24.3253 -14.4585 3
      vertex -24.3253 -14.4585 0
    endloop
  endfacet
  facet normal -0.970034 -0.242968 0
    outer loop
      vertex -24.3253 -14.4585 3
      vertex -24.0344 -15.6199 0
      vertex -24.0344 -15.6199 3
    endloop
  endfacet
  facet normal -0.941522 0.33695 0
    outer loop
      vertex -24.7287 -22.6687 0
      vertex -24.3253 -21.5415 3
      vertex -24.3253 -21.5415 0
    endloop
  endfacet
  facet normal -0.941522 0.33695 0
    outer loop
      vertex -24.3253 -21.5415 3
      vertex -24.7287 -22.6687 0
      vertex -24.7287 -22.6687 3
    endloop
  endfacet
  facet normal 0.146727 -0.989177 0
    outer loop
      vertex -38.3801 -6.03442 0
      vertex -37.1958 -5.85875 3
      vertex -38.3801 -6.03442 3
    endloop
  endfacet
  facet normal 0.146727 -0.989177 0
    outer loop
      vertex -37.1958 -5.85875 3
      vertex -38.3801 -6.03442 0
      vertex -37.1958 -5.85875 0
    endloop
  endfacet
  facet normal 0.242976 -0.970032 0
    outer loop
      vertex -39.5415 -6.32533 0
      vertex -38.3801 -6.03442 3
      vertex -39.5415 -6.32533 3
    endloop
  endfacet
  facet normal 0.242976 -0.970032 0
    outer loop
      vertex -38.3801 -6.03442 3
      vertex -39.5415 -6.32533 0
      vertex -38.3801 -6.03442 0
    endloop
  endfacet
  facet normal -0.803196 0.595715 0
    outer loop
      vertex -26.5693 -25.7396 0
      vertex -25.8561 -24.778 3
      vertex -25.8561 -24.778 0
    endloop
  endfacet
  facet normal -0.803196 0.595715 0
    outer loop
      vertex -25.8561 -24.778 3
      vertex -26.5693 -25.7396 0
      vertex -26.5693 -25.7396 3
    endloop
  endfacet
  facet normal -0.336906 -0.941538 0
    outer loop
      vertex -32.4585 -6.32533 0
      vertex -31.3313 -6.72867 3
      vertex -32.4585 -6.32533 3
    endloop
  endfacet
  facet normal -0.336906 -0.941538 -0
    outer loop
      vertex -31.3313 -6.72867 3
      vertex -32.4585 -6.32533 0
      vertex -31.3313 -6.72867 0
    endloop
  endfacet
  facet normal 0.427555 -0.903989 0
    outer loop
      vertex -41.751 -7.24056 0
      vertex -40.6687 -6.72867 3
      vertex -41.751 -7.24056 3
    endloop
  endfacet
  facet normal 0.427555 -0.903989 0
    outer loop
      vertex -40.6687 -6.72867 3
      vertex -41.751 -7.24056 0
      vertex -40.6687 -6.72867 0
    endloop
  endfacet
  facet normal 0.970034 0.242968 0
    outer loop
      vertex -47.6747 -21.5415 3
      vertex -47.9656 -20.3801 0
      vertex -47.9656 -20.3801 3
    endloop
  endfacet
  facet normal 0.970034 0.242968 0
    outer loop
      vertex -47.9656 -20.3801 0
      vertex -47.6747 -21.5415 3
      vertex -47.6747 -21.5415 0
    endloop
  endfacet
  facet normal 0.941522 -0.33695 0
    outer loop
      vertex -47.6747 -14.4585 3
      vertex -47.2713 -13.3313 0
      vertex -47.2713 -13.3313 3
    endloop
  endfacet
  facet normal 0.941522 -0.33695 0
    outer loop
      vertex -47.2713 -13.3313 0
      vertex -47.6747 -14.4585 3
      vertex -47.6747 -14.4585 0
    endloop
  endfacet
  facet normal 0.803196 0.595715 0
    outer loop
      vertex -45.4307 -25.7396 3
      vertex -46.1439 -24.778 0
      vertex -46.1439 -24.778 3
    endloop
  endfacet
  facet normal 0.803196 0.595715 0
    outer loop
      vertex -46.1439 -24.778 0
      vertex -45.4307 -25.7396 3
      vertex -45.4307 -25.7396 0
    endloop
  endfacet
  facet normal 0.989173 0.146751 0
    outer loop
      vertex -47.9656 -20.3801 3
      vertex -48.1413 -19.1958 0
      vertex -48.1413 -19.1958 3
    endloop
  endfacet
  facet normal 0.989173 0.146751 0
    outer loop
      vertex -48.1413 -19.1958 0
      vertex -47.9656 -20.3801 3
      vertex -47.9656 -20.3801 0
    endloop
  endfacet
  facet normal -0.857751 0.514066 0
    outer loop
      vertex -25.8561 -24.778 0
      vertex -25.2406 -23.751 3
      vertex -25.2406 -23.751 0
    endloop
  endfacet
  facet normal -0.857751 0.514066 0
    outer loop
      vertex -25.2406 -23.751 3
      vertex -25.8561 -24.778 0
      vertex -25.8561 -24.778 3
    endloop
  endfacet
  facet normal -0.74096 0.67155 0
    outer loop
      vertex -27.3733 -26.6267 0
      vertex -26.5693 -25.7396 3
      vertex -26.5693 -25.7396 0
    endloop
  endfacet
  facet normal -0.74096 0.67155 0
    outer loop
      vertex -26.5693 -25.7396 3
      vertex -27.3733 -26.6267 0
      vertex -27.3733 -26.6267 3
    endloop
  endfacet
  facet normal 0.595715 0.803196 -0
    outer loop
      vertex -42.778 -28.1439 0
      vertex -43.7396 -27.4307 3
      vertex -42.778 -28.1439 3
    endloop
  endfacet
  facet normal 0.595715 0.803196 0
    outer loop
      vertex -43.7396 -27.4307 3
      vertex -42.778 -28.1439 0
      vertex -43.7396 -27.4307 0
    endloop
  endfacet
  facet normal 0.33695 0.941522 -0
    outer loop
      vertex -39.5415 -29.6747 0
      vertex -40.6687 -29.2713 3
      vertex -39.5415 -29.6747 3
    endloop
  endfacet
  facet normal 0.33695 0.941522 0
    outer loop
      vertex -40.6687 -29.2713 3
      vertex -39.5415 -29.6747 0
      vertex -40.6687 -29.2713 0
    endloop
  endfacet
  facet normal 0.0490294 0.998797 -0
    outer loop
      vertex -36 -30.2 0
      vertex -37.1958 -30.1413 3
      vertex -36 -30.2 3
    endloop
  endfacet
  facet normal 0.0490294 0.998797 0
    outer loop
      vertex -37.1958 -30.1413 3
      vertex -36 -30.2 0
      vertex -37.1958 -30.1413 0
    endloop
  endfacet
  facet normal 0.427562 0.903986 -0
    outer loop
      vertex -40.6687 -29.2713 0
      vertex -41.751 -28.7594 3
      vertex -40.6687 -29.2713 3
    endloop
  endfacet
  facet normal 0.427562 0.903986 0
    outer loop
      vertex -41.751 -28.7594 3
      vertex -40.6687 -29.2713 0
      vertex -41.751 -28.7594 0
    endloop
  endfacet
  facet normal -0.242968 0.970034 0
    outer loop
      vertex -32.4585 -29.6747 0
      vertex -33.6199 -29.9656 3
      vertex -32.4585 -29.6747 3
    endloop
  endfacet
  facet normal -0.242968 0.970034 0
    outer loop
      vertex -33.6199 -29.9656 3
      vertex -32.4585 -29.6747 0
      vertex -33.6199 -29.9656 0
    endloop
  endfacet
  facet normal 0.242968 0.970034 -0
    outer loop
      vertex -38.3801 -29.9656 0
      vertex -39.5415 -29.6747 3
      vertex -38.3801 -29.9656 3
    endloop
  endfacet
  facet normal 0.242968 0.970034 0
    outer loop
      vertex -39.5415 -29.6747 3
      vertex -38.3801 -29.9656 0
      vertex -39.5415 -29.6747 0
    endloop
  endfacet
  facet normal 0.989173 -0.146751 0
    outer loop
      vertex -48.1413 -16.8042 3
      vertex -47.9656 -15.6199 0
      vertex -47.9656 -15.6199 3
    endloop
  endfacet
  facet normal 0.989173 -0.146751 0
    outer loop
      vertex -47.9656 -15.6199 0
      vertex -48.1413 -16.8042 3
      vertex -48.1413 -16.8042 0
    endloop
  endfacet
  facet normal -0.989173 -0.146751 0
    outer loop
      vertex -23.8587 19.1958 0
      vertex -24.0344 20.3801 3
      vertex -24.0344 20.3801 0
    endloop
  endfacet
  facet normal -0.989173 -0.146751 0
    outer loop
      vertex -24.0344 20.3801 3
      vertex -23.8587 19.1958 0
      vertex -23.8587 19.1958 3
    endloop
  endfacet
  facet normal -0.998797 -0.0490294 0
    outer loop
      vertex -23.8 18 0
      vertex -23.8587 19.1958 3
      vertex -23.8587 19.1958 0
    endloop
  endfacet
  facet normal -0.998797 -0.0490294 0
    outer loop
      vertex -23.8587 19.1958 3
      vertex -23.8 18 0
      vertex -23.8 18 3
    endloop
  endfacet
  facet normal -0.970034 -0.242968 0
    outer loop
      vertex -24.0344 20.3801 0
      vertex -24.3253 21.5415 3
      vertex -24.3253 21.5415 0
    endloop
  endfacet
  facet normal -0.970034 -0.242968 0
    outer loop
      vertex -24.3253 21.5415 3
      vertex -24.0344 20.3801 0
      vertex -24.0344 20.3801 3
    endloop
  endfacet
  facet normal 0.242968 -0.970034 0
    outer loop
      vertex -39.5415 29.6747 0
      vertex -38.3801 29.9656 3
      vertex -39.5415 29.6747 3
    endloop
  endfacet
  facet normal 0.242968 -0.970034 0
    outer loop
      vertex -38.3801 29.9656 3
      vertex -39.5415 29.6747 0
      vertex -38.3801 29.9656 0
    endloop
  endfacet
  facet normal 0.903986 0.427562 0
    outer loop
      vertex -46.7594 12.249 3
      vertex -47.2713 13.3313 0
      vertex -47.2713 13.3313 3
    endloop
  endfacet
  facet normal 0.903986 0.427562 0
    outer loop
      vertex -47.2713 13.3313 0
      vertex -46.7594 12.249 3
      vertex -46.7594 12.249 0
    endloop
  endfacet
  facet normal -0.427555 0.903989 0
    outer loop
      vertex -30.249 7.24056 0
      vertex -31.3313 6.72867 3
      vertex -30.249 7.24056 3
    endloop
  endfacet
  facet normal -0.427555 0.903989 0
    outer loop
      vertex -31.3313 6.72867 3
      vertex -30.249 7.24056 0
      vertex -31.3313 6.72867 0
    endloop
  endfacet
  facet normal 0.242976 0.970032 -0
    outer loop
      vertex -38.3801 6.03442 0
      vertex -39.5415 6.32533 3
      vertex -38.3801 6.03442 3
    endloop
  endfacet
  facet normal 0.242976 0.970032 0
    outer loop
      vertex -39.5415 6.32533 3
      vertex -38.3801 6.03442 0
      vertex -39.5415 6.32533 0
    endloop
  endfacet
  facet normal -0.514072 0.857747 0
    outer loop
      vertex -29.222 7.85607 0
      vertex -30.249 7.24056 3
      vertex -29.222 7.85607 3
    endloop
  endfacet
  facet normal -0.514072 0.857747 0
    outer loop
      vertex -30.249 7.24056 3
      vertex -29.222 7.85607 0
      vertex -30.249 7.24056 0
    endloop
  endfacet
  facet normal 0.336906 0.941538 -0
    outer loop
      vertex -39.5415 6.32533 0
      vertex -40.6687 6.72867 3
      vertex -39.5415 6.32533 3
    endloop
  endfacet
  facet normal 0.336906 0.941538 0
    outer loop
      vertex -40.6687 6.72867 3
      vertex -39.5415 6.32533 0
      vertex -40.6687 6.72867 0
    endloop
  endfacet
  facet normal -0.336906 0.941538 0
    outer loop
      vertex -31.3313 6.72867 0
      vertex -32.4585 6.32533 3
      vertex -31.3313 6.72867 3
    endloop
  endfacet
  facet normal -0.336906 0.941538 0
    outer loop
      vertex -32.4585 6.32533 3
      vertex -31.3313 6.72867 0
      vertex -32.4585 6.32533 0
    endloop
  endfacet
  facet normal 0.67155 -0.74096 0
    outer loop
      vertex -44.6267 26.6267 0
      vertex -43.7396 27.4307 3
      vertex -44.6267 26.6267 3
    endloop
  endfacet
  facet normal 0.67155 -0.74096 0
    outer loop
      vertex -43.7396 27.4307 3
      vertex -44.6267 26.6267 0
      vertex -43.7396 27.4307 0
    endloop
  endfacet
  facet normal -0.242976 0.970032 0
    outer loop
      vertex -32.4585 6.32533 0
      vertex -33.6199 6.03442 3
      vertex -32.4585 6.32533 3
    endloop
  endfacet
  facet normal -0.242976 0.970032 0
    outer loop
      vertex -33.6199 6.03442 3
      vertex -32.4585 6.32533 0
      vertex -33.6199 6.03442 0
    endloop
  endfacet
  facet normal 0.857751 -0.514066 0
    outer loop
      vertex -46.7594 23.751 3
      vertex -46.1439 24.778 0
      vertex -46.1439 24.778 3
    endloop
  endfacet
  facet normal 0.857751 -0.514066 0
    outer loop
      vertex -46.1439 24.778 0
      vertex -46.7594 23.751 3
      vertex -46.7594 23.751 0
    endloop
  endfacet
  facet normal 0.989173 -0.146751 0
    outer loop
      vertex -48.1413 19.1958 3
      vertex -47.9656 20.3801 0
      vertex -47.9656 20.3801 3
    endloop
  endfacet
  facet normal 0.989173 -0.146751 0
    outer loop
      vertex -47.9656 20.3801 0
      vertex -48.1413 19.1958 3
      vertex -48.1413 19.1958 0
    endloop
  endfacet
  facet normal -0.903986 -0.427562 0
    outer loop
      vertex -24.7287 22.6687 0
      vertex -25.2406 23.751 3
      vertex -25.2406 23.751 0
    endloop
  endfacet
  facet normal -0.903986 -0.427562 0
    outer loop
      vertex -25.2406 23.751 3
      vertex -24.7287 22.6687 0
      vertex -24.7287 22.6687 3
    endloop
  endfacet
  facet normal -0.803196 0.595715 0
    outer loop
      vertex -26.5693 10.2604 0
      vertex -25.8561 11.222 3
      vertex -25.8561 11.222 0
    endloop
  endfacet
  facet normal -0.803196 0.595715 0
    outer loop
      vertex -25.8561 11.222 3
      vertex -26.5693 10.2604 0
      vertex -26.5693 10.2604 3
    endloop
  endfacet
  facet normal 0.595715 -0.803196 0
    outer loop
      vertex -43.7396 27.4307 0
      vertex -42.778 28.1439 3
      vertex -43.7396 27.4307 3
    endloop
  endfacet
  facet normal 0.595715 -0.803196 0
    outer loop
      vertex -42.778 28.1439 3
      vertex -43.7396 27.4307 0
      vertex -42.778 28.1439 0
    endloop
  endfacet
  facet normal -0.595715 -0.803196 0
    outer loop
      vertex -29.222 28.1439 0
      vertex -28.2604 27.4307 3
      vertex -29.222 28.1439 3
    endloop
  endfacet
  facet normal -0.595715 -0.803196 -0
    outer loop
      vertex -28.2604 27.4307 3
      vertex -29.222 28.1439 0
      vertex -28.2604 27.4307 0
    endloop
  endfacet
  facet normal -0.146751 -0.989173 0
    outer loop
      vertex -34.8042 30.1413 0
      vertex -33.6199 29.9656 3
      vertex -34.8042 30.1413 3
    endloop
  endfacet
  facet normal -0.146751 -0.989173 -0
    outer loop
      vertex -33.6199 29.9656 3
      vertex -34.8042 30.1413 0
      vertex -33.6199 29.9656 0
    endloop
  endfacet
  facet normal -0.803196 -0.595715 0
    outer loop
      vertex -25.8561 24.778 0
      vertex -26.5693 25.7396 3
      vertex -26.5693 25.7396 0
    endloop
  endfacet
  facet normal -0.803196 -0.595715 0
    outer loop
      vertex -26.5693 25.7396 3
      vertex -25.8561 24.778 0
      vertex -25.8561 24.778 3
    endloop
  endfacet
  facet normal 0.514066 -0.857751 0
    outer loop
      vertex -42.778 28.1439 0
      vertex -41.751 28.7594 3
      vertex -42.778 28.1439 3
    endloop
  endfacet
  facet normal 0.514066 -0.857751 0
    outer loop
      vertex -41.751 28.7594 3
      vertex -42.778 28.1439 0
      vertex -41.751 28.7594 0
    endloop
  endfacet
  facet normal -0.514066 -0.857751 0
    outer loop
      vertex -30.249 28.7594 0
      vertex -29.222 28.1439 3
      vertex -30.249 28.7594 3
    endloop
  endfacet
  facet normal -0.514066 -0.857751 -0
    outer loop
      vertex -29.222 28.1439 3
      vertex -30.249 28.7594 0
      vertex -29.222 28.1439 0
    endloop
  endfacet
  facet normal -0.67155 -0.74096 0
    outer loop
      vertex -28.2604 27.4307 0
      vertex -27.3733 26.6267 3
      vertex -28.2604 27.4307 3
    endloop
  endfacet
  facet normal -0.67155 -0.74096 -0
    outer loop
      vertex -27.3733 26.6267 3
      vertex -28.2604 27.4307 0
      vertex -27.3733 26.6267 0
    endloop
  endfacet
  facet normal 0.941522 0.33695 0
    outer loop
      vertex -47.2713 13.3313 3
      vertex -47.6747 14.4585 0
      vertex -47.6747 14.4585 3
    endloop
  endfacet
  facet normal 0.941522 0.33695 0
    outer loop
      vertex -47.6747 14.4585 0
      vertex -47.2713 13.3313 3
      vertex -47.2713 13.3313 0
    endloop
  endfacet
  facet normal -0.998797 0.0490294 0
    outer loop
      vertex -23.8587 16.8042 0
      vertex -23.8 18 3
      vertex -23.8 18 0
    endloop
  endfacet
  facet normal -0.998797 0.0490294 0
    outer loop
      vertex -23.8 18 3
      vertex -23.8587 16.8042 0
      vertex -23.8587 16.8042 3
    endloop
  endfacet
  facet normal 0.427562 -0.903986 0
    outer loop
      vertex -41.751 28.7594 0
      vertex -40.6687 29.2713 3
      vertex -41.751 28.7594 3
    endloop
  endfacet
  facet normal 0.427562 -0.903986 0
    outer loop
      vertex -40.6687 29.2713 3
      vertex -41.751 28.7594 0
      vertex -40.6687 29.2713 0
    endloop
  endfacet
  facet normal -0.903986 0.427562 0
    outer loop
      vertex -25.2406 12.249 0
      vertex -24.7287 13.3313 3
      vertex -24.7287 13.3313 0
    endloop
  endfacet
  facet normal -0.903986 0.427562 0
    outer loop
      vertex -24.7287 13.3313 3
      vertex -25.2406 12.249 0
      vertex -25.2406 12.249 3
    endloop
  endfacet
  facet normal 0.595715 0.803196 -0
    outer loop
      vertex -42.778 7.85607 0
      vertex -43.7396 8.56927 3
      vertex -42.778 7.85607 3
    endloop
  endfacet
  facet normal 0.595715 0.803196 0
    outer loop
      vertex -43.7396 8.56927 3
      vertex -42.778 7.85607 0
      vertex -43.7396 8.56927 0
    endloop
  endfacet
  facet normal 0.803196 -0.595715 0
    outer loop
      vertex -46.1439 24.778 3
      vertex -45.4307 25.7396 0
      vertex -45.4307 25.7396 3
    endloop
  endfacet
  facet normal 0.803196 -0.595715 0
    outer loop
      vertex -45.4307 25.7396 0
      vertex -46.1439 24.778 3
      vertex -46.1439 24.778 0
    endloop
  endfacet
  facet normal 0.941522 -0.33695 0
    outer loop
      vertex -47.6747 21.5415 3
      vertex -47.2713 22.6687 0
      vertex -47.2713 22.6687 3
    endloop
  endfacet
  facet normal 0.941522 -0.33695 0
    outer loop
      vertex -47.2713 22.6687 0
      vertex -47.6747 21.5415 3
      vertex -47.6747 21.5415 0
    endloop
  endfacet
  facet normal -0.941522 -0.33695 0
    outer loop
      vertex -24.3253 21.5415 0
      vertex -24.7287 22.6687 3
      vertex -24.7287 22.6687 0
    endloop
  endfacet
  facet normal -0.941522 -0.33695 0
    outer loop
      vertex -24.7287 22.6687 3
      vertex -24.3253 21.5415 0
      vertex -24.3253 21.5415 3
    endloop
  endfacet
  facet normal -0.857751 -0.514066 0
    outer loop
      vertex -25.2406 23.751 0
      vertex -25.8561 24.778 3
      vertex -25.8561 24.778 0
    endloop
  endfacet
  facet normal -0.857751 -0.514066 0
    outer loop
      vertex -25.8561 24.778 3
      vertex -25.2406 23.751 0
      vertex -25.2406 23.751 3
    endloop
  endfacet
  facet normal 0.671563 0.740947 -0
    outer loop
      vertex -43.7396 8.56927 0
      vertex -44.6267 9.3733 3
      vertex -43.7396 8.56927 3
    endloop
  endfacet
  facet normal 0.671563 0.740947 0
    outer loop
      vertex -44.6267 9.3733 3
      vertex -43.7396 8.56927 0
      vertex -44.6267 9.3733 0
    endloop
  endfacet
  facet normal -0.970034 0.242968 0
    outer loop
      vertex -24.3253 14.4585 0
      vertex -24.0344 15.6199 3
      vertex -24.0344 15.6199 0
    endloop
  endfacet
  facet normal -0.970034 0.242968 0
    outer loop
      vertex -24.0344 15.6199 3
      vertex -24.3253 14.4585 0
      vertex -24.3253 14.4585 3
    endloop
  endfacet
  facet normal -0.989173 0.146751 0
    outer loop
      vertex -24.0344 15.6199 0
      vertex -23.8587 16.8042 3
      vertex -23.8587 16.8042 0
    endloop
  endfacet
  facet normal -0.989173 0.146751 0
    outer loop
      vertex -23.8587 16.8042 3
      vertex -24.0344 15.6199 0
      vertex -24.0344 15.6199 3
    endloop
  endfacet
  facet normal 0.514072 0.857747 -0
    outer loop
      vertex -41.751 7.24056 0
      vertex -42.778 7.85607 3
      vertex -41.751 7.24056 3
    endloop
  endfacet
  facet normal 0.514072 0.857747 0
    outer loop
      vertex -42.778 7.85607 3
      vertex -41.751 7.24056 0
      vertex -42.778 7.85607 0
    endloop
  endfacet
  facet normal -0.33695 -0.941522 0
    outer loop
      vertex -32.4585 29.6747 0
      vertex -31.3313 29.2713 3
      vertex -32.4585 29.6747 3
    endloop
  endfacet
  facet normal -0.33695 -0.941522 -0
    outer loop
      vertex -31.3313 29.2713 3
      vertex -32.4585 29.6747 0
      vertex -31.3313 29.2713 0
    endloop
  endfacet
  facet normal 0.33695 -0.941522 0
    outer loop
      vertex -40.6687 29.2713 0
      vertex -39.5415 29.6747 3
      vertex -40.6687 29.2713 3
    endloop
  endfacet
  facet normal 0.33695 -0.941522 0
    outer loop
      vertex -39.5415 29.6747 3
      vertex -40.6687 29.2713 0
      vertex -39.5415 29.6747 0
    endloop
  endfacet
  facet normal -0.146727 0.989177 0
    outer loop
      vertex -33.6199 6.03442 0
      vertex -34.8042 5.85875 3
      vertex -33.6199 6.03442 3
    endloop
  endfacet
  facet normal -0.146727 0.989177 0
    outer loop
      vertex -34.8042 5.85875 3
      vertex -33.6199 6.03442 0
      vertex -34.8042 5.85875 0
    endloop
  endfacet
  facet normal -0.857751 0.514066 0
    outer loop
      vertex -25.8561 11.222 0
      vertex -25.2406 12.249 3
      vertex -25.2406 12.249 0
    endloop
  endfacet
  facet normal -0.857751 0.514066 0
    outer loop
      vertex -25.2406 12.249 3
      vertex -25.8561 11.222 0
      vertex -25.8561 11.222 3
    endloop
  endfacet
  facet normal 0.0490294 -0.998797 0
    outer loop
      vertex -37.1958 30.1413 0
      vertex -36 30.2 3
      vertex -37.1958 30.1413 3
    endloop
  endfacet
  facet normal 0.0490294 -0.998797 0
    outer loop
      vertex -36 30.2 3
      vertex -37.1958 30.1413 0
      vertex -36 30.2 0
    endloop
  endfacet
  facet normal 0.998797 0.0490294 0
    outer loop
      vertex -48.1413 16.8042 3
      vertex -48.2 18 0
      vertex -48.2 18 3
    endloop
  endfacet
  facet normal 0.998797 0.0490294 0
    outer loop
      vertex -48.2 18 0
      vertex -48.1413 16.8042 3
      vertex -48.1413 16.8042 0
    endloop
  endfacet
  facet normal -0.941522 0.33695 0
    outer loop
      vertex -24.7287 13.3313 0
      vertex -24.3253 14.4585 3
      vertex -24.3253 14.4585 0
    endloop
  endfacet
  facet normal -0.941522 0.33695 0
    outer loop
      vertex -24.3253 14.4585 3
      vertex -24.7287 13.3313 0
      vertex -24.7287 13.3313 3
    endloop
  endfacet
  facet normal -0.427562 -0.903986 0
    outer loop
      vertex -31.3313 29.2713 0
      vertex -30.249 28.7594 3
      vertex -31.3313 29.2713 3
    endloop
  endfacet
  facet normal -0.427562 -0.903986 -0
    outer loop
      vertex -30.249 28.7594 3
      vertex -31.3313 29.2713 0
      vertex -30.249 28.7594 0
    endloop
  endfacet
  facet normal -0.74096 -0.67155 0
    outer loop
      vertex -26.5693 25.7396 0
      vertex -27.3733 26.6267 3
      vertex -27.3733 26.6267 0
    endloop
  endfacet
  facet normal -0.74096 -0.67155 0
    outer loop
      vertex -27.3733 26.6267 3
      vertex -26.5693 25.7396 0
      vertex -26.5693 25.7396 3
    endloop
  endfacet
  facet normal -0.0490294 -0.998797 0
    outer loop
      vertex -36 30.2 0
      vertex -34.8042 30.1413 3
      vertex -36 30.2 3
    endloop
  endfacet
  facet normal -0.0490294 -0.998797 -0
    outer loop
      vertex -34.8042 30.1413 3
      vertex -36 30.2 0
      vertex -34.8042 30.1413 0
    endloop
  endfacet
  facet normal 0.857751 0.514066 0
    outer loop
      vertex -46.1439 11.222 3
      vertex -46.7594 12.249 0
      vertex -46.7594 12.249 3
    endloop
  endfacet
  facet normal 0.857751 0.514066 0
    outer loop
      vertex -46.7594 12.249 0
      vertex -46.1439 11.222 3
      vertex -46.1439 11.222 0
    endloop
  endfacet
  facet normal 0.146727 0.989177 -0
    outer loop
      vertex -37.1958 5.85875 0
      vertex -38.3801 6.03442 3
      vertex -37.1958 5.85875 3
    endloop
  endfacet
  facet normal 0.146727 0.989177 0
    outer loop
      vertex -38.3801 6.03442 3
      vertex -37.1958 5.85875 0
      vertex -38.3801 6.03442 0
    endloop
  endfacet
  facet normal -0.671563 0.740947 0
    outer loop
      vertex -27.3733 9.3733 0
      vertex -28.2604 8.56927 3
      vertex -27.3733 9.3733 3
    endloop
  endfacet
  facet normal -0.671563 0.740947 0
    outer loop
      vertex -28.2604 8.56927 3
      vertex -27.3733 9.3733 0
      vertex -28.2604 8.56927 0
    endloop
  endfacet
  facet normal 0.0490711 0.998795 -0
    outer loop
      vertex -36 5.8 0
      vertex -37.1958 5.85875 3
      vertex -36 5.8 3
    endloop
  endfacet
  facet normal 0.0490711 0.998795 0
    outer loop
      vertex -37.1958 5.85875 3
      vertex -36 5.8 0
      vertex -37.1958 5.85875 0
    endloop
  endfacet
  facet normal 0.74096 -0.67155 0
    outer loop
      vertex -45.4307 25.7396 3
      vertex -44.6267 26.6267 0
      vertex -44.6267 26.6267 3
    endloop
  endfacet
  facet normal 0.74096 -0.67155 0
    outer loop
      vertex -44.6267 26.6267 0
      vertex -45.4307 25.7396 3
      vertex -45.4307 25.7396 0
    endloop
  endfacet
  facet normal 0.146751 -0.989173 0
    outer loop
      vertex -38.3801 29.9656 0
      vertex -37.1958 30.1413 3
      vertex -38.3801 29.9656 3
    endloop
  endfacet
  facet normal 0.146751 -0.989173 0
    outer loop
      vertex -37.1958 30.1413 3
      vertex -38.3801 29.9656 0
      vertex -37.1958 30.1413 0
    endloop
  endfacet
  facet normal 0.903986 -0.427562 0
    outer loop
      vertex -47.2713 22.6687 3
      vertex -46.7594 23.751 0
      vertex -46.7594 23.751 3
    endloop
  endfacet
  facet normal 0.903986 -0.427562 0
    outer loop
      vertex -46.7594 23.751 0
      vertex -47.2713 22.6687 3
      vertex -47.2713 22.6687 0
    endloop
  endfacet
  facet normal 0.970034 -0.242968 0
    outer loop
      vertex -47.9656 20.3801 3
      vertex -47.6747 21.5415 0
      vertex -47.6747 21.5415 3
    endloop
  endfacet
  facet normal 0.970034 -0.242968 0
    outer loop
      vertex -47.6747 21.5415 0
      vertex -47.9656 20.3801 3
      vertex -47.9656 20.3801 0
    endloop
  endfacet
  facet normal -0.242968 -0.970034 0
    outer loop
      vertex -33.6199 29.9656 0
      vertex -32.4585 29.6747 3
      vertex -33.6199 29.9656 3
    endloop
  endfacet
  facet normal -0.242968 -0.970034 -0
    outer loop
      vertex -32.4585 29.6747 3
      vertex -33.6199 29.9656 0
      vertex -32.4585 29.6747 0
    endloop
  endfacet
  facet normal 0.970034 0.242968 0
    outer loop
      vertex -47.6747 14.4585 3
      vertex -47.9656 15.6199 0
      vertex -47.9656 15.6199 3
    endloop
  endfacet
  facet normal 0.970034 0.242968 0
    outer loop
      vertex -47.9656 15.6199 0
      vertex -47.6747 14.4585 3
      vertex -47.6747 14.4585 0
    endloop
  endfacet
  facet normal 0.427555 0.903989 -0
    outer loop
      vertex -40.6687 6.72867 0
      vertex -41.751 7.24056 3
      vertex -40.6687 6.72867 3
    endloop
  endfacet
  facet normal 0.427555 0.903989 0
    outer loop
      vertex -41.751 7.24056 3
      vertex -40.6687 6.72867 0
      vertex -41.751 7.24056 0
    endloop
  endfacet
  facet normal 0.74096 0.67155 0
    outer loop
      vertex -44.6267 9.3733 3
      vertex -45.4307 10.2604 0
      vertex -45.4307 10.2604 3
    endloop
  endfacet
  facet normal 0.74096 0.67155 0
    outer loop
      vertex -45.4307 10.2604 0
      vertex -44.6267 9.3733 3
      vertex -44.6267 9.3733 0
    endloop
  endfacet
  facet normal -0.0490711 0.998795 0
    outer loop
      vertex -34.8042 5.85875 0
      vertex -36 5.8 3
      vertex -34.8042 5.85875 3
    endloop
  endfacet
  facet normal -0.0490711 0.998795 0
    outer loop
      vertex -36 5.8 3
      vertex -34.8042 5.85875 0
      vertex -36 5.8 0
    endloop
  endfacet
  facet normal 0.989173 0.146751 0
    outer loop
      vertex -47.9656 15.6199 3
      vertex -48.1413 16.8042 0
      vertex -48.1413 16.8042 3
    endloop
  endfacet
  facet normal 0.989173 0.146751 0
    outer loop
      vertex -48.1413 16.8042 0
      vertex -47.9656 15.6199 3
      vertex -47.9656 15.6199 0
    endloop
  endfacet
  facet normal -0.595715 0.803196 0
    outer loop
      vertex -28.2604 8.56927 0
      vertex -29.222 7.85607 3
      vertex -28.2604 8.56927 3
    endloop
  endfacet
  facet normal -0.595715 0.803196 0
    outer loop
      vertex -29.222 7.85607 3
      vertex -28.2604 8.56927 0
      vertex -29.222 7.85607 0
    endloop
  endfacet
  facet normal 0.803196 0.595715 0
    outer loop
      vertex -45.4307 10.2604 3
      vertex -46.1439 11.222 0
      vertex -46.1439 11.222 3
    endloop
  endfacet
  facet normal 0.803196 0.595715 0
    outer loop
      vertex -46.1439 11.222 0
      vertex -45.4307 10.2604 3
      vertex -45.4307 10.2604 0
    endloop
  endfacet
  facet normal 0.998797 -0.0490294 0
    outer loop
      vertex -48.2 18 3
      vertex -48.1413 19.1958 0
      vertex -48.1413 19.1958 3
    endloop
  endfacet
  facet normal 0.998797 -0.0490294 0
    outer loop
      vertex -48.1413 19.1958 0
      vertex -48.2 18 3
      vertex -48.2 18 0
    endloop
  endfacet
  facet normal -0.74096 0.67155 0
    outer loop
      vertex -27.3733 9.3733 0
      vertex -26.5693 10.2604 3
      vertex -26.5693 10.2604 0
    endloop
  endfacet
  facet normal -0.74096 0.67155 0
    outer loop
      vertex -26.5693 10.2604 3
      vertex -27.3733 9.3733 0
      vertex -27.3733 9.3733 3
    endloop
  endfacet
  facet normal -0.740947 -0.671563 0
    outer loop
      vertex 9.43073 -10.2604 0
      vertex 8.6267 -9.3733 3
      vertex 8.6267 -9.3733 0
    endloop
  endfacet
  facet normal -0.740947 -0.671563 0
    outer loop
      vertex 8.6267 -9.3733 3
      vertex 9.43073 -10.2604 0
      vertex 9.43073 -10.2604 3
    endloop
  endfacet
  facet normal -0.989173 -0.146751 0
    outer loop
      vertex 12.1413 -16.8042 0
      vertex 11.9656 -15.6199 3
      vertex 11.9656 -15.6199 0
    endloop
  endfacet
  facet normal -0.989173 -0.146751 0
    outer loop
      vertex 11.9656 -15.6199 3
      vertex 12.1413 -16.8042 0
      vertex 12.1413 -16.8042 3
    endloop
  endfacet
  facet normal -0.998797 -0.0490294 0
    outer loop
      vertex 12.2 -18 0
      vertex 12.1413 -16.8042 3
      vertex 12.1413 -16.8042 0
    endloop
  endfacet
  facet normal -0.998797 -0.0490294 0
    outer loop
      vertex 12.1413 -16.8042 3
      vertex 12.2 -18 0
      vertex 12.2 -18 3
    endloop
  endfacet
  facet normal -0.595699 -0.803208 0
    outer loop
      vertex 6.77796 -7.85607 0
      vertex 7.7396 -8.56927 3
      vertex 6.77796 -7.85607 3
    endloop
  endfacet
  facet normal -0.595699 -0.803208 -0
    outer loop
      vertex 7.7396 -8.56927 3
      vertex 6.77796 -7.85607 0
      vertex 7.7396 -8.56927 0
    endloop
  endfacet
  facet normal 0.857751 -0.514066 0
    outer loop
      vertex -10.7594 -12.249 3
      vertex -10.1439 -11.222 0
      vertex -10.1439 -11.222 3
    endloop
  endfacet
  facet normal 0.857751 -0.514066 0
    outer loop
      vertex -10.1439 -11.222 0
      vertex -10.7594 -12.249 3
      vertex -10.7594 -12.249 0
    endloop
  endfacet
  facet normal -0.336932 0.941529 0
    outer loop
      vertex 4.66874 -29.2713 0
      vertex 3.54147 -29.6747 3
      vertex 4.66874 -29.2713 3
    endloop
  endfacet
  facet normal -0.336932 0.941529 0
    outer loop
      vertex 3.54147 -29.6747 3
      vertex 4.66874 -29.2713 0
      vertex 3.54147 -29.6747 0
    endloop
  endfacet
  facet normal 0.998797 0.0490294 0
    outer loop
      vertex -12.1413 -19.1958 3
      vertex -12.2 -18 0
      vertex -12.2 -18 3
    endloop
  endfacet
  facet normal 0.998797 0.0490294 0
    outer loop
      vertex -12.2 -18 0
      vertex -12.1413 -19.1958 3
      vertex -12.1413 -19.1958 0
    endloop
  endfacet
  facet normal 0.671563 -0.740947 0
    outer loop
      vertex -8.6267 -9.3733 0
      vertex -7.7396 -8.56927 3
      vertex -8.6267 -9.3733 3
    endloop
  endfacet
  facet normal 0.671563 -0.740947 0
    outer loop
      vertex -7.7396 -8.56927 3
      vertex -8.6267 -9.3733 0
      vertex -7.7396 -8.56927 0
    endloop
  endfacet
  facet normal 0.970034 0.242968 0
    outer loop
      vertex -11.6747 -21.5415 3
      vertex -11.9656 -20.3801 0
      vertex -11.9656 -20.3801 3
    endloop
  endfacet
  facet normal 0.970034 0.242968 0
    outer loop
      vertex -11.9656 -20.3801 0
      vertex -11.6747 -21.5415 3
      vertex -11.6747 -21.5415 0
    endloop
  endfacet
  facet normal -0.989173 0.146751 0
    outer loop
      vertex 11.9656 -20.3801 0
      vertex 12.1413 -19.1958 3
      vertex 12.1413 -19.1958 0
    endloop
  endfacet
  facet normal -0.989173 0.146751 0
    outer loop
      vertex 12.1413 -19.1958 3
      vertex 11.9656 -20.3801 0
      vertex 11.9656 -20.3801 3
    endloop
  endfacet
  facet normal 0.427555 -0.903989 0
    outer loop
      vertex -5.75104 -7.24056 0
      vertex -4.66874 -6.72867 3
      vertex -5.75104 -7.24056 3
    endloop
  endfacet
  facet normal 0.427555 -0.903989 0
    outer loop
      vertex -4.66874 -6.72867 3
      vertex -5.75104 -7.24056 0
      vertex -4.66874 -6.72867 0
    endloop
  endfacet
  facet normal 0.941522 0.33695 0
    outer loop
      vertex -11.2713 -22.6687 3
      vertex -11.6747 -21.5415 0
      vertex -11.6747 -21.5415 3
    endloop
  endfacet
  facet normal 0.941522 0.33695 0
    outer loop
      vertex -11.6747 -21.5415 0
      vertex -11.2713 -22.6687 3
      vertex -11.2713 -22.6687 0
    endloop
  endfacet
  facet normal 0.242982 -0.970031 0
    outer loop
      vertex -3.54147 -6.32533 0
      vertex -2.3801 -6.03442 3
      vertex -3.54147 -6.32533 3
    endloop
  endfacet
  facet normal 0.242982 -0.970031 0
    outer loop
      vertex -2.3801 -6.03442 3
      vertex -3.54147 -6.32533 0
      vertex -2.3801 -6.03442 0
    endloop
  endfacet
  facet normal 0.595699 0.803208 -0
    outer loop
      vertex -6.77796 -28.1439 0
      vertex -7.7396 -27.4307 3
      vertex -6.77796 -28.1439 3
    endloop
  endfacet
  facet normal 0.595699 0.803208 0
    outer loop
      vertex -7.7396 -27.4307 3
      vertex -6.77796 -28.1439 0
      vertex -7.7396 -27.4307 0
    endloop
  endfacet
  facet normal 0.970034 -0.242968 0
    outer loop
      vertex -11.9656 -15.6199 3
      vertex -11.6747 -14.4585 0
      vertex -11.6747 -14.4585 3
    endloop
  endfacet
  facet normal 0.970034 -0.242968 0
    outer loop
      vertex -11.6747 -14.4585 0
      vertex -11.9656 -15.6199 3
      vertex -11.9656 -15.6199 0
    endloop
  endfacet
  facet normal 0.941522 -0.33695 0
    outer loop
      vertex -11.6747 -14.4585 3
      vertex -11.2713 -13.3313 0
      vertex -11.2713 -13.3313 3
    endloop
  endfacet
  facet normal 0.941522 -0.33695 0
    outer loop
      vertex -11.2713 -13.3313 0
      vertex -11.6747 -14.4585 3
      vertex -11.6747 -14.4585 0
    endloop
  endfacet
  facet normal -0.427555 -0.903989 0
    outer loop
      vertex 4.66874 -6.72867 0
      vertex 5.75104 -7.24056 3
      vertex 4.66874 -6.72867 3
    endloop
  endfacet
  facet normal -0.427555 -0.903989 -0
    outer loop
      vertex 5.75104 -7.24056 3
      vertex 4.66874 -6.72867 0
      vertex 5.75104 -7.24056 0
    endloop
  endfacet
  facet normal -0.671563 -0.740947 0
    outer loop
      vertex 7.7396 -8.56927 0
      vertex 8.6267 -9.3733 3
      vertex 7.7396 -8.56927 3
    endloop
  endfacet
  facet normal -0.671563 -0.740947 -0
    outer loop
      vertex 8.6267 -9.3733 3
      vertex 7.7396 -8.56927 0
      vertex 8.6267 -9.3733 0
    endloop
  endfacet
  facet normal -0.998797 0.0490294 0
    outer loop
      vertex 12.1413 -19.1958 0
      vertex 12.2 -18 3
      vertex 12.2 -18 0
    endloop
  endfacet
  facet normal -0.998797 0.0490294 0
    outer loop
      vertex 12.2 -18 3
      vertex 12.1413 -19.1958 0
      vertex 12.1413 -19.1958 3
    endloop
  endfacet
  facet normal -0.857751 -0.514066 0
    outer loop
      vertex 10.7594 -12.249 0
      vertex 10.1439 -11.222 3
      vertex 10.1439 -11.222 0
    endloop
  endfacet
  facet normal -0.857751 -0.514066 0
    outer loop
      vertex 10.1439 -11.222 3
      vertex 10.7594 -12.249 0
      vertex 10.7594 -12.249 3
    endloop
  endfacet
  facet normal -0.903986 -0.427562 0
    outer loop
      vertex 11.2713 -13.3313 0
      vertex 10.7594 -12.249 3
      vertex 10.7594 -12.249 0
    endloop
  endfacet
  facet normal -0.903986 -0.427562 0
    outer loop
      vertex 10.7594 -12.249 3
      vertex 11.2713 -13.3313 0
      vertex 11.2713 -13.3313 3
    endloop
  endfacet
  facet normal -0.242982 -0.970031 0
    outer loop
      vertex 2.3801 -6.03442 0
      vertex 3.54147 -6.32533 3
      vertex 2.3801 -6.03442 3
    endloop
  endfacet
  facet normal -0.242982 -0.970031 -0
    outer loop
      vertex 3.54147 -6.32533 3
      vertex 2.3801 -6.03442 0
      vertex 3.54147 -6.32533 0
    endloop
  endfacet
  facet normal 0.427562 0.903986 -0
    outer loop
      vertex -4.66874 -29.2713 0
      vertex -5.75104 -28.7594 3
      vertex -4.66874 -29.2713 3
    endloop
  endfacet
  facet normal 0.427562 0.903986 0
    outer loop
      vertex -5.75104 -28.7594 3
      vertex -4.66874 -29.2713 0
      vertex -5.75104 -28.7594 0
    endloop
  endfacet
  facet normal -0.336887 -0.941545 0
    outer loop
      vertex 3.54147 -6.32533 0
      vertex 4.66874 -6.72867 3
      vertex 3.54147 -6.32533 3
    endloop
  endfacet
  facet normal -0.336887 -0.941545 -0
    outer loop
      vertex 4.66874 -6.72867 3
      vertex 3.54147 -6.32533 0
      vertex 4.66874 -6.72867 0
    endloop
  endfacet
  facet normal -0.146753 0.989173 0
    outer loop
      vertex 2.3801 -29.9656 0
      vertex 1.19581 -30.1413 3
      vertex 2.3801 -29.9656 3
    endloop
  endfacet
  facet normal -0.146753 0.989173 0
    outer loop
      vertex 1.19581 -30.1413 3
      vertex 2.3801 -29.9656 0
      vertex 1.19581 -30.1413 0
    endloop
  endfacet
  facet normal -0.941522 -0.33695 0
    outer loop
      vertex 11.6747 -14.4585 0
      vertex 11.2713 -13.3313 3
      vertex 11.2713 -13.3313 0
    endloop
  endfacet
  facet normal -0.941522 -0.33695 0
    outer loop
      vertex 11.2713 -13.3313 3
      vertex 11.6747 -14.4585 0
      vertex 11.6747 -14.4585 3
    endloop
  endfacet
  facet normal -0.427562 0.903986 0
    outer loop
      vertex 5.75104 -28.7594 0
      vertex 4.66874 -29.2713 3
      vertex 5.75104 -28.7594 3
    endloop
  endfacet
  facet normal -0.427562 0.903986 0
    outer loop
      vertex 4.66874 -29.2713 3
      vertex 5.75104 -28.7594 0
      vertex 4.66874 -29.2713 0
    endloop
  endfacet
  facet normal 0.336932 0.941529 -0
    outer loop
      vertex -3.54147 -29.6747 0
      vertex -4.66874 -29.2713 3
      vertex -3.54147 -29.6747 3
    endloop
  endfacet
  facet normal 0.336932 0.941529 0
    outer loop
      vertex -4.66874 -29.2713 3
      vertex -3.54147 -29.6747 0
      vertex -4.66874 -29.2713 0
    endloop
  endfacet
  facet normal 0.0490707 -0.998795 0
    outer loop
      vertex -1.19581 -5.85875 0
      vertex 0 -5.8 3
      vertex -1.19581 -5.85875 3
    endloop
  endfacet
  facet normal 0.0490707 -0.998795 0
    outer loop
      vertex 0 -5.8 3
      vertex -1.19581 -5.85875 0
      vertex 0 -5.8 0
    endloop
  endfacet
  facet normal 0.595699 -0.803208 0
    outer loop
      vertex -7.7396 -8.56927 0
      vertex -6.77796 -7.85607 3
      vertex -7.7396 -8.56927 3
    endloop
  endfacet
  facet normal 0.595699 -0.803208 0
    outer loop
      vertex -6.77796 -7.85607 3
      vertex -7.7396 -8.56927 0
      vertex -6.77796 -7.85607 0
    endloop
  endfacet
  facet normal 0.903986 0.427562 0
    outer loop
      vertex -10.7594 -23.751 3
      vertex -11.2713 -22.6687 0
      vertex -11.2713 -22.6687 3
    endloop
  endfacet
  facet normal 0.903986 0.427562 0
    outer loop
      vertex -11.2713 -22.6687 0
      vertex -10.7594 -23.751 3
      vertex -10.7594 -23.751 0
    endloop
  endfacet
  facet normal -0.803208 -0.595699 0
    outer loop
      vertex 10.1439 -11.222 0
      vertex 9.43073 -10.2604 3
      vertex 9.43073 -10.2604 0
    endloop
  endfacet
  facet normal -0.803208 -0.595699 0
    outer loop
      vertex 9.43073 -10.2604 3
      vertex 10.1439 -11.222 0
      vertex 10.1439 -11.222 3
    endloop
  endfacet
  facet normal 0.740947 -0.671563 0
    outer loop
      vertex -9.43073 -10.2604 3
      vertex -8.6267 -9.3733 0
      vertex -8.6267 -9.3733 3
    endloop
  endfacet
  facet normal 0.740947 -0.671563 0
    outer loop
      vertex -8.6267 -9.3733 0
      vertex -9.43073 -10.2604 3
      vertex -9.43073 -10.2604 0
    endloop
  endfacet
  facet normal 0.146728 -0.989177 0
    outer loop
      vertex -2.3801 -6.03442 0
      vertex -1.19581 -5.85875 3
      vertex -2.3801 -6.03442 3
    endloop
  endfacet
  facet normal 0.146728 -0.989177 0
    outer loop
      vertex -1.19581 -5.85875 3
      vertex -2.3801 -6.03442 0
      vertex -1.19581 -5.85875 0
    endloop
  endfacet
  facet normal -0.049029 0.998797 0
    outer loop
      vertex 1.19581 -30.1413 0
      vertex 0 -30.2 3
      vertex 1.19581 -30.1413 3
    endloop
  endfacet
  facet normal -0.049029 0.998797 0
    outer loop
      vertex 0 -30.2 3
      vertex 1.19581 -30.1413 0
      vertex 0 -30.2 0
    endloop
  endfacet
  facet normal -0.857751 0.514066 0
    outer loop
      vertex 10.1439 -24.778 0
      vertex 10.7594 -23.751 3
      vertex 10.7594 -23.751 0
    endloop
  endfacet
  facet normal -0.857751 0.514066 0
    outer loop
      vertex 10.7594 -23.751 3
      vertex 10.1439 -24.778 0
      vertex 10.1439 -24.778 3
    endloop
  endfacet
  facet normal -0.740947 0.671563 0
    outer loop
      vertex 8.6267 -26.6267 0
      vertex 9.43073 -25.7396 3
      vertex 9.43073 -25.7396 0
    endloop
  endfacet
  facet normal -0.740947 0.671563 0
    outer loop
      vertex 9.43073 -25.7396 3
      vertex 8.6267 -26.6267 0
      vertex 8.6267 -26.6267 3
    endloop
  endfacet
  facet normal -0.941522 0.33695 0
    outer loop
      vertex 11.2713 -22.6687 0
      vertex 11.6747 -21.5415 3
      vertex 11.6747 -21.5415 0
    endloop
  endfacet
  facet normal -0.941522 0.33695 0
    outer loop
      vertex 11.6747 -21.5415 3
      vertex 11.2713 -22.6687 0
      vertex 11.2713 -22.6687 3
    endloop
  endfacet
  facet normal -0.803208 0.595699 0
    outer loop
      vertex 9.43073 -25.7396 0
      vertex 10.1439 -24.778 3
      vertex 10.1439 -24.778 0
    endloop
  endfacet
  facet normal -0.803208 0.595699 0
    outer loop
      vertex 10.1439 -24.778 3
      vertex 9.43073 -25.7396 0
      vertex 9.43073 -25.7396 3
    endloop
  endfacet
  facet normal -0.514101 -0.857729 0
    outer loop
      vertex 5.75104 -7.24056 0
      vertex 6.77796 -7.85607 3
      vertex 5.75104 -7.24056 3
    endloop
  endfacet
  facet normal -0.514101 -0.857729 -0
    outer loop
      vertex 6.77796 -7.85607 3
      vertex 5.75104 -7.24056 0
      vertex 6.77796 -7.85607 0
    endloop
  endfacet
  facet normal 0.146753 0.989173 -0
    outer loop
      vertex -1.19581 -30.1413 0
      vertex -2.3801 -29.9656 3
      vertex -1.19581 -30.1413 3
    endloop
  endfacet
  facet normal 0.146753 0.989173 0
    outer loop
      vertex -2.3801 -29.9656 3
      vertex -1.19581 -30.1413 0
      vertex -2.3801 -29.9656 0
    endloop
  endfacet
  facet normal -0.595699 0.803208 0
    outer loop
      vertex 7.7396 -27.4307 0
      vertex 6.77796 -28.1439 3
      vertex 7.7396 -27.4307 3
    endloop
  endfacet
  facet normal -0.595699 0.803208 0
    outer loop
      vertex 6.77796 -28.1439 3
      vertex 7.7396 -27.4307 0
      vertex 6.77796 -28.1439 0
    endloop
  endfacet
  facet normal 0.989173 -0.146751 0
    outer loop
      vertex -12.1413 -16.8042 3
      vertex -11.9656 -15.6199 0
      vertex -11.9656 -15.6199 3
    endloop
  endfacet
  facet normal 0.989173 -0.146751 0
    outer loop
      vertex -11.9656 -15.6199 0
      vertex -12.1413 -16.8042 3
      vertex -12.1413 -16.8042 0
    endloop
  endfacet
  facet normal -0.242974 0.970033 0
    outer loop
      vertex 3.54147 -29.6747 0
      vertex 2.3801 -29.9656 3
      vertex 3.54147 -29.6747 3
    endloop
  endfacet
  facet normal -0.242974 0.970033 0
    outer loop
      vertex 2.3801 -29.9656 3
      vertex 3.54147 -29.6747 0
      vertex 2.3801 -29.9656 0
    endloop
  endfacet
  facet normal -0.0490707 -0.998795 0
    outer loop
      vertex 0 -5.8 0
      vertex 1.19581 -5.85875 3
      vertex 0 -5.8 3
    endloop
  endfacet
  facet normal -0.0490707 -0.998795 -0
    outer loop
      vertex 1.19581 -5.85875 3
      vertex 0 -5.8 0
      vertex 1.19581 -5.85875 0
    endloop
  endfacet
  facet normal 0.242974 0.970033 -0
    outer loop
      vertex -2.3801 -29.9656 0
      vertex -3.54147 -29.6747 3
      vertex -2.3801 -29.9656 3
    endloop
  endfacet
  facet normal 0.242974 0.970033 0
    outer loop
      vertex -3.54147 -29.6747 3
      vertex -2.3801 -29.9656 0
      vertex -3.54147 -29.6747 0
    endloop
  endfacet
  facet normal -0.970034 -0.242968 0
    outer loop
      vertex 11.9656 -15.6199 0
      vertex 11.6747 -14.4585 3
      vertex 11.6747 -14.4585 0
    endloop
  endfacet
  facet normal -0.970034 -0.242968 0
    outer loop
      vertex 11.6747 -14.4585 3
      vertex 11.9656 -15.6199 0
      vertex 11.9656 -15.6199 3
    endloop
  endfacet
  facet normal -0.970034 0.242968 0
    outer loop
      vertex 11.6747 -21.5415 0
      vertex 11.9656 -20.3801 3
      vertex 11.9656 -20.3801 0
    endloop
  endfacet
  facet normal -0.970034 0.242968 0
    outer loop
      vertex 11.9656 -20.3801 3
      vertex 11.6747 -21.5415 0
      vertex 11.6747 -21.5415 3
    endloop
  endfacet
  facet normal -0.146728 -0.989177 0
    outer loop
      vertex 1.19581 -5.85875 0
      vertex 2.3801 -6.03442 3
      vertex 1.19581 -5.85875 3
    endloop
  endfacet
  facet normal -0.146728 -0.989177 -0
    outer loop
      vertex 2.3801 -6.03442 3
      vertex 1.19581 -5.85875 0
      vertex 2.3801 -6.03442 0
    endloop
  endfacet
  facet normal 0.740947 0.671563 0
    outer loop
      vertex -8.6267 -26.6267 3
      vertex -9.43073 -25.7396 0
      vertex -9.43073 -25.7396 3
    endloop
  endfacet
  facet normal 0.740947 0.671563 0
    outer loop
      vertex -9.43073 -25.7396 0
      vertex -8.6267 -26.6267 3
      vertex -8.6267 -26.6267 0
    endloop
  endfacet
  facet normal 0.857751 0.514066 0
    outer loop
      vertex -10.1439 -24.778 3
      vertex -10.7594 -23.751 0
      vertex -10.7594 -23.751 3
    endloop
  endfacet
  facet normal 0.857751 0.514066 0
    outer loop
      vertex -10.7594 -23.751 0
      vertex -10.1439 -24.778 3
      vertex -10.1439 -24.778 0
    endloop
  endfacet
  facet normal 0.336887 -0.941545 0
    outer loop
      vertex -4.66874 -6.72867 0
      vertex -3.54147 -6.32533 3
      vertex -4.66874 -6.72867 3
    endloop
  endfacet
  facet normal 0.336887 -0.941545 0
    outer loop
      vertex -3.54147 -6.32533 3
      vertex -4.66874 -6.72867 0
      vertex -3.54147 -6.32533 0
    endloop
  endfacet
  facet normal 0.514095 0.857733 -0
    outer loop
      vertex -5.75104 -28.7594 0
      vertex -6.77796 -28.1439 3
      vertex -5.75104 -28.7594 3
    endloop
  endfacet
  facet normal 0.514095 0.857733 0
    outer loop
      vertex -6.77796 -28.1439 3
      vertex -5.75104 -28.7594 0
      vertex -6.77796 -28.1439 0
    endloop
  endfacet
  facet normal 0.803208 0.595699 0
    outer loop
      vertex -9.43073 -25.7396 3
      vertex -10.1439 -24.778 0
      vertex -10.1439 -24.778 3
    endloop
  endfacet
  facet normal 0.803208 0.595699 0
    outer loop
      vertex -10.1439 -24.778 0
      vertex -9.43073 -25.7396 3
      vertex -9.43073 -25.7396 0
    endloop
  endfacet
  facet normal 0.514101 -0.857729 0
    outer loop
      vertex -6.77796 -7.85607 0
      vertex -5.75104 -7.24056 3
      vertex -6.77796 -7.85607 3
    endloop
  endfacet
  facet normal 0.514101 -0.857729 0
    outer loop
      vertex -5.75104 -7.24056 3
      vertex -6.77796 -7.85607 0
      vertex -5.75104 -7.24056 0
    endloop
  endfacet
  facet normal 0.989173 0.146751 0
    outer loop
      vertex -11.9656 -20.3801 3
      vertex -12.1413 -19.1958 0
      vertex -12.1413 -19.1958 3
    endloop
  endfacet
  facet normal 0.989173 0.146751 0
    outer loop
      vertex -12.1413 -19.1958 0
      vertex -11.9656 -20.3801 3
      vertex -11.9656 -20.3801 0
    endloop
  endfacet
  facet normal 0.903986 -0.427562 0
    outer loop
      vertex -11.2713 -13.3313 3
      vertex -10.7594 -12.249 0
      vertex -10.7594 -12.249 3
    endloop
  endfacet
  facet normal 0.903986 -0.427562 0
    outer loop
      vertex -10.7594 -12.249 0
      vertex -11.2713 -13.3313 3
      vertex -11.2713 -13.3313 0
    endloop
  endfacet
  facet normal -0.514095 0.857733 0
    outer loop
      vertex 6.77796 -28.1439 0
      vertex 5.75104 -28.7594 3
      vertex 6.77796 -28.1439 3
    endloop
  endfacet
  facet normal -0.514095 0.857733 0
    outer loop
      vertex 5.75104 -28.7594 3
      vertex 6.77796 -28.1439 0
      vertex 5.75104 -28.7594 0
    endloop
  endfacet
  facet normal -0.903986 0.427562 0
    outer loop
      vertex 10.7594 -23.751 0
      vertex 11.2713 -22.6687 3
      vertex 11.2713 -22.6687 0
    endloop
  endfacet
  facet normal -0.903986 0.427562 0
    outer loop
      vertex 11.2713 -22.6687 3
      vertex 10.7594 -23.751 0
      vertex 10.7594 -23.751 3
    endloop
  endfacet
  facet normal 0.67155 0.74096 -0
    outer loop
      vertex -7.7396 -27.4307 0
      vertex -8.6267 -26.6267 3
      vertex -7.7396 -27.4307 3
    endloop
  endfacet
  facet normal 0.67155 0.74096 0
    outer loop
      vertex -8.6267 -26.6267 3
      vertex -7.7396 -27.4307 0
      vertex -8.6267 -26.6267 0
    endloop
  endfacet
  facet normal 0.803208 -0.595699 0
    outer loop
      vertex -10.1439 -11.222 3
      vertex -9.43073 -10.2604 0
      vertex -9.43073 -10.2604 3
    endloop
  endfacet
  facet normal 0.803208 -0.595699 0
    outer loop
      vertex -9.43073 -10.2604 0
      vertex -10.1439 -11.222 3
      vertex -10.1439 -11.222 0
    endloop
  endfacet
  facet normal 0.049029 0.998797 -0
    outer loop
      vertex 0 -30.2 0
      vertex -1.19581 -30.1413 3
      vertex 0 -30.2 3
    endloop
  endfacet
  facet normal 0.049029 0.998797 0
    outer loop
      vertex -1.19581 -30.1413 3
      vertex 0 -30.2 0
      vertex -1.19581 -30.1413 0
    endloop
  endfacet
  facet normal 0.998797 -0.0490294 0
    outer loop
      vertex -12.2 -18 3
      vertex -12.1413 -16.8042 0
      vertex -12.1413 -16.8042 3
    endloop
  endfacet
  facet normal 0.998797 -0.0490294 0
    outer loop
      vertex -12.1413 -16.8042 0
      vertex -12.2 -18 3
      vertex -12.2 -18 0
    endloop
  endfacet
  facet normal -0.67155 0.74096 0
    outer loop
      vertex 8.6267 -26.6267 0
      vertex 7.7396 -27.4307 3
      vertex 8.6267 -26.6267 3
    endloop
  endfacet
  facet normal -0.67155 0.74096 0
    outer loop
      vertex 7.7396 -27.4307 3
      vertex 8.6267 -26.6267 0
      vertex 7.7396 -27.4307 0
    endloop
  endfacet
  facet normal -0.857751 0.514066 0
    outer loop
      vertex 10.1439 11.222 0
      vertex 10.7594 12.249 3
      vertex 10.7594 12.249 0
    endloop
  endfacet
  facet normal -0.857751 0.514066 0
    outer loop
      vertex 10.7594 12.249 3
      vertex 10.1439 11.222 0
      vertex 10.1439 11.222 3
    endloop
  endfacet
  facet normal 0.146753 -0.989173 0
    outer loop
      vertex -2.3801 29.9656 0
      vertex -1.19581 30.1413 3
      vertex -2.3801 29.9656 3
    endloop
  endfacet
  facet normal 0.146753 -0.989173 0
    outer loop
      vertex -1.19581 30.1413 3
      vertex -2.3801 29.9656 0
      vertex -1.19581 30.1413 0
    endloop
  endfacet
  facet normal -0.989173 -0.146751 0
    outer loop
      vertex 12.1413 19.1958 0
      vertex 11.9656 20.3801 3
      vertex 11.9656 20.3801 0
    endloop
  endfacet
  facet normal -0.989173 -0.146751 0
    outer loop
      vertex 11.9656 20.3801 3
      vertex 12.1413 19.1958 0
      vertex 12.1413 19.1958 3
    endloop
  endfacet
  facet normal -0.998797 -0.0490294 0
    outer loop
      vertex 12.2 18 0
      vertex 12.1413 19.1958 3
      vertex 12.1413 19.1958 0
    endloop
  endfacet
  facet normal -0.998797 -0.0490294 0
    outer loop
      vertex 12.1413 19.1958 3
      vertex 12.2 18 0
      vertex 12.2 18 3
    endloop
  endfacet
  facet normal -0.970034 -0.242968 0
    outer loop
      vertex 11.9656 20.3801 0
      vertex 11.6747 21.5415 3
      vertex 11.6747 21.5415 0
    endloop
  endfacet
  facet normal -0.970034 -0.242968 0
    outer loop
      vertex 11.6747 21.5415 3
      vertex 11.9656 20.3801 0
      vertex 11.9656 20.3801 3
    endloop
  endfacet
  facet normal -0.998797 0.0490294 0
    outer loop
      vertex 12.1413 16.8042 0
      vertex 12.2 18 3
      vertex 12.2 18 0
    endloop
  endfacet
  facet normal -0.998797 0.0490294 0
    outer loop
      vertex 12.2 18 3
      vertex 12.1413 16.8042 0
      vertex 12.1413 16.8042 3
    endloop
  endfacet
  facet normal 0.336932 -0.941529 0
    outer loop
      vertex -4.66874 29.2713 0
      vertex -3.54147 29.6747 3
      vertex -4.66874 29.2713 3
    endloop
  endfacet
  facet normal 0.336932 -0.941529 0
    outer loop
      vertex -3.54147 29.6747 3
      vertex -4.66874 29.2713 0
      vertex -3.54147 29.6747 0
    endloop
  endfacet
  facet normal -0.595699 -0.803208 0
    outer loop
      vertex 6.77796 28.1439 0
      vertex 7.7396 27.4307 3
      vertex 6.77796 28.1439 3
    endloop
  endfacet
  facet normal -0.595699 -0.803208 -0
    outer loop
      vertex 7.7396 27.4307 3
      vertex 6.77796 28.1439 0
      vertex 7.7396 27.4307 0
    endloop
  endfacet
  facet normal 0.803208 -0.595699 0
    outer loop
      vertex -10.1439 24.778 3
      vertex -9.43073 25.7396 0
      vertex -9.43073 25.7396 3
    endloop
  endfacet
  facet normal 0.803208 -0.595699 0
    outer loop
      vertex -9.43073 25.7396 0
      vertex -10.1439 24.778 3
      vertex -10.1439 24.778 0
    endloop
  endfacet
  facet normal -0.336932 -0.941529 0
    outer loop
      vertex 3.54147 29.6747 0
      vertex 4.66874 29.2713 3
      vertex 3.54147 29.6747 3
    endloop
  endfacet
  facet normal -0.336932 -0.941529 -0
    outer loop
      vertex 4.66874 29.2713 3
      vertex 3.54147 29.6747 0
      vertex 4.66874 29.2713 0
    endloop
  endfacet
  facet normal -0.803208 -0.595699 0
    outer loop
      vertex 10.1439 24.778 0
      vertex 9.43073 25.7396 3
      vertex 9.43073 25.7396 0
    endloop
  endfacet
  facet normal -0.803208 -0.595699 0
    outer loop
      vertex 9.43073 25.7396 3
      vertex 10.1439 24.778 0
      vertex 10.1439 24.778 3
    endloop
  endfacet
  facet normal -0.514095 -0.857733 0
    outer loop
      vertex 5.75104 28.7594 0
      vertex 6.77796 28.1439 3
      vertex 5.75104 28.7594 3
    endloop
  endfacet
  facet normal -0.514095 -0.857733 -0
    outer loop
      vertex 6.77796 28.1439 3
      vertex 5.75104 28.7594 0
      vertex 6.77796 28.1439 0
    endloop
  endfacet
  facet normal 0.903986 -0.427562 0
    outer loop
      vertex -11.2713 22.6687 3
      vertex -10.7594 23.751 0
      vertex -10.7594 23.751 3
    endloop
  endfacet
  facet normal 0.903986 -0.427562 0
    outer loop
      vertex -10.7594 23.751 0
      vertex -11.2713 22.6687 3
      vertex -11.2713 22.6687 0
    endloop
  endfacet
  facet normal 0.427555 0.903989 -0
    outer loop
      vertex -4.66874 6.72867 0
      vertex -5.75104 7.24056 3
      vertex -4.66874 6.72867 3
    endloop
  endfacet
  facet normal 0.427555 0.903989 0
    outer loop
      vertex -5.75104 7.24056 3
      vertex -4.66874 6.72867 0
      vertex -5.75104 7.24056 0
    endloop
  endfacet
  facet normal -0.242982 0.970031 0
    outer loop
      vertex 3.54147 6.32533 0
      vertex 2.3801 6.03442 3
      vertex 3.54147 6.32533 3
    endloop
  endfacet
  facet normal -0.242982 0.970031 0
    outer loop
      vertex 2.3801 6.03442 3
      vertex 3.54147 6.32533 0
      vertex 2.3801 6.03442 0
    endloop
  endfacet
  facet normal 0.989173 -0.146751 0
    outer loop
      vertex -12.1413 19.1958 3
      vertex -11.9656 20.3801 0
      vertex -11.9656 20.3801 3
    endloop
  endfacet
  facet normal 0.989173 -0.146751 0
    outer loop
      vertex -11.9656 20.3801 0
      vertex -12.1413 19.1958 3
      vertex -12.1413 19.1958 0
    endloop
  endfacet
  facet normal 0.242974 -0.970033 0
    outer loop
      vertex -3.54147 29.6747 0
      vertex -2.3801 29.9656 3
      vertex -3.54147 29.6747 3
    endloop
  endfacet
  facet normal 0.242974 -0.970033 0
    outer loop
      vertex -2.3801 29.9656 3
      vertex -3.54147 29.6747 0
      vertex -2.3801 29.9656 0
    endloop
  endfacet
  facet normal 0.427562 -0.903986 0
    outer loop
      vertex -5.75104 28.7594 0
      vertex -4.66874 29.2713 3
      vertex -5.75104 28.7594 3
    endloop
  endfacet
  facet normal 0.427562 -0.903986 0
    outer loop
      vertex -4.66874 29.2713 3
      vertex -5.75104 28.7594 0
      vertex -4.66874 29.2713 0
    endloop
  endfacet
  facet normal -0.903986 0.427562 0
    outer loop
      vertex 10.7594 12.249 0
      vertex 11.2713 13.3313 3
      vertex 11.2713 13.3313 0
    endloop
  endfacet
  facet normal -0.903986 0.427562 0
    outer loop
      vertex 11.2713 13.3313 3
      vertex 10.7594 12.249 0
      vertex 10.7594 12.249 3
    endloop
  endfacet
  facet normal 0.146728 0.989177 -0
    outer loop
      vertex -1.19581 5.85875 0
      vertex -2.3801 6.03442 3
      vertex -1.19581 5.85875 3
    endloop
  endfacet
  facet normal 0.146728 0.989177 0
    outer loop
      vertex -2.3801 6.03442 3
      vertex -1.19581 5.85875 0
      vertex -2.3801 6.03442 0
    endloop
  endfacet
  facet normal -0.989173 0.146751 0
    outer loop
      vertex 11.9656 15.6199 0
      vertex 12.1413 16.8042 3
      vertex 12.1413 16.8042 0
    endloop
  endfacet
  facet normal -0.989173 0.146751 0
    outer loop
      vertex 12.1413 16.8042 3
      vertex 11.9656 15.6199 0
      vertex 11.9656 15.6199 3
    endloop
  endfacet
  facet normal -0.740947 -0.671563 0
    outer loop
      vertex 9.43073 25.7396 0
      vertex 8.6267 26.6267 3
      vertex 8.6267 26.6267 0
    endloop
  endfacet
  facet normal -0.740947 -0.671563 0
    outer loop
      vertex 8.6267 26.6267 3
      vertex 9.43073 25.7396 0
      vertex 9.43073 25.7396 3
    endloop
  endfacet
  facet normal -0.514101 0.857729 0
    outer loop
      vertex 6.77796 7.85607 0
      vertex 5.75104 7.24056 3
      vertex 6.77796 7.85607 3
    endloop
  endfacet
  facet normal -0.514101 0.857729 0
    outer loop
      vertex 5.75104 7.24056 3
      vertex 6.77796 7.85607 0
      vertex 5.75104 7.24056 0
    endloop
  endfacet
  facet normal -0.336887 0.941545 0
    outer loop
      vertex 4.66874 6.72867 0
      vertex 3.54147 6.32533 3
      vertex 4.66874 6.72867 3
    endloop
  endfacet
  facet normal -0.336887 0.941545 0
    outer loop
      vertex 3.54147 6.32533 3
      vertex 4.66874 6.72867 0
      vertex 3.54147 6.32533 0
    endloop
  endfacet
  facet normal -0.0490707 0.998795 0
    outer loop
      vertex 1.19581 5.85875 0
      vertex 0 5.8 3
      vertex 1.19581 5.85875 3
    endloop
  endfacet
  facet normal -0.0490707 0.998795 0
    outer loop
      vertex 0 5.8 3
      vertex 1.19581 5.85875 0
      vertex 0 5.8 0
    endloop
  endfacet
  facet normal 0.941522 0.33695 0
    outer loop
      vertex -11.2713 13.3313 3
      vertex -11.6747 14.4585 0
      vertex -11.6747 14.4585 3
    endloop
  endfacet
  facet normal 0.941522 0.33695 0
    outer loop
      vertex -11.6747 14.4585 0
      vertex -11.2713 13.3313 3
      vertex -11.2713 13.3313 0
    endloop
  endfacet
  facet normal 0.857751 0.514066 0
    outer loop
      vertex -10.1439 11.222 3
      vertex -10.7594 12.249 0
      vertex -10.7594 12.249 3
    endloop
  endfacet
  facet normal 0.857751 0.514066 0
    outer loop
      vertex -10.7594 12.249 0
      vertex -10.1439 11.222 3
      vertex -10.1439 11.222 0
    endloop
  endfacet
  facet normal 0.595699 -0.803208 0
    outer loop
      vertex -7.7396 27.4307 0
      vertex -6.77796 28.1439 3
      vertex -7.7396 27.4307 3
    endloop
  endfacet
  facet normal 0.595699 -0.803208 0
    outer loop
      vertex -6.77796 28.1439 3
      vertex -7.7396 27.4307 0
      vertex -6.77796 28.1439 0
    endloop
  endfacet
  facet normal 0.857751 -0.514066 0
    outer loop
      vertex -10.7594 23.751 3
      vertex -10.1439 24.778 0
      vertex -10.1439 24.778 3
    endloop
  endfacet
  facet normal 0.857751 -0.514066 0
    outer loop
      vertex -10.1439 24.778 0
      vertex -10.7594 23.751 3
      vertex -10.7594 23.751 0
    endloop
  endfacet
  facet normal -0.146728 0.989177 0
    outer loop
      vertex 2.3801 6.03442 0
      vertex 1.19581 5.85875 3
      vertex 2.3801 6.03442 3
    endloop
  endfacet
  facet normal -0.146728 0.989177 0
    outer loop
      vertex 1.19581 5.85875 3
      vertex 2.3801 6.03442 0
      vertex 1.19581 5.85875 0
    endloop
  endfacet
  facet normal -0.803208 0.595699 0
    outer loop
      vertex 9.43073 10.2604 0
      vertex 10.1439 11.222 3
      vertex 10.1439 11.222 0
    endloop
  endfacet
  facet normal -0.803208 0.595699 0
    outer loop
      vertex 10.1439 11.222 3
      vertex 9.43073 10.2604 0
      vertex 9.43073 10.2604 3
    endloop
  endfacet
  facet normal -0.427555 0.903989 0
    outer loop
      vertex 5.75104 7.24056 0
      vertex 4.66874 6.72867 3
      vertex 5.75104 7.24056 3
    endloop
  endfacet
  facet normal -0.427555 0.903989 0
    outer loop
      vertex 4.66874 6.72867 3
      vertex 5.75104 7.24056 0
      vertex 4.66874 6.72867 0
    endloop
  endfacet
  facet normal 0.0490707 0.998795 -0
    outer loop
      vertex 0 5.8 0
      vertex -1.19581 5.85875 3
      vertex 0 5.8 3
    endloop
  endfacet
  facet normal 0.0490707 0.998795 0
    outer loop
      vertex -1.19581 5.85875 3
      vertex 0 5.8 0
      vertex -1.19581 5.85875 0
    endloop
  endfacet
  facet normal -0.427562 -0.903986 0
    outer loop
      vertex 4.66874 29.2713 0
      vertex 5.75104 28.7594 3
      vertex 4.66874 29.2713 3
    endloop
  endfacet
  facet normal -0.427562 -0.903986 -0
    outer loop
      vertex 5.75104 28.7594 3
      vertex 4.66874 29.2713 0
      vertex 5.75104 28.7594 0
    endloop
  endfacet
  facet normal -0.67155 -0.74096 0
    outer loop
      vertex 7.7396 27.4307 0
      vertex 8.6267 26.6267 3
      vertex 7.7396 27.4307 3
    endloop
  endfacet
  facet normal -0.67155 -0.74096 -0
    outer loop
      vertex 8.6267 26.6267 3
      vertex 7.7396 27.4307 0
      vertex 8.6267 26.6267 0
    endloop
  endfacet
  facet normal -0.242974 -0.970033 0
    outer loop
      vertex 2.3801 29.9656 0
      vertex 3.54147 29.6747 3
      vertex 2.3801 29.9656 3
    endloop
  endfacet
  facet normal -0.242974 -0.970033 -0
    outer loop
      vertex 3.54147 29.6747 3
      vertex 2.3801 29.9656 0
      vertex 3.54147 29.6747 0
    endloop
  endfacet
  facet normal -0.740947 0.671563 0
    outer loop
      vertex 8.6267 9.3733 0
      vertex 9.43073 10.2604 3
      vertex 9.43073 10.2604 0
    endloop
  endfacet
  facet normal -0.740947 0.671563 0
    outer loop
      vertex 9.43073 10.2604 3
      vertex 8.6267 9.3733 0
      vertex 8.6267 9.3733 3
    endloop
  endfacet
  facet normal -0.941522 -0.33695 0
    outer loop
      vertex 11.6747 21.5415 0
      vertex 11.2713 22.6687 3
      vertex 11.2713 22.6687 0
    endloop
  endfacet
  facet normal -0.941522 -0.33695 0
    outer loop
      vertex 11.2713 22.6687 3
      vertex 11.6747 21.5415 0
      vertex 11.6747 21.5415 3
    endloop
  endfacet
  facet normal 0.67155 -0.74096 0
    outer loop
      vertex -8.6267 26.6267 0
      vertex -7.7396 27.4307 3
      vertex -8.6267 26.6267 3
    endloop
  endfacet
  facet normal 0.67155 -0.74096 0
    outer loop
      vertex -7.7396 27.4307 3
      vertex -8.6267 26.6267 0
      vertex -7.7396 27.4307 0
    endloop
  endfacet
  facet normal -0.970034 0.242968 0
    outer loop
      vertex 11.6747 14.4585 0
      vertex 11.9656 15.6199 3
      vertex 11.9656 15.6199 0
    endloop
  endfacet
  facet normal -0.970034 0.242968 0
    outer loop
      vertex 11.9656 15.6199 3
      vertex 11.6747 14.4585 0
      vertex 11.6747 14.4585 3
    endloop
  endfacet
  facet normal -0.903986 -0.427562 0
    outer loop
      vertex 11.2713 22.6687 0
      vertex 10.7594 23.751 3
      vertex 10.7594 23.751 0
    endloop
  endfacet
  facet normal -0.903986 -0.427562 0
    outer loop
      vertex 10.7594 23.751 3
      vertex 11.2713 22.6687 0
      vertex 11.2713 22.6687 3
    endloop
  endfacet
  facet normal -0.941522 0.33695 0
    outer loop
      vertex 11.2713 13.3313 0
      vertex 11.6747 14.4585 3
      vertex 11.6747 14.4585 0
    endloop
  endfacet
  facet normal -0.941522 0.33695 0
    outer loop
      vertex 11.6747 14.4585 3
      vertex 11.2713 13.3313 0
      vertex 11.2713 13.3313 3
    endloop
  endfacet
  facet normal 0.049029 -0.998797 0
    outer loop
      vertex -1.19581 30.1413 0
      vertex 0 30.2 3
      vertex -1.19581 30.1413 3
    endloop
  endfacet
  facet normal 0.049029 -0.998797 0
    outer loop
      vertex 0 30.2 3
      vertex -1.19581 30.1413 0
      vertex 0 30.2 0
    endloop
  endfacet
  facet normal -0.857751 -0.514066 0
    outer loop
      vertex 10.7594 23.751 0
      vertex 10.1439 24.778 3
      vertex 10.1439 24.778 0
    endloop
  endfacet
  facet normal -0.857751 -0.514066 0
    outer loop
      vertex 10.1439 24.778 3
      vertex 10.7594 23.751 0
      vertex 10.7594 23.751 3
    endloop
  endfacet
  facet normal -0.671563 0.740947 0
    outer loop
      vertex 8.6267 9.3733 0
      vertex 7.7396 8.56927 3
      vertex 8.6267 9.3733 3
    endloop
  endfacet
  facet normal -0.671563 0.740947 0
    outer loop
      vertex 7.7396 8.56927 3
      vertex 8.6267 9.3733 0
      vertex 7.7396 8.56927 0
    endloop
  endfacet
  facet normal 0.336887 0.941545 -0
    outer loop
      vertex -3.54147 6.32533 0
      vertex -4.66874 6.72867 3
      vertex -3.54147 6.32533 3
    endloop
  endfacet
  facet normal 0.336887 0.941545 0
    outer loop
      vertex -4.66874 6.72867 3
      vertex -3.54147 6.32533 0
      vertex -4.66874 6.72867 0
    endloop
  endfacet
  facet normal 0.970034 0.242968 0
    outer loop
      vertex -11.6747 14.4585 3
      vertex -11.9656 15.6199 0
      vertex -11.9656 15.6199 3
    endloop
  endfacet
  facet normal 0.970034 0.242968 0
    outer loop
      vertex -11.9656 15.6199 0
      vertex -11.6747 14.4585 3
      vertex -11.6747 14.4585 0
    endloop
  endfacet
  facet normal 0.671563 0.740947 -0
    outer loop
      vertex -7.7396 8.56927 0
      vertex -8.6267 9.3733 3
      vertex -7.7396 8.56927 3
    endloop
  endfacet
  facet normal 0.671563 0.740947 0
    outer loop
      vertex -8.6267 9.3733 3
      vertex -7.7396 8.56927 0
      vertex -8.6267 9.3733 0
    endloop
  endfacet
  facet normal 0.998797 0.0490294 0
    outer loop
      vertex -12.1413 16.8042 3
      vertex -12.2 18 0
      vertex -12.2 18 3
    endloop
  endfacet
  facet normal 0.998797 0.0490294 0
    outer loop
      vertex -12.2 18 0
      vertex -12.1413 16.8042 3
      vertex -12.1413 16.8042 0
    endloop
  endfacet
  facet normal -0.049029 -0.998797 0
    outer loop
      vertex 0 30.2 0
      vertex 1.19581 30.1413 3
      vertex 0 30.2 3
    endloop
  endfacet
  facet normal -0.049029 -0.998797 -0
    outer loop
      vertex 1.19581 30.1413 3
      vertex 0 30.2 0
      vertex 1.19581 30.1413 0
    endloop
  endfacet
  facet normal 0.740947 -0.671563 0
    outer loop
      vertex -9.43073 25.7396 3
      vertex -8.6267 26.6267 0
      vertex -8.6267 26.6267 3
    endloop
  endfacet
  facet normal 0.740947 -0.671563 0
    outer loop
      vertex -8.6267 26.6267 0
      vertex -9.43073 25.7396 3
      vertex -9.43073 25.7396 0
    endloop
  endfacet
  facet normal -0.146753 -0.989173 0
    outer loop
      vertex 1.19581 30.1413 0
      vertex 2.3801 29.9656 3
      vertex 1.19581 30.1413 3
    endloop
  endfacet
  facet normal -0.146753 -0.989173 -0
    outer loop
      vertex 2.3801 29.9656 3
      vertex 1.19581 30.1413 0
      vertex 2.3801 29.9656 0
    endloop
  endfacet
  facet normal 0.514101 0.857729 -0
    outer loop
      vertex -5.75104 7.24056 0
      vertex -6.77796 7.85607 3
      vertex -5.75104 7.24056 3
    endloop
  endfacet
  facet normal 0.514101 0.857729 0
    outer loop
      vertex -6.77796 7.85607 3
      vertex -5.75104 7.24056 0
      vertex -6.77796 7.85607 0
    endloop
  endfacet
  facet normal -0.595699 0.803208 0
    outer loop
      vertex 7.7396 8.56927 0
      vertex 6.77796 7.85607 3
      vertex 7.7396 8.56927 3
    endloop
  endfacet
  facet normal -0.595699 0.803208 0
    outer loop
      vertex 6.77796 7.85607 3
      vertex 7.7396 8.56927 0
      vertex 6.77796 7.85607 0
    endloop
  endfacet
  facet normal 0.989173 0.146751 0
    outer loop
      vertex -11.9656 15.6199 3
      vertex -12.1413 16.8042 0
      vertex -12.1413 16.8042 3
    endloop
  endfacet
  facet normal 0.989173 0.146751 0
    outer loop
      vertex -12.1413 16.8042 0
      vertex -11.9656 15.6199 3
      vertex -11.9656 15.6199 0
    endloop
  endfacet
  facet normal 0.970034 -0.242968 0
    outer loop
      vertex -11.9656 20.3801 3
      vertex -11.6747 21.5415 0
      vertex -11.6747 21.5415 3
    endloop
  endfacet
  facet normal 0.970034 -0.242968 0
    outer loop
      vertex -11.6747 21.5415 0
      vertex -11.9656 20.3801 3
      vertex -11.9656 20.3801 0
    endloop
  endfacet
  facet normal 0.595699 0.803208 -0
    outer loop
      vertex -6.77796 7.85607 0
      vertex -7.7396 8.56927 3
      vertex -6.77796 7.85607 3
    endloop
  endfacet
  facet normal 0.595699 0.803208 0
    outer loop
      vertex -7.7396 8.56927 3
      vertex -6.77796 7.85607 0
      vertex -7.7396 8.56927 0
    endloop
  endfacet
  facet normal 0.514095 -0.857733 0
    outer loop
      vertex -6.77796 28.1439 0
      vertex -5.75104 28.7594 3
      vertex -6.77796 28.1439 3
    endloop
  endfacet
  facet normal 0.514095 -0.857733 0
    outer loop
      vertex -5.75104 28.7594 3
      vertex -6.77796 28.1439 0
      vertex -5.75104 28.7594 0
    endloop
  endfacet
  facet normal 0.998797 -0.0490294 0
    outer loop
      vertex -12.2 18 3
      vertex -12.1413 19.1958 0
      vertex -12.1413 19.1958 3
    endloop
  endfacet
  facet normal 0.998797 -0.0490294 0
    outer loop
      vertex -12.1413 19.1958 0
      vertex -12.2 18 3
      vertex -12.2 18 0
    endloop
  endfacet
  facet normal 0.242982 0.970031 -0
    outer loop
      vertex -2.3801 6.03442 0
      vertex -3.54147 6.32533 3
      vertex -2.3801 6.03442 3
    endloop
  endfacet
  facet normal 0.242982 0.970031 0
    outer loop
      vertex -3.54147 6.32533 3
      vertex -2.3801 6.03442 0
      vertex -3.54147 6.32533 0
    endloop
  endfacet
  facet normal 0.803208 0.595699 0
    outer loop
      vertex -9.43073 10.2604 3
      vertex -10.1439 11.222 0
      vertex -10.1439 11.222 3
    endloop
  endfacet
  facet normal 0.803208 0.595699 0
    outer loop
      vertex -10.1439 11.222 0
      vertex -9.43073 10.2604 3
      vertex -9.43073 10.2604 0
    endloop
  endfacet
  facet normal 0.903986 0.427562 0
    outer loop
      vertex -10.7594 12.249 3
      vertex -11.2713 13.3313 0
      vertex -11.2713 13.3313 3
    endloop
  endfacet
  facet normal 0.903986 0.427562 0
    outer loop
      vertex -11.2713 13.3313 0
      vertex -10.7594 12.249 3
      vertex -10.7594 12.249 0
    endloop
  endfacet
  facet normal 0.740947 0.671563 0
    outer loop
      vertex -8.6267 9.3733 3
      vertex -9.43073 10.2604 0
      vertex -9.43073 10.2604 3
    endloop
  endfacet
  facet normal 0.740947 0.671563 0
    outer loop
      vertex -9.43073 10.2604 0
      vertex -8.6267 9.3733 3
      vertex -8.6267 9.3733 0
    endloop
  endfacet
  facet normal 0.941522 -0.33695 0
    outer loop
      vertex -11.6747 21.5415 3
      vertex -11.2713 22.6687 0
      vertex -11.2713 22.6687 3
    endloop
  endfacet
  facet normal 0.941522 -0.33695 0
    outer loop
      vertex -11.2713 22.6687 0
      vertex -11.6747 21.5415 3
      vertex -11.6747 21.5415 0
    endloop
  endfacet
  facet normal -0.989173 -0.146751 0
    outer loop
      vertex 48.1413 -16.8042 0
      vertex 47.9656 -15.6199 3
      vertex 47.9656 -15.6199 0
    endloop
  endfacet
  facet normal -0.989173 -0.146751 0
    outer loop
      vertex 47.9656 -15.6199 3
      vertex 48.1413 -16.8042 0
      vertex 48.1413 -16.8042 3
    endloop
  endfacet
  facet normal -0.998797 -0.0490294 0
    outer loop
      vertex 48.2 -18 0
      vertex 48.1413 -16.8042 3
      vertex 48.1413 -16.8042 0
    endloop
  endfacet
  facet normal -0.998797 -0.0490294 0
    outer loop
      vertex 48.1413 -16.8042 3
      vertex 48.2 -18 0
      vertex 48.2 -18 3
    endloop
  endfacet
  facet normal -0.970034 -0.242968 0
    outer loop
      vertex 47.9656 -15.6199 0
      vertex 47.6747 -14.4585 3
      vertex 47.6747 -14.4585 0
    endloop
  endfacet
  facet normal -0.970034 -0.242968 0
    outer loop
      vertex 47.6747 -14.4585 3
      vertex 47.9656 -15.6199 0
      vertex 47.9656 -15.6199 3
    endloop
  endfacet
  facet normal 0.514066 0.857751 -0
    outer loop
      vertex 30.249 -28.7594 0
      vertex 29.222 -28.1439 3
      vertex 30.249 -28.7594 3
    endloop
  endfacet
  facet normal 0.514066 0.857751 0
    outer loop
      vertex 29.222 -28.1439 3
      vertex 30.249 -28.7594 0
      vertex 29.222 -28.1439 0
    endloop
  endfacet
  facet normal -0.146727 -0.989177 0
    outer loop
      vertex 37.1958 -5.85875 0
      vertex 38.3801 -6.03442 3
      vertex 37.1958 -5.85875 3
    endloop
  endfacet
  facet normal -0.146727 -0.989177 -0
    outer loop
      vertex 38.3801 -6.03442 3
      vertex 37.1958 -5.85875 0
      vertex 38.3801 -6.03442 0
    endloop
  endfacet
  facet normal 0.427562 0.903986 -0
    outer loop
      vertex 31.3313 -29.2713 0
      vertex 30.249 -28.7594 3
      vertex 31.3313 -29.2713 3
    endloop
  endfacet
  facet normal 0.427562 0.903986 0
    outer loop
      vertex 30.249 -28.7594 3
      vertex 31.3313 -29.2713 0
      vertex 30.249 -28.7594 0
    endloop
  endfacet
  facet normal -0.427562 0.903986 0
    outer loop
      vertex 41.751 -28.7594 0
      vertex 40.6687 -29.2713 3
      vertex 41.751 -28.7594 3
    endloop
  endfacet
  facet normal -0.427562 0.903986 0
    outer loop
      vertex 40.6687 -29.2713 3
      vertex 41.751 -28.7594 0
      vertex 40.6687 -29.2713 0
    endloop
  endfacet
  facet normal -0.0490711 -0.998795 0
    outer loop
      vertex 36 -5.8 0
      vertex 37.1958 -5.85875 3
      vertex 36 -5.8 3
    endloop
  endfacet
  facet normal -0.0490711 -0.998795 -0
    outer loop
      vertex 37.1958 -5.85875 3
      vertex 36 -5.8 0
      vertex 37.1958 -5.85875 0
    endloop
  endfacet
  facet normal -0.989173 0.146751 0
    outer loop
      vertex 47.9656 -20.3801 0
      vertex 48.1413 -19.1958 3
      vertex 48.1413 -19.1958 0
    endloop
  endfacet
  facet normal -0.989173 0.146751 0
    outer loop
      vertex 48.1413 -19.1958 3
      vertex 47.9656 -20.3801 0
      vertex 47.9656 -20.3801 3
    endloop
  endfacet
  facet normal 0.941522 0.33695 0
    outer loop
      vertex 24.7287 -22.6687 3
      vertex 24.3253 -21.5415 0
      vertex 24.3253 -21.5415 3
    endloop
  endfacet
  facet normal 0.941522 0.33695 0
    outer loop
      vertex 24.3253 -21.5415 0
      vertex 24.7287 -22.6687 3
      vertex 24.7287 -22.6687 0
    endloop
  endfacet
  facet normal 0.903986 0.427562 0
    outer loop
      vertex 25.2406 -23.751 3
      vertex 24.7287 -22.6687 0
      vertex 24.7287 -22.6687 3
    endloop
  endfacet
  facet normal 0.903986 0.427562 0
    outer loop
      vertex 24.7287 -22.6687 0
      vertex 25.2406 -23.751 3
      vertex 25.2406 -23.751 0
    endloop
  endfacet
  facet normal 0.941522 -0.33695 0
    outer loop
      vertex 24.3253 -14.4585 3
      vertex 24.7287 -13.3313 0
      vertex 24.7287 -13.3313 3
    endloop
  endfacet
  facet normal 0.941522 -0.33695 0
    outer loop
      vertex 24.7287 -13.3313 0
      vertex 24.3253 -14.4585 3
      vertex 24.3253 -14.4585 0
    endloop
  endfacet
  facet normal 0.595715 -0.803196 0
    outer loop
      vertex 28.2604 -8.56927 0
      vertex 29.222 -7.85607 3
      vertex 28.2604 -8.56927 3
    endloop
  endfacet
  facet normal 0.595715 -0.803196 0
    outer loop
      vertex 29.222 -7.85607 3
      vertex 28.2604 -8.56927 0
      vertex 29.222 -7.85607 0
    endloop
  endfacet
  facet normal 0.427555 -0.903989 0
    outer loop
      vertex 30.249 -7.24056 0
      vertex 31.3313 -6.72867 3
      vertex 30.249 -7.24056 3
    endloop
  endfacet
  facet normal 0.427555 -0.903989 0
    outer loop
      vertex 31.3313 -6.72867 3
      vertex 30.249 -7.24056 0
      vertex 31.3313 -6.72867 0
    endloop
  endfacet
  facet normal -0.514066 0.857751 0
    outer loop
      vertex 42.778 -28.1439 0
      vertex 41.751 -28.7594 3
      vertex 42.778 -28.1439 3
    endloop
  endfacet
  facet normal -0.514066 0.857751 0
    outer loop
      vertex 41.751 -28.7594 3
      vertex 42.778 -28.1439 0
      vertex 41.751 -28.7594 0
    endloop
  endfacet
  facet normal 0.74096 0.67155 0
    outer loop
      vertex 27.3733 -26.6267 3
      vertex 26.5693 -25.7396 0
      vertex 26.5693 -25.7396 3
    endloop
  endfacet
  facet normal 0.74096 0.67155 0
    outer loop
      vertex 26.5693 -25.7396 0
      vertex 27.3733 -26.6267 3
      vertex 27.3733 -26.6267 0
    endloop
  endfacet
  facet normal -0.903986 -0.427562 0
    outer loop
      vertex 47.2713 -13.3313 0
      vertex 46.7594 -12.249 3
      vertex 46.7594 -12.249 0
    endloop
  endfacet
  facet normal -0.903986 -0.427562 0
    outer loop
      vertex 46.7594 -12.249 3
      vertex 47.2713 -13.3313 0
      vertex 47.2713 -13.3313 3
    endloop
  endfacet
  facet normal -0.998797 0.0490294 0
    outer loop
      vertex 48.1413 -19.1958 0
      vertex 48.2 -18 3
      vertex 48.2 -18 0
    endloop
  endfacet
  facet normal -0.998797 0.0490294 0
    outer loop
      vertex 48.2 -18 3
      vertex 48.1413 -19.1958 0
      vertex 48.1413 -19.1958 3
    endloop
  endfacet
  facet normal -0.595715 0.803196 0
    outer loop
      vertex 43.7396 -27.4307 0
      vertex 42.778 -28.1439 3
      vertex 43.7396 -27.4307 3
    endloop
  endfacet
  facet normal -0.595715 0.803196 0
    outer loop
      vertex 42.778 -28.1439 3
      vertex 43.7396 -27.4307 0
      vertex 42.778 -28.1439 0
    endloop
  endfacet
  facet normal -0.146751 0.989173 0
    outer loop
      vertex 38.3801 -29.9656 0
      vertex 37.1958 -30.1413 3
      vertex 38.3801 -29.9656 3
    endloop
  endfacet
  facet normal -0.146751 0.989173 0
    outer loop
      vertex 37.1958 -30.1413 3
      vertex 38.3801 -29.9656 0
      vertex 37.1958 -30.1413 0
    endloop
  endfacet
  facet normal -0.595715 -0.803196 0
    outer loop
      vertex 42.778 -7.85607 0
      vertex 43.7396 -8.56927 3
      vertex 42.778 -7.85607 3
    endloop
  endfacet
  facet normal -0.595715 -0.803196 -0
    outer loop
      vertex 43.7396 -8.56927 3
      vertex 42.778 -7.85607 0
      vertex 43.7396 -8.56927 0
    endloop
  endfacet
  facet normal -0.33695 0.941522 0
    outer loop
      vertex 40.6687 -29.2713 0
      vertex 39.5415 -29.6747 3
      vertex 40.6687 -29.2713 3
    endloop
  endfacet
  facet normal -0.33695 0.941522 0
    outer loop
      vertex 39.5415 -29.6747 3
      vertex 40.6687 -29.2713 0
      vertex 39.5415 -29.6747 0
    endloop
  endfacet
  facet normal 0.857751 -0.514066 0
    outer loop
      vertex 25.2406 -12.249 3
      vertex 25.8561 -11.222 0
      vertex 25.8561 -11.222 3
    endloop
  endfacet
  facet normal 0.857751 -0.514066 0
    outer loop
      vertex 25.8561 -11.222 0
      vertex 25.2406 -12.249 3
      vertex 25.2406 -12.249 0
    endloop
  endfacet
  facet normal -0.514072 -0.857747 0
    outer loop
      vertex 41.751 -7.24056 0
      vertex 42.778 -7.85607 3
      vertex 41.751 -7.24056 3
    endloop
  endfacet
  facet normal -0.514072 -0.857747 -0
    outer loop
      vertex 42.778 -7.85607 3
      vertex 41.751 -7.24056 0
      vertex 42.778 -7.85607 0
    endloop
  endfacet
  facet normal -0.803196 -0.595715 0
    outer loop
      vertex 46.1439 -11.222 0
      vertex 45.4307 -10.2604 3
      vertex 45.4307 -10.2604 0
    endloop
  endfacet
  facet normal -0.803196 -0.595715 0
    outer loop
      vertex 45.4307 -10.2604 3
      vertex 46.1439 -11.222 0
      vertex 46.1439 -11.222 3
    endloop
  endfacet
  facet normal 0.514072 -0.857747 0
    outer loop
      vertex 29.222 -7.85607 0
      vertex 30.249 -7.24056 3
      vertex 29.222 -7.85607 3
    endloop
  endfacet
  facet normal 0.514072 -0.857747 0
    outer loop
      vertex 30.249 -7.24056 3
      vertex 29.222 -7.85607 0
      vertex 30.249 -7.24056 0
    endloop
  endfacet
  facet normal 0.146727 -0.989177 0
    outer loop
      vertex 33.6199 -6.03442 0
      vertex 34.8042 -5.85875 3
      vertex 33.6199 -6.03442 3
    endloop
  endfacet
  facet normal 0.146727 -0.989177 0
    outer loop
      vertex 34.8042 -5.85875 3
      vertex 33.6199 -6.03442 0
      vertex 34.8042 -5.85875 0
    endloop
  endfacet
  facet normal -0.970034 0.242968 0
    outer loop
      vertex 47.6747 -21.5415 0
      vertex 47.9656 -20.3801 3
      vertex 47.9656 -20.3801 0
    endloop
  endfacet
  facet normal -0.970034 0.242968 0
    outer loop
      vertex 47.9656 -20.3801 3
      vertex 47.6747 -21.5415 0
      vertex 47.6747 -21.5415 3
    endloop
  endfacet
  facet normal 0.998797 0.0490294 0
    outer loop
      vertex 23.8587 -19.1958 3
      vertex 23.8 -18 0
      vertex 23.8 -18 3
    endloop
  endfacet
  facet normal 0.998797 0.0490294 0
    outer loop
      vertex 23.8 -18 0
      vertex 23.8587 -19.1958 3
      vertex 23.8587 -19.1958 0
    endloop
  endfacet
  facet normal 0.336906 -0.941538 0
    outer loop
      vertex 31.3313 -6.72867 0
      vertex 32.4585 -6.32533 3
      vertex 31.3313 -6.72867 3
    endloop
  endfacet
  facet normal 0.336906 -0.941538 0
    outer loop
      vertex 32.4585 -6.32533 3
      vertex 31.3313 -6.72867 0
      vertex 32.4585 -6.32533 0
    endloop
  endfacet
  facet normal -0.857751 0.514066 0
    outer loop
      vertex 46.1439 -24.778 0
      vertex 46.7594 -23.751 3
      vertex 46.7594 -23.751 0
    endloop
  endfacet
  facet normal -0.857751 0.514066 0
    outer loop
      vertex 46.7594 -23.751 3
      vertex 46.1439 -24.778 0
      vertex 46.1439 -24.778 3
    endloop
  endfacet
  facet normal 0.595715 0.803196 -0
    outer loop
      vertex 29.222 -28.1439 0
      vertex 28.2604 -27.4307 3
      vertex 29.222 -28.1439 3
    endloop
  endfacet
  facet normal 0.595715 0.803196 0
    outer loop
      vertex 28.2604 -27.4307 3
      vertex 29.222 -28.1439 0
      vertex 28.2604 -27.4307 0
    endloop
  endfacet
  facet normal -0.242976 -0.970032 0
    outer loop
      vertex 38.3801 -6.03442 0
      vertex 39.5415 -6.32533 3
      vertex 38.3801 -6.03442 3
    endloop
  endfacet
  facet normal -0.242976 -0.970032 -0
    outer loop
      vertex 39.5415 -6.32533 3
      vertex 38.3801 -6.03442 0
      vertex 39.5415 -6.32533 0
    endloop
  endfacet
  facet normal -0.903986 0.427562 0
    outer loop
      vertex 46.7594 -23.751 0
      vertex 47.2713 -22.6687 3
      vertex 47.2713 -22.6687 0
    endloop
  endfacet
  facet normal -0.903986 0.427562 0
    outer loop
      vertex 47.2713 -22.6687 3
      vertex 46.7594 -23.751 0
      vertex 46.7594 -23.751 3
    endloop
  endfacet
  facet normal -0.941522 -0.33695 0
    outer loop
      vertex 47.6747 -14.4585 0
      vertex 47.2713 -13.3313 3
      vertex 47.2713 -13.3313 0
    endloop
  endfacet
  facet normal -0.941522 -0.33695 0
    outer loop
      vertex 47.2713 -13.3313 3
      vertex 47.6747 -14.4585 0
      vertex 47.6747 -14.4585 3
    endloop
  endfacet
  facet normal 0.33695 0.941522 -0
    outer loop
      vertex 32.4585 -29.6747 0
      vertex 31.3313 -29.2713 3
      vertex 32.4585 -29.6747 3
    endloop
  endfacet
  facet normal 0.33695 0.941522 0
    outer loop
      vertex 31.3313 -29.2713 3
      vertex 32.4585 -29.6747 0
      vertex 31.3313 -29.2713 0
    endloop
  endfacet
  facet normal 0.74096 -0.67155 0
    outer loop
      vertex 26.5693 -10.2604 3
      vertex 27.3733 -9.3733 0
      vertex 27.3733 -9.3733 3
    endloop
  endfacet
  facet normal 0.74096 -0.67155 0
    outer loop
      vertex 27.3733 -9.3733 0
      vertex 26.5693 -10.2604 3
      vertex 26.5693 -10.2604 0
    endloop
  endfacet
  facet normal -0.671563 -0.740947 0
    outer loop
      vertex 43.7396 -8.56927 0
      vertex 44.6267 -9.3733 3
      vertex 43.7396 -8.56927 3
    endloop
  endfacet
  facet normal -0.671563 -0.740947 -0
    outer loop
      vertex 44.6267 -9.3733 3
      vertex 43.7396 -8.56927 0
      vertex 44.6267 -9.3733 0
    endloop
  endfacet
  facet normal 0.989173 -0.146751 0
    outer loop
      vertex 23.8587 -16.8042 3
      vertex 24.0344 -15.6199 0
      vertex 24.0344 -15.6199 3
    endloop
  endfacet
  facet normal 0.989173 -0.146751 0
    outer loop
      vertex 24.0344 -15.6199 0
      vertex 23.8587 -16.8042 3
      vertex 23.8587 -16.8042 0
    endloop
  endfacet
  facet normal -0.336906 -0.941538 0
    outer loop
      vertex 39.5415 -6.32533 0
      vertex 40.6687 -6.72867 3
      vertex 39.5415 -6.32533 3
    endloop
  endfacet
  facet normal -0.336906 -0.941538 -0
    outer loop
      vertex 40.6687 -6.72867 3
      vertex 39.5415 -6.32533 0
      vertex 40.6687 -6.72867 0
    endloop
  endfacet
  facet normal 0.242976 -0.970032 0
    outer loop
      vertex 32.4585 -6.32533 0
      vertex 33.6199 -6.03442 3
      vertex 32.4585 -6.32533 3
    endloop
  endfacet
  facet normal 0.242976 -0.970032 0
    outer loop
      vertex 33.6199 -6.03442 3
      vertex 32.4585 -6.32533 0
      vertex 33.6199 -6.03442 0
    endloop
  endfacet
  facet normal -0.0490294 0.998797 0
    outer loop
      vertex 37.1958 -30.1413 0
      vertex 36 -30.2 3
      vertex 37.1958 -30.1413 3
    endloop
  endfacet
  facet normal -0.0490294 0.998797 0
    outer loop
      vertex 36 -30.2 3
      vertex 37.1958 -30.1413 0
      vertex 36 -30.2 0
    endloop
  endfacet
  facet normal -0.74096 0.67155 0
    outer loop
      vertex 44.6267 -26.6267 0
      vertex 45.4307 -25.7396 3
      vertex 45.4307 -25.7396 0
    endloop
  endfacet
  facet normal -0.74096 0.67155 0
    outer loop
      vertex 45.4307 -25.7396 3
      vertex 44.6267 -26.6267 0
      vertex 44.6267 -26.6267 3
    endloop
  endfacet
  facet normal 0.67155 0.74096 -0
    outer loop
      vertex 28.2604 -27.4307 0
      vertex 27.3733 -26.6267 3
      vertex 28.2604 -27.4307 3
    endloop
  endfacet
  facet normal 0.67155 0.74096 0
    outer loop
      vertex 27.3733 -26.6267 3
      vertex 28.2604 -27.4307 0
      vertex 27.3733 -26.6267 0
    endloop
  endfacet
  facet normal -0.941522 0.33695 0
    outer loop
      vertex 47.2713 -22.6687 0
      vertex 47.6747 -21.5415 3
      vertex 47.6747 -21.5415 0
    endloop
  endfacet
  facet normal -0.941522 0.33695 0
    outer loop
      vertex 47.6747 -21.5415 3
      vertex 47.2713 -22.6687 0
      vertex 47.2713 -22.6687 3
    endloop
  endfacet
  facet normal -0.803196 0.595715 0
    outer loop
      vertex 45.4307 -25.7396 0
      vertex 46.1439 -24.778 3
      vertex 46.1439 -24.778 0
    endloop
  endfacet
  facet normal -0.803196 0.595715 0
    outer loop
      vertex 46.1439 -24.778 3
      vertex 45.4307 -25.7396 0
      vertex 45.4307 -25.7396 3
    endloop
  endfacet
  facet normal -0.427555 -0.903989 0
    outer loop
      vertex 40.6687 -6.72867 0
      vertex 41.751 -7.24056 3
      vertex 40.6687 -6.72867 3
    endloop
  endfacet
  facet normal -0.427555 -0.903989 -0
    outer loop
      vertex 41.751 -7.24056 3
      vertex 40.6687 -6.72867 0
      vertex 41.751 -7.24056 0
    endloop
  endfacet
  facet normal 0.146751 0.989173 -0
    outer loop
      vertex 34.8042 -30.1413 0
      vertex 33.6199 -29.9656 3
      vertex 34.8042 -30.1413 3
    endloop
  endfacet
  facet normal 0.146751 0.989173 0
    outer loop
      vertex 33.6199 -29.9656 3
      vertex 34.8042 -30.1413 0
      vertex 33.6199 -29.9656 0
    endloop
  endfacet
  facet normal 0.970034 -0.242968 0
    outer loop
      vertex 24.0344 -15.6199 3
      vertex 24.3253 -14.4585 0
      vertex 24.3253 -14.4585 3
    endloop
  endfacet
  facet normal 0.970034 -0.242968 0
    outer loop
      vertex 24.3253 -14.4585 0
      vertex 24.0344 -15.6199 3
      vertex 24.0344 -15.6199 0
    endloop
  endfacet
  facet normal -0.857751 -0.514066 0
    outer loop
      vertex 46.7594 -12.249 0
      vertex 46.1439 -11.222 3
      vertex 46.1439 -11.222 0
    endloop
  endfacet
  facet normal -0.857751 -0.514066 0
    outer loop
      vertex 46.1439 -11.222 3
      vertex 46.7594 -12.249 0
      vertex 46.7594 -12.249 3
    endloop
  endfacet
  facet normal 0.0490711 -0.998795 0
    outer loop
      vertex 34.8042 -5.85875 0
      vertex 36 -5.8 3
      vertex 34.8042 -5.85875 3
    endloop
  endfacet
  facet normal 0.0490711 -0.998795 0
    outer loop
      vertex 36 -5.8 3
      vertex 34.8042 -5.85875 0
      vertex 36 -5.8 0
    endloop
  endfacet
  facet normal 0.671563 -0.740947 0
    outer loop
      vertex 27.3733 -9.3733 0
      vertex 28.2604 -8.56927 3
      vertex 27.3733 -9.3733 3
    endloop
  endfacet
  facet normal 0.671563 -0.740947 0
    outer loop
      vertex 28.2604 -8.56927 3
      vertex 27.3733 -9.3733 0
      vertex 28.2604 -8.56927 0
    endloop
  endfacet
  facet normal 0.857751 0.514066 0
    outer loop
      vertex 25.8561 -24.778 3
      vertex 25.2406 -23.751 0
      vertex 25.2406 -23.751 3
    endloop
  endfacet
  facet normal 0.857751 0.514066 0
    outer loop
      vertex 25.2406 -23.751 0
      vertex 25.8561 -24.778 3
      vertex 25.8561 -24.778 0
    endloop
  endfacet
  facet normal -0.242968 0.970034 0
    outer loop
      vertex 39.5415 -29.6747 0
      vertex 38.3801 -29.9656 3
      vertex 39.5415 -29.6747 3
    endloop
  endfacet
  facet normal -0.242968 0.970034 0
    outer loop
      vertex 38.3801 -29.9656 3
      vertex 39.5415 -29.6747 0
      vertex 38.3801 -29.9656 0
    endloop
  endfacet
  facet normal 0.903986 -0.427562 0
    outer loop
      vertex 24.7287 -13.3313 3
      vertex 25.2406 -12.249 0
      vertex 25.2406 -12.249 3
    endloop
  endfacet
  facet normal 0.903986 -0.427562 0
    outer loop
      vertex 25.2406 -12.249 0
      vertex 24.7287 -13.3313 3
      vertex 24.7287 -13.3313 0
    endloop
  endfacet
  facet normal 0.970034 0.242968 0
    outer loop
      vertex 24.3253 -21.5415 3
      vertex 24.0344 -20.3801 0
      vertex 24.0344 -20.3801 3
    endloop
  endfacet
  facet normal 0.970034 0.242968 0
    outer loop
      vertex 24.0344 -20.3801 0
      vertex 24.3253 -21.5415 3
      vertex 24.3253 -21.5415 0
    endloop
  endfacet
  facet normal 0.803196 -0.595715 0
    outer loop
      vertex 25.8561 -11.222 3
      vertex 26.5693 -10.2604 0
      vertex 26.5693 -10.2604 3
    endloop
  endfacet
  facet normal 0.803196 -0.595715 0
    outer loop
      vertex 26.5693 -10.2604 0
      vertex 25.8561 -11.222 3
      vertex 25.8561 -11.222 0
    endloop
  endfacet
  facet normal 0.803196 0.595715 0
    outer loop
      vertex 26.5693 -25.7396 3
      vertex 25.8561 -24.778 0
      vertex 25.8561 -24.778 3
    endloop
  endfacet
  facet normal 0.803196 0.595715 0
    outer loop
      vertex 25.8561 -24.778 0
      vertex 26.5693 -25.7396 3
      vertex 26.5693 -25.7396 0
    endloop
  endfacet
  facet normal 0.989173 0.146751 0
    outer loop
      vertex 24.0344 -20.3801 3
      vertex 23.8587 -19.1958 0
      vertex 23.8587 -19.1958 3
    endloop
  endfacet
  facet normal 0.989173 0.146751 0
    outer loop
      vertex 23.8587 -19.1958 0
      vertex 24.0344 -20.3801 3
      vertex 24.0344 -20.3801 0
    endloop
  endfacet
  facet normal 0.242968 0.970034 -0
    outer loop
      vertex 33.6199 -29.9656 0
      vertex 32.4585 -29.6747 3
      vertex 33.6199 -29.9656 3
    endloop
  endfacet
  facet normal 0.242968 0.970034 0
    outer loop
      vertex 32.4585 -29.6747 3
      vertex 33.6199 -29.9656 0
      vertex 32.4585 -29.6747 0
    endloop
  endfacet
  facet normal -0.74096 -0.67155 0
    outer loop
      vertex 45.4307 -10.2604 0
      vertex 44.6267 -9.3733 3
      vertex 44.6267 -9.3733 0
    endloop
  endfacet
  facet normal -0.74096 -0.67155 0
    outer loop
      vertex 44.6267 -9.3733 3
      vertex 45.4307 -10.2604 0
      vertex 45.4307 -10.2604 3
    endloop
  endfacet
  facet normal 0.0490294 0.998797 -0
    outer loop
      vertex 36 -30.2 0
      vertex 34.8042 -30.1413 3
      vertex 36 -30.2 3
    endloop
  endfacet
  facet normal 0.0490294 0.998797 0
    outer loop
      vertex 34.8042 -30.1413 3
      vertex 36 -30.2 0
      vertex 34.8042 -30.1413 0
    endloop
  endfacet
  facet normal 0.998797 -0.0490294 0
    outer loop
      vertex 23.8 -18 3
      vertex 23.8587 -16.8042 0
      vertex 23.8587 -16.8042 3
    endloop
  endfacet
  facet normal 0.998797 -0.0490294 0
    outer loop
      vertex 23.8587 -16.8042 0
      vertex 23.8 -18 3
      vertex 23.8 -18 0
    endloop
  endfacet
  facet normal -0.67155 0.74096 0
    outer loop
      vertex 44.6267 -26.6267 0
      vertex 43.7396 -27.4307 3
      vertex 44.6267 -26.6267 3
    endloop
  endfacet
  facet normal -0.67155 0.74096 0
    outer loop
      vertex 43.7396 -27.4307 3
      vertex 44.6267 -26.6267 0
      vertex 43.7396 -27.4307 0
    endloop
  endfacet
  facet normal -0.857751 0.514066 0
    outer loop
      vertex 46.1439 11.222 0
      vertex 46.7594 12.249 3
      vertex 46.7594 12.249 0
    endloop
  endfacet
  facet normal -0.857751 0.514066 0
    outer loop
      vertex 46.7594 12.249 3
      vertex 46.1439 11.222 0
      vertex 46.1439 11.222 3
    endloop
  endfacet
  facet normal 0.146751 -0.989173 0
    outer loop
      vertex 33.6199 29.9656 0
      vertex 34.8042 30.1413 3
      vertex 33.6199 29.9656 3
    endloop
  endfacet
  facet normal 0.146751 -0.989173 0
    outer loop
      vertex 34.8042 30.1413 3
      vertex 33.6199 29.9656 0
      vertex 34.8042 30.1413 0
    endloop
  endfacet
  facet normal -0.989173 -0.146751 0
    outer loop
      vertex 48.1413 19.1958 0
      vertex 47.9656 20.3801 3
      vertex 47.9656 20.3801 0
    endloop
  endfacet
  facet normal -0.989173 -0.146751 0
    outer loop
      vertex 47.9656 20.3801 3
      vertex 48.1413 19.1958 0
      vertex 48.1413 19.1958 3
    endloop
  endfacet
  facet normal -0.998797 -0.0490294 0
    outer loop
      vertex 48.2 18 0
      vertex 48.1413 19.1958 3
      vertex 48.1413 19.1958 0
    endloop
  endfacet
  facet normal -0.998797 -0.0490294 0
    outer loop
      vertex 48.1413 19.1958 3
      vertex 48.2 18 0
      vertex 48.2 18 3
    endloop
  endfacet
  facet normal -0.970034 -0.242968 0
    outer loop
      vertex 47.9656 20.3801 0
      vertex 47.6747 21.5415 3
      vertex 47.6747 21.5415 0
    endloop
  endfacet
  facet normal -0.970034 -0.242968 0
    outer loop
      vertex 47.6747 21.5415 3
      vertex 47.9656 20.3801 0
      vertex 47.9656 20.3801 3
    endloop
  endfacet
  facet normal -0.998797 0.0490294 0
    outer loop
      vertex 48.1413 16.8042 0
      vertex 48.2 18 3
      vertex 48.2 18 0
    endloop
  endfacet
  facet normal -0.998797 0.0490294 0
    outer loop
      vertex 48.2 18 3
      vertex 48.1413 16.8042 0
      vertex 48.1413 16.8042 3
    endloop
  endfacet
  facet normal 0.33695 -0.941522 0
    outer loop
      vertex 31.3313 29.2713 0
      vertex 32.4585 29.6747 3
      vertex 31.3313 29.2713 3
    endloop
  endfacet
  facet normal 0.33695 -0.941522 0
    outer loop
      vertex 32.4585 29.6747 3
      vertex 31.3313 29.2713 0
      vertex 32.4585 29.6747 0
    endloop
  endfacet
  facet normal -0.595715 -0.803196 0
    outer loop
      vertex 42.778 28.1439 0
      vertex 43.7396 27.4307 3
      vertex 42.778 28.1439 3
    endloop
  endfacet
  facet normal -0.595715 -0.803196 -0
    outer loop
      vertex 43.7396 27.4307 3
      vertex 42.778 28.1439 0
      vertex 43.7396 27.4307 0
    endloop
  endfacet
  facet normal -0.33695 -0.941522 0
    outer loop
      vertex 39.5415 29.6747 0
      vertex 40.6687 29.2713 3
      vertex 39.5415 29.6747 3
    endloop
  endfacet
  facet normal -0.33695 -0.941522 -0
    outer loop
      vertex 40.6687 29.2713 3
      vertex 39.5415 29.6747 0
      vertex 40.6687 29.2713 0
    endloop
  endfacet
  facet normal -0.803196 -0.595715 0
    outer loop
      vertex 46.1439 24.778 0
      vertex 45.4307 25.7396 3
      vertex 45.4307 25.7396 0
    endloop
  endfacet
  facet normal -0.803196 -0.595715 0
    outer loop
      vertex 45.4307 25.7396 3
      vertex 46.1439 24.778 0
      vertex 46.1439 24.778 3
    endloop
  endfacet
  facet normal -0.514066 -0.857751 0
    outer loop
      vertex 41.751 28.7594 0
      vertex 42.778 28.1439 3
      vertex 41.751 28.7594 3
    endloop
  endfacet
  facet normal -0.514066 -0.857751 -0
    outer loop
      vertex 42.778 28.1439 3
      vertex 41.751 28.7594 0
      vertex 42.778 28.1439 0
    endloop
  endfacet
  facet normal 0.903986 -0.427562 0
    outer loop
      vertex 24.7287 22.6687 3
      vertex 25.2406 23.751 0
      vertex 25.2406 23.751 3
    endloop
  endfacet
  facet normal 0.903986 -0.427562 0
    outer loop
      vertex 25.2406 23.751 0
      vertex 24.7287 22.6687 3
      vertex 24.7287 22.6687 0
    endloop
  endfacet
  facet normal 0.427555 0.903989 -0
    outer loop
      vertex 31.3313 6.72867 0
      vertex 30.249 7.24056 3
      vertex 31.3313 6.72867 3
    endloop
  endfacet
  facet normal 0.427555 0.903989 0
    outer loop
      vertex 30.249 7.24056 3
      vertex 31.3313 6.72867 0
      vertex 30.249 7.24056 0
    endloop
  endfacet
  facet normal -0.242976 0.970032 0
    outer loop
      vertex 39.5415 6.32533 0
      vertex 38.3801 6.03442 3
      vertex 39.5415 6.32533 3
    endloop
  endfacet
  facet normal -0.242976 0.970032 0
    outer loop
      vertex 38.3801 6.03442 3
      vertex 39.5415 6.32533 0
      vertex 38.3801 6.03442 0
    endloop
  endfacet
  facet normal -0.941522 0.33695 0
    outer loop
      vertex 47.2713 13.3313 0
      vertex 47.6747 14.4585 3
      vertex 47.6747 14.4585 0
    endloop
  endfacet
  facet normal -0.941522 0.33695 0
    outer loop
      vertex 47.6747 14.4585 3
      vertex 47.2713 13.3313 0
      vertex 47.2713 13.3313 3
    endloop
  endfacet
  facet normal 0.989173 -0.146751 0
    outer loop
      vertex 23.8587 19.1958 3
      vertex 24.0344 20.3801 0
      vertex 24.0344 20.3801 3
    endloop
  endfacet
  facet normal 0.989173 -0.146751 0
    outer loop
      vertex 24.0344 20.3801 0
      vertex 23.8587 19.1958 3
      vertex 23.8587 19.1958 0
    endloop
  endfacet
  facet normal 0.242968 -0.970034 0
    outer loop
      vertex 32.4585 29.6747 0
      vertex 33.6199 29.9656 3
      vertex 32.4585 29.6747 3
    endloop
  endfacet
  facet normal 0.242968 -0.970034 0
    outer loop
      vertex 33.6199 29.9656 3
      vertex 32.4585 29.6747 0
      vertex 33.6199 29.9656 0
    endloop
  endfacet
  facet normal 0.427562 -0.903986 0
    outer loop
      vertex 30.249 28.7594 0
      vertex 31.3313 29.2713 3
      vertex 30.249 28.7594 3
    endloop
  endfacet
  facet normal 0.427562 -0.903986 0
    outer loop
      vertex 31.3313 29.2713 3
      vertex 30.249 28.7594 0
      vertex 31.3313 29.2713 0
    endloop
  endfacet
  facet normal -0.903986 0.427562 0
    outer loop
      vertex 46.7594 12.249 0
      vertex 47.2713 13.3313 3
      vertex 47.2713 13.3313 0
    endloop
  endfacet
  facet normal -0.903986 0.427562 0
    outer loop
      vertex 47.2713 13.3313 3
      vertex 46.7594 12.249 0
      vertex 46.7594 12.249 3
    endloop
  endfacet
  facet normal 0.146727 0.989177 -0
    outer loop
      vertex 34.8042 5.85875 0
      vertex 33.6199 6.03442 3
      vertex 34.8042 5.85875 3
    endloop
  endfacet
  facet normal 0.146727 0.989177 0
    outer loop
      vertex 33.6199 6.03442 3
      vertex 34.8042 5.85875 0
      vertex 33.6199 6.03442 0
    endloop
  endfacet
  facet normal -0.989173 0.146751 0
    outer loop
      vertex 47.9656 15.6199 0
      vertex 48.1413 16.8042 3
      vertex 48.1413 16.8042 0
    endloop
  endfacet
  facet normal -0.989173 0.146751 0
    outer loop
      vertex 48.1413 16.8042 3
      vertex 47.9656 15.6199 0
      vertex 47.9656 15.6199 3
    endloop
  endfacet
  facet normal -0.74096 -0.67155 0
    outer loop
      vertex 45.4307 25.7396 0
      vertex 44.6267 26.6267 3
      vertex 44.6267 26.6267 0
    endloop
  endfacet
  facet normal -0.74096 -0.67155 0
    outer loop
      vertex 44.6267 26.6267 3
      vertex 45.4307 25.7396 0
      vertex 45.4307 25.7396 3
    endloop
  endfacet
  facet normal -0.514072 0.857747 0
    outer loop
      vertex 42.778 7.85607 0
      vertex 41.751 7.24056 3
      vertex 42.778 7.85607 3
    endloop
  endfacet
  facet normal -0.514072 0.857747 0
    outer loop
      vertex 41.751 7.24056 3
      vertex 42.778 7.85607 0
      vertex 41.751 7.24056 0
    endloop
  endfacet
  facet normal -0.336906 0.941538 0
    outer loop
      vertex 40.6687 6.72867 0
      vertex 39.5415 6.32533 3
      vertex 40.6687 6.72867 3
    endloop
  endfacet
  facet normal -0.336906 0.941538 0
    outer loop
      vertex 39.5415 6.32533 3
      vertex 40.6687 6.72867 0
      vertex 39.5415 6.32533 0
    endloop
  endfacet
  facet normal -0.0490711 0.998795 0
    outer loop
      vertex 37.1958 5.85875 0
      vertex 36 5.8 3
      vertex 37.1958 5.85875 3
    endloop
  endfacet
  facet normal -0.0490711 0.998795 0
    outer loop
      vertex 36 5.8 3
      vertex 37.1958 5.85875 0
      vertex 36 5.8 0
    endloop
  endfacet
  facet normal 0.941522 0.33695 0
    outer loop
      vertex 24.7287 13.3313 3
      vertex 24.3253 14.4585 0
      vertex 24.3253 14.4585 3
    endloop
  endfacet
  facet normal 0.941522 0.33695 0
    outer loop
      vertex 24.3253 14.4585 0
      vertex 24.7287 13.3313 3
      vertex 24.7287 13.3313 0
    endloop
  endfacet
  facet normal 0.857751 0.514066 0
    outer loop
      vertex 25.8561 11.222 3
      vertex 25.2406 12.249 0
      vertex 25.2406 12.249 3
    endloop
  endfacet
  facet normal 0.857751 0.514066 0
    outer loop
      vertex 25.2406 12.249 0
      vertex 25.8561 11.222 3
      vertex 25.8561 11.222 0
    endloop
  endfacet
  facet normal 0.595715 -0.803196 0
    outer loop
      vertex 28.2604 27.4307 0
      vertex 29.222 28.1439 3
      vertex 28.2604 27.4307 3
    endloop
  endfacet
  facet normal 0.595715 -0.803196 0
    outer loop
      vertex 29.222 28.1439 3
      vertex 28.2604 27.4307 0
      vertex 29.222 28.1439 0
    endloop
  endfacet
  facet normal 0.857751 -0.514066 0
    outer loop
      vertex 25.2406 23.751 3
      vertex 25.8561 24.778 0
      vertex 25.8561 24.778 3
    endloop
  endfacet
  facet normal 0.857751 -0.514066 0
    outer loop
      vertex 25.8561 24.778 0
      vertex 25.2406 23.751 3
      vertex 25.2406 23.751 0
    endloop
  endfacet
  facet normal -0.146727 0.989177 0
    outer loop
      vertex 38.3801 6.03442 0
      vertex 37.1958 5.85875 3
      vertex 38.3801 6.03442 3
    endloop
  endfacet
  facet normal -0.146727 0.989177 0
    outer loop
      vertex 37.1958 5.85875 3
      vertex 38.3801 6.03442 0
      vertex 37.1958 5.85875 0
    endloop
  endfacet
  facet normal -0.803196 0.595715 0
    outer loop
      vertex 45.4307 10.2604 0
      vertex 46.1439 11.222 3
      vertex 46.1439 11.222 0
    endloop
  endfacet
  facet normal -0.803196 0.595715 0
    outer loop
      vertex 46.1439 11.222 3
      vertex 45.4307 10.2604 0
      vertex 45.4307 10.2604 3
    endloop
  endfacet
  facet normal -0.427555 0.903989 0
    outer loop
      vertex 41.751 7.24056 0
      vertex 40.6687 6.72867 3
      vertex 41.751 7.24056 3
    endloop
  endfacet
  facet normal -0.427555 0.903989 0
    outer loop
      vertex 40.6687 6.72867 3
      vertex 41.751 7.24056 0
      vertex 40.6687 6.72867 0
    endloop
  endfacet
  facet normal 0.0490711 0.998795 -0
    outer loop
      vertex 36 5.8 0
      vertex 34.8042 5.85875 3
      vertex 36 5.8 3
    endloop
  endfacet
  facet normal 0.0490711 0.998795 0
    outer loop
      vertex 34.8042 5.85875 3
      vertex 36 5.8 0
      vertex 34.8042 5.85875 0
    endloop
  endfacet
  facet normal -0.427562 -0.903986 0
    outer loop
      vertex 40.6687 29.2713 0
      vertex 41.751 28.7594 3
      vertex 40.6687 29.2713 3
    endloop
  endfacet
  facet normal -0.427562 -0.903986 -0
    outer loop
      vertex 41.751 28.7594 3
      vertex 40.6687 29.2713 0
      vertex 41.751 28.7594 0
    endloop
  endfacet
  facet normal -0.67155 -0.74096 0
    outer loop
      vertex 43.7396 27.4307 0
      vertex 44.6267 26.6267 3
      vertex 43.7396 27.4307 3
    endloop
  endfacet
  facet normal -0.67155 -0.74096 -0
    outer loop
      vertex 44.6267 26.6267 3
      vertex 43.7396 27.4307 0
      vertex 44.6267 26.6267 0
    endloop
  endfacet
  facet normal -0.242968 -0.970034 0
    outer loop
      vertex 38.3801 29.9656 0
      vertex 39.5415 29.6747 3
      vertex 38.3801 29.9656 3
    endloop
  endfacet
  facet normal -0.242968 -0.970034 -0
    outer loop
      vertex 39.5415 29.6747 3
      vertex 38.3801 29.9656 0
      vertex 39.5415 29.6747 0
    endloop
  endfacet
  facet normal -0.74096 0.67155 0
    outer loop
      vertex 44.6267 9.3733 0
      vertex 45.4307 10.2604 3
      vertex 45.4307 10.2604 0
    endloop
  endfacet
  facet normal -0.74096 0.67155 0
    outer loop
      vertex 45.4307 10.2604 3
      vertex 44.6267 9.3733 0
      vertex 44.6267 9.3733 3
    endloop
  endfacet
  facet normal -0.941522 -0.33695 0
    outer loop
      vertex 47.6747 21.5415 0
      vertex 47.2713 22.6687 3
      vertex 47.2713 22.6687 0
    endloop
  endfacet
  facet normal -0.941522 -0.33695 0
    outer loop
      vertex 47.2713 22.6687 3
      vertex 47.6747 21.5415 0
      vertex 47.6747 21.5415 3
    endloop
  endfacet
  facet normal 0.67155 -0.74096 0
    outer loop
      vertex 27.3733 26.6267 0
      vertex 28.2604 27.4307 3
      vertex 27.3733 26.6267 3
    endloop
  endfacet
  facet normal 0.67155 -0.74096 0
    outer loop
      vertex 28.2604 27.4307 3
      vertex 27.3733 26.6267 0
      vertex 28.2604 27.4307 0
    endloop
  endfacet
  facet normal -0.970034 0.242968 0
    outer loop
      vertex 47.6747 14.4585 0
      vertex 47.9656 15.6199 3
      vertex 47.9656 15.6199 0
    endloop
  endfacet
  facet normal -0.970034 0.242968 0
    outer loop
      vertex 47.9656 15.6199 3
      vertex 47.6747 14.4585 0
      vertex 47.6747 14.4585 3
    endloop
  endfacet
  facet normal -0.903986 -0.427562 0
    outer loop
      vertex 47.2713 22.6687 0
      vertex 46.7594 23.751 3
      vertex 46.7594 23.751 0
    endloop
  endfacet
  facet normal -0.903986 -0.427562 0
    outer loop
      vertex 46.7594 23.751 3
      vertex 47.2713 22.6687 0
      vertex 47.2713 22.6687 3
    endloop
  endfacet
  facet normal 0.0490294 -0.998797 0
    outer loop
      vertex 34.8042 30.1413 0
      vertex 36 30.2 3
      vertex 34.8042 30.1413 3
    endloop
  endfacet
  facet normal 0.0490294 -0.998797 0
    outer loop
      vertex 36 30.2 3
      vertex 34.8042 30.1413 0
      vertex 36 30.2 0
    endloop
  endfacet
  facet normal -0.857751 -0.514066 0
    outer loop
      vertex 46.7594 23.751 0
      vertex 46.1439 24.778 3
      vertex 46.1439 24.778 0
    endloop
  endfacet
  facet normal -0.857751 -0.514066 0
    outer loop
      vertex 46.1439 24.778 3
      vertex 46.7594 23.751 0
      vertex 46.7594 23.751 3
    endloop
  endfacet
  facet normal -0.671563 0.740947 0
    outer loop
      vertex 44.6267 9.3733 0
      vertex 43.7396 8.56927 3
      vertex 44.6267 9.3733 3
    endloop
  endfacet
  facet normal -0.671563 0.740947 0
    outer loop
      vertex 43.7396 8.56927 3
      vertex 44.6267 9.3733 0
      vertex 43.7396 8.56927 0
    endloop
  endfacet
  facet normal 0.336906 0.941538 -0
    outer loop
      vertex 32.4585 6.32533 0
      vertex 31.3313 6.72867 3
      vertex 32.4585 6.32533 3
    endloop
  endfacet
  facet normal 0.336906 0.941538 0
    outer loop
      vertex 31.3313 6.72867 3
      vertex 32.4585 6.32533 0
      vertex 31.3313 6.72867 0
    endloop
  endfacet
  facet normal 0.970034 0.242968 0
    outer loop
      vertex 24.3253 14.4585 3
      vertex 24.0344 15.6199 0
      vertex 24.0344 15.6199 3
    endloop
  endfacet
  facet normal 0.970034 0.242968 0
    outer loop
      vertex 24.0344 15.6199 0
      vertex 24.3253 14.4585 3
      vertex 24.3253 14.4585 0
    endloop
  endfacet
  facet normal 0.671563 0.740947 -0
    outer loop
      vertex 28.2604 8.56927 0
      vertex 27.3733 9.3733 3
      vertex 28.2604 8.56927 3
    endloop
  endfacet
  facet normal 0.671563 0.740947 0
    outer loop
      vertex 27.3733 9.3733 3
      vertex 28.2604 8.56927 0
      vertex 27.3733 9.3733 0
    endloop
  endfacet
  facet normal 0.998797 0.0490294 0
    outer loop
      vertex 23.8587 16.8042 3
      vertex 23.8 18 0
      vertex 23.8 18 3
    endloop
  endfacet
  facet normal 0.998797 0.0490294 0
    outer loop
      vertex 23.8 18 0
      vertex 23.8587 16.8042 3
      vertex 23.8587 16.8042 0
    endloop
  endfacet
  facet normal -0.0490294 -0.998797 0
    outer loop
      vertex 36 30.2 0
      vertex 37.1958 30.1413 3
      vertex 36 30.2 3
    endloop
  endfacet
  facet normal -0.0490294 -0.998797 -0
    outer loop
      vertex 37.1958 30.1413 3
      vertex 36 30.2 0
      vertex 37.1958 30.1413 0
    endloop
  endfacet
  facet normal 0.74096 -0.67155 0
    outer loop
      vertex 26.5693 25.7396 3
      vertex 27.3733 26.6267 0
      vertex 27.3733 26.6267 3
    endloop
  endfacet
  facet normal 0.74096 -0.67155 0
    outer loop
      vertex 27.3733 26.6267 0
      vertex 26.5693 25.7396 3
      vertex 26.5693 25.7396 0
    endloop
  endfacet
  facet normal 0.74096 0.67155 0
    outer loop
      vertex 27.3733 9.3733 3
      vertex 26.5693 10.2604 0
      vertex 26.5693 10.2604 3
    endloop
  endfacet
  facet normal 0.74096 0.67155 0
    outer loop
      vertex 26.5693 10.2604 0
      vertex 27.3733 9.3733 3
      vertex 27.3733 9.3733 0
    endloop
  endfacet
  facet normal -0.146751 -0.989173 0
    outer loop
      vertex 37.1958 30.1413 0
      vertex 38.3801 29.9656 3
      vertex 37.1958 30.1413 3
    endloop
  endfacet
  facet normal -0.146751 -0.989173 -0
    outer loop
      vertex 38.3801 29.9656 3
      vertex 37.1958 30.1413 0
      vertex 38.3801 29.9656 0
    endloop
  endfacet
  facet normal 0.514072 0.857747 -0
    outer loop
      vertex 30.249 7.24056 0
      vertex 29.222 7.85607 3
      vertex 30.249 7.24056 3
    endloop
  endfacet
  facet normal 0.514072 0.857747 0
    outer loop
      vertex 29.222 7.85607 3
      vertex 30.249 7.24056 0
      vertex 29.222 7.85607 0
    endloop
  endfacet
  facet normal -0.595715 0.803196 0
    outer loop
      vertex 43.7396 8.56927 0
      vertex 42.778 7.85607 3
      vertex 43.7396 8.56927 3
    endloop
  endfacet
  facet normal -0.595715 0.803196 0
    outer loop
      vertex 42.778 7.85607 3
      vertex 43.7396 8.56927 0
      vertex 42.778 7.85607 0
    endloop
  endfacet
  facet normal 0.989173 0.146751 0
    outer loop
      vertex 24.0344 15.6199 3
      vertex 23.8587 16.8042 0
      vertex 23.8587 16.8042 3
    endloop
  endfacet
  facet normal 0.989173 0.146751 0
    outer loop
      vertex 23.8587 16.8042 0
      vertex 24.0344 15.6199 3
      vertex 24.0344 15.6199 0
    endloop
  endfacet
  facet normal 0.970034 -0.242968 0
    outer loop
      vertex 24.0344 20.3801 3
      vertex 24.3253 21.5415 0
      vertex 24.3253 21.5415 3
    endloop
  endfacet
  facet normal 0.970034 -0.242968 0
    outer loop
      vertex 24.3253 21.5415 0
      vertex 24.0344 20.3801 3
      vertex 24.0344 20.3801 0
    endloop
  endfacet
  facet normal 0.595715 0.803196 -0
    outer loop
      vertex 29.222 7.85607 0
      vertex 28.2604 8.56927 3
      vertex 29.222 7.85607 3
    endloop
  endfacet
  facet normal 0.595715 0.803196 0
    outer loop
      vertex 28.2604 8.56927 3
      vertex 29.222 7.85607 0
      vertex 28.2604 8.56927 0
    endloop
  endfacet
  facet normal 0.514066 -0.857751 0
    outer loop
      vertex 29.222 28.1439 0
      vertex 30.249 28.7594 3
      vertex 29.222 28.1439 3
    endloop
  endfacet
  facet normal 0.514066 -0.857751 0
    outer loop
      vertex 30.249 28.7594 3
      vertex 29.222 28.1439 0
      vertex 30.249 28.7594 0
    endloop
  endfacet
  facet normal 0.998797 -0.0490294 0
    outer loop
      vertex 23.8 18 3
      vertex 23.8587 19.1958 0
      vertex 23.8587 19.1958 3
    endloop
  endfacet
  facet normal 0.998797 -0.0490294 0
    outer loop
      vertex 23.8587 19.1958 0
      vertex 23.8 18 3
      vertex 23.8 18 0
    endloop
  endfacet
  facet normal 0.242976 0.970032 -0
    outer loop
      vertex 33.6199 6.03442 0
      vertex 32.4585 6.32533 3
      vertex 33.6199 6.03442 3
    endloop
  endfacet
  facet normal 0.242976 0.970032 0
    outer loop
      vertex 32.4585 6.32533 3
      vertex 33.6199 6.03442 0
      vertex 32.4585 6.32533 0
    endloop
  endfacet
  facet normal 0.803196 0.595715 0
    outer loop
      vertex 26.5693 10.2604 3
      vertex 25.8561 11.222 0
      vertex 25.8561 11.222 3
    endloop
  endfacet
  facet normal 0.803196 0.595715 0
    outer loop
      vertex 25.8561 11.222 0
      vertex 26.5693 10.2604 3
      vertex 26.5693 10.2604 0
    endloop
  endfacet
  facet normal 0.903986 0.427562 0
    outer loop
      vertex 25.2406 12.249 3
      vertex 24.7287 13.3313 0
      vertex 24.7287 13.3313 3
    endloop
  endfacet
  facet normal 0.903986 0.427562 0
    outer loop
      vertex 24.7287 13.3313 0
      vertex 25.2406 12.249 3
      vertex 25.2406 12.249 0
    endloop
  endfacet
  facet normal 0.803196 -0.595715 0
    outer loop
      vertex 25.8561 24.778 3
      vertex 26.5693 25.7396 0
      vertex 26.5693 25.7396 3
    endloop
  endfacet
  facet normal 0.803196 -0.595715 0
    outer loop
      vertex 26.5693 25.7396 0
      vertex 25.8561 24.778 3
      vertex 25.8561 24.778 0
    endloop
  endfacet
  facet normal 0.941522 -0.33695 0
    outer loop
      vertex 24.3253 21.5415 3
      vertex 24.7287 22.6687 0
      vertex 24.7287 22.6687 3
    endloop
  endfacet
  facet normal 0.941522 -0.33695 0
    outer loop
      vertex 24.7287 22.6687 0
      vertex 24.3253 21.5415 3
      vertex 24.3253 21.5415 0
    endloop
  endfacet
  facet normal -0.989228 -0.146385 0
    outer loop
      vertex -48.1565 -31.3677 -3
      vertex -48.1759 -31.2366 1.4
      vertex -48.1759 -31.2366 -3
    endloop
  endfacet
  facet normal -0.989228 -0.146385 0
    outer loop
      vertex -48.1759 -31.2366 1.4
      vertex -48.1565 -31.3677 -3
      vertex -48.1565 -31.3677 1.4
    endloop
  endfacet
  facet normal -0.998795 -0.0490716 0
    outer loop
      vertex -48.15 -31.5 -3
      vertex -48.1565 -31.3677 1.4
      vertex -48.1565 -31.3677 -3
    endloop
  endfacet
  facet normal -0.998795 -0.0490716 0
    outer loop
      vertex -48.1565 -31.3677 1.4
      vertex -48.15 -31.5 -3
      vertex -48.15 -31.5 1.4
    endloop
  endfacet
  facet normal -0.970009 -0.243068 0
    outer loop
      vertex -48.1759 -31.2366 -3
      vertex -48.2081 -31.1081 1.4
      vertex -48.2081 -31.1081 -3
    endloop
  endfacet
  facet normal -0.970009 -0.243068 0
    outer loop
      vertex -48.2081 -31.1081 1.4
      vertex -48.1759 -31.2366 -3
      vertex -48.1759 -31.2366 1.4
    endloop
  endfacet
  facet normal -0.337436 -0.941348 0
    outer loop
      vertex -49.1081 -30.2081 -3
      vertex -48.9834 -30.2528 1.4
      vertex -49.1081 -30.2081 1.4
    endloop
  endfacet
  facet normal -0.337436 -0.941348 -0
    outer loop
      vertex -48.9834 -30.2528 1.4
      vertex -49.1081 -30.2081 -3
      vertex -48.9834 -30.2528 -3
    endloop
  endfacet
  facet normal -0.989228 0.146385 0
    outer loop
      vertex -48.1759 -31.7634 -3
      vertex -48.1565 -31.6323 1.4
      vertex -48.1565 -31.6323 -3
    endloop
  endfacet
  facet normal -0.989228 0.146385 0
    outer loop
      vertex -48.1565 -31.6323 1.4
      vertex -48.1759 -31.7634 -3
      vertex -48.1759 -31.7634 1.4
    endloop
  endfacet
  facet normal -0.803249 -0.595643 0
    outer loop
      vertex -48.3775 -30.75 -3
      vertex -48.4564 -30.6436 1.4
      vertex -48.4564 -30.6436 -3
    endloop
  endfacet
  facet normal -0.803249 -0.595643 0
    outer loop
      vertex -48.4564 -30.6436 1.4
      vertex -48.3775 -30.75 -3
      vertex -48.3775 -30.75 1.4
    endloop
  endfacet
  facet normal -0.595643 -0.803249 0
    outer loop
      vertex -48.75 -30.3775 -3
      vertex -48.6436 -30.4564 1.4
      vertex -48.75 -30.3775 1.4
    endloop
  endfacet
  facet normal -0.595643 -0.803249 -0
    outer loop
      vertex -48.6436 -30.4564 1.4
      vertex -48.75 -30.3775 -3
      vertex -48.6436 -30.4564 -3
    endloop
  endfacet
  facet normal -0.998795 0.0490716 0
    outer loop
      vertex -48.1565 -31.6323 -3
      vertex -48.15 -31.5 1.4
      vertex -48.15 -31.5 -3
    endloop
  endfacet
  facet normal -0.998795 0.0490716 0
    outer loop
      vertex -48.15 -31.5 1.4
      vertex -48.1565 -31.6323 -3
      vertex -48.1565 -31.6323 1.4
    endloop
  endfacet
  facet normal 0.970009 -0.243068 0
    outer loop
      vertex -50.8241 -31.2366 1.4
      vertex -50.7919 -31.1081 -3
      vertex -50.7919 -31.1081 1.4
    endloop
  endfacet
  facet normal 0.970009 -0.243068 0
    outer loop
      vertex -50.7919 -31.1081 -3
      vertex -50.8241 -31.2366 1.4
      vertex -50.8241 -31.2366 -3
    endloop
  endfacet
  facet normal 0.740963 -0.671545 0
    outer loop
      vertex -50.5436 -30.6436 1.4
      vertex -50.4546 -30.5454 -3
      vertex -50.4546 -30.5454 1.4
    endloop
  endfacet
  facet normal 0.740963 -0.671545 0
    outer loop
      vertex -50.4546 -30.5454 -3
      vertex -50.5436 -30.6436 1.4
      vertex -50.5436 -30.6436 -3
    endloop
  endfacet
  facet normal -0.427178 -0.904168 0
    outer loop
      vertex -48.9834 -30.2528 -3
      vertex -48.8636 -30.3094 1.4
      vertex -48.9834 -30.2528 1.4
    endloop
  endfacet
  facet normal -0.427178 -0.904168 -0
    outer loop
      vertex -48.8636 -30.3094 1.4
      vertex -48.9834 -30.2528 -3
      vertex -48.8636 -30.3094 -3
    endloop
  endfacet
  facet normal 0.904168 0.427178 0
    outer loop
      vertex -50.6906 -32.1364 1.4
      vertex -50.7472 -32.0166 -3
      vertex -50.7472 -32.0166 1.4
    endloop
  endfacet
  facet normal 0.904168 0.427178 0
    outer loop
      vertex -50.7472 -32.0166 -3
      vertex -50.6906 -32.1364 1.4
      vertex -50.6906 -32.1364 -3
    endloop
  endfacet
  facet normal -0.671545 0.740963 0
    outer loop
      vertex -48.5454 -32.4546 -3
      vertex -48.6436 -32.5436 1.4
      vertex -48.5454 -32.4546 1.4
    endloop
  endfacet
  facet normal -0.671545 0.740963 0
    outer loop
      vertex -48.6436 -32.5436 1.4
      vertex -48.5454 -32.4546 -3
      vertex -48.6436 -32.5436 -3
    endloop
  endfacet
  facet normal 0.595643 0.803249 -0
    outer loop
      vertex -50.25 -32.6225 -3
      vertex -50.3564 -32.5436 1.4
      vertex -50.25 -32.6225 1.4
    endloop
  endfacet
  facet normal 0.595643 0.803249 0
    outer loop
      vertex -50.3564 -32.5436 1.4
      vertex -50.25 -32.6225 -3
      vertex -50.3564 -32.5436 -3
    endloop
  endfacet
  facet normal -0.941348 -0.337436 0
    outer loop
      vertex -48.2081 -31.1081 -3
      vertex -48.2528 -30.9834 1.4
      vertex -48.2528 -30.9834 -3
    endloop
  endfacet
  facet normal -0.941348 -0.337436 0
    outer loop
      vertex -48.2528 -30.9834 1.4
      vertex -48.2081 -31.1081 -3
      vertex -48.2081 -31.1081 1.4
    endloop
  endfacet
  facet normal 0.803249 0.595643 0
    outer loop
      vertex -50.5436 -32.3564 1.4
      vertex -50.6225 -32.25 -3
      vertex -50.6225 -32.25 1.4
    endloop
  endfacet
  facet normal 0.803249 0.595643 0
    outer loop
      vertex -50.6225 -32.25 -3
      vertex -50.5436 -32.3564 1.4
      vertex -50.5436 -32.3564 -3
    endloop
  endfacet
  facet normal 0.998795 0.0490716 0
    outer loop
      vertex -50.8435 -31.6323 1.4
      vertex -50.85 -31.5 -3
      vertex -50.85 -31.5 1.4
    endloop
  endfacet
  facet normal 0.998795 0.0490716 0
    outer loop
      vertex -50.85 -31.5 -3
      vertex -50.8435 -31.6323 1.4
      vertex -50.8435 -31.6323 -3
    endloop
  endfacet
  facet normal -0.337436 0.941348 0
    outer loop
      vertex -48.9834 -32.7472 -3
      vertex -49.1081 -32.7919 1.4
      vertex -48.9834 -32.7472 1.4
    endloop
  endfacet
  facet normal -0.337436 0.941348 0
    outer loop
      vertex -49.1081 -32.7919 1.4
      vertex -48.9834 -32.7472 -3
      vertex -49.1081 -32.7919 -3
    endloop
  endfacet
  facet normal 0.0490716 -0.998795 0
    outer loop
      vertex -49.6323 -30.1565 -3
      vertex -49.5 -30.15 1.4
      vertex -49.6323 -30.1565 1.4
    endloop
  endfacet
  facet normal 0.0490716 -0.998795 0
    outer loop
      vertex -49.5 -30.15 1.4
      vertex -49.6323 -30.1565 -3
      vertex -49.5 -30.15 -3
    endloop
  endfacet
  facet normal -0.595643 0.803249 0
    outer loop
      vertex -48.6436 -32.5436 -3
      vertex -48.75 -32.6225 1.4
      vertex -48.6436 -32.5436 1.4
    endloop
  endfacet
  facet normal -0.595643 0.803249 0
    outer loop
      vertex -48.75 -32.6225 1.4
      vertex -48.6436 -32.5436 -3
      vertex -48.75 -32.6225 -3
    endloop
  endfacet
  facet normal 0.740963 0.671545 0
    outer loop
      vertex -50.4546 -32.4546 1.4
      vertex -50.5436 -32.3564 -3
      vertex -50.5436 -32.3564 1.4
    endloop
  endfacet
  facet normal 0.740963 0.671545 0
    outer loop
      vertex -50.5436 -32.3564 -3
      vertex -50.4546 -32.4546 1.4
      vertex -50.4546 -32.4546 -3
    endloop
  endfacet
  facet normal -0.803249 0.595643 0
    outer loop
      vertex -48.4564 -32.3564 -3
      vertex -48.3775 -32.25 1.4
      vertex -48.3775 -32.25 -3
    endloop
  endfacet
  facet normal -0.803249 0.595643 0
    outer loop
      vertex -48.3775 -32.25 1.4
      vertex -48.4564 -32.3564 -3
      vertex -48.4564 -32.3564 1.4
    endloop
  endfacet
  facet normal 0.857693 0.514163 0
    outer loop
      vertex -50.6225 -32.25 1.4
      vertex -50.6906 -32.1364 -3
      vertex -50.6906 -32.1364 1.4
    endloop
  endfacet
  facet normal 0.857693 0.514163 0
    outer loop
      vertex -50.6906 -32.1364 -3
      vertex -50.6225 -32.25 1.4
      vertex -50.6225 -32.25 -3
    endloop
  endfacet
  facet normal -0.146385 -0.989228 0
    outer loop
      vertex -49.3677 -30.1565 -3
      vertex -49.2366 -30.1759 1.4
      vertex -49.3677 -30.1565 1.4
    endloop
  endfacet
  facet normal -0.146385 -0.989228 -0
    outer loop
      vertex -49.2366 -30.1759 1.4
      vertex -49.3677 -30.1565 -3
      vertex -49.2366 -30.1759 -3
    endloop
  endfacet
  facet normal -0.146385 0.989228 0
    outer loop
      vertex -49.2366 -32.8241 -3
      vertex -49.3677 -32.8435 1.4
      vertex -49.2366 -32.8241 1.4
    endloop
  endfacet
  facet normal -0.146385 0.989228 0
    outer loop
      vertex -49.3677 -32.8435 1.4
      vertex -49.2366 -32.8241 -3
      vertex -49.3677 -32.8435 -3
    endloop
  endfacet
  facet normal 0.146385 0.989228 -0
    outer loop
      vertex -49.6323 -32.8435 -3
      vertex -49.7634 -32.8241 1.4
      vertex -49.6323 -32.8435 1.4
    endloop
  endfacet
  facet normal 0.146385 0.989228 0
    outer loop
      vertex -49.7634 -32.8241 1.4
      vertex -49.6323 -32.8435 -3
      vertex -49.7634 -32.8241 -3
    endloop
  endfacet
  facet normal 0.243068 -0.970009 0
    outer loop
      vertex -49.8919 -30.2081 -3
      vertex -49.7634 -30.1759 1.4
      vertex -49.8919 -30.2081 1.4
    endloop
  endfacet
  facet normal 0.243068 -0.970009 0
    outer loop
      vertex -49.7634 -30.1759 1.4
      vertex -49.8919 -30.2081 -3
      vertex -49.7634 -30.1759 -3
    endloop
  endfacet
  facet normal 0.998795 -0.0490716 0
    outer loop
      vertex -50.85 -31.5 1.4
      vertex -50.8435 -31.3677 -3
      vertex -50.8435 -31.3677 1.4
    endloop
  endfacet
  facet normal 0.998795 -0.0490716 0
    outer loop
      vertex -50.8435 -31.3677 -3
      vertex -50.85 -31.5 1.4
      vertex -50.85 -31.5 -3
    endloop
  endfacet
  facet normal -0.740963 0.671545 0
    outer loop
      vertex -48.5454 -32.4546 -3
      vertex -48.4564 -32.3564 1.4
      vertex -48.4564 -32.3564 -3
    endloop
  endfacet
  facet normal -0.740963 0.671545 0
    outer loop
      vertex -48.4564 -32.3564 1.4
      vertex -48.5454 -32.4546 -3
      vertex -48.5454 -32.4546 1.4
    endloop
  endfacet
  facet normal -0.904168 -0.427178 0
    outer loop
      vertex -48.2528 -30.9834 -3
      vertex -48.3094 -30.8636 1.4
      vertex -48.3094 -30.8636 -3
    endloop
  endfacet
  facet normal -0.904168 -0.427178 0
    outer loop
      vertex -48.3094 -30.8636 1.4
      vertex -48.2528 -30.9834 -3
      vertex -48.2528 -30.9834 1.4
    endloop
  endfacet
  facet normal 0.146385 -0.989228 0
    outer loop
      vertex -49.7634 -30.1759 -3
      vertex -49.6323 -30.1565 1.4
      vertex -49.7634 -30.1759 1.4
    endloop
  endfacet
  facet normal 0.146385 -0.989228 0
    outer loop
      vertex -49.6323 -30.1565 1.4
      vertex -49.7634 -30.1759 -3
      vertex -49.6323 -30.1565 -3
    endloop
  endfacet
  facet normal 0.904168 -0.427178 0
    outer loop
      vertex -50.7472 -30.9834 1.4
      vertex -50.6906 -30.8636 -3
      vertex -50.6906 -30.8636 1.4
    endloop
  endfacet
  facet normal 0.904168 -0.427178 0
    outer loop
      vertex -50.6906 -30.8636 -3
      vertex -50.7472 -30.9834 1.4
      vertex -50.7472 -30.9834 -3
    endloop
  endfacet
  facet normal 0.337436 -0.941348 0
    outer loop
      vertex -50.0166 -30.2528 -3
      vertex -49.8919 -30.2081 1.4
      vertex -50.0166 -30.2528 1.4
    endloop
  endfacet
  facet normal 0.337436 -0.941348 0
    outer loop
      vertex -49.8919 -30.2081 1.4
      vertex -50.0166 -30.2528 -3
      vertex -49.8919 -30.2081 -3
    endloop
  endfacet
  facet normal -0.514163 -0.857693 0
    outer loop
      vertex -48.8636 -30.3094 -3
      vertex -48.75 -30.3775 1.4
      vertex -48.8636 -30.3094 1.4
    endloop
  endfacet
  facet normal -0.514163 -0.857693 -0
    outer loop
      vertex -48.75 -30.3775 1.4
      vertex -48.8636 -30.3094 -3
      vertex -48.75 -30.3775 -3
    endloop
  endfacet
  facet normal -0.671545 -0.740963 0
    outer loop
      vertex -48.6436 -30.4564 -3
      vertex -48.5454 -30.5454 1.4
      vertex -48.6436 -30.4564 1.4
    endloop
  endfacet
  facet normal -0.671545 -0.740963 -0
    outer loop
      vertex -48.5454 -30.5454 1.4
      vertex -48.6436 -30.4564 -3
      vertex -48.5454 -30.5454 -3
    endloop
  endfacet
  facet normal 0.0490716 0.998795 -0
    outer loop
      vertex -49.5 -32.85 -3
      vertex -49.6323 -32.8435 1.4
      vertex -49.5 -32.85 1.4
    endloop
  endfacet
  facet normal 0.0490716 0.998795 0
    outer loop
      vertex -49.6323 -32.8435 1.4
      vertex -49.5 -32.85 -3
      vertex -49.6323 -32.8435 -3
    endloop
  endfacet
  facet normal 0.941348 0.337436 0
    outer loop
      vertex -50.7472 -32.0166 1.4
      vertex -50.7919 -31.8919 -3
      vertex -50.7919 -31.8919 1.4
    endloop
  endfacet
  facet normal 0.941348 0.337436 0
    outer loop
      vertex -50.7919 -31.8919 -3
      vertex -50.7472 -32.0166 1.4
      vertex -50.7472 -32.0166 -3
    endloop
  endfacet
  facet normal -0.243068 0.970009 0
    outer loop
      vertex -49.1081 -32.7919 -3
      vertex -49.2366 -32.8241 1.4
      vertex -49.1081 -32.7919 1.4
    endloop
  endfacet
  facet normal -0.243068 0.970009 0
    outer loop
      vertex -49.2366 -32.8241 1.4
      vertex -49.1081 -32.7919 -3
      vertex -49.2366 -32.8241 -3
    endloop
  endfacet
  facet normal -0.904168 0.427178 0
    outer loop
      vertex -48.3094 -32.1364 -3
      vertex -48.2528 -32.0166 1.4
      vertex -48.2528 -32.0166 -3
    endloop
  endfacet
  facet normal -0.904168 0.427178 0
    outer loop
      vertex -48.2528 -32.0166 1.4
      vertex -48.3094 -32.1364 -3
      vertex -48.3094 -32.1364 1.4
    endloop
  endfacet
  facet normal -0.427178 0.904168 0
    outer loop
      vertex -48.8636 -32.6906 -3
      vertex -48.9834 -32.7472 1.4
      vertex -48.8636 -32.6906 1.4
    endloop
  endfacet
  facet normal -0.427178 0.904168 0
    outer loop
      vertex -48.9834 -32.7472 1.4
      vertex -48.8636 -32.6906 -3
      vertex -48.9834 -32.7472 -3
    endloop
  endfacet
  facet normal 0.427178 -0.904168 0
    outer loop
      vertex -50.1364 -30.3094 -3
      vertex -50.0166 -30.2528 1.4
      vertex -50.1364 -30.3094 1.4
    endloop
  endfacet
  facet normal 0.427178 -0.904168 0
    outer loop
      vertex -50.0166 -30.2528 1.4
      vertex -50.1364 -30.3094 -3
      vertex -50.0166 -30.2528 -3
    endloop
  endfacet
  facet normal -0.0490716 -0.998795 0
    outer loop
      vertex -49.5 -30.15 -3
      vertex -49.3677 -30.1565 1.4
      vertex -49.5 -30.15 1.4
    endloop
  endfacet
  facet normal -0.0490716 -0.998795 -0
    outer loop
      vertex -49.3677 -30.1565 1.4
      vertex -49.5 -30.15 -3
      vertex -49.3677 -30.1565 -3
    endloop
  endfacet
  facet normal 0.514163 -0.857693 0
    outer loop
      vertex -50.25 -30.3775 -3
      vertex -50.1364 -30.3094 1.4
      vertex -50.25 -30.3775 1.4
    endloop
  endfacet
  facet normal 0.514163 -0.857693 0
    outer loop
      vertex -50.1364 -30.3094 1.4
      vertex -50.25 -30.3775 -3
      vertex -50.1364 -30.3094 -3
    endloop
  endfacet
  facet normal -0.970009 0.243068 0
    outer loop
      vertex -48.2081 -31.8919 -3
      vertex -48.1759 -31.7634 1.4
      vertex -48.1759 -31.7634 -3
    endloop
  endfacet
  facet normal -0.970009 0.243068 0
    outer loop
      vertex -48.1759 -31.7634 1.4
      vertex -48.2081 -31.8919 -3
      vertex -48.2081 -31.8919 1.4
    endloop
  endfacet
  facet normal -0.857693 -0.514163 0
    outer loop
      vertex -48.3094 -30.8636 -3
      vertex -48.3775 -30.75 1.4
      vertex -48.3775 -30.75 -3
    endloop
  endfacet
  facet normal -0.857693 -0.514163 0
    outer loop
      vertex -48.3775 -30.75 1.4
      vertex -48.3094 -30.8636 -3
      vertex -48.3094 -30.8636 1.4
    endloop
  endfacet
  facet normal 0.989228 0.146385 0
    outer loop
      vertex -50.8241 -31.7634 1.4
      vertex -50.8435 -31.6323 -3
      vertex -50.8435 -31.6323 1.4
    endloop
  endfacet
  facet normal 0.989228 0.146385 0
    outer loop
      vertex -50.8435 -31.6323 -3
      vertex -50.8241 -31.7634 1.4
      vertex -50.8241 -31.7634 -3
    endloop
  endfacet
  facet normal 0.595643 -0.803249 0
    outer loop
      vertex -50.3564 -30.4564 -3
      vertex -50.25 -30.3775 1.4
      vertex -50.3564 -30.4564 1.4
    endloop
  endfacet
  facet normal 0.595643 -0.803249 0
    outer loop
      vertex -50.25 -30.3775 1.4
      vertex -50.3564 -30.4564 -3
      vertex -50.25 -30.3775 -3
    endloop
  endfacet
  facet normal -0.0490716 0.998795 0
    outer loop
      vertex -49.3677 -32.8435 -3
      vertex -49.5 -32.85 1.4
      vertex -49.3677 -32.8435 1.4
    endloop
  endfacet
  facet normal -0.0490716 0.998795 0
    outer loop
      vertex -49.5 -32.85 1.4
      vertex -49.3677 -32.8435 -3
      vertex -49.5 -32.85 -3
    endloop
  endfacet
  facet normal 0.970009 0.243068 0
    outer loop
      vertex -50.7919 -31.8919 1.4
      vertex -50.8241 -31.7634 -3
      vertex -50.8241 -31.7634 1.4
    endloop
  endfacet
  facet normal 0.970009 0.243068 0
    outer loop
      vertex -50.8241 -31.7634 -3
      vertex -50.7919 -31.8919 1.4
      vertex -50.7919 -31.8919 -3
    endloop
  endfacet
  facet normal 0.671545 0.740963 -0
    outer loop
      vertex -50.3564 -32.5436 -3
      vertex -50.4546 -32.4546 1.4
      vertex -50.3564 -32.5436 1.4
    endloop
  endfacet
  facet normal 0.671545 0.740963 0
    outer loop
      vertex -50.4546 -32.4546 1.4
      vertex -50.3564 -32.5436 -3
      vertex -50.4546 -32.4546 -3
    endloop
  endfacet
  facet normal 0.671545 -0.740963 0
    outer loop
      vertex -50.4546 -30.5454 -3
      vertex -50.3564 -30.4564 1.4
      vertex -50.4546 -30.5454 1.4
    endloop
  endfacet
  facet normal 0.671545 -0.740963 0
    outer loop
      vertex -50.3564 -30.4564 1.4
      vertex -50.4546 -30.5454 -3
      vertex -50.3564 -30.4564 -3
    endloop
  endfacet
  facet normal 0.857693 -0.514163 0
    outer loop
      vertex -50.6906 -30.8636 1.4
      vertex -50.6225 -30.75 -3
      vertex -50.6225 -30.75 1.4
    endloop
  endfacet
  facet normal 0.857693 -0.514163 0
    outer loop
      vertex -50.6225 -30.75 -3
      vertex -50.6906 -30.8636 1.4
      vertex -50.6906 -30.8636 -3
    endloop
  endfacet
  facet normal 0.514163 0.857693 -0
    outer loop
      vertex -50.1364 -32.6906 -3
      vertex -50.25 -32.6225 1.4
      vertex -50.1364 -32.6906 1.4
    endloop
  endfacet
  facet normal 0.514163 0.857693 0
    outer loop
      vertex -50.25 -32.6225 1.4
      vertex -50.1364 -32.6906 -3
      vertex -50.25 -32.6225 -3
    endloop
  endfacet
  facet normal -0.514163 0.857693 0
    outer loop
      vertex -48.75 -32.6225 -3
      vertex -48.8636 -32.6906 1.4
      vertex -48.75 -32.6225 1.4
    endloop
  endfacet
  facet normal -0.514163 0.857693 0
    outer loop
      vertex -48.8636 -32.6906 1.4
      vertex -48.75 -32.6225 -3
      vertex -48.8636 -32.6906 -3
    endloop
  endfacet
  facet normal 0.989228 -0.146385 0
    outer loop
      vertex -50.8435 -31.3677 1.4
      vertex -50.8241 -31.2366 -3
      vertex -50.8241 -31.2366 1.4
    endloop
  endfacet
  facet normal 0.989228 -0.146385 0
    outer loop
      vertex -50.8241 -31.2366 -3
      vertex -50.8435 -31.3677 1.4
      vertex -50.8435 -31.3677 -3
    endloop
  endfacet
  facet normal -0.740963 -0.671545 0
    outer loop
      vertex -48.4564 -30.6436 -3
      vertex -48.5454 -30.5454 1.4
      vertex -48.5454 -30.5454 -3
    endloop
  endfacet
  facet normal -0.740963 -0.671545 0
    outer loop
      vertex -48.5454 -30.5454 1.4
      vertex -48.4564 -30.6436 -3
      vertex -48.4564 -30.6436 1.4
    endloop
  endfacet
  facet normal 0.941348 -0.337436 0
    outer loop
      vertex -50.7919 -31.1081 1.4
      vertex -50.7472 -30.9834 -3
      vertex -50.7472 -30.9834 1.4
    endloop
  endfacet
  facet normal 0.941348 -0.337436 0
    outer loop
      vertex -50.7472 -30.9834 -3
      vertex -50.7919 -31.1081 1.4
      vertex -50.7919 -31.1081 -3
    endloop
  endfacet
  facet normal -0.857693 0.514163 0
    outer loop
      vertex -48.3775 -32.25 -3
      vertex -48.3094 -32.1364 1.4
      vertex -48.3094 -32.1364 -3
    endloop
  endfacet
  facet normal -0.857693 0.514163 0
    outer loop
      vertex -48.3094 -32.1364 1.4
      vertex -48.3775 -32.25 -3
      vertex -48.3775 -32.25 1.4
    endloop
  endfacet
  facet normal -0.941348 0.337436 0
    outer loop
      vertex -48.2528 -32.0166 -3
      vertex -48.2081 -31.8919 1.4
      vertex -48.2081 -31.8919 -3
    endloop
  endfacet
  facet normal -0.941348 0.337436 0
    outer loop
      vertex -48.2081 -31.8919 1.4
      vertex -48.2528 -32.0166 -3
      vertex -48.2528 -32.0166 1.4
    endloop
  endfacet
  facet normal 0.337436 0.941348 -0
    outer loop
      vertex -49.8919 -32.7919 -3
      vertex -50.0166 -32.7472 1.4
      vertex -49.8919 -32.7919 1.4
    endloop
  endfacet
  facet normal 0.337436 0.941348 0
    outer loop
      vertex -50.0166 -32.7472 1.4
      vertex -49.8919 -32.7919 -3
      vertex -50.0166 -32.7472 -3
    endloop
  endfacet
  facet normal 0.243068 0.970009 -0
    outer loop
      vertex -49.7634 -32.8241 -3
      vertex -49.8919 -32.7919 1.4
      vertex -49.7634 -32.8241 1.4
    endloop
  endfacet
  facet normal 0.243068 0.970009 0
    outer loop
      vertex -49.8919 -32.7919 1.4
      vertex -49.7634 -32.8241 -3
      vertex -49.8919 -32.7919 -3
    endloop
  endfacet
  facet normal -0.243068 -0.970009 0
    outer loop
      vertex -49.2366 -30.1759 -3
      vertex -49.1081 -30.2081 1.4
      vertex -49.2366 -30.1759 1.4
    endloop
  endfacet
  facet normal -0.243068 -0.970009 -0
    outer loop
      vertex -49.1081 -30.2081 1.4
      vertex -49.2366 -30.1759 -3
      vertex -49.1081 -30.2081 -3
    endloop
  endfacet
  facet normal 0.803249 -0.595643 0
    outer loop
      vertex -50.6225 -30.75 1.4
      vertex -50.5436 -30.6436 -3
      vertex -50.5436 -30.6436 1.4
    endloop
  endfacet
  facet normal 0.803249 -0.595643 0
    outer loop
      vertex -50.5436 -30.6436 -3
      vertex -50.6225 -30.75 1.4
      vertex -50.6225 -30.75 -3
    endloop
  endfacet
  facet normal 0.427178 0.904168 -0
    outer loop
      vertex -50.0166 -32.7472 -3
      vertex -50.1364 -32.6906 1.4
      vertex -50.0166 -32.7472 1.4
    endloop
  endfacet
  facet normal 0.427178 0.904168 0
    outer loop
      vertex -50.1364 -32.6906 1.4
      vertex -50.0166 -32.7472 -3
      vertex -50.1364 -32.6906 -3
    endloop
  endfacet
  facet normal -0.998795 -0.0490716 0
    outer loop
      vertex -48.15 31.5 -3
      vertex -48.1565 31.6323 1.4
      vertex -48.1565 31.6323 -3
    endloop
  endfacet
  facet normal -0.998795 -0.0490716 0
    outer loop
      vertex -48.1565 31.6323 1.4
      vertex -48.15 31.5 -3
      vertex -48.15 31.5 1.4
    endloop
  endfacet
  facet normal 0.243068 -0.970009 0
    outer loop
      vertex -49.8919 32.7919 -3
      vertex -49.7634 32.8241 1.4
      vertex -49.8919 32.7919 1.4
    endloop
  endfacet
  facet normal 0.243068 -0.970009 0
    outer loop
      vertex -49.7634 32.8241 1.4
      vertex -49.8919 32.7919 -3
      vertex -49.7634 32.8241 -3
    endloop
  endfacet
  facet normal -0.989228 -0.146385 0
    outer loop
      vertex -48.1565 31.6323 -3
      vertex -48.1759 31.7634 1.4
      vertex -48.1759 31.7634 -3
    endloop
  endfacet
  facet normal -0.989228 -0.146385 0
    outer loop
      vertex -48.1759 31.7634 1.4
      vertex -48.1565 31.6323 -3
      vertex -48.1565 31.6323 1.4
    endloop
  endfacet
  facet normal 0.595643 -0.803249 0
    outer loop
      vertex -50.3564 32.5436 -3
      vertex -50.25 32.6225 1.4
      vertex -50.3564 32.5436 1.4
    endloop
  endfacet
  facet normal 0.595643 -0.803249 0
    outer loop
      vertex -50.25 32.6225 1.4
      vertex -50.3564 32.5436 -3
      vertex -50.25 32.6225 -3
    endloop
  endfacet
  facet normal 0.514163 0.857693 -0
    outer loop
      vertex -50.1364 30.3094 -3
      vertex -50.25 30.3775 1.4
      vertex -50.1364 30.3094 1.4
    endloop
  endfacet
  facet normal 0.514163 0.857693 0
    outer loop
      vertex -50.25 30.3775 1.4
      vertex -50.1364 30.3094 -3
      vertex -50.25 30.3775 -3
    endloop
  endfacet
  facet normal -0.989228 0.146385 0
    outer loop
      vertex -48.1759 31.2366 -3
      vertex -48.1565 31.3677 1.4
      vertex -48.1565 31.3677 -3
    endloop
  endfacet
  facet normal -0.989228 0.146385 0
    outer loop
      vertex -48.1565 31.3677 1.4
      vertex -48.1759 31.2366 -3
      vertex -48.1759 31.2366 1.4
    endloop
  endfacet
  facet normal 0.243068 0.970009 -0
    outer loop
      vertex -49.7634 30.1759 -3
      vertex -49.8919 30.2081 1.4
      vertex -49.7634 30.1759 1.4
    endloop
  endfacet
  facet normal 0.243068 0.970009 0
    outer loop
      vertex -49.8919 30.2081 1.4
      vertex -49.7634 30.1759 -3
      vertex -49.8919 30.2081 -3
    endloop
  endfacet
  facet normal 0.803249 -0.595643 0
    outer loop
      vertex -50.6225 32.25 1.4
      vertex -50.5436 32.3564 -3
      vertex -50.5436 32.3564 1.4
    endloop
  endfacet
  facet normal 0.803249 -0.595643 0
    outer loop
      vertex -50.5436 32.3564 -3
      vertex -50.6225 32.25 1.4
      vertex -50.6225 32.25 -3
    endloop
  endfacet
  facet normal 0.941348 0.337436 0
    outer loop
      vertex -50.7472 30.9834 1.4
      vertex -50.7919 31.1081 -3
      vertex -50.7919 31.1081 1.4
    endloop
  endfacet
  facet normal 0.941348 0.337436 0
    outer loop
      vertex -50.7919 31.1081 -3
      vertex -50.7472 30.9834 1.4
      vertex -50.7472 30.9834 -3
    endloop
  endfacet
  facet normal 0.146385 -0.989228 0
    outer loop
      vertex -49.7634 32.8241 -3
      vertex -49.6323 32.8435 1.4
      vertex -49.7634 32.8241 1.4
    endloop
  endfacet
  facet normal 0.146385 -0.989228 0
    outer loop
      vertex -49.6323 32.8435 1.4
      vertex -49.7634 32.8241 -3
      vertex -49.6323 32.8435 -3
    endloop
  endfacet
  facet normal -0.998795 0.0490716 0
    outer loop
      vertex -48.1565 31.3677 -3
      vertex -48.15 31.5 1.4
      vertex -48.15 31.5 -3
    endloop
  endfacet
  facet normal -0.998795 0.0490716 0
    outer loop
      vertex -48.15 31.5 1.4
      vertex -48.1565 31.3677 -3
      vertex -48.1565 31.3677 1.4
    endloop
  endfacet
  facet normal 0.998795 -0.0490716 0
    outer loop
      vertex -50.85 31.5 1.4
      vertex -50.8435 31.6323 -3
      vertex -50.8435 31.6323 1.4
    endloop
  endfacet
  facet normal 0.998795 -0.0490716 0
    outer loop
      vertex -50.8435 31.6323 -3
      vertex -50.85 31.5 1.4
      vertex -50.85 31.5 -3
    endloop
  endfacet
  facet normal 0.803249 0.595643 0
    outer loop
      vertex -50.5436 30.6436 1.4
      vertex -50.6225 30.75 -3
      vertex -50.6225 30.75 1.4
    endloop
  endfacet
  facet normal 0.803249 0.595643 0
    outer loop
      vertex -50.6225 30.75 -3
      vertex -50.5436 30.6436 1.4
      vertex -50.5436 30.6436 -3
    endloop
  endfacet
  facet normal -0.904168 -0.427178 0
    outer loop
      vertex -48.2528 32.0166 -3
      vertex -48.3094 32.1364 1.4
      vertex -48.3094 32.1364 -3
    endloop
  endfacet
  facet normal -0.904168 -0.427178 0
    outer loop
      vertex -48.3094 32.1364 1.4
      vertex -48.2528 32.0166 -3
      vertex -48.2528 32.0166 1.4
    endloop
  endfacet
  facet normal -0.970009 0.243068 0
    outer loop
      vertex -48.2081 31.1081 -3
      vertex -48.1759 31.2366 1.4
      vertex -48.1759 31.2366 -3
    endloop
  endfacet
  facet normal -0.970009 0.243068 0
    outer loop
      vertex -48.1759 31.2366 1.4
      vertex -48.2081 31.1081 -3
      vertex -48.2081 31.1081 1.4
    endloop
  endfacet
  facet normal -0.427178 0.904168 0
    outer loop
      vertex -48.8636 30.3094 -3
      vertex -48.9834 30.2528 1.4
      vertex -48.8636 30.3094 1.4
    endloop
  endfacet
  facet normal -0.427178 0.904168 0
    outer loop
      vertex -48.9834 30.2528 1.4
      vertex -48.8636 30.3094 -3
      vertex -48.9834 30.2528 -3
    endloop
  endfacet
  facet normal -0.427178 -0.904168 0
    outer loop
      vertex -48.9834 32.7472 -3
      vertex -48.8636 32.6906 1.4
      vertex -48.9834 32.7472 1.4
    endloop
  endfacet
  facet normal -0.427178 -0.904168 -0
    outer loop
      vertex -48.8636 32.6906 1.4
      vertex -48.9834 32.7472 -3
      vertex -48.8636 32.6906 -3
    endloop
  endfacet
  facet normal -0.941348 -0.337436 0
    outer loop
      vertex -48.2081 31.8919 -3
      vertex -48.2528 32.0166 1.4
      vertex -48.2528 32.0166 -3
    endloop
  endfacet
  facet normal -0.941348 -0.337436 0
    outer loop
      vertex -48.2528 32.0166 1.4
      vertex -48.2081 31.8919 -3
      vertex -48.2081 31.8919 1.4
    endloop
  endfacet
  facet normal -0.671545 0.740963 0
    outer loop
      vertex -48.5454 30.5454 -3
      vertex -48.6436 30.4564 1.4
      vertex -48.5454 30.5454 1.4
    endloop
  endfacet
  facet normal -0.671545 0.740963 0
    outer loop
      vertex -48.6436 30.4564 1.4
      vertex -48.5454 30.5454 -3
      vertex -48.6436 30.4564 -3
    endloop
  endfacet
  facet normal 0.337436 0.941348 -0
    outer loop
      vertex -49.8919 30.2081 -3
      vertex -50.0166 30.2528 1.4
      vertex -49.8919 30.2081 1.4
    endloop
  endfacet
  facet normal 0.337436 0.941348 0
    outer loop
      vertex -50.0166 30.2528 1.4
      vertex -49.8919 30.2081 -3
      vertex -50.0166 30.2528 -3
    endloop
  endfacet
  facet normal -0.970009 -0.243068 0
    outer loop
      vertex -48.1759 31.7634 -3
      vertex -48.2081 31.8919 1.4
      vertex -48.2081 31.8919 -3
    endloop
  endfacet
  facet normal -0.970009 -0.243068 0
    outer loop
      vertex -48.2081 31.8919 1.4
      vertex -48.1759 31.7634 -3
      vertex -48.1759 31.7634 1.4
    endloop
  endfacet
  facet normal -0.243068 0.970009 0
    outer loop
      vertex -49.1081 30.2081 -3
      vertex -49.2366 30.1759 1.4
      vertex -49.1081 30.2081 1.4
    endloop
  endfacet
  facet normal -0.243068 0.970009 0
    outer loop
      vertex -49.2366 30.1759 1.4
      vertex -49.1081 30.2081 -3
      vertex -49.2366 30.1759 -3
    endloop
  endfacet
  facet normal 0.970009 -0.243068 0
    outer loop
      vertex -50.8241 31.7634 1.4
      vertex -50.7919 31.8919 -3
      vertex -50.7919 31.8919 1.4
    endloop
  endfacet
  facet normal 0.970009 -0.243068 0
    outer loop
      vertex -50.7919 31.8919 -3
      vertex -50.8241 31.7634 1.4
      vertex -50.8241 31.7634 -3
    endloop
  endfacet
  facet normal -0.337436 -0.941348 0
    outer loop
      vertex -49.1081 32.7919 -3
      vertex -48.9834 32.7472 1.4
      vertex -49.1081 32.7919 1.4
    endloop
  endfacet
  facet normal -0.337436 -0.941348 -0
    outer loop
      vertex -48.9834 32.7472 1.4
      vertex -49.1081 32.7919 -3
      vertex -48.9834 32.7472 -3
    endloop
  endfacet
  facet normal -0.243068 -0.970009 0
    outer loop
      vertex -49.2366 32.8241 -3
      vertex -49.1081 32.7919 1.4
      vertex -49.2366 32.8241 1.4
    endloop
  endfacet
  facet normal -0.243068 -0.970009 -0
    outer loop
      vertex -49.1081 32.7919 1.4
      vertex -49.2366 32.8241 -3
      vertex -49.1081 32.7919 -3
    endloop
  endfacet
  facet normal -0.857693 -0.514163 0
    outer loop
      vertex -48.3094 32.1364 -3
      vertex -48.3775 32.25 1.4
      vertex -48.3775 32.25 -3
    endloop
  endfacet
  facet normal -0.857693 -0.514163 0
    outer loop
      vertex -48.3775 32.25 1.4
      vertex -48.3094 32.1364 -3
      vertex -48.3094 32.1364 1.4
    endloop
  endfacet
  facet normal -0.595643 -0.803249 0
    outer loop
      vertex -48.75 32.6225 -3
      vertex -48.6436 32.5436 1.4
      vertex -48.75 32.6225 1.4
    endloop
  endfacet
  facet normal -0.595643 -0.803249 -0
    outer loop
      vertex -48.6436 32.5436 1.4
      vertex -48.75 32.6225 -3
      vertex -48.6436 32.5436 -3
    endloop
  endfacet
  facet normal 0.857693 0.514163 0
    outer loop
      vertex -50.6225 30.75 1.4
      vertex -50.6906 30.8636 -3
      vertex -50.6906 30.8636 1.4
    endloop
  endfacet
  facet normal 0.857693 0.514163 0
    outer loop
      vertex -50.6906 30.8636 -3
      vertex -50.6225 30.75 1.4
      vertex -50.6225 30.75 -3
    endloop
  endfacet
  facet normal 0.671545 -0.740963 0
    outer loop
      vertex -50.4546 32.4546 -3
      vertex -50.3564 32.5436 1.4
      vertex -50.4546 32.4546 1.4
    endloop
  endfacet
  facet normal 0.671545 -0.740963 0
    outer loop
      vertex -50.3564 32.5436 1.4
      vertex -50.4546 32.4546 -3
      vertex -50.3564 32.5436 -3
    endloop
  endfacet
  facet normal -0.857693 0.514163 0
    outer loop
      vertex -48.3775 30.75 -3
      vertex -48.3094 30.8636 1.4
      vertex -48.3094 30.8636 -3
    endloop
  endfacet
  facet normal -0.857693 0.514163 0
    outer loop
      vertex -48.3094 30.8636 1.4
      vertex -48.3775 30.75 -3
      vertex -48.3775 30.75 1.4
    endloop
  endfacet
  facet normal -0.740963 -0.671545 0
    outer loop
      vertex -48.4564 32.3564 -3
      vertex -48.5454 32.4546 1.4
      vertex -48.5454 32.4546 -3
    endloop
  endfacet
  facet normal -0.740963 -0.671545 0
    outer loop
      vertex -48.5454 32.4546 1.4
      vertex -48.4564 32.3564 -3
      vertex -48.4564 32.3564 1.4
    endloop
  endfacet
  facet normal -0.514163 0.857693 0
    outer loop
      vertex -48.75 30.3775 -3
      vertex -48.8636 30.3094 1.4
      vertex -48.75 30.3775 1.4
    endloop
  endfacet
  facet normal -0.514163 0.857693 0
    outer loop
      vertex -48.8636 30.3094 1.4
      vertex -48.75 30.3775 -3
      vertex -48.8636 30.3094 -3
    endloop
  endfacet
  facet normal 0.427178 -0.904168 0
    outer loop
      vertex -50.1364 32.6906 -3
      vertex -50.0166 32.7472 1.4
      vertex -50.1364 32.6906 1.4
    endloop
  endfacet
  facet normal 0.427178 -0.904168 0
    outer loop
      vertex -50.0166 32.7472 1.4
      vertex -50.1364 32.6906 -3
      vertex -50.0166 32.7472 -3
    endloop
  endfacet
  facet normal -0.803249 0.595643 0
    outer loop
      vertex -48.4564 30.6436 -3
      vertex -48.3775 30.75 1.4
      vertex -48.3775 30.75 -3
    endloop
  endfacet
  facet normal -0.803249 0.595643 0
    outer loop
      vertex -48.3775 30.75 1.4
      vertex -48.4564 30.6436 -3
      vertex -48.4564 30.6436 1.4
    endloop
  endfacet
  facet normal -0.146385 -0.989228 0
    outer loop
      vertex -49.3677 32.8435 -3
      vertex -49.2366 32.8241 1.4
      vertex -49.3677 32.8435 1.4
    endloop
  endfacet
  facet normal -0.146385 -0.989228 -0
    outer loop
      vertex -49.2366 32.8241 1.4
      vertex -49.3677 32.8435 -3
      vertex -49.2366 32.8241 -3
    endloop
  endfacet
  facet normal 0.595643 0.803249 -0
    outer loop
      vertex -50.25 30.3775 -3
      vertex -50.3564 30.4564 1.4
      vertex -50.25 30.3775 1.4
    endloop
  endfacet
  facet normal 0.595643 0.803249 0
    outer loop
      vertex -50.3564 30.4564 1.4
      vertex -50.25 30.3775 -3
      vertex -50.3564 30.4564 -3
    endloop
  endfacet
  facet normal 0.0490716 0.998795 -0
    outer loop
      vertex -49.5 30.15 -3
      vertex -49.6323 30.1565 1.4
      vertex -49.5 30.15 1.4
    endloop
  endfacet
  facet normal 0.0490716 0.998795 0
    outer loop
      vertex -49.6323 30.1565 1.4
      vertex -49.5 30.15 -3
      vertex -49.6323 30.1565 -3
    endloop
  endfacet
  facet normal 0.337436 -0.941348 0
    outer loop
      vertex -50.0166 32.7472 -3
      vertex -49.8919 32.7919 1.4
      vertex -50.0166 32.7472 1.4
    endloop
  endfacet
  facet normal 0.337436 -0.941348 0
    outer loop
      vertex -49.8919 32.7919 1.4
      vertex -50.0166 32.7472 -3
      vertex -49.8919 32.7919 -3
    endloop
  endfacet
  facet normal -0.740963 0.671545 0
    outer loop
      vertex -48.5454 30.5454 -3
      vertex -48.4564 30.6436 1.4
      vertex -48.4564 30.6436 -3
    endloop
  endfacet
  facet normal -0.740963 0.671545 0
    outer loop
      vertex -48.4564 30.6436 1.4
      vertex -48.5454 30.5454 -3
      vertex -48.5454 30.5454 1.4
    endloop
  endfacet
  facet normal 0.0490716 -0.998795 0
    outer loop
      vertex -49.6323 32.8435 -3
      vertex -49.5 32.85 1.4
      vertex -49.6323 32.8435 1.4
    endloop
  endfacet
  facet normal 0.0490716 -0.998795 0
    outer loop
      vertex -49.5 32.85 1.4
      vertex -49.6323 32.8435 -3
      vertex -49.5 32.85 -3
    endloop
  endfacet
  facet normal -0.803249 -0.595643 0
    outer loop
      vertex -48.3775 32.25 -3
      vertex -48.4564 32.3564 1.4
      vertex -48.4564 32.3564 -3
    endloop
  endfacet
  facet normal -0.803249 -0.595643 0
    outer loop
      vertex -48.4564 32.3564 1.4
      vertex -48.3775 32.25 -3
      vertex -48.3775 32.25 1.4
    endloop
  endfacet
  facet normal 0.904168 0.427178 0
    outer loop
      vertex -50.6906 30.8636 1.4
      vertex -50.7472 30.9834 -3
      vertex -50.7472 30.9834 1.4
    endloop
  endfacet
  facet normal 0.904168 0.427178 0
    outer loop
      vertex -50.7472 30.9834 -3
      vertex -50.6906 30.8636 1.4
      vertex -50.6906 30.8636 -3
    endloop
  endfacet
  facet normal 0.970009 0.243068 0
    outer loop
      vertex -50.7919 31.1081 1.4
      vertex -50.8241 31.2366 -3
      vertex -50.8241 31.2366 1.4
    endloop
  endfacet
  facet normal 0.970009 0.243068 0
    outer loop
      vertex -50.8241 31.2366 -3
      vertex -50.7919 31.1081 1.4
      vertex -50.7919 31.1081 -3
    endloop
  endfacet
  facet normal 0.941348 -0.337436 0
    outer loop
      vertex -50.7919 31.8919 1.4
      vertex -50.7472 32.0166 -3
      vertex -50.7472 32.0166 1.4
    endloop
  endfacet
  facet normal 0.941348 -0.337436 0
    outer loop
      vertex -50.7472 32.0166 -3
      vertex -50.7919 31.8919 1.4
      vertex -50.7919 31.8919 -3
    endloop
  endfacet
  facet normal -0.146385 0.989228 0
    outer loop
      vertex -49.2366 30.1759 -3
      vertex -49.3677 30.1565 1.4
      vertex -49.2366 30.1759 1.4
    endloop
  endfacet
  facet normal -0.146385 0.989228 0
    outer loop
      vertex -49.3677 30.1565 1.4
      vertex -49.2366 30.1759 -3
      vertex -49.3677 30.1565 -3
    endloop
  endfacet
  facet normal -0.514163 -0.857693 0
    outer loop
      vertex -48.8636 32.6906 -3
      vertex -48.75 32.6225 1.4
      vertex -48.8636 32.6906 1.4
    endloop
  endfacet
  facet normal -0.514163 -0.857693 -0
    outer loop
      vertex -48.75 32.6225 1.4
      vertex -48.8636 32.6906 -3
      vertex -48.75 32.6225 -3
    endloop
  endfacet
  facet normal -0.671545 -0.740963 0
    outer loop
      vertex -48.6436 32.5436 -3
      vertex -48.5454 32.4546 1.4
      vertex -48.6436 32.5436 1.4
    endloop
  endfacet
  facet normal -0.671545 -0.740963 -0
    outer loop
      vertex -48.5454 32.4546 1.4
      vertex -48.6436 32.5436 -3
      vertex -48.5454 32.4546 -3
    endloop
  endfacet
  facet normal -0.0490716 -0.998795 0
    outer loop
      vertex -49.5 32.85 -3
      vertex -49.3677 32.8435 1.4
      vertex -49.5 32.85 1.4
    endloop
  endfacet
  facet normal -0.0490716 -0.998795 -0
    outer loop
      vertex -49.3677 32.8435 1.4
      vertex -49.5 32.85 -3
      vertex -49.3677 32.8435 -3
    endloop
  endfacet
  facet normal -0.595643 0.803249 0
    outer loop
      vertex -48.6436 30.4564 -3
      vertex -48.75 30.3775 1.4
      vertex -48.6436 30.4564 1.4
    endloop
  endfacet
  facet normal -0.595643 0.803249 0
    outer loop
      vertex -48.75 30.3775 1.4
      vertex -48.6436 30.4564 -3
      vertex -48.75 30.3775 -3
    endloop
  endfacet
  facet normal 0.740963 -0.671545 0
    outer loop
      vertex -50.5436 32.3564 1.4
      vertex -50.4546 32.4546 -3
      vertex -50.4546 32.4546 1.4
    endloop
  endfacet
  facet normal 0.740963 -0.671545 0
    outer loop
      vertex -50.4546 32.4546 -3
      vertex -50.5436 32.3564 1.4
      vertex -50.5436 32.3564 -3
    endloop
  endfacet
  facet normal -0.0490716 0.998795 0
    outer loop
      vertex -49.3677 30.1565 -3
      vertex -49.5 30.15 1.4
      vertex -49.3677 30.1565 1.4
    endloop
  endfacet
  facet normal -0.0490716 0.998795 0
    outer loop
      vertex -49.5 30.15 1.4
      vertex -49.3677 30.1565 -3
      vertex -49.5 30.15 -3
    endloop
  endfacet
  facet normal 0.146385 0.989228 -0
    outer loop
      vertex -49.6323 30.1565 -3
      vertex -49.7634 30.1759 1.4
      vertex -49.6323 30.1565 1.4
    endloop
  endfacet
  facet normal 0.146385 0.989228 0
    outer loop
      vertex -49.7634 30.1759 1.4
      vertex -49.6323 30.1565 -3
      vertex -49.7634 30.1759 -3
    endloop
  endfacet
  facet normal 0.998795 0.0490716 0
    outer loop
      vertex -50.8435 31.3677 1.4
      vertex -50.85 31.5 -3
      vertex -50.85 31.5 1.4
    endloop
  endfacet
  facet normal 0.998795 0.0490716 0
    outer loop
      vertex -50.85 31.5 -3
      vertex -50.8435 31.3677 1.4
      vertex -50.8435 31.3677 -3
    endloop
  endfacet
  facet normal 0.740963 0.671545 0
    outer loop
      vertex -50.4546 30.5454 1.4
      vertex -50.5436 30.6436 -3
      vertex -50.5436 30.6436 1.4
    endloop
  endfacet
  facet normal 0.740963 0.671545 0
    outer loop
      vertex -50.5436 30.6436 -3
      vertex -50.4546 30.5454 1.4
      vertex -50.4546 30.5454 -3
    endloop
  endfacet
  facet normal 0.671545 0.740963 -0
    outer loop
      vertex -50.3564 30.4564 -3
      vertex -50.4546 30.5454 1.4
      vertex -50.3564 30.4564 1.4
    endloop
  endfacet
  facet normal 0.671545 0.740963 0
    outer loop
      vertex -50.4546 30.5454 1.4
      vertex -50.3564 30.4564 -3
      vertex -50.4546 30.5454 -3
    endloop
  endfacet
  facet normal 0.427178 0.904168 -0
    outer loop
      vertex -50.0166 30.2528 -3
      vertex -50.1364 30.3094 1.4
      vertex -50.0166 30.2528 1.4
    endloop
  endfacet
  facet normal 0.427178 0.904168 0
    outer loop
      vertex -50.1364 30.3094 1.4
      vertex -50.0166 30.2528 -3
      vertex -50.1364 30.3094 -3
    endloop
  endfacet
  facet normal 0.989228 0.146385 0
    outer loop
      vertex -50.8241 31.2366 1.4
      vertex -50.8435 31.3677 -3
      vertex -50.8435 31.3677 1.4
    endloop
  endfacet
  facet normal 0.989228 0.146385 0
    outer loop
      vertex -50.8435 31.3677 -3
      vertex -50.8241 31.2366 1.4
      vertex -50.8241 31.2366 -3
    endloop
  endfacet
  facet normal 0.989228 -0.146385 0
    outer loop
      vertex -50.8435 31.6323 1.4
      vertex -50.8241 31.7634 -3
      vertex -50.8241 31.7634 1.4
    endloop
  endfacet
  facet normal 0.989228 -0.146385 0
    outer loop
      vertex -50.8241 31.7634 -3
      vertex -50.8435 31.6323 1.4
      vertex -50.8435 31.6323 -3
    endloop
  endfacet
  facet normal -0.337436 0.941348 0
    outer loop
      vertex -48.9834 30.2528 -3
      vertex -49.1081 30.2081 1.4
      vertex -48.9834 30.2528 1.4
    endloop
  endfacet
  facet normal -0.337436 0.941348 0
    outer loop
      vertex -49.1081 30.2081 1.4
      vertex -48.9834 30.2528 -3
      vertex -49.1081 30.2081 -3
    endloop
  endfacet
  facet normal -0.904168 0.427178 0
    outer loop
      vertex -48.3094 30.8636 -3
      vertex -48.2528 30.9834 1.4
      vertex -48.2528 30.9834 -3
    endloop
  endfacet
  facet normal -0.904168 0.427178 0
    outer loop
      vertex -48.2528 30.9834 1.4
      vertex -48.3094 30.8636 -3
      vertex -48.3094 30.8636 1.4
    endloop
  endfacet
  facet normal -0.941348 0.337436 0
    outer loop
      vertex -48.2528 30.9834 -3
      vertex -48.2081 31.1081 1.4
      vertex -48.2081 31.1081 -3
    endloop
  endfacet
  facet normal -0.941348 0.337436 0
    outer loop
      vertex -48.2081 31.1081 1.4
      vertex -48.2528 30.9834 -3
      vertex -48.2528 30.9834 1.4
    endloop
  endfacet
  facet normal 0.514163 -0.857693 0
    outer loop
      vertex -50.25 32.6225 -3
      vertex -50.1364 32.6906 1.4
      vertex -50.25 32.6225 1.4
    endloop
  endfacet
  facet normal 0.514163 -0.857693 0
    outer loop
      vertex -50.1364 32.6906 1.4
      vertex -50.25 32.6225 -3
      vertex -50.1364 32.6906 -3
    endloop
  endfacet
  facet normal 0.904168 -0.427178 0
    outer loop
      vertex -50.7472 32.0166 1.4
      vertex -50.6906 32.1364 -3
      vertex -50.6906 32.1364 1.4
    endloop
  endfacet
  facet normal 0.904168 -0.427178 0
    outer loop
      vertex -50.6906 32.1364 -3
      vertex -50.7472 32.0166 1.4
      vertex -50.7472 32.0166 -3
    endloop
  endfacet
  facet normal 0.857693 -0.514163 0
    outer loop
      vertex -50.6906 32.1364 1.4
      vertex -50.6225 32.25 -3
      vertex -50.6225 32.25 1.4
    endloop
  endfacet
  facet normal 0.857693 -0.514163 0
    outer loop
      vertex -50.6225 32.25 -3
      vertex -50.6906 32.1364 1.4
      vertex -50.6906 32.1364 -3
    endloop
  endfacet
  facet normal -0.989228 -0.146385 0
    outer loop
      vertex 50.8435 -31.3677 -3
      vertex 50.8241 -31.2366 1.4
      vertex 50.8241 -31.2366 -3
    endloop
  endfacet
  facet normal -0.989228 -0.146385 0
    outer loop
      vertex 50.8241 -31.2366 1.4
      vertex 50.8435 -31.3677 -3
      vertex 50.8435 -31.3677 1.4
    endloop
  endfacet
  facet normal -0.998795 -0.0490716 0
    outer loop
      vertex 50.85 -31.5 -3
      vertex 50.8435 -31.3677 1.4
      vertex 50.8435 -31.3677 -3
    endloop
  endfacet
  facet normal -0.998795 -0.0490716 0
    outer loop
      vertex 50.8435 -31.3677 1.4
      vertex 50.85 -31.5 -3
      vertex 50.85 -31.5 1.4
    endloop
  endfacet
  facet normal -0.970009 -0.243068 0
    outer loop
      vertex 50.8241 -31.2366 -3
      vertex 50.7919 -31.1081 1.4
      vertex 50.7919 -31.1081 -3
    endloop
  endfacet
  facet normal -0.970009 -0.243068 0
    outer loop
      vertex 50.7919 -31.1081 1.4
      vertex 50.8241 -31.2366 -3
      vertex 50.8241 -31.2366 1.4
    endloop
  endfacet
  facet normal -0.337436 -0.941348 0
    outer loop
      vertex 49.8919 -30.2081 -3
      vertex 50.0166 -30.2528 1.4
      vertex 49.8919 -30.2081 1.4
    endloop
  endfacet
  facet normal -0.337436 -0.941348 -0
    outer loop
      vertex 50.0166 -30.2528 1.4
      vertex 49.8919 -30.2081 -3
      vertex 50.0166 -30.2528 -3
    endloop
  endfacet
  facet normal -0.989228 0.146385 0
    outer loop
      vertex 50.8241 -31.7634 -3
      vertex 50.8435 -31.6323 1.4
      vertex 50.8435 -31.6323 -3
    endloop
  endfacet
  facet normal -0.989228 0.146385 0
    outer loop
      vertex 50.8435 -31.6323 1.4
      vertex 50.8241 -31.7634 -3
      vertex 50.8241 -31.7634 1.4
    endloop
  endfacet
  facet normal -0.803249 -0.595643 0
    outer loop
      vertex 50.6225 -30.75 -3
      vertex 50.5436 -30.6436 1.4
      vertex 50.5436 -30.6436 -3
    endloop
  endfacet
  facet normal -0.803249 -0.595643 0
    outer loop
      vertex 50.5436 -30.6436 1.4
      vertex 50.6225 -30.75 -3
      vertex 50.6225 -30.75 1.4
    endloop
  endfacet
  facet normal -0.595643 -0.803249 0
    outer loop
      vertex 50.25 -30.3775 -3
      vertex 50.3564 -30.4564 1.4
      vertex 50.25 -30.3775 1.4
    endloop
  endfacet
  facet normal -0.595643 -0.803249 -0
    outer loop
      vertex 50.3564 -30.4564 1.4
      vertex 50.25 -30.3775 -3
      vertex 50.3564 -30.4564 -3
    endloop
  endfacet
  facet normal -0.998795 0.0490716 0
    outer loop
      vertex 50.8435 -31.6323 -3
      vertex 50.85 -31.5 1.4
      vertex 50.85 -31.5 -3
    endloop
  endfacet
  facet normal -0.998795 0.0490716 0
    outer loop
      vertex 50.85 -31.5 1.4
      vertex 50.8435 -31.6323 -3
      vertex 50.8435 -31.6323 1.4
    endloop
  endfacet
  facet normal 0.970009 -0.243068 0
    outer loop
      vertex 48.1759 -31.2366 1.4
      vertex 48.2081 -31.1081 -3
      vertex 48.2081 -31.1081 1.4
    endloop
  endfacet
  facet normal 0.970009 -0.243068 0
    outer loop
      vertex 48.2081 -31.1081 -3
      vertex 48.1759 -31.2366 1.4
      vertex 48.1759 -31.2366 -3
    endloop
  endfacet
  facet normal 0.740963 -0.671545 0
    outer loop
      vertex 48.4564 -30.6436 1.4
      vertex 48.5454 -30.5454 -3
      vertex 48.5454 -30.5454 1.4
    endloop
  endfacet
  facet normal 0.740963 -0.671545 0
    outer loop
      vertex 48.5454 -30.5454 -3
      vertex 48.4564 -30.6436 1.4
      vertex 48.4564 -30.6436 -3
    endloop
  endfacet
  facet normal -0.427178 -0.904168 0
    outer loop
      vertex 50.0166 -30.2528 -3
      vertex 50.1364 -30.3094 1.4
      vertex 50.0166 -30.2528 1.4
    endloop
  endfacet
  facet normal -0.427178 -0.904168 -0
    outer loop
      vertex 50.1364 -30.3094 1.4
      vertex 50.0166 -30.2528 -3
      vertex 50.1364 -30.3094 -3
    endloop
  endfacet
  facet normal 0.904168 0.427178 0
    outer loop
      vertex 48.3094 -32.1364 1.4
      vertex 48.2528 -32.0166 -3
      vertex 48.2528 -32.0166 1.4
    endloop
  endfacet
  facet normal 0.904168 0.427178 0
    outer loop
      vertex 48.2528 -32.0166 -3
      vertex 48.3094 -32.1364 1.4
      vertex 48.3094 -32.1364 -3
    endloop
  endfacet
  facet normal -0.671545 0.740963 0
    outer loop
      vertex 50.4546 -32.4546 -3
      vertex 50.3564 -32.5436 1.4
      vertex 50.4546 -32.4546 1.4
    endloop
  endfacet
  facet normal -0.671545 0.740963 0
    outer loop
      vertex 50.3564 -32.5436 1.4
      vertex 50.4546 -32.4546 -3
      vertex 50.3564 -32.5436 -3
    endloop
  endfacet
  facet normal 0.595643 0.803249 -0
    outer loop
      vertex 48.75 -32.6225 -3
      vertex 48.6436 -32.5436 1.4
      vertex 48.75 -32.6225 1.4
    endloop
  endfacet
  facet normal 0.595643 0.803249 0
    outer loop
      vertex 48.6436 -32.5436 1.4
      vertex 48.75 -32.6225 -3
      vertex 48.6436 -32.5436 -3
    endloop
  endfacet
  facet normal -0.941348 -0.337436 0
    outer loop
      vertex 50.7919 -31.1081 -3
      vertex 50.7472 -30.9834 1.4
      vertex 50.7472 -30.9834 -3
    endloop
  endfacet
  facet normal -0.941348 -0.337436 0
    outer loop
      vertex 50.7472 -30.9834 1.4
      vertex 50.7919 -31.1081 -3
      vertex 50.7919 -31.1081 1.4
    endloop
  endfacet
  facet normal 0.803249 0.595643 0
    outer loop
      vertex 48.4564 -32.3564 1.4
      vertex 48.3775 -32.25 -3
      vertex 48.3775 -32.25 1.4
    endloop
  endfacet
  facet normal 0.803249 0.595643 0
    outer loop
      vertex 48.3775 -32.25 -3
      vertex 48.4564 -32.3564 1.4
      vertex 48.4564 -32.3564 -3
    endloop
  endfacet
  facet normal 0.998795 0.0490716 0
    outer loop
      vertex 48.1565 -31.6323 1.4
      vertex 48.15 -31.5 -3
      vertex 48.15 -31.5 1.4
    endloop
  endfacet
  facet normal 0.998795 0.0490716 0
    outer loop
      vertex 48.15 -31.5 -3
      vertex 48.1565 -31.6323 1.4
      vertex 48.1565 -31.6323 -3
    endloop
  endfacet
  facet normal -0.337436 0.941348 0
    outer loop
      vertex 50.0166 -32.7472 -3
      vertex 49.8919 -32.7919 1.4
      vertex 50.0166 -32.7472 1.4
    endloop
  endfacet
  facet normal -0.337436 0.941348 0
    outer loop
      vertex 49.8919 -32.7919 1.4
      vertex 50.0166 -32.7472 -3
      vertex 49.8919 -32.7919 -3
    endloop
  endfacet
  facet normal 0.0490716 -0.998795 0
    outer loop
      vertex 49.3677 -30.1565 -3
      vertex 49.5 -30.15 1.4
      vertex 49.3677 -30.1565 1.4
    endloop
  endfacet
  facet normal 0.0490716 -0.998795 0
    outer loop
      vertex 49.5 -30.15 1.4
      vertex 49.3677 -30.1565 -3
      vertex 49.5 -30.15 -3
    endloop
  endfacet
  facet normal -0.595643 0.803249 0
    outer loop
      vertex 50.3564 -32.5436 -3
      vertex 50.25 -32.6225 1.4
      vertex 50.3564 -32.5436 1.4
    endloop
  endfacet
  facet normal -0.595643 0.803249 0
    outer loop
      vertex 50.25 -32.6225 1.4
      vertex 50.3564 -32.5436 -3
      vertex 50.25 -32.6225 -3
    endloop
  endfacet
  facet normal 0.740963 0.671545 0
    outer loop
      vertex 48.5454 -32.4546 1.4
      vertex 48.4564 -32.3564 -3
      vertex 48.4564 -32.3564 1.4
    endloop
  endfacet
  facet normal 0.740963 0.671545 0
    outer loop
      vertex 48.4564 -32.3564 -3
      vertex 48.5454 -32.4546 1.4
      vertex 48.5454 -32.4546 -3
    endloop
  endfacet
  facet normal -0.803249 0.595643 0
    outer loop
      vertex 50.5436 -32.3564 -3
      vertex 50.6225 -32.25 1.4
      vertex 50.6225 -32.25 -3
    endloop
  endfacet
  facet normal -0.803249 0.595643 0
    outer loop
      vertex 50.6225 -32.25 1.4
      vertex 50.5436 -32.3564 -3
      vertex 50.5436 -32.3564 1.4
    endloop
  endfacet
  facet normal 0.857693 0.514163 0
    outer loop
      vertex 48.3775 -32.25 1.4
      vertex 48.3094 -32.1364 -3
      vertex 48.3094 -32.1364 1.4
    endloop
  endfacet
  facet normal 0.857693 0.514163 0
    outer loop
      vertex 48.3094 -32.1364 -3
      vertex 48.3775 -32.25 1.4
      vertex 48.3775 -32.25 -3
    endloop
  endfacet
  facet normal -0.146385 -0.989228 0
    outer loop
      vertex 49.6323 -30.1565 -3
      vertex 49.7634 -30.1759 1.4
      vertex 49.6323 -30.1565 1.4
    endloop
  endfacet
  facet normal -0.146385 -0.989228 -0
    outer loop
      vertex 49.7634 -30.1759 1.4
      vertex 49.6323 -30.1565 -3
      vertex 49.7634 -30.1759 -3
    endloop
  endfacet
  facet normal -0.146385 0.989228 0
    outer loop
      vertex 49.7634 -32.8241 -3
      vertex 49.6323 -32.8435 1.4
      vertex 49.7634 -32.8241 1.4
    endloop
  endfacet
  facet normal -0.146385 0.989228 0
    outer loop
      vertex 49.6323 -32.8435 1.4
      vertex 49.7634 -32.8241 -3
      vertex 49.6323 -32.8435 -3
    endloop
  endfacet
  facet normal 0.146385 0.989228 -0
    outer loop
      vertex 49.3677 -32.8435 -3
      vertex 49.2366 -32.8241 1.4
      vertex 49.3677 -32.8435 1.4
    endloop
  endfacet
  facet normal 0.146385 0.989228 0
    outer loop
      vertex 49.2366 -32.8241 1.4
      vertex 49.3677 -32.8435 -3
      vertex 49.2366 -32.8241 -3
    endloop
  endfacet
  facet normal 0.243068 -0.970009 0
    outer loop
      vertex 49.1081 -30.2081 -3
      vertex 49.2366 -30.1759 1.4
      vertex 49.1081 -30.2081 1.4
    endloop
  endfacet
  facet normal 0.243068 -0.970009 0
    outer loop
      vertex 49.2366 -30.1759 1.4
      vertex 49.1081 -30.2081 -3
      vertex 49.2366 -30.1759 -3
    endloop
  endfacet
  facet normal 0.998795 -0.0490716 0
    outer loop
      vertex 48.15 -31.5 1.4
      vertex 48.1565 -31.3677 -3
      vertex 48.1565 -31.3677 1.4
    endloop
  endfacet
  facet normal 0.998795 -0.0490716 0
    outer loop
      vertex 48.1565 -31.3677 -3
      vertex 48.15 -31.5 1.4
      vertex 48.15 -31.5 -3
    endloop
  endfacet
  facet normal -0.740963 0.671545 0
    outer loop
      vertex 50.4546 -32.4546 -3
      vertex 50.5436 -32.3564 1.4
      vertex 50.5436 -32.3564 -3
    endloop
  endfacet
  facet normal -0.740963 0.671545 0
    outer loop
      vertex 50.5436 -32.3564 1.4
      vertex 50.4546 -32.4546 -3
      vertex 50.4546 -32.4546 1.4
    endloop
  endfacet
  facet normal -0.904168 -0.427178 0
    outer loop
      vertex 50.7472 -30.9834 -3
      vertex 50.6906 -30.8636 1.4
      vertex 50.6906 -30.8636 -3
    endloop
  endfacet
  facet normal -0.904168 -0.427178 0
    outer loop
      vertex 50.6906 -30.8636 1.4
      vertex 50.7472 -30.9834 -3
      vertex 50.7472 -30.9834 1.4
    endloop
  endfacet
  facet normal 0.146385 -0.989228 0
    outer loop
      vertex 49.2366 -30.1759 -3
      vertex 49.3677 -30.1565 1.4
      vertex 49.2366 -30.1759 1.4
    endloop
  endfacet
  facet normal 0.146385 -0.989228 0
    outer loop
      vertex 49.3677 -30.1565 1.4
      vertex 49.2366 -30.1759 -3
      vertex 49.3677 -30.1565 -3
    endloop
  endfacet
  facet normal 0.904168 -0.427178 0
    outer loop
      vertex 48.2528 -30.9834 1.4
      vertex 48.3094 -30.8636 -3
      vertex 48.3094 -30.8636 1.4
    endloop
  endfacet
  facet normal 0.904168 -0.427178 0
    outer loop
      vertex 48.3094 -30.8636 -3
      vertex 48.2528 -30.9834 1.4
      vertex 48.2528 -30.9834 -3
    endloop
  endfacet
  facet normal 0.337436 -0.941348 0
    outer loop
      vertex 48.9834 -30.2528 -3
      vertex 49.1081 -30.2081 1.4
      vertex 48.9834 -30.2528 1.4
    endloop
  endfacet
  facet normal 0.337436 -0.941348 0
    outer loop
      vertex 49.1081 -30.2081 1.4
      vertex 48.9834 -30.2528 -3
      vertex 49.1081 -30.2081 -3
    endloop
  endfacet
  facet normal -0.514163 -0.857693 0
    outer loop
      vertex 50.1364 -30.3094 -3
      vertex 50.25 -30.3775 1.4
      vertex 50.1364 -30.3094 1.4
    endloop
  endfacet
  facet normal -0.514163 -0.857693 -0
    outer loop
      vertex 50.25 -30.3775 1.4
      vertex 50.1364 -30.3094 -3
      vertex 50.25 -30.3775 -3
    endloop
  endfacet
  facet normal -0.671545 -0.740963 0
    outer loop
      vertex 50.3564 -30.4564 -3
      vertex 50.4546 -30.5454 1.4
      vertex 50.3564 -30.4564 1.4
    endloop
  endfacet
  facet normal -0.671545 -0.740963 -0
    outer loop
      vertex 50.4546 -30.5454 1.4
      vertex 50.3564 -30.4564 -3
      vertex 50.4546 -30.5454 -3
    endloop
  endfacet
  facet normal 0.0490716 0.998795 -0
    outer loop
      vertex 49.5 -32.85 -3
      vertex 49.3677 -32.8435 1.4
      vertex 49.5 -32.85 1.4
    endloop
  endfacet
  facet normal 0.0490716 0.998795 0
    outer loop
      vertex 49.3677 -32.8435 1.4
      vertex 49.5 -32.85 -3
      vertex 49.3677 -32.8435 -3
    endloop
  endfacet
  facet normal 0.941348 0.337436 0
    outer loop
      vertex 48.2528 -32.0166 1.4
      vertex 48.2081 -31.8919 -3
      vertex 48.2081 -31.8919 1.4
    endloop
  endfacet
  facet normal 0.941348 0.337436 0
    outer loop
      vertex 48.2081 -31.8919 -3
      vertex 48.2528 -32.0166 1.4
      vertex 48.2528 -32.0166 -3
    endloop
  endfacet
  facet normal -0.243068 0.970009 0
    outer loop
      vertex 49.8919 -32.7919 -3
      vertex 49.7634 -32.8241 1.4
      vertex 49.8919 -32.7919 1.4
    endloop
  endfacet
  facet normal -0.243068 0.970009 0
    outer loop
      vertex 49.7634 -32.8241 1.4
      vertex 49.8919 -32.7919 -3
      vertex 49.7634 -32.8241 -3
    endloop
  endfacet
  facet normal -0.904168 0.427178 0
    outer loop
      vertex 50.6906 -32.1364 -3
      vertex 50.7472 -32.0166 1.4
      vertex 50.7472 -32.0166 -3
    endloop
  endfacet
  facet normal -0.904168 0.427178 0
    outer loop
      vertex 50.7472 -32.0166 1.4
      vertex 50.6906 -32.1364 -3
      vertex 50.6906 -32.1364 1.4
    endloop
  endfacet
  facet normal -0.427178 0.904168 0
    outer loop
      vertex 50.1364 -32.6906 -3
      vertex 50.0166 -32.7472 1.4
      vertex 50.1364 -32.6906 1.4
    endloop
  endfacet
  facet normal -0.427178 0.904168 0
    outer loop
      vertex 50.0166 -32.7472 1.4
      vertex 50.1364 -32.6906 -3
      vertex 50.0166 -32.7472 -3
    endloop
  endfacet
  facet normal 0.427178 -0.904168 0
    outer loop
      vertex 48.8636 -30.3094 -3
      vertex 48.9834 -30.2528 1.4
      vertex 48.8636 -30.3094 1.4
    endloop
  endfacet
  facet normal 0.427178 -0.904168 0
    outer loop
      vertex 48.9834 -30.2528 1.4
      vertex 48.8636 -30.3094 -3
      vertex 48.9834 -30.2528 -3
    endloop
  endfacet
  facet normal -0.0490716 -0.998795 0
    outer loop
      vertex 49.5 -30.15 -3
      vertex 49.6323 -30.1565 1.4
      vertex 49.5 -30.15 1.4
    endloop
  endfacet
  facet normal -0.0490716 -0.998795 -0
    outer loop
      vertex 49.6323 -30.1565 1.4
      vertex 49.5 -30.15 -3
      vertex 49.6323 -30.1565 -3
    endloop
  endfacet
  facet normal 0.514163 -0.857693 0
    outer loop
      vertex 48.75 -30.3775 -3
      vertex 48.8636 -30.3094 1.4
      vertex 48.75 -30.3775 1.4
    endloop
  endfacet
  facet normal 0.514163 -0.857693 0
    outer loop
      vertex 48.8636 -30.3094 1.4
      vertex 48.75 -30.3775 -3
      vertex 48.8636 -30.3094 -3
    endloop
  endfacet
  facet normal -0.970009 0.243068 0
    outer loop
      vertex 50.7919 -31.8919 -3
      vertex 50.8241 -31.7634 1.4
      vertex 50.8241 -31.7634 -3
    endloop
  endfacet
  facet normal -0.970009 0.243068 0
    outer loop
      vertex 50.8241 -31.7634 1.4
      vertex 50.7919 -31.8919 -3
      vertex 50.7919 -31.8919 1.4
    endloop
  endfacet
  facet normal -0.857693 -0.514163 0
    outer loop
      vertex 50.6906 -30.8636 -3
      vertex 50.6225 -30.75 1.4
      vertex 50.6225 -30.75 -3
    endloop
  endfacet
  facet normal -0.857693 -0.514163 0
    outer loop
      vertex 50.6225 -30.75 1.4
      vertex 50.6906 -30.8636 -3
      vertex 50.6906 -30.8636 1.4
    endloop
  endfacet
  facet normal 0.989228 0.146385 0
    outer loop
      vertex 48.1759 -31.7634 1.4
      vertex 48.1565 -31.6323 -3
      vertex 48.1565 -31.6323 1.4
    endloop
  endfacet
  facet normal 0.989228 0.146385 0
    outer loop
      vertex 48.1565 -31.6323 -3
      vertex 48.1759 -31.7634 1.4
      vertex 48.1759 -31.7634 -3
    endloop
  endfacet
  facet normal 0.595643 -0.803249 0
    outer loop
      vertex 48.6436 -30.4564 -3
      vertex 48.75 -30.3775 1.4
      vertex 48.6436 -30.4564 1.4
    endloop
  endfacet
  facet normal 0.595643 -0.803249 0
    outer loop
      vertex 48.75 -30.3775 1.4
      vertex 48.6436 -30.4564 -3
      vertex 48.75 -30.3775 -3
    endloop
  endfacet
  facet normal -0.0490716 0.998795 0
    outer loop
      vertex 49.6323 -32.8435 -3
      vertex 49.5 -32.85 1.4
      vertex 49.6323 -32.8435 1.4
    endloop
  endfacet
  facet normal -0.0490716 0.998795 0
    outer loop
      vertex 49.5 -32.85 1.4
      vertex 49.6323 -32.8435 -3
      vertex 49.5 -32.85 -3
    endloop
  endfacet
  facet normal 0.970009 0.243068 0
    outer loop
      vertex 48.2081 -31.8919 1.4
      vertex 48.1759 -31.7634 -3
      vertex 48.1759 -31.7634 1.4
    endloop
  endfacet
  facet normal 0.970009 0.243068 0
    outer loop
      vertex 48.1759 -31.7634 -3
      vertex 48.2081 -31.8919 1.4
      vertex 48.2081 -31.8919 -3
    endloop
  endfacet
  facet normal 0.671545 0.740963 -0
    outer loop
      vertex 48.6436 -32.5436 -3
      vertex 48.5454 -32.4546 1.4
      vertex 48.6436 -32.5436 1.4
    endloop
  endfacet
  facet normal 0.671545 0.740963 0
    outer loop
      vertex 48.5454 -32.4546 1.4
      vertex 48.6436 -32.5436 -3
      vertex 48.5454 -32.4546 -3
    endloop
  endfacet
  facet normal 0.671545 -0.740963 0
    outer loop
      vertex 48.5454 -30.5454 -3
      vertex 48.6436 -30.4564 1.4
      vertex 48.5454 -30.5454 1.4
    endloop
  endfacet
  facet normal 0.671545 -0.740963 0
    outer loop
      vertex 48.6436 -30.4564 1.4
      vertex 48.5454 -30.5454 -3
      vertex 48.6436 -30.4564 -3
    endloop
  endfacet
  facet normal 0.857693 -0.514163 0
    outer loop
      vertex 48.3094 -30.8636 1.4
      vertex 48.3775 -30.75 -3
      vertex 48.3775 -30.75 1.4
    endloop
  endfacet
  facet normal 0.857693 -0.514163 0
    outer loop
      vertex 48.3775 -30.75 -3
      vertex 48.3094 -30.8636 1.4
      vertex 48.3094 -30.8636 -3
    endloop
  endfacet
  facet normal 0.514163 0.857693 -0
    outer loop
      vertex 48.8636 -32.6906 -3
      vertex 48.75 -32.6225 1.4
      vertex 48.8636 -32.6906 1.4
    endloop
  endfacet
  facet normal 0.514163 0.857693 0
    outer loop
      vertex 48.75 -32.6225 1.4
      vertex 48.8636 -32.6906 -3
      vertex 48.75 -32.6225 -3
    endloop
  endfacet
  facet normal -0.514163 0.857693 0
    outer loop
      vertex 50.25 -32.6225 -3
      vertex 50.1364 -32.6906 1.4
      vertex 50.25 -32.6225 1.4
    endloop
  endfacet
  facet normal -0.514163 0.857693 0
    outer loop
      vertex 50.1364 -32.6906 1.4
      vertex 50.25 -32.6225 -3
      vertex 50.1364 -32.6906 -3
    endloop
  endfacet
  facet normal 0.989228 -0.146385 0
    outer loop
      vertex 48.1565 -31.3677 1.4
      vertex 48.1759 -31.2366 -3
      vertex 48.1759 -31.2366 1.4
    endloop
  endfacet
  facet normal 0.989228 -0.146385 0
    outer loop
      vertex 48.1759 -31.2366 -3
      vertex 48.1565 -31.3677 1.4
      vertex 48.1565 -31.3677 -3
    endloop
  endfacet
  facet normal -0.740963 -0.671545 0
    outer loop
      vertex 50.5436 -30.6436 -3
      vertex 50.4546 -30.5454 1.4
      vertex 50.4546 -30.5454 -3
    endloop
  endfacet
  facet normal -0.740963 -0.671545 0
    outer loop
      vertex 50.4546 -30.5454 1.4
      vertex 50.5436 -30.6436 -3
      vertex 50.5436 -30.6436 1.4
    endloop
  endfacet
  facet normal 0.941348 -0.337436 0
    outer loop
      vertex 48.2081 -31.1081 1.4
      vertex 48.2528 -30.9834 -3
      vertex 48.2528 -30.9834 1.4
    endloop
  endfacet
  facet normal 0.941348 -0.337436 0
    outer loop
      vertex 48.2528 -30.9834 -3
      vertex 48.2081 -31.1081 1.4
      vertex 48.2081 -31.1081 -3
    endloop
  endfacet
  facet normal -0.857693 0.514163 0
    outer loop
      vertex 50.6225 -32.25 -3
      vertex 50.6906 -32.1364 1.4
      vertex 50.6906 -32.1364 -3
    endloop
  endfacet
  facet normal -0.857693 0.514163 0
    outer loop
      vertex 50.6906 -32.1364 1.4
      vertex 50.6225 -32.25 -3
      vertex 50.6225 -32.25 1.4
    endloop
  endfacet
  facet normal -0.941348 0.337436 0
    outer loop
      vertex 50.7472 -32.0166 -3
      vertex 50.7919 -31.8919 1.4
      vertex 50.7919 -31.8919 -3
    endloop
  endfacet
  facet normal -0.941348 0.337436 0
    outer loop
      vertex 50.7919 -31.8919 1.4
      vertex 50.7472 -32.0166 -3
      vertex 50.7472 -32.0166 1.4
    endloop
  endfacet
  facet normal 0.337436 0.941348 -0
    outer loop
      vertex 49.1081 -32.7919 -3
      vertex 48.9834 -32.7472 1.4
      vertex 49.1081 -32.7919 1.4
    endloop
  endfacet
  facet normal 0.337436 0.941348 0
    outer loop
      vertex 48.9834 -32.7472 1.4
      vertex 49.1081 -32.7919 -3
      vertex 48.9834 -32.7472 -3
    endloop
  endfacet
  facet normal 0.243068 0.970009 -0
    outer loop
      vertex 49.2366 -32.8241 -3
      vertex 49.1081 -32.7919 1.4
      vertex 49.2366 -32.8241 1.4
    endloop
  endfacet
  facet normal 0.243068 0.970009 0
    outer loop
      vertex 49.1081 -32.7919 1.4
      vertex 49.2366 -32.8241 -3
      vertex 49.1081 -32.7919 -3
    endloop
  endfacet
  facet normal -0.243068 -0.970009 0
    outer loop
      vertex 49.7634 -30.1759 -3
      vertex 49.8919 -30.2081 1.4
      vertex 49.7634 -30.1759 1.4
    endloop
  endfacet
  facet normal -0.243068 -0.970009 -0
    outer loop
      vertex 49.8919 -30.2081 1.4
      vertex 49.7634 -30.1759 -3
      vertex 49.8919 -30.2081 -3
    endloop
  endfacet
  facet normal 0.803249 -0.595643 0
    outer loop
      vertex 48.3775 -30.75 1.4
      vertex 48.4564 -30.6436 -3
      vertex 48.4564 -30.6436 1.4
    endloop
  endfacet
  facet normal 0.803249 -0.595643 0
    outer loop
      vertex 48.4564 -30.6436 -3
      vertex 48.3775 -30.75 1.4
      vertex 48.3775 -30.75 -3
    endloop
  endfacet
  facet normal 0.427178 0.904168 -0
    outer loop
      vertex 48.9834 -32.7472 -3
      vertex 48.8636 -32.6906 1.4
      vertex 48.9834 -32.7472 1.4
    endloop
  endfacet
  facet normal 0.427178 0.904168 0
    outer loop
      vertex 48.8636 -32.6906 1.4
      vertex 48.9834 -32.7472 -3
      vertex 48.8636 -32.6906 -3
    endloop
  endfacet
  facet normal -0.989228 -0.146385 0
    outer loop
      vertex 50.8435 31.6323 -3
      vertex 50.8241 31.7634 1.4
      vertex 50.8241 31.7634 -3
    endloop
  endfacet
  facet normal -0.989228 -0.146385 0
    outer loop
      vertex 50.8241 31.7634 1.4
      vertex 50.8435 31.6323 -3
      vertex 50.8435 31.6323 1.4
    endloop
  endfacet
  facet normal -0.998795 -0.0490716 0
    outer loop
      vertex 50.85 31.5 -3
      vertex 50.8435 31.6323 1.4
      vertex 50.8435 31.6323 -3
    endloop
  endfacet
  facet normal -0.998795 -0.0490716 0
    outer loop
      vertex 50.8435 31.6323 1.4
      vertex 50.85 31.5 -3
      vertex 50.85 31.5 1.4
    endloop
  endfacet
  facet normal -0.970009 -0.243068 0
    outer loop
      vertex 50.8241 31.7634 -3
      vertex 50.7919 31.8919 1.4
      vertex 50.7919 31.8919 -3
    endloop
  endfacet
  facet normal -0.970009 -0.243068 0
    outer loop
      vertex 50.7919 31.8919 1.4
      vertex 50.8241 31.7634 -3
      vertex 50.8241 31.7634 1.4
    endloop
  endfacet
  facet normal 0.243068 -0.970009 0
    outer loop
      vertex 49.1081 32.7919 -3
      vertex 49.2366 32.8241 1.4
      vertex 49.1081 32.7919 1.4
    endloop
  endfacet
  facet normal 0.243068 -0.970009 0
    outer loop
      vertex 49.2366 32.8241 1.4
      vertex 49.1081 32.7919 -3
      vertex 49.2366 32.8241 -3
    endloop
  endfacet
  facet normal 0.904168 0.427178 0
    outer loop
      vertex 48.3094 30.8636 1.4
      vertex 48.2528 30.9834 -3
      vertex 48.2528 30.9834 1.4
    endloop
  endfacet
  facet normal 0.904168 0.427178 0
    outer loop
      vertex 48.2528 30.9834 -3
      vertex 48.3094 30.8636 1.4
      vertex 48.3094 30.8636 -3
    endloop
  endfacet
  facet normal -0.427178 0.904168 0
    outer loop
      vertex 50.1364 30.3094 -3
      vertex 50.0166 30.2528 1.4
      vertex 50.1364 30.3094 1.4
    endloop
  endfacet
  facet normal -0.427178 0.904168 0
    outer loop
      vertex 50.0166 30.2528 1.4
      vertex 50.1364 30.3094 -3
      vertex 50.0166 30.2528 -3
    endloop
  endfacet
  facet normal 0.243068 0.970009 -0
    outer loop
      vertex 49.2366 30.1759 -3
      vertex 49.1081 30.2081 1.4
      vertex 49.2366 30.1759 1.4
    endloop
  endfacet
  facet normal 0.243068 0.970009 0
    outer loop
      vertex 49.1081 30.2081 1.4
      vertex 49.2366 30.1759 -3
      vertex 49.1081 30.2081 -3
    endloop
  endfacet
  facet normal -0.514163 0.857693 0
    outer loop
      vertex 50.25 30.3775 -3
      vertex 50.1364 30.3094 1.4
      vertex 50.25 30.3775 1.4
    endloop
  endfacet
  facet normal -0.514163 0.857693 0
    outer loop
      vertex 50.1364 30.3094 1.4
      vertex 50.25 30.3775 -3
      vertex 50.1364 30.3094 -3
    endloop
  endfacet
  facet normal 0.337436 0.941348 -0
    outer loop
      vertex 49.1081 30.2081 -3
      vertex 48.9834 30.2528 1.4
      vertex 49.1081 30.2081 1.4
    endloop
  endfacet
  facet normal 0.337436 0.941348 0
    outer loop
      vertex 48.9834 30.2528 1.4
      vertex 49.1081 30.2081 -3
      vertex 48.9834 30.2528 -3
    endloop
  endfacet
  facet normal -0.337436 0.941348 0
    outer loop
      vertex 50.0166 30.2528 -3
      vertex 49.8919 30.2081 1.4
      vertex 50.0166 30.2528 1.4
    endloop
  endfacet
  facet normal -0.337436 0.941348 0
    outer loop
      vertex 49.8919 30.2081 1.4
      vertex 50.0166 30.2528 -3
      vertex 49.8919 30.2081 -3
    endloop
  endfacet
  facet normal 0.671545 -0.740963 0
    outer loop
      vertex 48.5454 32.4546 -3
      vertex 48.6436 32.5436 1.4
      vertex 48.5454 32.4546 1.4
    endloop
  endfacet
  facet normal 0.671545 -0.740963 0
    outer loop
      vertex 48.6436 32.5436 1.4
      vertex 48.5454 32.4546 -3
      vertex 48.6436 32.5436 -3
    endloop
  endfacet
  facet normal -0.243068 0.970009 0
    outer loop
      vertex 49.8919 30.2081 -3
      vertex 49.7634 30.1759 1.4
      vertex 49.8919 30.2081 1.4
    endloop
  endfacet
  facet normal -0.243068 0.970009 0
    outer loop
      vertex 49.7634 30.1759 1.4
      vertex 49.8919 30.2081 -3
      vertex 49.7634 30.1759 -3
    endloop
  endfacet
  facet normal 0.857693 -0.514163 0
    outer loop
      vertex 48.3094 32.1364 1.4
      vertex 48.3775 32.25 -3
      vertex 48.3775 32.25 1.4
    endloop
  endfacet
  facet normal 0.857693 -0.514163 0
    outer loop
      vertex 48.3775 32.25 -3
      vertex 48.3094 32.1364 1.4
      vertex 48.3094 32.1364 -3
    endloop
  endfacet
  facet normal 0.989228 -0.146385 0
    outer loop
      vertex 48.1565 31.6323 1.4
      vertex 48.1759 31.7634 -3
      vertex 48.1759 31.7634 1.4
    endloop
  endfacet
  facet normal 0.989228 -0.146385 0
    outer loop
      vertex 48.1759 31.7634 -3
      vertex 48.1565 31.6323 1.4
      vertex 48.1565 31.6323 -3
    endloop
  endfacet
  facet normal -0.904168 -0.427178 0
    outer loop
      vertex 50.7472 32.0166 -3
      vertex 50.6906 32.1364 1.4
      vertex 50.6906 32.1364 -3
    endloop
  endfacet
  facet normal -0.904168 -0.427178 0
    outer loop
      vertex 50.6906 32.1364 1.4
      vertex 50.7472 32.0166 -3
      vertex 50.7472 32.0166 1.4
    endloop
  endfacet
  facet normal -0.803249 0.595643 0
    outer loop
      vertex 50.5436 30.6436 -3
      vertex 50.6225 30.75 1.4
      vertex 50.6225 30.75 -3
    endloop
  endfacet
  facet normal -0.803249 0.595643 0
    outer loop
      vertex 50.6225 30.75 1.4
      vertex 50.5436 30.6436 -3
      vertex 50.5436 30.6436 1.4
    endloop
  endfacet
  facet normal 0.595643 -0.803249 0
    outer loop
      vertex 48.6436 32.5436 -3
      vertex 48.75 32.6225 1.4
      vertex 48.6436 32.5436 1.4
    endloop
  endfacet
  facet normal 0.595643 -0.803249 0
    outer loop
      vertex 48.75 32.6225 1.4
      vertex 48.6436 32.5436 -3
      vertex 48.75 32.6225 -3
    endloop
  endfacet
  facet normal -0.595643 -0.803249 0
    outer loop
      vertex 50.25 32.6225 -3
      vertex 50.3564 32.5436 1.4
      vertex 50.25 32.6225 1.4
    endloop
  endfacet
  facet normal -0.595643 -0.803249 -0
    outer loop
      vertex 50.3564 32.5436 1.4
      vertex 50.25 32.6225 -3
      vertex 50.3564 32.5436 -3
    endloop
  endfacet
  facet normal -0.146385 -0.989228 0
    outer loop
      vertex 49.6323 32.8435 -3
      vertex 49.7634 32.8241 1.4
      vertex 49.6323 32.8435 1.4
    endloop
  endfacet
  facet normal -0.146385 -0.989228 -0
    outer loop
      vertex 49.7634 32.8241 1.4
      vertex 49.6323 32.8435 -3
      vertex 49.7634 32.8241 -3
    endloop
  endfacet
  facet normal -0.803249 -0.595643 0
    outer loop
      vertex 50.6225 32.25 -3
      vertex 50.5436 32.3564 1.4
      vertex 50.5436 32.3564 -3
    endloop
  endfacet
  facet normal -0.803249 -0.595643 0
    outer loop
      vertex 50.5436 32.3564 1.4
      vertex 50.6225 32.25 -3
      vertex 50.6225 32.25 1.4
    endloop
  endfacet
  facet normal 0.514163 -0.857693 0
    outer loop
      vertex 48.75 32.6225 -3
      vertex 48.8636 32.6906 1.4
      vertex 48.75 32.6225 1.4
    endloop
  endfacet
  facet normal 0.514163 -0.857693 0
    outer loop
      vertex 48.8636 32.6906 1.4
      vertex 48.75 32.6225 -3
      vertex 48.8636 32.6906 -3
    endloop
  endfacet
  facet normal -0.514163 -0.857693 0
    outer loop
      vertex 50.1364 32.6906 -3
      vertex 50.25 32.6225 1.4
      vertex 50.1364 32.6906 1.4
    endloop
  endfacet
  facet normal -0.514163 -0.857693 -0
    outer loop
      vertex 50.25 32.6225 1.4
      vertex 50.1364 32.6906 -3
      vertex 50.25 32.6225 -3
    endloop
  endfacet
  facet normal 0.941348 0.337436 0
    outer loop
      vertex 48.2528 30.9834 1.4
      vertex 48.2081 31.1081 -3
      vertex 48.2081 31.1081 1.4
    endloop
  endfacet
  facet normal 0.941348 0.337436 0
    outer loop
      vertex 48.2081 31.1081 -3
      vertex 48.2528 30.9834 1.4
      vertex 48.2528 30.9834 -3
    endloop
  endfacet
  facet normal -0.998795 0.0490716 0
    outer loop
      vertex 50.8435 31.3677 -3
      vertex 50.85 31.5 1.4
      vertex 50.85 31.5 -3
    endloop
  endfacet
  facet normal -0.998795 0.0490716 0
    outer loop
      vertex 50.85 31.5 1.4
      vertex 50.8435 31.3677 -3
      vertex 50.8435 31.3677 1.4
    endloop
  endfacet
  facet normal 0.427178 -0.904168 0
    outer loop
      vertex 48.8636 32.6906 -3
      vertex 48.9834 32.7472 1.4
      vertex 48.8636 32.6906 1.4
    endloop
  endfacet
  facet normal 0.427178 -0.904168 0
    outer loop
      vertex 48.9834 32.7472 1.4
      vertex 48.8636 32.6906 -3
      vertex 48.9834 32.7472 -3
    endloop
  endfacet
  facet normal -0.904168 0.427178 0
    outer loop
      vertex 50.6906 30.8636 -3
      vertex 50.7472 30.9834 1.4
      vertex 50.7472 30.9834 -3
    endloop
  endfacet
  facet normal -0.904168 0.427178 0
    outer loop
      vertex 50.7472 30.9834 1.4
      vertex 50.6906 30.8636 -3
      vertex 50.6906 30.8636 1.4
    endloop
  endfacet
  facet normal 0.595643 0.803249 -0
    outer loop
      vertex 48.75 30.3775 -3
      vertex 48.6436 30.4564 1.4
      vertex 48.75 30.3775 1.4
    endloop
  endfacet
  facet normal 0.595643 0.803249 0
    outer loop
      vertex 48.6436 30.4564 1.4
      vertex 48.75 30.3775 -3
      vertex 48.6436 30.4564 -3
    endloop
  endfacet
  facet normal 0.803249 -0.595643 0
    outer loop
      vertex 48.3775 32.25 1.4
      vertex 48.4564 32.3564 -3
      vertex 48.4564 32.3564 1.4
    endloop
  endfacet
  facet normal 0.803249 -0.595643 0
    outer loop
      vertex 48.4564 32.3564 -3
      vertex 48.3775 32.25 1.4
      vertex 48.3775 32.25 -3
    endloop
  endfacet
  facet normal 0.941348 -0.337436 0
    outer loop
      vertex 48.2081 31.8919 1.4
      vertex 48.2528 32.0166 -3
      vertex 48.2528 32.0166 1.4
    endloop
  endfacet
  facet normal 0.941348 -0.337436 0
    outer loop
      vertex 48.2528 32.0166 -3
      vertex 48.2081 31.8919 1.4
      vertex 48.2081 31.8919 -3
    endloop
  endfacet
  facet normal -0.941348 -0.337436 0
    outer loop
      vertex 50.7919 31.8919 -3
      vertex 50.7472 32.0166 1.4
      vertex 50.7472 32.0166 -3
    endloop
  endfacet
  facet normal -0.941348 -0.337436 0
    outer loop
      vertex 50.7472 32.0166 1.4
      vertex 50.7919 31.8919 -3
      vertex 50.7919 31.8919 1.4
    endloop
  endfacet
  facet normal 0.671545 0.740963 -0
    outer loop
      vertex 48.6436 30.4564 -3
      vertex 48.5454 30.5454 1.4
      vertex 48.6436 30.4564 1.4
    endloop
  endfacet
  facet normal 0.671545 0.740963 0
    outer loop
      vertex 48.5454 30.5454 1.4
      vertex 48.6436 30.4564 -3
      vertex 48.5454 30.5454 -3
    endloop
  endfacet
  facet normal -0.970009 0.243068 0
    outer loop
      vertex 50.7919 31.1081 -3
      vertex 50.8241 31.2366 1.4
      vertex 50.8241 31.2366 -3
    endloop
  endfacet
  facet normal -0.970009 0.243068 0
    outer loop
      vertex 50.8241 31.2366 1.4
      vertex 50.7919 31.1081 -3
      vertex 50.7919 31.1081 1.4
    endloop
  endfacet
  facet normal -0.989228 0.146385 0
    outer loop
      vertex 50.8241 31.2366 -3
      vertex 50.8435 31.3677 1.4
      vertex 50.8435 31.3677 -3
    endloop
  endfacet
  facet normal -0.989228 0.146385 0
    outer loop
      vertex 50.8435 31.3677 1.4
      vertex 50.8241 31.2366 -3
      vertex 50.8241 31.2366 1.4
    endloop
  endfacet
  facet normal 0.514163 0.857693 -0
    outer loop
      vertex 48.8636 30.3094 -3
      vertex 48.75 30.3775 1.4
      vertex 48.8636 30.3094 1.4
    endloop
  endfacet
  facet normal 0.514163 0.857693 0
    outer loop
      vertex 48.75 30.3775 1.4
      vertex 48.8636 30.3094 -3
      vertex 48.75 30.3775 -3
    endloop
  endfacet
  facet normal -0.337436 -0.941348 0
    outer loop
      vertex 49.8919 32.7919 -3
      vertex 50.0166 32.7472 1.4
      vertex 49.8919 32.7919 1.4
    endloop
  endfacet
  facet normal -0.337436 -0.941348 -0
    outer loop
      vertex 50.0166 32.7472 1.4
      vertex 49.8919 32.7919 -3
      vertex 50.0166 32.7472 -3
    endloop
  endfacet
  facet normal 0.337436 -0.941348 0
    outer loop
      vertex 48.9834 32.7472 -3
      vertex 49.1081 32.7919 1.4
      vertex 48.9834 32.7472 1.4
    endloop
  endfacet
  facet normal 0.337436 -0.941348 0
    outer loop
      vertex 49.1081 32.7919 1.4
      vertex 48.9834 32.7472 -3
      vertex 49.1081 32.7919 -3
    endloop
  endfacet
  facet normal -0.146385 0.989228 0
    outer loop
      vertex 49.7634 30.1759 -3
      vertex 49.6323 30.1565 1.4
      vertex 49.7634 30.1759 1.4
    endloop
  endfacet
  facet normal -0.146385 0.989228 0
    outer loop
      vertex 49.6323 30.1565 1.4
      vertex 49.7634 30.1759 -3
      vertex 49.6323 30.1565 -3
    endloop
  endfacet
  facet normal -0.857693 0.514163 0
    outer loop
      vertex 50.6225 30.75 -3
      vertex 50.6906 30.8636 1.4
      vertex 50.6906 30.8636 -3
    endloop
  endfacet
  facet normal -0.857693 0.514163 0
    outer loop
      vertex 50.6906 30.8636 1.4
      vertex 50.6225 30.75 -3
      vertex 50.6225 30.75 1.4
    endloop
  endfacet
  facet normal 0.0490716 -0.998795 0
    outer loop
      vertex 49.3677 32.8435 -3
      vertex 49.5 32.85 1.4
      vertex 49.3677 32.8435 1.4
    endloop
  endfacet
  facet normal 0.0490716 -0.998795 0
    outer loop
      vertex 49.5 32.85 1.4
      vertex 49.3677 32.8435 -3
      vertex 49.5 32.85 -3
    endloop
  endfacet
  facet normal 0.998795 0.0490716 0
    outer loop
      vertex 48.1565 31.3677 1.4
      vertex 48.15 31.5 -3
      vertex 48.15 31.5 1.4
    endloop
  endfacet
  facet normal 0.998795 0.0490716 0
    outer loop
      vertex 48.15 31.5 -3
      vertex 48.1565 31.3677 1.4
      vertex 48.1565 31.3677 -3
    endloop
  endfacet
  facet normal -0.941348 0.337436 0
    outer loop
      vertex 50.7472 30.9834 -3
      vertex 50.7919 31.1081 1.4
      vertex 50.7919 31.1081 -3
    endloop
  endfacet
  facet normal -0.941348 0.337436 0
    outer loop
      vertex 50.7919 31.1081 1.4
      vertex 50.7472 30.9834 -3
      vertex 50.7472 30.9834 1.4
    endloop
  endfacet
  facet normal -0.427178 -0.904168 0
    outer loop
      vertex 50.0166 32.7472 -3
      vertex 50.1364 32.6906 1.4
      vertex 50.0166 32.7472 1.4
    endloop
  endfacet
  facet normal -0.427178 -0.904168 -0
    outer loop
      vertex 50.1364 32.6906 1.4
      vertex 50.0166 32.7472 -3
      vertex 50.1364 32.6906 -3
    endloop
  endfacet
  facet normal -0.740963 -0.671545 0
    outer loop
      vertex 50.5436 32.3564 -3
      vertex 50.4546 32.4546 1.4
      vertex 50.4546 32.4546 -3
    endloop
  endfacet
  facet normal -0.740963 -0.671545 0
    outer loop
      vertex 50.4546 32.4546 1.4
      vertex 50.5436 32.3564 -3
      vertex 50.5436 32.3564 1.4
    endloop
  endfacet
  facet normal -0.0490716 -0.998795 0
    outer loop
      vertex 49.5 32.85 -3
      vertex 49.6323 32.8435 1.4
      vertex 49.5 32.85 1.4
    endloop
  endfacet
  facet normal -0.0490716 -0.998795 -0
    outer loop
      vertex 49.6323 32.8435 1.4
      vertex 49.5 32.85 -3
      vertex 49.6323 32.8435 -3
    endloop
  endfacet
  facet normal 0.857693 0.514163 0
    outer loop
      vertex 48.3775 30.75 1.4
      vertex 48.3094 30.8636 -3
      vertex 48.3094 30.8636 1.4
    endloop
  endfacet
  facet normal 0.857693 0.514163 0
    outer loop
      vertex 48.3094 30.8636 -3
      vertex 48.3775 30.75 1.4
      vertex 48.3775 30.75 -3
    endloop
  endfacet
  facet normal -0.857693 -0.514163 0
    outer loop
      vertex 50.6906 32.1364 -3
      vertex 50.6225 32.25 1.4
      vertex 50.6225 32.25 -3
    endloop
  endfacet
  facet normal -0.857693 -0.514163 0
    outer loop
      vertex 50.6225 32.25 1.4
      vertex 50.6906 32.1364 -3
      vertex 50.6906 32.1364 1.4
    endloop
  endfacet
  facet normal 0.146385 0.989228 -0
    outer loop
      vertex 49.3677 30.1565 -3
      vertex 49.2366 30.1759 1.4
      vertex 49.3677 30.1565 1.4
    endloop
  endfacet
  facet normal 0.146385 0.989228 0
    outer loop
      vertex 49.2366 30.1759 1.4
      vertex 49.3677 30.1565 -3
      vertex 49.2366 30.1759 -3
    endloop
  endfacet
  facet normal -0.671545 0.740963 0
    outer loop
      vertex 50.4546 30.5454 -3
      vertex 50.3564 30.4564 1.4
      vertex 50.4546 30.5454 1.4
    endloop
  endfacet
  facet normal -0.671545 0.740963 0
    outer loop
      vertex 50.3564 30.4564 1.4
      vertex 50.4546 30.5454 -3
      vertex 50.3564 30.4564 -3
    endloop
  endfacet
  facet normal 0.0490716 0.998795 -0
    outer loop
      vertex 49.5 30.15 -3
      vertex 49.3677 30.1565 1.4
      vertex 49.5 30.15 1.4
    endloop
  endfacet
  facet normal 0.0490716 0.998795 0
    outer loop
      vertex 49.3677 30.1565 1.4
      vertex 49.5 30.15 -3
      vertex 49.3677 30.1565 -3
    endloop
  endfacet
  facet normal 0.740963 -0.671545 0
    outer loop
      vertex 48.4564 32.3564 1.4
      vertex 48.5454 32.4546 -3
      vertex 48.5454 32.4546 1.4
    endloop
  endfacet
  facet normal 0.740963 -0.671545 0
    outer loop
      vertex 48.5454 32.4546 -3
      vertex 48.4564 32.3564 1.4
      vertex 48.4564 32.3564 -3
    endloop
  endfacet
  facet normal -0.671545 -0.740963 0
    outer loop
      vertex 50.3564 32.5436 -3
      vertex 50.4546 32.4546 1.4
      vertex 50.3564 32.5436 1.4
    endloop
  endfacet
  facet normal -0.671545 -0.740963 -0
    outer loop
      vertex 50.4546 32.4546 1.4
      vertex 50.3564 32.5436 -3
      vertex 50.4546 32.4546 -3
    endloop
  endfacet
  facet normal 0.146385 -0.989228 0
    outer loop
      vertex 49.2366 32.8241 -3
      vertex 49.3677 32.8435 1.4
      vertex 49.2366 32.8241 1.4
    endloop
  endfacet
  facet normal 0.146385 -0.989228 0
    outer loop
      vertex 49.3677 32.8435 1.4
      vertex 49.2366 32.8241 -3
      vertex 49.3677 32.8435 -3
    endloop
  endfacet
  facet normal 0.904168 -0.427178 0
    outer loop
      vertex 48.2528 32.0166 1.4
      vertex 48.3094 32.1364 -3
      vertex 48.3094 32.1364 1.4
    endloop
  endfacet
  facet normal 0.904168 -0.427178 0
    outer loop
      vertex 48.3094 32.1364 -3
      vertex 48.2528 32.0166 1.4
      vertex 48.2528 32.0166 -3
    endloop
  endfacet
  facet normal 0.970009 -0.243068 0
    outer loop
      vertex 48.1759 31.7634 1.4
      vertex 48.2081 31.8919 -3
      vertex 48.2081 31.8919 1.4
    endloop
  endfacet
  facet normal 0.970009 -0.243068 0
    outer loop
      vertex 48.2081 31.8919 -3
      vertex 48.1759 31.7634 1.4
      vertex 48.1759 31.7634 -3
    endloop
  endfacet
  facet normal -0.243068 -0.970009 0
    outer loop
      vertex 49.7634 32.8241 -3
      vertex 49.8919 32.7919 1.4
      vertex 49.7634 32.8241 1.4
    endloop
  endfacet
  facet normal -0.243068 -0.970009 -0
    outer loop
      vertex 49.8919 32.7919 1.4
      vertex 49.7634 32.8241 -3
      vertex 49.8919 32.7919 -3
    endloop
  endfacet
  facet normal 0.970009 0.243068 0
    outer loop
      vertex 48.2081 31.1081 1.4
      vertex 48.1759 31.2366 -3
      vertex 48.1759 31.2366 1.4
    endloop
  endfacet
  facet normal 0.970009 0.243068 0
    outer loop
      vertex 48.1759 31.2366 -3
      vertex 48.2081 31.1081 1.4
      vertex 48.2081 31.1081 -3
    endloop
  endfacet
  facet normal 0.427178 0.904168 -0
    outer loop
      vertex 48.9834 30.2528 -3
      vertex 48.8636 30.3094 1.4
      vertex 48.9834 30.2528 1.4
    endloop
  endfacet
  facet normal 0.427178 0.904168 0
    outer loop
      vertex 48.8636 30.3094 1.4
      vertex 48.9834 30.2528 -3
      vertex 48.8636 30.3094 -3
    endloop
  endfacet
  facet normal 0.740963 0.671545 0
    outer loop
      vertex 48.5454 30.5454 1.4
      vertex 48.4564 30.6436 -3
      vertex 48.4564 30.6436 1.4
    endloop
  endfacet
  facet normal 0.740963 0.671545 0
    outer loop
      vertex 48.4564 30.6436 -3
      vertex 48.5454 30.5454 1.4
      vertex 48.5454 30.5454 -3
    endloop
  endfacet
  facet normal -0.0490716 0.998795 0
    outer loop
      vertex 49.6323 30.1565 -3
      vertex 49.5 30.15 1.4
      vertex 49.6323 30.1565 1.4
    endloop
  endfacet
  facet normal -0.0490716 0.998795 0
    outer loop
      vertex 49.5 30.15 1.4
      vertex 49.6323 30.1565 -3
      vertex 49.5 30.15 -3
    endloop
  endfacet
  facet normal 0.989228 0.146385 0
    outer loop
      vertex 48.1759 31.2366 1.4
      vertex 48.1565 31.3677 -3
      vertex 48.1565 31.3677 1.4
    endloop
  endfacet
  facet normal 0.989228 0.146385 0
    outer loop
      vertex 48.1565 31.3677 -3
      vertex 48.1759 31.2366 1.4
      vertex 48.1759 31.2366 -3
    endloop
  endfacet
  facet normal -0.595643 0.803249 0
    outer loop
      vertex 50.3564 30.4564 -3
      vertex 50.25 30.3775 1.4
      vertex 50.3564 30.4564 1.4
    endloop
  endfacet
  facet normal -0.595643 0.803249 0
    outer loop
      vertex 50.25 30.3775 1.4
      vertex 50.3564 30.4564 -3
      vertex 50.25 30.3775 -3
    endloop
  endfacet
  facet normal 0.803249 0.595643 0
    outer loop
      vertex 48.4564 30.6436 1.4
      vertex 48.3775 30.75 -3
      vertex 48.3775 30.75 1.4
    endloop
  endfacet
  facet normal 0.803249 0.595643 0
    outer loop
      vertex 48.3775 30.75 -3
      vertex 48.4564 30.6436 1.4
      vertex 48.4564 30.6436 -3
    endloop
  endfacet
  facet normal 0.998795 -0.0490716 0
    outer loop
      vertex 48.15 31.5 1.4
      vertex 48.1565 31.6323 -3
      vertex 48.1565 31.6323 1.4
    endloop
  endfacet
  facet normal 0.998795 -0.0490716 0
    outer loop
      vertex 48.1565 31.6323 -3
      vertex 48.15 31.5 1.4
      vertex 48.15 31.5 -3
    endloop
  endfacet
  facet normal -0.740963 0.671545 0
    outer loop
      vertex 50.4546 30.5454 -3
      vertex 50.5436 30.6436 1.4
      vertex 50.5436 30.6436 -3
    endloop
  endfacet
  facet normal -0.740963 0.671545 0
    outer loop
      vertex 50.5436 30.6436 1.4
      vertex 50.4546 30.5454 -3
      vertex 50.4546 30.5454 1.4
    endloop
  endfacet
  facet normal -0.760308 -0.0373545 0.648487
    outer loop
      vertex -48.15 -31.5 1.4
      vertex -46.7857 -31.4922 3
      vertex -48.1565 -31.3677 1.4
    endloop
  endfacet
  facet normal -0.760257 -0.0389875 0.648452
    outer loop
      vertex -46.7857 -31.4922 3
      vertex -48.15 -31.5 1.4
      vertex -46.7853 -31.5 3
    endloop
  endfacet
  facet normal 0.453569 0.611332 0.648497
    outer loop
      vertex -51.0145 -33.7526 3
      vertex -50.3564 -32.5436 1.4
      vertex -51.2222 -33.5985 3
    endloop
  endfacet
  facet normal -0.111567 0.753004 0.648489
    outer loop
      vertex -49.2339 -34.2016 3
      vertex -48.9781 -34.1637 3
      vertex -49.3677 -32.8435 1.4
    endloop
  endfacet
  facet normal 0.39147 -0.652843 0.648496
    outer loop
      vertex -50.25 -30.3775 1.4
      vertex -50.7864 -29.1098 3
      vertex -51.0082 -29.2428 3
    endloop
  endfacet
  facet normal -0.448824 -0.614694 0.64862
    outer loop
      vertex -48.75 -30.3775 1.4
      vertex -47.9855 -29.2474 3
      vertex -47.9918 -29.2428 3
    endloop
  endfacet
  facet normal -0.453407 -0.611438 0.64851
    outer loop
      vertex -47.9855 -29.2474 3
      vertex -48.75 -30.3775 1.4
      vertex -48.6436 -30.4564 1.4
    endloop
  endfacet
  facet normal -0.753032 0.111433 0.648479
    outer loop
      vertex -48.1759 -31.7634 1.4
      vertex -46.8363 -32.0219 3
      vertex -48.1565 -31.6323 1.4
    endloop
  endfacet
  facet normal -0.752056 0.117204 0.648595
    outer loop
      vertex -46.8363 -32.0219 3
      vertex -48.1759 -31.7634 1.4
      vertex -46.8375 -32.0296 3
    endloop
  endfacet
  facet normal -0.652843 -0.39147 0.648496
    outer loop
      vertex -47.1098 -30.2136 3
      vertex -47.2428 -29.9918 3
      vertex -48.3775 -30.75 1.4
    endloop
  endfacet
  facet normal -0.256374 -0.716728 0.648516
    outer loop
      vertex -48.4611 -28.9919 3
      vertex -48.7046 -28.9048 3
      vertex -48.9834 -30.2528 1.4
    endloop
  endfacet
  facet normal 0.111433 0.753032 0.648479
    outer loop
      vertex -49.7634 -32.8241 1.4
      vertex -50.0219 -34.1637 3
      vertex -49.6323 -32.8435 1.4
    endloop
  endfacet
  facet normal 0.117204 0.752056 0.648595
    outer loop
      vertex -50.0219 -34.1637 3
      vertex -49.7634 -32.8241 1.4
      vertex -50.0296 -34.1625 3
    endloop
  endfacet
  facet normal 0.508095 -0.566721 0.648589
    outer loop
      vertex -51.228 -29.4067 3
      vertex -50.3564 -30.4564 1.4
      vertex -51.2222 -29.4015 3
    endloop
  endfacet
  facet normal 0.511186 -0.564028 0.648507
    outer loop
      vertex -50.3564 -30.4564 1.4
      vertex -51.228 -29.4067 3
      vertex -50.4546 -30.5454 1.4
    endloop
  endfacet
  facet normal 0.752056 -0.117204 0.648595
    outer loop
      vertex -52.1637 -30.9781 3
      vertex -50.8241 -31.2366 1.4
      vertex -52.1625 -30.9704 3
    endloop
  endfacet
  facet normal 0.753032 -0.111433 0.648479
    outer loop
      vertex -50.8241 -31.2366 1.4
      vertex -52.1637 -30.9781 3
      vertex -50.8435 -31.3677 1.4
    endloop
  endfacet
  facet normal 0.740185 -0.175307 0.649148
    outer loop
      vertex -52.1625 -30.9704 3
      vertex -50.7919 -31.1081 1.4
      vertex -52.1607 -30.9628 3
    endloop
  endfacet
  facet normal 0.738412 -0.185034 0.648467
    outer loop
      vertex -50.7919 -31.1081 1.4
      vertex -52.1625 -30.9704 3
      vertex -50.8241 -31.2366 1.4
    endloop
  endfacet
  facet normal -0.716728 0.256374 0.648516
    outer loop
      vertex -46.9919 -32.5389 3
      vertex -46.9048 -32.2954 3
      vertex -48.2528 -32.0166 1.4
    endloop
  endfacet
  facet normal -0.185034 -0.738412 0.648467
    outer loop
      vertex -49.1081 -30.2081 1.4
      vertex -48.9704 -28.8375 3
      vertex -49.2366 -30.1759 1.4
    endloop
  endfacet
  facet normal -0.175307 -0.740185 0.649148
    outer loop
      vertex -48.9704 -28.8375 3
      vertex -49.1081 -30.2081 1.4
      vertex -48.9628 -28.8393 3
    endloop
  endfacet
  facet normal 0.760257 0.0389875 0.648452
    outer loop
      vertex -52.2143 -31.5078 3
      vertex -50.85 -31.5 1.4
      vertex -52.2147 -31.5 3
    endloop
  endfacet
  facet normal 0.760308 0.0373545 0.648487
    outer loop
      vertex -50.85 -31.5 1.4
      vertex -52.2143 -31.5078 3
      vertex -50.8435 -31.6323 1.4
    endloop
  endfacet
  facet normal -0.0373826 -0.760309 0.648486
    outer loop
      vertex -49.3677 -30.1565 1.4
      vertex -49.2339 -28.7984 3
      vertex -49.4922 -28.7857 3
    endloop
  endfacet
  facet normal -0.652889 0.391389 0.648499
    outer loop
      vertex -48.3775 -32.25 1.4
      vertex -47.1058 -32.7797 3
      vertex -48.3094 -32.1364 1.4
    endloop
  endfacet
  facet normal -0.653524 0.390164 0.648598
    outer loop
      vertex -47.1058 -32.7797 3
      vertex -48.3775 -32.25 1.4
      vertex -47.1098 -32.7864 3
    endloop
  endfacet
  facet normal -0.111567 -0.753004 0.648489
    outer loop
      vertex -48.9781 -28.8363 3
      vertex -49.2339 -28.7984 3
      vertex -49.3677 -30.1565 1.4
    endloop
  endfacet
  facet normal 0.511186 0.564028 0.648507
    outer loop
      vertex -51.228 -33.5933 3
      vertex -50.3564 -32.5436 1.4
      vertex -50.4546 -32.4546 1.4
    endloop
  endfacet
  facet normal 0.508095 0.566721 0.648589
    outer loop
      vertex -50.3564 -32.5436 1.4
      vertex -51.228 -33.5933 3
      vertex -51.2222 -33.5985 3
    endloop
  endfacet
  facet normal -0.566721 0.508095 0.648589
    outer loop
      vertex -48.4564 -32.3564 1.4
      vertex -47.4067 -33.228 3
      vertex -47.4015 -33.2222 3
    endloop
  endfacet
  facet normal -0.564028 0.511186 0.648507
    outer loop
      vertex -47.4067 -33.228 3
      vertex -48.4564 -32.3564 1.4
      vertex -48.5454 -32.4546 1.4
    endloop
  endfacet
  facet normal -0.611332 0.453569 0.648497
    outer loop
      vertex -47.4015 -33.2222 3
      vertex -47.2474 -33.0145 3
      vertex -48.4564 -32.3564 1.4
    endloop
  endfacet
  facet normal 0.716728 0.256374 0.648516
    outer loop
      vertex -52.0081 -32.5389 3
      vertex -50.7472 -32.0166 1.4
      vertex -52.0952 -32.2954 3
    endloop
  endfacet
  facet normal 0.185179 -0.738361 0.648484
    outer loop
      vertex -49.8919 -30.2081 1.4
      vertex -50.0372 -28.8393 3
      vertex -50.288 -28.9022 3
    endloop
  endfacet
  facet normal -0.111433 -0.753032 0.648479
    outer loop
      vertex -49.2366 -30.1759 1.4
      vertex -48.9781 -28.8363 3
      vertex -49.3677 -30.1565 1.4
    endloop
  endfacet
  facet normal -0.117204 -0.752056 0.648595
    outer loop
      vertex -48.9781 -28.8363 3
      vertex -49.2366 -30.1759 1.4
      vertex -48.9704 -28.8375 3
    endloop
  endfacet
  facet normal 0.256374 -0.716728 0.648516
    outer loop
      vertex -50.0166 -30.2528 1.4
      vertex -50.2954 -28.9048 3
      vertex -50.5389 -28.9919 3
    endloop
  endfacet
  facet normal 0.688093 -0.325505 0.648517
    outer loop
      vertex -50.7472 -30.9834 1.4
      vertex -51.8975 -30.2273 3
      vertex -52.0081 -30.4611 3
    endloop
  endfacet
  facet normal -0.753004 -0.111567 0.648489
    outer loop
      vertex -46.7984 -31.2339 3
      vertex -46.8363 -30.9781 3
      vertex -48.1565 -31.3677 1.4
    endloop
  endfacet
  facet normal 0.325505 -0.688093 0.648517
    outer loop
      vertex -50.0166 -30.2528 1.4
      vertex -50.5389 -28.9919 3
      vertex -50.7727 -29.1025 3
    endloop
  endfacet
  facet normal -0.738412 0.185034 0.648467
    outer loop
      vertex -48.2081 -31.8919 1.4
      vertex -46.8375 -32.0296 3
      vertex -48.1759 -31.7634 1.4
    endloop
  endfacet
  facet normal -0.740185 0.175307 0.649148
    outer loop
      vertex -46.8375 -32.0296 3
      vertex -48.2081 -31.8919 1.4
      vertex -46.8393 -32.0372 3
    endloop
  endfacet
  facet normal 0.716728 -0.256374 0.648516
    outer loop
      vertex -50.7472 -30.9834 1.4
      vertex -52.0081 -30.4611 3
      vertex -52.0952 -30.7046 3
    endloop
  endfacet
  facet normal -0.453569 0.611332 0.648497
    outer loop
      vertex -47.9855 -33.7526 3
      vertex -47.7778 -33.5985 3
      vertex -48.6436 -32.5436 1.4
    endloop
  endfacet
  facet normal -0.563959 -0.511272 0.648499
    outer loop
      vertex -47.4067 -29.772 3
      vertex -47.5804 -29.5804 3
      vertex -48.5454 -30.5454 1.4
    endloop
  endfacet
  facet normal 0.453407 0.611438 0.64851
    outer loop
      vertex -51.0145 -33.7526 3
      vertex -50.25 -32.6225 1.4
      vertex -50.3564 -32.5436 1.4
    endloop
  endfacet
  facet normal 0.448824 0.614694 0.64862
    outer loop
      vertex -50.25 -32.6225 1.4
      vertex -51.0145 -33.7526 3
      vertex -51.0082 -33.7572 3
    endloop
  endfacet
  facet normal 0.0373545 -0.760308 0.648487
    outer loop
      vertex -49.5 -30.15 1.4
      vertex -49.5078 -28.7857 3
      vertex -49.6323 -30.1565 1.4
    endloop
  endfacet
  facet normal 0.0389875 -0.760257 0.648452
    outer loop
      vertex -49.5078 -28.7857 3
      vertex -49.5 -30.15 1.4
      vertex -49.5 -28.7853 3
    endloop
  endfacet
  facet normal -0.39147 -0.652843 0.648496
    outer loop
      vertex -47.9918 -29.2428 3
      vertex -48.2136 -29.1098 3
      vertex -48.75 -30.3775 1.4
    endloop
  endfacet
  facet normal 0.688556 -0.324605 0.648477
    outer loop
      vertex -51.8975 -30.2273 3
      vertex -50.6906 -30.8636 1.4
      vertex -51.8942 -30.2203 3
    endloop
  endfacet
  facet normal 0.688272 -0.325177 0.648491
    outer loop
      vertex -50.6906 -30.8636 1.4
      vertex -51.8975 -30.2273 3
      vertex -50.7472 -30.9834 1.4
    endloop
  endfacet
  facet normal 0.175307 -0.740185 0.649148
    outer loop
      vertex -49.8919 -30.2081 1.4
      vertex -50.0296 -28.8375 3
      vertex -50.0372 -28.8393 3
    endloop
  endfacet
  facet normal 0.185034 -0.738412 0.648467
    outer loop
      vertex -50.0296 -28.8375 3
      vertex -49.8919 -30.2081 1.4
      vertex -49.7634 -30.1759 1.4
    endloop
  endfacet
  facet normal 0.256871 0.716595 0.648467
    outer loop
      vertex -50.0166 -32.7472 1.4
      vertex -50.288 -34.0978 3
      vertex -49.8919 -32.7919 1.4
    endloop
  endfacet
  facet normal 0.252245 0.717928 0.648808
    outer loop
      vertex -50.288 -34.0978 3
      vertex -50.0166 -32.7472 1.4
      vertex -50.2954 -34.0952 3
    endloop
  endfacet
  facet normal -0.738361 -0.185179 0.648484
    outer loop
      vertex -46.8393 -30.9628 3
      vertex -46.9022 -30.712 3
      vertex -48.2081 -31.1081 1.4
    endloop
  endfacet
  facet normal 0.325505 0.688093 0.648517
    outer loop
      vertex -50.5389 -34.0081 3
      vertex -50.0166 -32.7472 1.4
      vertex -50.7727 -33.8975 3
    endloop
  endfacet
  facet normal -0.716595 0.256871 0.648467
    outer loop
      vertex -48.2528 -32.0166 1.4
      vertex -46.9022 -32.288 3
      vertex -48.2081 -31.8919 1.4
    endloop
  endfacet
  facet normal -0.717928 0.252245 0.648808
    outer loop
      vertex -46.9022 -32.288 3
      vertex -48.2528 -32.0166 1.4
      vertex -46.9048 -32.2954 3
    endloop
  endfacet
  facet normal 0.611332 0.453569 0.648497
    outer loop
      vertex -51.5985 -33.2222 3
      vertex -50.5436 -32.3564 1.4
      vertex -51.7526 -33.0145 3
    endloop
  endfacet
  facet normal -0.511272 -0.563959 0.648499
    outer loop
      vertex -47.5804 -29.5804 3
      vertex -47.772 -29.4067 3
      vertex -48.5454 -30.5454 1.4
    endloop
  endfacet
  facet normal 0.653524 -0.390164 0.648598
    outer loop
      vertex -51.8942 -30.2203 3
      vertex -50.6225 -30.75 1.4
      vertex -51.8902 -30.2136 3
    endloop
  endfacet
  facet normal 0.652889 -0.391389 0.648499
    outer loop
      vertex -50.6225 -30.75 1.4
      vertex -51.8942 -30.2203 3
      vertex -50.6906 -30.8636 1.4
    endloop
  endfacet
  facet normal -0.760309 -0.0373826 0.648486
    outer loop
      vertex -46.7857 -31.4922 3
      vertex -46.7984 -31.2339 3
      vertex -48.1565 -31.3677 1.4
    endloop
  endfacet
  facet normal -0.760257 0.0389875 0.648452
    outer loop
      vertex -48.15 -31.5 1.4
      vertex -46.7857 -31.5078 3
      vertex -46.7853 -31.5 3
    endloop
  endfacet
  facet normal -0.760308 0.0373545 0.648487
    outer loop
      vertex -46.7857 -31.5078 3
      vertex -48.15 -31.5 1.4
      vertex -48.1565 -31.6323 1.4
    endloop
  endfacet
  facet normal -0.753004 0.111567 0.648489
    outer loop
      vertex -46.8363 -32.0219 3
      vertex -46.7984 -31.7661 3
      vertex -48.1565 -31.6323 1.4
    endloop
  endfacet
  facet normal 0.753004 -0.111567 0.648489
    outer loop
      vertex -50.8435 -31.3677 1.4
      vertex -52.1637 -30.9781 3
      vertex -52.2016 -31.2339 3
    endloop
  endfacet
  facet normal 0.511272 -0.563959 0.648499
    outer loop
      vertex -50.4546 -30.5454 1.4
      vertex -51.228 -29.4067 3
      vertex -51.4196 -29.5804 3
    endloop
  endfacet
  facet normal 0.448824 -0.614694 0.64862
    outer loop
      vertex -51.0145 -29.2474 3
      vertex -50.25 -30.3775 1.4
      vertex -51.0082 -29.2428 3
    endloop
  endfacet
  facet normal 0.453407 -0.611438 0.64851
    outer loop
      vertex -50.25 -30.3775 1.4
      vertex -51.0145 -29.2474 3
      vertex -50.3564 -30.4564 1.4
    endloop
  endfacet
  facet normal 0.563959 0.511272 0.648499
    outer loop
      vertex -51.4196 -33.4196 3
      vertex -50.4546 -32.4546 1.4
      vertex -51.5933 -33.228 3
    endloop
  endfacet
  facet normal -0.614694 -0.448824 0.64862
    outer loop
      vertex -47.2474 -29.9855 3
      vertex -48.3775 -30.75 1.4
      vertex -47.2428 -29.9918 3
    endloop
  endfacet
  facet normal -0.611438 -0.453407 0.64851
    outer loop
      vertex -48.3775 -30.75 1.4
      vertex -47.2474 -29.9855 3
      vertex -48.4564 -30.6436 1.4
    endloop
  endfacet
  facet normal -0.175307 0.740185 0.649148
    outer loop
      vertex -49.1081 -32.7919 1.4
      vertex -48.9704 -34.1625 3
      vertex -48.9628 -34.1607 3
    endloop
  endfacet
  facet normal -0.185034 0.738412 0.648467
    outer loop
      vertex -48.9704 -34.1625 3
      vertex -49.1081 -32.7919 1.4
      vertex -49.2366 -32.8241 1.4
    endloop
  endfacet
  facet normal -0.185179 -0.738361 0.648484
    outer loop
      vertex -48.712 -28.9022 3
      vertex -48.9628 -28.8393 3
      vertex -49.1081 -30.2081 1.4
    endloop
  endfacet
  facet normal -0.688272 0.325177 0.648491
    outer loop
      vertex -48.3094 -32.1364 1.4
      vertex -47.1025 -32.7727 3
      vertex -48.2528 -32.0166 1.4
    endloop
  endfacet
  facet normal -0.688556 0.324605 0.648477
    outer loop
      vertex -47.1025 -32.7727 3
      vertex -48.3094 -32.1364 1.4
      vertex -47.1058 -32.7797 3
    endloop
  endfacet
  facet normal -0.652843 0.39147 0.648496
    outer loop
      vertex -47.2428 -33.0082 3
      vertex -47.1098 -32.7864 3
      vertex -48.3775 -32.25 1.4
    endloop
  endfacet
  facet normal 0.716595 0.256871 0.648467
    outer loop
      vertex -52.0978 -32.288 3
      vertex -50.7472 -32.0166 1.4
      vertex -50.7919 -31.8919 1.4
    endloop
  endfacet
  facet normal 0.717928 0.252245 0.648808
    outer loop
      vertex -50.7472 -32.0166 1.4
      vertex -52.0978 -32.288 3
      vertex -52.0952 -32.2954 3
    endloop
  endfacet
  facet normal 0.611438 -0.453407 0.64851
    outer loop
      vertex -51.7526 -29.9855 3
      vertex -50.6225 -30.75 1.4
      vertex -50.5436 -30.6436 1.4
    endloop
  endfacet
  facet normal 0.614694 -0.448824 0.64862
    outer loop
      vertex -50.6225 -30.75 1.4
      vertex -51.7526 -29.9855 3
      vertex -51.7572 -29.9918 3
    endloop
  endfacet
  facet normal -0.256374 0.716728 0.648516
    outer loop
      vertex -48.7046 -34.0952 3
      vertex -48.4611 -34.0081 3
      vertex -48.9834 -32.7472 1.4
    endloop
  endfacet
  facet normal 0.753004 0.111567 0.648489
    outer loop
      vertex -52.1637 -32.0219 3
      vertex -50.8435 -31.6323 1.4
      vertex -52.2016 -31.7661 3
    endloop
  endfacet
  facet normal -0.688093 0.325505 0.648517
    outer loop
      vertex -47.1025 -32.7727 3
      vertex -46.9919 -32.5389 3
      vertex -48.2528 -32.0166 1.4
    endloop
  endfacet
  facet normal 0.717928 -0.252245 0.648808
    outer loop
      vertex -52.0978 -30.712 3
      vertex -50.7472 -30.9834 1.4
      vertex -52.0952 -30.7046 3
    endloop
  endfacet
  facet normal 0.716595 -0.256871 0.648467
    outer loop
      vertex -50.7472 -30.9834 1.4
      vertex -52.0978 -30.712 3
      vertex -50.7919 -31.1081 1.4
    endloop
  endfacet
  facet normal 0.0389875 0.760257 0.648452
    outer loop
      vertex -49.5 -32.85 1.4
      vertex -49.5078 -34.2143 3
      vertex -49.5 -34.2147 3
    endloop
  endfacet
  facet normal 0.0373545 0.760308 0.648487
    outer loop
      vertex -49.5078 -34.2143 3
      vertex -49.5 -32.85 1.4
      vertex -49.6323 -32.8435 1.4
    endloop
  endfacet
  facet normal -0.185179 0.738361 0.648484
    outer loop
      vertex -48.9628 -34.1607 3
      vertex -48.712 -34.0978 3
      vertex -49.1081 -32.7919 1.4
    endloop
  endfacet
  facet normal -0.563959 0.511272 0.648499
    outer loop
      vertex -47.5804 -33.4196 3
      vertex -47.4067 -33.228 3
      vertex -48.5454 -32.4546 1.4
    endloop
  endfacet
  facet normal -0.738361 0.185179 0.648484
    outer loop
      vertex -46.9022 -32.288 3
      vertex -46.8393 -32.0372 3
      vertex -48.2081 -31.8919 1.4
    endloop
  endfacet
  facet normal -0.252245 0.717928 0.648808
    outer loop
      vertex -48.9834 -32.7472 1.4
      vertex -48.712 -34.0978 3
      vertex -48.7046 -34.0952 3
    endloop
  endfacet
  facet normal -0.256871 0.716595 0.648467
    outer loop
      vertex -48.712 -34.0978 3
      vertex -48.9834 -32.7472 1.4
      vertex -49.1081 -32.7919 1.4
    endloop
  endfacet
  facet normal -0.760309 0.0373826 0.648486
    outer loop
      vertex -46.7984 -31.7661 3
      vertex -46.7857 -31.5078 3
      vertex -48.1565 -31.6323 1.4
    endloop
  endfacet
  facet normal -0.740185 -0.175307 0.649148
    outer loop
      vertex -48.2081 -31.1081 1.4
      vertex -46.8375 -30.9704 3
      vertex -46.8393 -30.9628 3
    endloop
  endfacet
  facet normal -0.738412 -0.185034 0.648467
    outer loop
      vertex -46.8375 -30.9704 3
      vertex -48.2081 -31.1081 1.4
      vertex -48.1759 -31.2366 1.4
    endloop
  endfacet
  facet normal -0.752056 -0.117204 0.648595
    outer loop
      vertex -48.1759 -31.2366 1.4
      vertex -46.8363 -30.9781 3
      vertex -46.8375 -30.9704 3
    endloop
  endfacet
  facet normal -0.753032 -0.111433 0.648479
    outer loop
      vertex -46.8363 -30.9781 3
      vertex -48.1759 -31.2366 1.4
      vertex -48.1565 -31.3677 1.4
    endloop
  endfacet
  facet normal 0.252245 -0.717928 0.648808
    outer loop
      vertex -50.0166 -30.2528 1.4
      vertex -50.288 -28.9022 3
      vertex -50.2954 -28.9048 3
    endloop
  endfacet
  facet normal 0.256871 -0.716595 0.648467
    outer loop
      vertex -50.288 -28.9022 3
      vertex -50.0166 -30.2528 1.4
      vertex -49.8919 -30.2081 1.4
    endloop
  endfacet
  facet normal 0.738361 0.185179 0.648484
    outer loop
      vertex -52.0978 -32.288 3
      vertex -50.7919 -31.8919 1.4
      vertex -52.1607 -32.0372 3
    endloop
  endfacet
  facet normal 0.564028 0.511186 0.648507
    outer loop
      vertex -50.5436 -32.3564 1.4
      vertex -51.5933 -33.228 3
      vertex -50.4546 -32.4546 1.4
    endloop
  endfacet
  facet normal 0.566721 0.508095 0.648589
    outer loop
      vertex -51.5933 -33.228 3
      vertex -50.5436 -32.3564 1.4
      vertex -51.5985 -33.2222 3
    endloop
  endfacet
  facet normal -0.39147 0.652843 0.648496
    outer loop
      vertex -48.2136 -33.8902 3
      vertex -47.9918 -33.7572 3
      vertex -48.75 -32.6225 1.4
    endloop
  endfacet
  facet normal 0.390164 -0.653524 0.648598
    outer loop
      vertex -50.25 -30.3775 1.4
      vertex -50.7797 -29.1058 3
      vertex -50.7864 -29.1098 3
    endloop
  endfacet
  facet normal 0.391389 -0.652889 0.648499
    outer loop
      vertex -50.7797 -29.1058 3
      vertex -50.25 -30.3775 1.4
      vertex -50.1364 -30.3094 1.4
    endloop
  endfacet
  facet normal -0.117204 0.752056 0.648595
    outer loop
      vertex -49.2366 -32.8241 1.4
      vertex -48.9781 -34.1637 3
      vertex -48.9704 -34.1625 3
    endloop
  endfacet
  facet normal -0.111433 0.753032 0.648479
    outer loop
      vertex -48.9781 -34.1637 3
      vertex -49.2366 -32.8241 1.4
      vertex -49.3677 -32.8435 1.4
    endloop
  endfacet
  facet normal 0.324605 -0.688556 0.648477
    outer loop
      vertex -50.1364 -30.3094 1.4
      vertex -50.7727 -29.1025 3
      vertex -50.7797 -29.1058 3
    endloop
  endfacet
  facet normal 0.325177 -0.688272 0.648491
    outer loop
      vertex -50.7727 -29.1025 3
      vertex -50.1364 -30.3094 1.4
      vertex -50.0166 -30.2528 1.4
    endloop
  endfacet
  facet normal 0.511272 0.563959 0.648499
    outer loop
      vertex -51.228 -33.5933 3
      vertex -50.4546 -32.4546 1.4
      vertex -51.4196 -33.4196 3
    endloop
  endfacet
  facet normal 0.563959 -0.511272 0.648499
    outer loop
      vertex -50.4546 -30.5454 1.4
      vertex -51.4196 -29.5804 3
      vertex -51.5933 -29.772 3
    endloop
  endfacet
  facet normal 0.738361 -0.185179 0.648484
    outer loop
      vertex -50.7919 -31.1081 1.4
      vertex -52.0978 -30.712 3
      vertex -52.1607 -30.9628 3
    endloop
  endfacet
  facet normal 0.117204 -0.752056 0.648595
    outer loop
      vertex -49.7634 -30.1759 1.4
      vertex -50.0219 -28.8363 3
      vertex -50.0296 -28.8375 3
    endloop
  endfacet
  facet normal 0.111433 -0.753032 0.648479
    outer loop
      vertex -50.0219 -28.8363 3
      vertex -49.7634 -30.1759 1.4
      vertex -49.6323 -30.1565 1.4
    endloop
  endfacet
  facet normal 0.185179 0.738361 0.648484
    outer loop
      vertex -50.0372 -34.1607 3
      vertex -49.8919 -32.7919 1.4
      vertex -50.288 -34.0978 3
    endloop
  endfacet
  facet normal 0.652843 -0.39147 0.648496
    outer loop
      vertex -50.6225 -30.75 1.4
      vertex -51.7572 -29.9918 3
      vertex -51.8902 -30.2136 3
    endloop
  endfacet
  facet normal 0.111567 0.753004 0.648489
    outer loop
      vertex -49.7661 -34.2016 3
      vertex -49.6323 -32.8435 1.4
      vertex -50.0219 -34.1637 3
    endloop
  endfacet
  facet normal 0.760257 -0.0389875 0.648452
    outer loop
      vertex -50.85 -31.5 1.4
      vertex -52.2143 -31.4922 3
      vertex -52.2147 -31.5 3
    endloop
  endfacet
  facet normal 0.760308 -0.0373545 0.648487
    outer loop
      vertex -52.2143 -31.4922 3
      vertex -50.85 -31.5 1.4
      vertex -50.8435 -31.3677 1.4
    endloop
  endfacet
  facet normal 0.760309 -0.0373826 0.648486
    outer loop
      vertex -50.8435 -31.3677 1.4
      vertex -52.2016 -31.2339 3
      vertex -52.2143 -31.4922 3
    endloop
  endfacet
  facet normal -0.391389 -0.652889 0.648499
    outer loop
      vertex -48.75 -30.3775 1.4
      vertex -48.2203 -29.1058 3
      vertex -48.8636 -30.3094 1.4
    endloop
  endfacet
  facet normal -0.390164 -0.653524 0.648598
    outer loop
      vertex -48.2203 -29.1058 3
      vertex -48.75 -30.3775 1.4
      vertex -48.2136 -29.1098 3
    endloop
  endfacet
  facet normal -0.325177 -0.688272 0.648491
    outer loop
      vertex -48.8636 -30.3094 1.4
      vertex -48.2273 -29.1025 3
      vertex -48.9834 -30.2528 1.4
    endloop
  endfacet
  facet normal -0.324605 -0.688556 0.648477
    outer loop
      vertex -48.2273 -29.1025 3
      vertex -48.8636 -30.3094 1.4
      vertex -48.2203 -29.1058 3
    endloop
  endfacet
  facet normal -0.325505 -0.688093 0.648517
    outer loop
      vertex -48.2273 -29.1025 3
      vertex -48.4611 -28.9919 3
      vertex -48.9834 -30.2528 1.4
    endloop
  endfacet
  facet normal -0.325505 0.688093 0.648517
    outer loop
      vertex -48.4611 -34.0081 3
      vertex -48.2273 -33.8975 3
      vertex -48.9834 -32.7472 1.4
    endloop
  endfacet
  facet normal 0.325177 0.688272 0.648491
    outer loop
      vertex -50.1364 -32.6906 1.4
      vertex -50.7727 -33.8975 3
      vertex -50.0166 -32.7472 1.4
    endloop
  endfacet
  facet normal 0.324605 0.688556 0.648477
    outer loop
      vertex -50.7727 -33.8975 3
      vertex -50.1364 -32.6906 1.4
      vertex -50.7797 -33.8942 3
    endloop
  endfacet
  facet normal -0.256871 -0.716595 0.648467
    outer loop
      vertex -48.9834 -30.2528 1.4
      vertex -48.712 -28.9022 3
      vertex -49.1081 -30.2081 1.4
    endloop
  endfacet
  facet normal -0.252245 -0.717928 0.648808
    outer loop
      vertex -48.712 -28.9022 3
      vertex -48.9834 -30.2528 1.4
      vertex -48.7046 -28.9048 3
    endloop
  endfacet
  facet normal -0.566721 -0.508095 0.648589
    outer loop
      vertex -47.4067 -29.772 3
      vertex -48.4564 -30.6436 1.4
      vertex -47.4015 -29.7778 3
    endloop
  endfacet
  facet normal -0.564028 -0.511186 0.648507
    outer loop
      vertex -48.4564 -30.6436 1.4
      vertex -47.4067 -29.772 3
      vertex -48.5454 -30.5454 1.4
    endloop
  endfacet
  facet normal -0.611332 -0.453569 0.648497
    outer loop
      vertex -47.2474 -29.9855 3
      vertex -47.4015 -29.7778 3
      vertex -48.4564 -30.6436 1.4
    endloop
  endfacet
  facet normal -0.0373545 0.760308 0.648487
    outer loop
      vertex -49.5 -32.85 1.4
      vertex -49.4922 -34.2143 3
      vertex -49.3677 -32.8435 1.4
    endloop
  endfacet
  facet normal -0.0389875 0.760257 0.648452
    outer loop
      vertex -49.4922 -34.2143 3
      vertex -49.5 -32.85 1.4
      vertex -49.5 -34.2147 3
    endloop
  endfacet
  facet normal -0.0373826 0.760309 0.648486
    outer loop
      vertex -49.2339 -34.2016 3
      vertex -49.3677 -32.8435 1.4
      vertex -49.4922 -34.2143 3
    endloop
  endfacet
  facet normal -0.511186 0.564028 0.648507
    outer loop
      vertex -48.6436 -32.5436 1.4
      vertex -47.772 -33.5933 3
      vertex -48.5454 -32.4546 1.4
    endloop
  endfacet
  facet normal -0.508095 0.566721 0.648589
    outer loop
      vertex -47.772 -33.5933 3
      vertex -48.6436 -32.5436 1.4
      vertex -47.7778 -33.5985 3
    endloop
  endfacet
  facet normal -0.511272 0.563959 0.648499
    outer loop
      vertex -47.772 -33.5933 3
      vertex -47.5804 -33.4196 3
      vertex -48.5454 -32.4546 1.4
    endloop
  endfacet
  facet normal 0.611438 0.453407 0.64851
    outer loop
      vertex -50.6225 -32.25 1.4
      vertex -51.7526 -33.0145 3
      vertex -50.5436 -32.3564 1.4
    endloop
  endfacet
  facet normal 0.614694 0.448824 0.64862
    outer loop
      vertex -51.7526 -33.0145 3
      vertex -50.6225 -32.25 1.4
      vertex -51.7572 -33.0082 3
    endloop
  endfacet
  facet normal -0.614694 0.448824 0.64862
    outer loop
      vertex -48.3775 -32.25 1.4
      vertex -47.2474 -33.0145 3
      vertex -47.2428 -33.0082 3
    endloop
  endfacet
  facet normal -0.611438 0.453407 0.64851
    outer loop
      vertex -47.2474 -33.0145 3
      vertex -48.3775 -32.25 1.4
      vertex -48.4564 -32.3564 1.4
    endloop
  endfacet
  facet normal -0.0389875 -0.760257 0.648452
    outer loop
      vertex -49.5 -30.15 1.4
      vertex -49.4922 -28.7857 3
      vertex -49.5 -28.7853 3
    endloop
  endfacet
  facet normal -0.0373545 -0.760308 0.648487
    outer loop
      vertex -49.4922 -28.7857 3
      vertex -49.5 -30.15 1.4
      vertex -49.3677 -30.1565 1.4
    endloop
  endfacet
  facet normal 0.0373826 0.760309 0.648486
    outer loop
      vertex -49.5078 -34.2143 3
      vertex -49.6323 -32.8435 1.4
      vertex -49.7661 -34.2016 3
    endloop
  endfacet
  facet normal 0.760309 0.0373826 0.648486
    outer loop
      vertex -52.2016 -31.7661 3
      vertex -50.8435 -31.6323 1.4
      vertex -52.2143 -31.5078 3
    endloop
  endfacet
  facet normal 0.738412 0.185034 0.648467
    outer loop
      vertex -52.1625 -32.0296 3
      vertex -50.7919 -31.8919 1.4
      vertex -50.8241 -31.7634 1.4
    endloop
  endfacet
  facet normal 0.740185 0.175307 0.649148
    outer loop
      vertex -50.7919 -31.8919 1.4
      vertex -52.1625 -32.0296 3
      vertex -52.1607 -32.0372 3
    endloop
  endfacet
  facet normal -0.324605 0.688556 0.648477
    outer loop
      vertex -48.8636 -32.6906 1.4
      vertex -48.2273 -33.8975 3
      vertex -48.2203 -33.8942 3
    endloop
  endfacet
  facet normal -0.325177 0.688272 0.648491
    outer loop
      vertex -48.2273 -33.8975 3
      vertex -48.8636 -32.6906 1.4
      vertex -48.9834 -32.7472 1.4
    endloop
  endfacet
  facet normal -0.508095 -0.566721 0.648589
    outer loop
      vertex -48.6436 -30.4564 1.4
      vertex -47.772 -29.4067 3
      vertex -47.7778 -29.4015 3
    endloop
  endfacet
  facet normal -0.511186 -0.564028 0.648507
    outer loop
      vertex -47.772 -29.4067 3
      vertex -48.6436 -30.4564 1.4
      vertex -48.5454 -30.5454 1.4
    endloop
  endfacet
  facet normal 0.0373826 -0.760309 0.648486
    outer loop
      vertex -49.6323 -30.1565 1.4
      vertex -49.5078 -28.7857 3
      vertex -49.7661 -28.7984 3
    endloop
  endfacet
  facet normal -0.688556 -0.324605 0.648477
    outer loop
      vertex -48.3094 -30.8636 1.4
      vertex -47.1025 -30.2273 3
      vertex -47.1058 -30.2203 3
    endloop
  endfacet
  facet normal -0.688272 -0.325177 0.648491
    outer loop
      vertex -47.1025 -30.2273 3
      vertex -48.3094 -30.8636 1.4
      vertex -48.2528 -30.9834 1.4
    endloop
  endfacet
  facet normal 0.256374 0.716728 0.648516
    outer loop
      vertex -50.2954 -34.0952 3
      vertex -50.0166 -32.7472 1.4
      vertex -50.5389 -34.0081 3
    endloop
  endfacet
  facet normal -0.688093 -0.325505 0.648517
    outer loop
      vertex -46.9919 -30.4611 3
      vertex -47.1025 -30.2273 3
      vertex -48.2528 -30.9834 1.4
    endloop
  endfacet
  facet normal -0.717928 -0.252245 0.648808
    outer loop
      vertex -48.2528 -30.9834 1.4
      vertex -46.9022 -30.712 3
      vertex -46.9048 -30.7046 3
    endloop
  endfacet
  facet normal -0.716595 -0.256871 0.648467
    outer loop
      vertex -46.9022 -30.712 3
      vertex -48.2528 -30.9834 1.4
      vertex -48.2081 -31.1081 1.4
    endloop
  endfacet
  facet normal 0.453569 -0.611332 0.648497
    outer loop
      vertex -50.3564 -30.4564 1.4
      vertex -51.0145 -29.2474 3
      vertex -51.2222 -29.4015 3
    endloop
  endfacet
  facet normal 0.391389 0.652889 0.648499
    outer loop
      vertex -50.25 -32.6225 1.4
      vertex -50.7797 -33.8942 3
      vertex -50.1364 -32.6906 1.4
    endloop
  endfacet
  facet normal 0.390164 0.653524 0.648598
    outer loop
      vertex -50.7797 -33.8942 3
      vertex -50.25 -32.6225 1.4
      vertex -50.7864 -33.8902 3
    endloop
  endfacet
  facet normal 0.111567 -0.753004 0.648489
    outer loop
      vertex -49.6323 -30.1565 1.4
      vertex -49.7661 -28.7984 3
      vertex -50.0219 -28.8363 3
    endloop
  endfacet
  facet normal 0.564028 -0.511186 0.648507
    outer loop
      vertex -51.5933 -29.772 3
      vertex -50.5436 -30.6436 1.4
      vertex -50.4546 -30.5454 1.4
    endloop
  endfacet
  facet normal 0.566721 -0.508095 0.648589
    outer loop
      vertex -50.5436 -30.6436 1.4
      vertex -51.5933 -29.772 3
      vertex -51.5985 -29.7778 3
    endloop
  endfacet
  facet normal 0.611332 -0.453569 0.648497
    outer loop
      vertex -50.5436 -30.6436 1.4
      vertex -51.5985 -29.7778 3
      vertex -51.7526 -29.9855 3
    endloop
  endfacet
  facet normal -0.453569 -0.611332 0.648497
    outer loop
      vertex -47.7778 -29.4015 3
      vertex -47.9855 -29.2474 3
      vertex -48.6436 -30.4564 1.4
    endloop
  endfacet
  facet normal -0.716728 -0.256374 0.648516
    outer loop
      vertex -46.9048 -30.7046 3
      vertex -46.9919 -30.4611 3
      vertex -48.2528 -30.9834 1.4
    endloop
  endfacet
  facet normal -0.453407 0.611438 0.64851
    outer loop
      vertex -48.75 -32.6225 1.4
      vertex -47.9855 -33.7526 3
      vertex -48.6436 -32.5436 1.4
    endloop
  endfacet
  facet normal -0.448824 0.614694 0.64862
    outer loop
      vertex -47.9855 -33.7526 3
      vertex -48.75 -32.6225 1.4
      vertex -47.9918 -33.7572 3
    endloop
  endfacet
  facet normal -0.390164 0.653524 0.648598
    outer loop
      vertex -48.75 -32.6225 1.4
      vertex -48.2203 -33.8942 3
      vertex -48.2136 -33.8902 3
    endloop
  endfacet
  facet normal -0.391389 0.652889 0.648499
    outer loop
      vertex -48.2203 -33.8942 3
      vertex -48.75 -32.6225 1.4
      vertex -48.8636 -32.6906 1.4
    endloop
  endfacet
  facet normal 0.652843 0.39147 0.648496
    outer loop
      vertex -51.7572 -33.0082 3
      vertex -50.6225 -32.25 1.4
      vertex -51.8902 -32.7864 3
    endloop
  endfacet
  facet normal 0.185034 0.738412 0.648467
    outer loop
      vertex -49.8919 -32.7919 1.4
      vertex -50.0296 -34.1625 3
      vertex -49.7634 -32.8241 1.4
    endloop
  endfacet
  facet normal 0.175307 0.740185 0.649148
    outer loop
      vertex -50.0296 -34.1625 3
      vertex -49.8919 -32.7919 1.4
      vertex -50.0372 -34.1607 3
    endloop
  endfacet
  facet normal 0.688093 0.325505 0.648517
    outer loop
      vertex -51.8975 -32.7727 3
      vertex -50.7472 -32.0166 1.4
      vertex -52.0081 -32.5389 3
    endloop
  endfacet
  facet normal 0.652889 0.391389 0.648499
    outer loop
      vertex -51.8942 -32.7797 3
      vertex -50.6225 -32.25 1.4
      vertex -50.6906 -32.1364 1.4
    endloop
  endfacet
  facet normal 0.653524 0.390164 0.648598
    outer loop
      vertex -50.6225 -32.25 1.4
      vertex -51.8942 -32.7797 3
      vertex -51.8902 -32.7864 3
    endloop
  endfacet
  facet normal 0.753032 0.111433 0.648479
    outer loop
      vertex -52.1637 -32.0219 3
      vertex -50.8241 -31.7634 1.4
      vertex -50.8435 -31.6323 1.4
    endloop
  endfacet
  facet normal 0.752056 0.117204 0.648595
    outer loop
      vertex -50.8241 -31.7634 1.4
      vertex -52.1637 -32.0219 3
      vertex -52.1625 -32.0296 3
    endloop
  endfacet
  facet normal 0.39147 0.652843 0.648496
    outer loop
      vertex -50.7864 -33.8902 3
      vertex -50.25 -32.6225 1.4
      vertex -51.0082 -33.7572 3
    endloop
  endfacet
  facet normal 0.688272 0.325177 0.648491
    outer loop
      vertex -51.8975 -32.7727 3
      vertex -50.6906 -32.1364 1.4
      vertex -50.7472 -32.0166 1.4
    endloop
  endfacet
  facet normal 0.688556 0.324605 0.648477
    outer loop
      vertex -50.6906 -32.1364 1.4
      vertex -51.8975 -32.7727 3
      vertex -51.8942 -32.7797 3
    endloop
  endfacet
  facet normal -0.653524 -0.390164 0.648598
    outer loop
      vertex -48.3775 -30.75 1.4
      vertex -47.1058 -30.2203 3
      vertex -47.1098 -30.2136 3
    endloop
  endfacet
  facet normal -0.652889 -0.391389 0.648499
    outer loop
      vertex -47.1058 -30.2203 3
      vertex -48.3775 -30.75 1.4
      vertex -48.3094 -30.8636 1.4
    endloop
  endfacet
  facet normal -0.760308 -0.0373545 0.648487
    outer loop
      vertex -48.15 31.5 1.4
      vertex -46.7857 31.5078 3
      vertex -48.1565 31.6323 1.4
    endloop
  endfacet
  facet normal -0.760257 -0.0389875 0.648452
    outer loop
      vertex -46.7857 31.5078 3
      vertex -48.15 31.5 1.4
      vertex -46.7853 31.5 3
    endloop
  endfacet
  facet normal 0.391389 0.652889 0.648499
    outer loop
      vertex -50.25 30.3775 1.4
      vertex -50.7797 29.1058 3
      vertex -50.1364 30.3094 1.4
    endloop
  endfacet
  facet normal 0.390164 0.653524 0.648598
    outer loop
      vertex -50.7797 29.1058 3
      vertex -50.25 30.3775 1.4
      vertex -50.7864 29.1098 3
    endloop
  endfacet
  facet normal 0.688556 -0.324605 0.648477
    outer loop
      vertex -51.8975 32.7727 3
      vertex -50.6906 32.1364 1.4
      vertex -51.8942 32.7797 3
    endloop
  endfacet
  facet normal 0.688272 -0.325177 0.648491
    outer loop
      vertex -50.6906 32.1364 1.4
      vertex -51.8975 32.7727 3
      vertex -50.7472 32.0166 1.4
    endloop
  endfacet
  facet normal 0.0373826 -0.760309 0.648486
    outer loop
      vertex -49.6323 32.8435 1.4
      vertex -49.5078 34.2143 3
      vertex -49.7661 34.2016 3
    endloop
  endfacet
  facet normal -0.652843 0.39147 0.648496
    outer loop
      vertex -47.2428 29.9918 3
      vertex -47.1098 30.2136 3
      vertex -48.3775 30.75 1.4
    endloop
  endfacet
  facet normal -0.716728 0.256374 0.648516
    outer loop
      vertex -46.9919 30.4611 3
      vertex -46.9048 30.7046 3
      vertex -48.2528 30.9834 1.4
    endloop
  endfacet
  facet normal 0.0373826 0.760309 0.648486
    outer loop
      vertex -49.5078 28.7857 3
      vertex -49.6323 30.1565 1.4
      vertex -49.7661 28.7984 3
    endloop
  endfacet
  facet normal -0.453407 0.611438 0.64851
    outer loop
      vertex -48.75 30.3775 1.4
      vertex -47.9855 29.2474 3
      vertex -48.6436 30.4564 1.4
    endloop
  endfacet
  facet normal -0.448824 0.614694 0.64862
    outer loop
      vertex -47.9855 29.2474 3
      vertex -48.75 30.3775 1.4
      vertex -47.9918 29.2428 3
    endloop
  endfacet
  facet normal -0.738412 0.185034 0.648467
    outer loop
      vertex -48.2081 31.1081 1.4
      vertex -46.8375 30.9704 3
      vertex -48.1759 31.2366 1.4
    endloop
  endfacet
  facet normal -0.740185 0.175307 0.649148
    outer loop
      vertex -46.8375 30.9704 3
      vertex -48.2081 31.1081 1.4
      vertex -46.8393 30.9628 3
    endloop
  endfacet
  facet normal 0.716728 -0.256374 0.648516
    outer loop
      vertex -50.7472 32.0166 1.4
      vertex -52.0081 32.5389 3
      vertex -52.0952 32.2954 3
    endloop
  endfacet
  facet normal 0.563959 -0.511272 0.648499
    outer loop
      vertex -50.4546 32.4546 1.4
      vertex -51.4196 33.4196 3
      vertex -51.5933 33.228 3
    endloop
  endfacet
  facet normal 0.0373545 -0.760308 0.648487
    outer loop
      vertex -49.5 32.85 1.4
      vertex -49.5078 34.2143 3
      vertex -49.6323 32.8435 1.4
    endloop
  endfacet
  facet normal 0.0389875 -0.760257 0.648452
    outer loop
      vertex -49.5078 34.2143 3
      vertex -49.5 32.85 1.4
      vertex -49.5 34.2147 3
    endloop
  endfacet
  facet normal -0.717928 -0.252245 0.648808
    outer loop
      vertex -48.2528 32.0166 1.4
      vertex -46.9022 32.288 3
      vertex -46.9048 32.2954 3
    endloop
  endfacet
  facet normal -0.716595 -0.256871 0.648467
    outer loop
      vertex -46.9022 32.288 3
      vertex -48.2528 32.0166 1.4
      vertex -48.2081 31.8919 1.4
    endloop
  endfacet
  facet normal -0.738361 -0.185179 0.648484
    outer loop
      vertex -46.8393 32.0372 3
      vertex -46.9022 32.288 3
      vertex -48.2081 31.8919 1.4
    endloop
  endfacet
  facet normal 0.453569 -0.611332 0.648497
    outer loop
      vertex -50.3564 32.5436 1.4
      vertex -51.0145 33.7526 3
      vertex -51.2222 33.5985 3
    endloop
  endfacet
  facet normal -0.611332 0.453569 0.648497
    outer loop
      vertex -47.4015 29.7778 3
      vertex -47.2474 29.9855 3
      vertex -48.4564 30.6436 1.4
    endloop
  endfacet
  facet normal 0.753004 0.111567 0.648489
    outer loop
      vertex -52.1637 30.9781 3
      vertex -50.8435 31.3677 1.4
      vertex -52.2016 31.2339 3
    endloop
  endfacet
  facet normal 0.611332 0.453569 0.648497
    outer loop
      vertex -51.5985 29.7778 3
      vertex -50.5436 30.6436 1.4
      vertex -51.7526 29.9855 3
    endloop
  endfacet
  facet normal 0.175307 -0.740185 0.649148
    outer loop
      vertex -49.8919 32.7919 1.4
      vertex -50.0296 34.1625 3
      vertex -50.0372 34.1607 3
    endloop
  endfacet
  facet normal 0.185034 -0.738412 0.648467
    outer loop
      vertex -50.0296 34.1625 3
      vertex -49.8919 32.7919 1.4
      vertex -49.7634 32.8241 1.4
    endloop
  endfacet
  facet normal -0.652843 -0.39147 0.648496
    outer loop
      vertex -47.1098 32.7864 3
      vertex -47.2428 33.0082 3
      vertex -48.3775 32.25 1.4
    endloop
  endfacet
  facet normal 0.752056 -0.117204 0.648595
    outer loop
      vertex -52.1637 32.0219 3
      vertex -50.8241 31.7634 1.4
      vertex -52.1625 32.0296 3
    endloop
  endfacet
  facet normal 0.753032 -0.111433 0.648479
    outer loop
      vertex -50.8241 31.7634 1.4
      vertex -52.1637 32.0219 3
      vertex -50.8435 31.6323 1.4
    endloop
  endfacet
  facet normal 0.453407 0.611438 0.64851
    outer loop
      vertex -51.0145 29.2474 3
      vertex -50.25 30.3775 1.4
      vertex -50.3564 30.4564 1.4
    endloop
  endfacet
  facet normal 0.448824 0.614694 0.64862
    outer loop
      vertex -50.25 30.3775 1.4
      vertex -51.0145 29.2474 3
      vertex -51.0082 29.2428 3
    endloop
  endfacet
  facet normal 0.738361 0.185179 0.648484
    outer loop
      vertex -52.0978 30.712 3
      vertex -50.7919 31.1081 1.4
      vertex -52.1607 30.9628 3
    endloop
  endfacet
  facet normal -0.511186 0.564028 0.648507
    outer loop
      vertex -48.6436 30.4564 1.4
      vertex -47.772 29.4067 3
      vertex -48.5454 30.5454 1.4
    endloop
  endfacet
  facet normal -0.508095 0.566721 0.648589
    outer loop
      vertex -47.772 29.4067 3
      vertex -48.6436 30.4564 1.4
      vertex -47.7778 29.4015 3
    endloop
  endfacet
  facet normal -0.753004 -0.111567 0.648489
    outer loop
      vertex -46.7984 31.7661 3
      vertex -46.8363 32.0219 3
      vertex -48.1565 31.6323 1.4
    endloop
  endfacet
  facet normal -0.111567 -0.753004 0.648489
    outer loop
      vertex -48.9781 34.1637 3
      vertex -49.2339 34.2016 3
      vertex -49.3677 32.8435 1.4
    endloop
  endfacet
  facet normal 0.324605 -0.688556 0.648477
    outer loop
      vertex -50.1364 32.6906 1.4
      vertex -50.7727 33.8975 3
      vertex -50.7797 33.8942 3
    endloop
  endfacet
  facet normal 0.325177 -0.688272 0.648491
    outer loop
      vertex -50.7727 33.8975 3
      vertex -50.1364 32.6906 1.4
      vertex -50.0166 32.7472 1.4
    endloop
  endfacet
  facet normal -0.256374 0.716728 0.648516
    outer loop
      vertex -48.7046 28.9048 3
      vertex -48.4611 28.9919 3
      vertex -48.9834 30.2528 1.4
    endloop
  endfacet
  facet normal -0.688093 -0.325505 0.648517
    outer loop
      vertex -46.9919 32.5389 3
      vertex -47.1025 32.7727 3
      vertex -48.2528 32.0166 1.4
    endloop
  endfacet
  facet normal -0.256374 -0.716728 0.648516
    outer loop
      vertex -48.4611 34.0081 3
      vertex -48.7046 34.0952 3
      vertex -48.9834 32.7472 1.4
    endloop
  endfacet
  facet normal 0.256374 -0.716728 0.648516
    outer loop
      vertex -50.0166 32.7472 1.4
      vertex -50.2954 34.0952 3
      vertex -50.5389 34.0081 3
    endloop
  endfacet
  facet normal -0.256871 -0.716595 0.648467
    outer loop
      vertex -48.9834 32.7472 1.4
      vertex -48.712 34.0978 3
      vertex -49.1081 32.7919 1.4
    endloop
  endfacet
  facet normal -0.252245 -0.717928 0.648808
    outer loop
      vertex -48.712 34.0978 3
      vertex -48.9834 32.7472 1.4
      vertex -48.7046 34.0952 3
    endloop
  endfacet
  facet normal 0.117204 -0.752056 0.648595
    outer loop
      vertex -49.7634 32.8241 1.4
      vertex -50.0219 34.1637 3
      vertex -50.0296 34.1625 3
    endloop
  endfacet
  facet normal 0.111433 -0.753032 0.648479
    outer loop
      vertex -50.0219 34.1637 3
      vertex -49.7634 32.8241 1.4
      vertex -49.6323 32.8435 1.4
    endloop
  endfacet
  facet normal 0.740185 -0.175307 0.649148
    outer loop
      vertex -52.1625 32.0296 3
      vertex -50.7919 31.8919 1.4
      vertex -52.1607 32.0372 3
    endloop
  endfacet
  facet normal 0.738412 -0.185034 0.648467
    outer loop
      vertex -50.7919 31.8919 1.4
      vertex -52.1625 32.0296 3
      vertex -50.8241 31.7634 1.4
    endloop
  endfacet
  facet normal -0.716728 -0.256374 0.648516
    outer loop
      vertex -46.9048 32.2954 3
      vertex -46.9919 32.5389 3
      vertex -48.2528 32.0166 1.4
    endloop
  endfacet
  facet normal -0.0373826 0.760309 0.648486
    outer loop
      vertex -49.2339 28.7984 3
      vertex -49.3677 30.1565 1.4
      vertex -49.4922 28.7857 3
    endloop
  endfacet
  facet normal 0.390164 -0.653524 0.648598
    outer loop
      vertex -50.25 32.6225 1.4
      vertex -50.7797 33.8942 3
      vertex -50.7864 33.8902 3
    endloop
  endfacet
  facet normal 0.391389 -0.652889 0.648499
    outer loop
      vertex -50.7797 33.8942 3
      vertex -50.25 32.6225 1.4
      vertex -50.1364 32.6906 1.4
    endloop
  endfacet
  facet normal 0.511272 -0.563959 0.648499
    outer loop
      vertex -50.4546 32.4546 1.4
      vertex -51.228 33.5933 3
      vertex -51.4196 33.4196 3
    endloop
  endfacet
  facet normal -0.611332 -0.453569 0.648497
    outer loop
      vertex -47.2474 33.0145 3
      vertex -47.4015 33.2222 3
      vertex -48.4564 32.3564 1.4
    endloop
  endfacet
  facet normal 0.39147 -0.652843 0.648496
    outer loop
      vertex -50.25 32.6225 1.4
      vertex -50.7864 33.8902 3
      vertex -51.0082 33.7572 3
    endloop
  endfacet
  facet normal 0.185179 -0.738361 0.648484
    outer loop
      vertex -49.8919 32.7919 1.4
      vertex -50.0372 34.1607 3
      vertex -50.288 34.0978 3
    endloop
  endfacet
  facet normal -0.111433 -0.753032 0.648479
    outer loop
      vertex -49.2366 32.8241 1.4
      vertex -48.9781 34.1637 3
      vertex -49.3677 32.8435 1.4
    endloop
  endfacet
  facet normal -0.117204 -0.752056 0.648595
    outer loop
      vertex -48.9781 34.1637 3
      vertex -49.2366 32.8241 1.4
      vertex -48.9704 34.1625 3
    endloop
  endfacet
  facet normal -0.0389875 -0.760257 0.648452
    outer loop
      vertex -49.5 32.85 1.4
      vertex -49.4922 34.2143 3
      vertex -49.5 34.2147 3
    endloop
  endfacet
  facet normal -0.0373545 -0.760308 0.648487
    outer loop
      vertex -49.4922 34.2143 3
      vertex -49.5 32.85 1.4
      vertex -49.3677 32.8435 1.4
    endloop
  endfacet
  facet normal -0.760309 -0.0373826 0.648486
    outer loop
      vertex -46.7857 31.5078 3
      vertex -46.7984 31.7661 3
      vertex -48.1565 31.6323 1.4
    endloop
  endfacet
  facet normal -0.760257 0.0389875 0.648452
    outer loop
      vertex -48.15 31.5 1.4
      vertex -46.7857 31.4922 3
      vertex -46.7853 31.5 3
    endloop
  endfacet
  facet normal -0.760308 0.0373545 0.648487
    outer loop
      vertex -46.7857 31.4922 3
      vertex -48.15 31.5 1.4
      vertex -48.1565 31.3677 1.4
    endloop
  endfacet
  facet normal -0.753004 0.111567 0.648489
    outer loop
      vertex -46.8363 30.9781 3
      vertex -46.7984 31.2339 3
      vertex -48.1565 31.3677 1.4
    endloop
  endfacet
  facet normal 0.753004 -0.111567 0.648489
    outer loop
      vertex -50.8435 31.6323 1.4
      vertex -52.1637 32.0219 3
      vertex -52.2016 31.7661 3
    endloop
  endfacet
  facet normal 0.716595 0.256871 0.648467
    outer loop
      vertex -52.0978 30.712 3
      vertex -50.7472 30.9834 1.4
      vertex -50.7919 31.1081 1.4
    endloop
  endfacet
  facet normal 0.717928 0.252245 0.648808
    outer loop
      vertex -50.7472 30.9834 1.4
      vertex -52.0978 30.712 3
      vertex -52.0952 30.7046 3
    endloop
  endfacet
  facet normal 0.652843 -0.39147 0.648496
    outer loop
      vertex -50.6225 32.25 1.4
      vertex -51.7572 33.0082 3
      vertex -51.8902 32.7864 3
    endloop
  endfacet
  facet normal 0.252245 -0.717928 0.648808
    outer loop
      vertex -50.0166 32.7472 1.4
      vertex -50.288 34.0978 3
      vertex -50.2954 34.0952 3
    endloop
  endfacet
  facet normal 0.256871 -0.716595 0.648467
    outer loop
      vertex -50.288 34.0978 3
      vertex -50.0166 32.7472 1.4
      vertex -49.8919 32.7919 1.4
    endloop
  endfacet
  facet normal -0.325505 -0.688093 0.648517
    outer loop
      vertex -48.2273 33.8975 3
      vertex -48.4611 34.0081 3
      vertex -48.9834 32.7472 1.4
    endloop
  endfacet
  facet normal -0.252245 0.717928 0.648808
    outer loop
      vertex -48.9834 30.2528 1.4
      vertex -48.712 28.9022 3
      vertex -48.7046 28.9048 3
    endloop
  endfacet
  facet normal -0.256871 0.716595 0.648467
    outer loop
      vertex -48.712 28.9022 3
      vertex -48.9834 30.2528 1.4
      vertex -49.1081 30.2081 1.4
    endloop
  endfacet
  facet normal 0.753032 0.111433 0.648479
    outer loop
      vertex -52.1637 30.9781 3
      vertex -50.8241 31.2366 1.4
      vertex -50.8435 31.3677 1.4
    endloop
  endfacet
  facet normal 0.752056 0.117204 0.648595
    outer loop
      vertex -50.8241 31.2366 1.4
      vertex -52.1637 30.9781 3
      vertex -52.1625 30.9704 3
    endloop
  endfacet
  facet normal -0.325505 0.688093 0.648517
    outer loop
      vertex -48.4611 28.9919 3
      vertex -48.2273 29.1025 3
      vertex -48.9834 30.2528 1.4
    endloop
  endfacet
  facet normal -0.390164 0.653524 0.648598
    outer loop
      vertex -48.75 30.3775 1.4
      vertex -48.2203 29.1058 3
      vertex -48.2136 29.1098 3
    endloop
  endfacet
  facet normal -0.391389 0.652889 0.648499
    outer loop
      vertex -48.2203 29.1058 3
      vertex -48.75 30.3775 1.4
      vertex -48.8636 30.3094 1.4
    endloop
  endfacet
  facet normal -0.688093 0.325505 0.648517
    outer loop
      vertex -47.1025 30.2273 3
      vertex -46.9919 30.4611 3
      vertex -48.2528 30.9834 1.4
    endloop
  endfacet
  facet normal -0.652889 0.391389 0.648499
    outer loop
      vertex -48.3775 30.75 1.4
      vertex -47.1058 30.2203 3
      vertex -48.3094 30.8636 1.4
    endloop
  endfacet
  facet normal -0.653524 0.390164 0.648598
    outer loop
      vertex -47.1058 30.2203 3
      vertex -48.3775 30.75 1.4
      vertex -47.1098 30.2136 3
    endloop
  endfacet
  facet normal 0.508095 -0.566721 0.648589
    outer loop
      vertex -51.228 33.5933 3
      vertex -50.3564 32.5436 1.4
      vertex -51.2222 33.5985 3
    endloop
  endfacet
  facet normal 0.511186 -0.564028 0.648507
    outer loop
      vertex -50.3564 32.5436 1.4
      vertex -51.228 33.5933 3
      vertex -50.4546 32.4546 1.4
    endloop
  endfacet
  facet normal -0.614694 -0.448824 0.64862
    outer loop
      vertex -47.2474 33.0145 3
      vertex -48.3775 32.25 1.4
      vertex -47.2428 33.0082 3
    endloop
  endfacet
  facet normal -0.611438 -0.453407 0.64851
    outer loop
      vertex -48.3775 32.25 1.4
      vertex -47.2474 33.0145 3
      vertex -48.4564 32.3564 1.4
    endloop
  endfacet
  facet normal 0.256374 0.716728 0.648516
    outer loop
      vertex -50.2954 28.9048 3
      vertex -50.0166 30.2528 1.4
      vertex -50.5389 28.9919 3
    endloop
  endfacet
  facet normal -0.614694 0.448824 0.64862
    outer loop
      vertex -48.3775 30.75 1.4
      vertex -47.2474 29.9855 3
      vertex -47.2428 29.9918 3
    endloop
  endfacet
  facet normal -0.611438 0.453407 0.64851
    outer loop
      vertex -47.2474 29.9855 3
      vertex -48.3775 30.75 1.4
      vertex -48.4564 30.6436 1.4
    endloop
  endfacet
  facet normal -0.0373545 0.760308 0.648487
    outer loop
      vertex -49.5 30.15 1.4
      vertex -49.4922 28.7857 3
      vertex -49.3677 30.1565 1.4
    endloop
  endfacet
  facet normal -0.0389875 0.760257 0.648452
    outer loop
      vertex -49.4922 28.7857 3
      vertex -49.5 30.15 1.4
      vertex -49.5 28.7853 3
    endloop
  endfacet
  facet normal 0.511186 0.564028 0.648507
    outer loop
      vertex -51.228 29.4067 3
      vertex -50.3564 30.4564 1.4
      vertex -50.4546 30.5454 1.4
    endloop
  endfacet
  facet normal 0.508095 0.566721 0.648589
    outer loop
      vertex -50.3564 30.4564 1.4
      vertex -51.228 29.4067 3
      vertex -51.2222 29.4015 3
    endloop
  endfacet
  facet normal -0.511272 0.563959 0.648499
    outer loop
      vertex -47.772 29.4067 3
      vertex -47.5804 29.5804 3
      vertex -48.5454 30.5454 1.4
    endloop
  endfacet
  facet normal 0.717928 -0.252245 0.648808
    outer loop
      vertex -52.0978 32.288 3
      vertex -50.7472 32.0166 1.4
      vertex -52.0952 32.2954 3
    endloop
  endfacet
  facet normal 0.716595 -0.256871 0.648467
    outer loop
      vertex -50.7472 32.0166 1.4
      vertex -52.0978 32.288 3
      vertex -50.7919 31.8919 1.4
    endloop
  endfacet
  facet normal -0.688272 0.325177 0.648491
    outer loop
      vertex -48.3094 30.8636 1.4
      vertex -47.1025 30.2273 3
      vertex -48.2528 30.9834 1.4
    endloop
  endfacet
  facet normal -0.688556 0.324605 0.648477
    outer loop
      vertex -47.1025 30.2273 3
      vertex -48.3094 30.8636 1.4
      vertex -47.1058 30.2203 3
    endloop
  endfacet
  facet normal 0.563959 0.511272 0.648499
    outer loop
      vertex -51.4196 29.5804 3
      vertex -50.4546 30.5454 1.4
      vertex -51.5933 29.772 3
    endloop
  endfacet
  facet normal -0.563959 0.511272 0.648499
    outer loop
      vertex -47.5804 29.5804 3
      vertex -47.4067 29.772 3
      vertex -48.5454 30.5454 1.4
    endloop
  endfacet
  facet normal -0.738361 0.185179 0.648484
    outer loop
      vertex -46.9022 30.712 3
      vertex -46.8393 30.9628 3
      vertex -48.2081 31.1081 1.4
    endloop
  endfacet
  facet normal -0.716595 0.256871 0.648467
    outer loop
      vertex -48.2528 30.9834 1.4
      vertex -46.9022 30.712 3
      vertex -48.2081 31.1081 1.4
    endloop
  endfacet
  facet normal -0.717928 0.252245 0.648808
    outer loop
      vertex -46.9022 30.712 3
      vertex -48.2528 30.9834 1.4
      vertex -46.9048 30.7046 3
    endloop
  endfacet
  facet normal 0.39147 0.652843 0.648496
    outer loop
      vertex -50.7864 29.1098 3
      vertex -50.25 30.3775 1.4
      vertex -51.0082 29.2428 3
    endloop
  endfacet
  facet normal -0.753032 0.111433 0.648479
    outer loop
      vertex -48.1759 31.2366 1.4
      vertex -46.8363 30.9781 3
      vertex -48.1565 31.3677 1.4
    endloop
  endfacet
  facet normal -0.752056 0.117204 0.648595
    outer loop
      vertex -46.8363 30.9781 3
      vertex -48.1759 31.2366 1.4
      vertex -46.8375 30.9704 3
    endloop
  endfacet
  facet normal -0.760309 0.0373826 0.648486
    outer loop
      vertex -46.7984 31.2339 3
      vertex -46.7857 31.4922 3
      vertex -48.1565 31.3677 1.4
    endloop
  endfacet
  facet normal -0.453569 -0.611332 0.648497
    outer loop
      vertex -47.7778 33.5985 3
      vertex -47.9855 33.7526 3
      vertex -48.6436 32.5436 1.4
    endloop
  endfacet
  facet normal 0.653524 -0.390164 0.648598
    outer loop
      vertex -51.8942 32.7797 3
      vertex -50.6225 32.25 1.4
      vertex -51.8902 32.7864 3
    endloop
  endfacet
  facet normal 0.652889 -0.391389 0.648499
    outer loop
      vertex -50.6225 32.25 1.4
      vertex -51.8942 32.7797 3
      vertex -50.6906 32.1364 1.4
    endloop
  endfacet
  facet normal -0.752056 -0.117204 0.648595
    outer loop
      vertex -48.1759 31.7634 1.4
      vertex -46.8363 32.0219 3
      vertex -46.8375 32.0296 3
    endloop
  endfacet
  facet normal -0.753032 -0.111433 0.648479
    outer loop
      vertex -46.8363 32.0219 3
      vertex -48.1759 31.7634 1.4
      vertex -48.1565 31.6323 1.4
    endloop
  endfacet
  facet normal 0.564028 0.511186 0.648507
    outer loop
      vertex -50.5436 30.6436 1.4
      vertex -51.5933 29.772 3
      vertex -50.4546 30.5454 1.4
    endloop
  endfacet
  facet normal 0.566721 0.508095 0.648589
    outer loop
      vertex -51.5933 29.772 3
      vertex -50.5436 30.6436 1.4
      vertex -51.5985 29.7778 3
    endloop
  endfacet
  facet normal -0.0373826 -0.760309 0.648486
    outer loop
      vertex -49.3677 32.8435 1.4
      vertex -49.2339 34.2016 3
      vertex -49.4922 34.2143 3
    endloop
  endfacet
  facet normal 0.448824 -0.614694 0.64862
    outer loop
      vertex -51.0145 33.7526 3
      vertex -50.25 32.6225 1.4
      vertex -51.0082 33.7572 3
    endloop
  endfacet
  facet normal 0.453407 -0.611438 0.64851
    outer loop
      vertex -50.25 32.6225 1.4
      vertex -51.0145 33.7526 3
      vertex -50.3564 32.5436 1.4
    endloop
  endfacet
  facet normal -0.563959 -0.511272 0.648499
    outer loop
      vertex -47.4067 33.228 3
      vertex -47.5804 33.4196 3
      vertex -48.5454 32.4546 1.4
    endloop
  endfacet
  facet normal 0.716728 0.256374 0.648516
    outer loop
      vertex -52.0081 30.4611 3
      vertex -50.7472 30.9834 1.4
      vertex -52.0952 30.7046 3
    endloop
  endfacet
  facet normal 0.511272 0.563959 0.648499
    outer loop
      vertex -51.228 29.4067 3
      vertex -50.4546 30.5454 1.4
      vertex -51.4196 29.5804 3
    endloop
  endfacet
  facet normal -0.175307 0.740185 0.649148
    outer loop
      vertex -49.1081 30.2081 1.4
      vertex -48.9704 28.8375 3
      vertex -48.9628 28.8393 3
    endloop
  endfacet
  facet normal -0.185034 0.738412 0.648467
    outer loop
      vertex -48.9704 28.8375 3
      vertex -49.1081 30.2081 1.4
      vertex -49.2366 30.1759 1.4
    endloop
  endfacet
  facet normal -0.39147 0.652843 0.648496
    outer loop
      vertex -48.2136 29.1098 3
      vertex -47.9918 29.2428 3
      vertex -48.75 30.3775 1.4
    endloop
  endfacet
  facet normal -0.453569 0.611332 0.648497
    outer loop
      vertex -47.9855 29.2474 3
      vertex -47.7778 29.4015 3
      vertex -48.6436 30.4564 1.4
    endloop
  endfacet
  facet normal 0.111433 0.753032 0.648479
    outer loop
      vertex -49.7634 30.1759 1.4
      vertex -50.0219 28.8363 3
      vertex -49.6323 30.1565 1.4
    endloop
  endfacet
  facet normal 0.117204 0.752056 0.648595
    outer loop
      vertex -50.0219 28.8363 3
      vertex -49.7634 30.1759 1.4
      vertex -50.0296 28.8375 3
    endloop
  endfacet
  facet normal 0.738361 -0.185179 0.648484
    outer loop
      vertex -50.7919 31.8919 1.4
      vertex -52.0978 32.288 3
      vertex -52.1607 32.0372 3
    endloop
  endfacet
  facet normal -0.111567 0.753004 0.648489
    outer loop
      vertex -49.2339 28.7984 3
      vertex -48.9781 28.8363 3
      vertex -49.3677 30.1565 1.4
    endloop
  endfacet
  facet normal 0.688093 -0.325505 0.648517
    outer loop
      vertex -50.7472 32.0166 1.4
      vertex -51.8975 32.7727 3
      vertex -52.0081 32.5389 3
    endloop
  endfacet
  facet normal 0.760257 -0.0389875 0.648452
    outer loop
      vertex -50.85 31.5 1.4
      vertex -52.2143 31.5078 3
      vertex -52.2147 31.5 3
    endloop
  endfacet
  facet normal 0.760308 -0.0373545 0.648487
    outer loop
      vertex -52.2143 31.5078 3
      vertex -50.85 31.5 1.4
      vertex -50.8435 31.6323 1.4
    endloop
  endfacet
  facet normal 0.760309 -0.0373826 0.648486
    outer loop
      vertex -50.8435 31.6323 1.4
      vertex -52.2016 31.7661 3
      vertex -52.2143 31.5078 3
    endloop
  endfacet
  facet normal -0.117204 0.752056 0.648595
    outer loop
      vertex -49.2366 30.1759 1.4
      vertex -48.9781 28.8363 3
      vertex -48.9704 28.8375 3
    endloop
  endfacet
  facet normal -0.111433 0.753032 0.648479
    outer loop
      vertex -48.9781 28.8363 3
      vertex -49.2366 30.1759 1.4
      vertex -49.3677 30.1565 1.4
    endloop
  endfacet
  facet normal 0.185034 0.738412 0.648467
    outer loop
      vertex -49.8919 30.2081 1.4
      vertex -50.0296 28.8375 3
      vertex -49.7634 30.1759 1.4
    endloop
  endfacet
  facet normal 0.175307 0.740185 0.649148
    outer loop
      vertex -50.0296 28.8375 3
      vertex -49.8919 30.2081 1.4
      vertex -50.0372 28.8393 3
    endloop
  endfacet
  facet normal 0.111567 -0.753004 0.648489
    outer loop
      vertex -49.6323 32.8435 1.4
      vertex -49.7661 34.2016 3
      vertex -50.0219 34.1637 3
    endloop
  endfacet
  facet normal 0.453569 0.611332 0.648497
    outer loop
      vertex -51.0145 29.2474 3
      vertex -50.3564 30.4564 1.4
      vertex -51.2222 29.4015 3
    endloop
  endfacet
  facet normal -0.185179 0.738361 0.648484
    outer loop
      vertex -48.9628 28.8393 3
      vertex -48.712 28.9022 3
      vertex -49.1081 30.2081 1.4
    endloop
  endfacet
  facet normal 0.325505 -0.688093 0.648517
    outer loop
      vertex -50.0166 32.7472 1.4
      vertex -50.5389 34.0081 3
      vertex -50.7727 33.8975 3
    endloop
  endfacet
  facet normal 0.185179 0.738361 0.648484
    outer loop
      vertex -50.0372 28.8393 3
      vertex -49.8919 30.2081 1.4
      vertex -50.288 28.9022 3
    endloop
  endfacet
  facet normal -0.688556 -0.324605 0.648477
    outer loop
      vertex -48.3094 32.1364 1.4
      vertex -47.1025 32.7727 3
      vertex -47.1058 32.7797 3
    endloop
  endfacet
  facet normal -0.688272 -0.325177 0.648491
    outer loop
      vertex -47.1025 32.7727 3
      vertex -48.3094 32.1364 1.4
      vertex -48.2528 32.0166 1.4
    endloop
  endfacet
  facet normal -0.653524 -0.390164 0.648598
    outer loop
      vertex -48.3775 32.25 1.4
      vertex -47.1058 32.7797 3
      vertex -47.1098 32.7864 3
    endloop
  endfacet
  facet normal -0.652889 -0.391389 0.648499
    outer loop
      vertex -47.1058 32.7797 3
      vertex -48.3775 32.25 1.4
      vertex -48.3094 32.1364 1.4
    endloop
  endfacet
  facet normal -0.185034 -0.738412 0.648467
    outer loop
      vertex -49.1081 32.7919 1.4
      vertex -48.9704 34.1625 3
      vertex -49.2366 32.8241 1.4
    endloop
  endfacet
  facet normal -0.175307 -0.740185 0.649148
    outer loop
      vertex -48.9704 34.1625 3
      vertex -49.1081 32.7919 1.4
      vertex -48.9628 34.1607 3
    endloop
  endfacet
  facet normal -0.185179 -0.738361 0.648484
    outer loop
      vertex -48.712 34.0978 3
      vertex -48.9628 34.1607 3
      vertex -49.1081 32.7919 1.4
    endloop
  endfacet
  facet normal 0.611438 0.453407 0.64851
    outer loop
      vertex -50.6225 30.75 1.4
      vertex -51.7526 29.9855 3
      vertex -50.5436 30.6436 1.4
    endloop
  endfacet
  facet normal 0.614694 0.448824 0.64862
    outer loop
      vertex -51.7526 29.9855 3
      vertex -50.6225 30.75 1.4
      vertex -51.7572 29.9918 3
    endloop
  endfacet
  facet normal 0.688272 0.325177 0.648491
    outer loop
      vertex -51.8975 30.2273 3
      vertex -50.6906 30.8636 1.4
      vertex -50.7472 30.9834 1.4
    endloop
  endfacet
  facet normal 0.688556 0.324605 0.648477
    outer loop
      vertex -50.6906 30.8636 1.4
      vertex -51.8975 30.2273 3
      vertex -51.8942 30.2203 3
    endloop
  endfacet
  facet normal 0.111567 0.753004 0.648489
    outer loop
      vertex -49.7661 28.7984 3
      vertex -49.6323 30.1565 1.4
      vertex -50.0219 28.8363 3
    endloop
  endfacet
  facet normal -0.566721 -0.508095 0.648589
    outer loop
      vertex -47.4067 33.228 3
      vertex -48.4564 32.3564 1.4
      vertex -47.4015 33.2222 3
    endloop
  endfacet
  facet normal -0.564028 -0.511186 0.648507
    outer loop
      vertex -48.4564 32.3564 1.4
      vertex -47.4067 33.228 3
      vertex -48.5454 32.4546 1.4
    endloop
  endfacet
  facet normal 0.652889 0.391389 0.648499
    outer loop
      vertex -51.8942 30.2203 3
      vertex -50.6225 30.75 1.4
      vertex -50.6906 30.8636 1.4
    endloop
  endfacet
  facet normal 0.653524 0.390164 0.648598
    outer loop
      vertex -50.6225 30.75 1.4
      vertex -51.8942 30.2203 3
      vertex -51.8902 30.2136 3
    endloop
  endfacet
  facet normal -0.566721 0.508095 0.648589
    outer loop
      vertex -48.4564 30.6436 1.4
      vertex -47.4067 29.772 3
      vertex -47.4015 29.7778 3
    endloop
  endfacet
  facet normal -0.564028 0.511186 0.648507
    outer loop
      vertex -47.4067 29.772 3
      vertex -48.4564 30.6436 1.4
      vertex -48.5454 30.5454 1.4
    endloop
  endfacet
  facet normal -0.740185 -0.175307 0.649148
    outer loop
      vertex -48.2081 31.8919 1.4
      vertex -46.8375 32.0296 3
      vertex -46.8393 32.0372 3
    endloop
  endfacet
  facet normal -0.738412 -0.185034 0.648467
    outer loop
      vertex -46.8375 32.0296 3
      vertex -48.2081 31.8919 1.4
      vertex -48.1759 31.7634 1.4
    endloop
  endfacet
  facet normal -0.448824 -0.614694 0.64862
    outer loop
      vertex -48.75 32.6225 1.4
      vertex -47.9855 33.7526 3
      vertex -47.9918 33.7572 3
    endloop
  endfacet
  facet normal -0.453407 -0.611438 0.64851
    outer loop
      vertex -47.9855 33.7526 3
      vertex -48.75 32.6225 1.4
      vertex -48.6436 32.5436 1.4
    endloop
  endfacet
  facet normal -0.324605 0.688556 0.648477
    outer loop
      vertex -48.8636 30.3094 1.4
      vertex -48.2273 29.1025 3
      vertex -48.2203 29.1058 3
    endloop
  endfacet
  facet normal -0.325177 0.688272 0.648491
    outer loop
      vertex -48.2273 29.1025 3
      vertex -48.8636 30.3094 1.4
      vertex -48.9834 30.2528 1.4
    endloop
  endfacet
  facet normal 0.738412 0.185034 0.648467
    outer loop
      vertex -52.1625 30.9704 3
      vertex -50.7919 31.1081 1.4
      vertex -50.8241 31.2366 1.4
    endloop
  endfacet
  facet normal 0.740185 0.175307 0.649148
    outer loop
      vertex -50.7919 31.1081 1.4
      vertex -52.1625 30.9704 3
      vertex -52.1607 30.9628 3
    endloop
  endfacet
  facet normal 0.0389875 0.760257 0.648452
    outer loop
      vertex -49.5 30.15 1.4
      vertex -49.5078 28.7857 3
      vertex -49.5 28.7853 3
    endloop
  endfacet
  facet normal 0.0373545 0.760308 0.648487
    outer loop
      vertex -49.5078 28.7857 3
      vertex -49.5 30.15 1.4
      vertex -49.6323 30.1565 1.4
    endloop
  endfacet
  facet normal 0.760309 0.0373826 0.648486
    outer loop
      vertex -52.2016 31.2339 3
      vertex -50.8435 31.3677 1.4
      vertex -52.2143 31.4922 3
    endloop
  endfacet
  facet normal 0.760257 0.0389875 0.648452
    outer loop
      vertex -52.2143 31.4922 3
      vertex -50.85 31.5 1.4
      vertex -52.2147 31.5 3
    endloop
  endfacet
  facet normal 0.760308 0.0373545 0.648487
    outer loop
      vertex -50.85 31.5 1.4
      vertex -52.2143 31.4922 3
      vertex -50.8435 31.3677 1.4
    endloop
  endfacet
  facet normal 0.611438 -0.453407 0.64851
    outer loop
      vertex -51.7526 33.0145 3
      vertex -50.6225 32.25 1.4
      vertex -50.5436 32.3564 1.4
    endloop
  endfacet
  facet normal 0.614694 -0.448824 0.64862
    outer loop
      vertex -50.6225 32.25 1.4
      vertex -51.7526 33.0145 3
      vertex -51.7572 33.0082 3
    endloop
  endfacet
  facet normal 0.256871 0.716595 0.648467
    outer loop
      vertex -50.0166 30.2528 1.4
      vertex -50.288 28.9022 3
      vertex -49.8919 30.2081 1.4
    endloop
  endfacet
  facet normal 0.252245 0.717928 0.648808
    outer loop
      vertex -50.288 28.9022 3
      vertex -50.0166 30.2528 1.4
      vertex -50.2954 28.9048 3
    endloop
  endfacet
  facet normal 0.325505 0.688093 0.648517
    outer loop
      vertex -50.5389 28.9919 3
      vertex -50.0166 30.2528 1.4
      vertex -50.7727 29.1025 3
    endloop
  endfacet
  facet normal 0.611332 -0.453569 0.648497
    outer loop
      vertex -50.5436 32.3564 1.4
      vertex -51.5985 33.2222 3
      vertex -51.7526 33.0145 3
    endloop
  endfacet
  facet normal 0.564028 -0.511186 0.648507
    outer loop
      vertex -51.5933 33.228 3
      vertex -50.5436 32.3564 1.4
      vertex -50.4546 32.4546 1.4
    endloop
  endfacet
  facet normal 0.566721 -0.508095 0.648589
    outer loop
      vertex -50.5436 32.3564 1.4
      vertex -51.5933 33.228 3
      vertex -51.5985 33.2222 3
    endloop
  endfacet
  facet normal -0.39147 -0.652843 0.648496
    outer loop
      vertex -47.9918 33.7572 3
      vertex -48.2136 33.8902 3
      vertex -48.75 32.6225 1.4
    endloop
  endfacet
  facet normal 0.325177 0.688272 0.648491
    outer loop
      vertex -50.1364 30.3094 1.4
      vertex -50.7727 29.1025 3
      vertex -50.0166 30.2528 1.4
    endloop
  endfacet
  facet normal 0.324605 0.688556 0.648477
    outer loop
      vertex -50.7727 29.1025 3
      vertex -50.1364 30.3094 1.4
      vertex -50.7797 29.1058 3
    endloop
  endfacet
  facet normal -0.511272 -0.563959 0.648499
    outer loop
      vertex -47.5804 33.4196 3
      vertex -47.772 33.5933 3
      vertex -48.5454 32.4546 1.4
    endloop
  endfacet
  facet normal -0.508095 -0.566721 0.648589
    outer loop
      vertex -48.6436 32.5436 1.4
      vertex -47.772 33.5933 3
      vertex -47.7778 33.5985 3
    endloop
  endfacet
  facet normal -0.511186 -0.564028 0.648507
    outer loop
      vertex -47.772 33.5933 3
      vertex -48.6436 32.5436 1.4
      vertex -48.5454 32.4546 1.4
    endloop
  endfacet
  facet normal -0.325177 -0.688272 0.648491
    outer loop
      vertex -48.8636 32.6906 1.4
      vertex -48.2273 33.8975 3
      vertex -48.9834 32.7472 1.4
    endloop
  endfacet
  facet normal -0.324605 -0.688556 0.648477
    outer loop
      vertex -48.2273 33.8975 3
      vertex -48.8636 32.6906 1.4
      vertex -48.2203 33.8942 3
    endloop
  endfacet
  facet normal -0.391389 -0.652889 0.648499
    outer loop
      vertex -48.75 32.6225 1.4
      vertex -48.2203 33.8942 3
      vertex -48.8636 32.6906 1.4
    endloop
  endfacet
  facet normal -0.390164 -0.653524 0.648598
    outer loop
      vertex -48.2203 33.8942 3
      vertex -48.75 32.6225 1.4
      vertex -48.2136 33.8902 3
    endloop
  endfacet
  facet normal 0.652843 0.39147 0.648496
    outer loop
      vertex -51.7572 29.9918 3
      vertex -50.6225 30.75 1.4
      vertex -51.8902 30.2136 3
    endloop
  endfacet
  facet normal 0.688093 0.325505 0.648517
    outer loop
      vertex -51.8975 30.2273 3
      vertex -50.7472 30.9834 1.4
      vertex -52.0081 30.4611 3
    endloop
  endfacet
  facet normal -0.760308 -0.0373545 0.648487
    outer loop
      vertex 50.85 -31.5 1.4
      vertex 52.2143 -31.4922 3
      vertex 50.8435 -31.3677 1.4
    endloop
  endfacet
  facet normal -0.760257 -0.0389875 0.648452
    outer loop
      vertex 52.2143 -31.4922 3
      vertex 50.85 -31.5 1.4
      vertex 52.2147 -31.5 3
    endloop
  endfacet
  facet normal -0.716728 0.256374 0.648516
    outer loop
      vertex 52.0081 -32.5389 3
      vertex 52.0952 -32.2954 3
      vertex 50.7472 -32.0166 1.4
    endloop
  endfacet
  facet normal -0.39147 0.652843 0.648496
    outer loop
      vertex 50.7864 -33.8902 3
      vertex 51.0082 -33.7572 3
      vertex 50.25 -32.6225 1.4
    endloop
  endfacet
  facet normal -0.111567 0.753004 0.648489
    outer loop
      vertex 49.7661 -34.2016 3
      vertex 50.0219 -34.1637 3
      vertex 49.6323 -32.8435 1.4
    endloop
  endfacet
  facet normal -0.185179 0.738361 0.648484
    outer loop
      vertex 50.0372 -34.1607 3
      vertex 50.288 -34.0978 3
      vertex 49.8919 -32.7919 1.4
    endloop
  endfacet
  facet normal 0.117204 -0.752056 0.648595
    outer loop
      vertex 49.2366 -30.1759 1.4
      vertex 48.9781 -28.8363 3
      vertex 48.9704 -28.8375 3
    endloop
  endfacet
  facet normal 0.111433 -0.753032 0.648479
    outer loop
      vertex 48.9781 -28.8363 3
      vertex 49.2366 -30.1759 1.4
      vertex 49.3677 -30.1565 1.4
    endloop
  endfacet
  facet normal 0.653524 -0.390164 0.648598
    outer loop
      vertex 47.1058 -30.2203 3
      vertex 48.3775 -30.75 1.4
      vertex 47.1098 -30.2136 3
    endloop
  endfacet
  facet normal 0.652889 -0.391389 0.648499
    outer loop
      vertex 48.3775 -30.75 1.4
      vertex 47.1058 -30.2203 3
      vertex 48.3094 -30.8636 1.4
    endloop
  endfacet
  facet normal 0.611332 -0.453569 0.648497
    outer loop
      vertex 48.4564 -30.6436 1.4
      vertex 47.4015 -29.7778 3
      vertex 47.2474 -29.9855 3
    endloop
  endfacet
  facet normal 0.688093 0.325505 0.648517
    outer loop
      vertex 47.1025 -32.7727 3
      vertex 48.2528 -32.0166 1.4
      vertex 46.9919 -32.5389 3
    endloop
  endfacet
  facet normal 0.738361 -0.185179 0.648484
    outer loop
      vertex 48.2081 -31.1081 1.4
      vertex 46.9022 -30.712 3
      vertex 46.8393 -30.9628 3
    endloop
  endfacet
  facet normal -0.566721 -0.508095 0.648589
    outer loop
      vertex 51.5933 -29.772 3
      vertex 50.5436 -30.6436 1.4
      vertex 51.5985 -29.7778 3
    endloop
  endfacet
  facet normal -0.564028 -0.511186 0.648507
    outer loop
      vertex 50.5436 -30.6436 1.4
      vertex 51.5933 -29.772 3
      vertex 50.4546 -30.5454 1.4
    endloop
  endfacet
  facet normal 0.760257 -0.0389875 0.648452
    outer loop
      vertex 48.15 -31.5 1.4
      vertex 46.7857 -31.4922 3
      vertex 46.7853 -31.5 3
    endloop
  endfacet
  facet normal 0.760308 -0.0373545 0.648487
    outer loop
      vertex 46.7857 -31.4922 3
      vertex 48.15 -31.5 1.4
      vertex 48.1565 -31.3677 1.4
    endloop
  endfacet
  facet normal -0.256374 -0.716728 0.648516
    outer loop
      vertex 50.5389 -28.9919 3
      vertex 50.2954 -28.9048 3
      vertex 50.0166 -30.2528 1.4
    endloop
  endfacet
  facet normal -0.688093 -0.325505 0.648517
    outer loop
      vertex 52.0081 -30.4611 3
      vertex 51.8975 -30.2273 3
      vertex 50.7472 -30.9834 1.4
    endloop
  endfacet
  facet normal -0.614694 -0.448824 0.64862
    outer loop
      vertex 51.7526 -29.9855 3
      vertex 50.6225 -30.75 1.4
      vertex 51.7572 -29.9918 3
    endloop
  endfacet
  facet normal -0.611438 -0.453407 0.64851
    outer loop
      vertex 50.6225 -30.75 1.4
      vertex 51.7526 -29.9855 3
      vertex 50.5436 -30.6436 1.4
    endloop
  endfacet
  facet normal -0.324605 0.688556 0.648477
    outer loop
      vertex 50.1364 -32.6906 1.4
      vertex 50.7727 -33.8975 3
      vertex 50.7797 -33.8942 3
    endloop
  endfacet
  facet normal -0.325177 0.688272 0.648491
    outer loop
      vertex 50.7727 -33.8975 3
      vertex 50.1364 -32.6906 1.4
      vertex 50.0166 -32.7472 1.4
    endloop
  endfacet
  facet normal -0.0373826 0.760309 0.648486
    outer loop
      vertex 49.7661 -34.2016 3
      vertex 49.6323 -32.8435 1.4
      vertex 49.5078 -34.2143 3
    endloop
  endfacet
  facet normal -0.508095 -0.566721 0.648589
    outer loop
      vertex 50.3564 -30.4564 1.4
      vertex 51.228 -29.4067 3
      vertex 51.2222 -29.4015 3
    endloop
  endfacet
  facet normal -0.511186 -0.564028 0.648507
    outer loop
      vertex 51.228 -29.4067 3
      vertex 50.3564 -30.4564 1.4
      vertex 50.4546 -30.5454 1.4
    endloop
  endfacet
  facet normal 0.688556 -0.324605 0.648477
    outer loop
      vertex 47.1025 -30.2273 3
      vertex 48.3094 -30.8636 1.4
      vertex 47.1058 -30.2203 3
    endloop
  endfacet
  facet normal 0.688272 -0.325177 0.648491
    outer loop
      vertex 48.3094 -30.8636 1.4
      vertex 47.1025 -30.2273 3
      vertex 48.2528 -30.9834 1.4
    endloop
  endfacet
  facet normal 0.563959 0.511272 0.648499
    outer loop
      vertex 47.5804 -33.4196 3
      vertex 48.5454 -32.4546 1.4
      vertex 47.4067 -33.228 3
    endloop
  endfacet
  facet normal 0.716728 -0.256374 0.648516
    outer loop
      vertex 48.2528 -30.9834 1.4
      vertex 46.9919 -30.4611 3
      vertex 46.9048 -30.7046 3
    endloop
  endfacet
  facet normal -0.256374 0.716728 0.648516
    outer loop
      vertex 50.2954 -34.0952 3
      vertex 50.5389 -34.0081 3
      vertex 50.0166 -32.7472 1.4
    endloop
  endfacet
  facet normal -0.111567 -0.753004 0.648489
    outer loop
      vertex 50.0219 -28.8363 3
      vertex 49.7661 -28.7984 3
      vertex 49.6323 -30.1565 1.4
    endloop
  endfacet
  facet normal 0.325505 0.688093 0.648517
    outer loop
      vertex 48.4611 -34.0081 3
      vertex 48.9834 -32.7472 1.4
      vertex 48.2273 -33.8975 3
    endloop
  endfacet
  facet normal -0.511272 -0.563959 0.648499
    outer loop
      vertex 51.4196 -29.5804 3
      vertex 51.228 -29.4067 3
      vertex 50.4546 -30.5454 1.4
    endloop
  endfacet
  facet normal 0.760309 0.0373826 0.648486
    outer loop
      vertex 46.7984 -31.7661 3
      vertex 48.1565 -31.6323 1.4
      vertex 46.7857 -31.5078 3
    endloop
  endfacet
  facet normal -0.39147 -0.652843 0.648496
    outer loop
      vertex 51.0082 -29.2428 3
      vertex 50.7864 -29.1098 3
      vertex 50.25 -30.3775 1.4
    endloop
  endfacet
  facet normal -0.566721 0.508095 0.648589
    outer loop
      vertex 50.5436 -32.3564 1.4
      vertex 51.5933 -33.228 3
      vertex 51.5985 -33.2222 3
    endloop
  endfacet
  facet normal -0.564028 0.511186 0.648507
    outer loop
      vertex 51.5933 -33.228 3
      vertex 50.5436 -32.3564 1.4
      vertex 50.4546 -32.4546 1.4
    endloop
  endfacet
  facet normal -0.753004 -0.111567 0.648489
    outer loop
      vertex 52.2016 -31.2339 3
      vertex 52.1637 -30.9781 3
      vertex 50.8435 -31.3677 1.4
    endloop
  endfacet
  facet normal 0.0373545 -0.760308 0.648487
    outer loop
      vertex 49.5 -30.15 1.4
      vertex 49.4922 -28.7857 3
      vertex 49.3677 -30.1565 1.4
    endloop
  endfacet
  facet normal 0.0389875 -0.760257 0.648452
    outer loop
      vertex 49.4922 -28.7857 3
      vertex 49.5 -30.15 1.4
      vertex 49.5 -28.7853 3
    endloop
  endfacet
  facet normal -0.753032 0.111433 0.648479
    outer loop
      vertex 50.8241 -31.7634 1.4
      vertex 52.1637 -32.0219 3
      vertex 50.8435 -31.6323 1.4
    endloop
  endfacet
  facet normal -0.752056 0.117204 0.648595
    outer loop
      vertex 52.1637 -32.0219 3
      vertex 50.8241 -31.7634 1.4
      vertex 52.1625 -32.0296 3
    endloop
  endfacet
  facet normal -0.563959 -0.511272 0.648499
    outer loop
      vertex 51.5933 -29.772 3
      vertex 51.4196 -29.5804 3
      vertex 50.4546 -30.5454 1.4
    endloop
  endfacet
  facet normal -0.511186 0.564028 0.648507
    outer loop
      vertex 50.3564 -32.5436 1.4
      vertex 51.228 -33.5933 3
      vertex 50.4546 -32.4546 1.4
    endloop
  endfacet
  facet normal -0.508095 0.566721 0.648589
    outer loop
      vertex 51.228 -33.5933 3
      vertex 50.3564 -32.5436 1.4
      vertex 51.2222 -33.5985 3
    endloop
  endfacet
  facet normal -0.738412 0.185034 0.648467
    outer loop
      vertex 50.7919 -31.8919 1.4
      vertex 52.1625 -32.0296 3
      vertex 50.8241 -31.7634 1.4
    endloop
  endfacet
  facet normal -0.740185 0.175307 0.649148
    outer loop
      vertex 52.1625 -32.0296 3
      vertex 50.7919 -31.8919 1.4
      vertex 52.1607 -32.0372 3
    endloop
  endfacet
  facet normal -0.117204 0.752056 0.648595
    outer loop
      vertex 49.7634 -32.8241 1.4
      vertex 50.0219 -34.1637 3
      vertex 50.0296 -34.1625 3
    endloop
  endfacet
  facet normal -0.111433 0.753032 0.648479
    outer loop
      vertex 50.0219 -34.1637 3
      vertex 49.7634 -32.8241 1.4
      vertex 49.6323 -32.8435 1.4
    endloop
  endfacet
  facet normal 0.448824 -0.614694 0.64862
    outer loop
      vertex 47.9855 -29.2474 3
      vertex 48.75 -30.3775 1.4
      vertex 47.9918 -29.2428 3
    endloop
  endfacet
  facet normal 0.453407 -0.611438 0.64851
    outer loop
      vertex 48.75 -30.3775 1.4
      vertex 47.9855 -29.2474 3
      vertex 48.6436 -30.4564 1.4
    endloop
  endfacet
  facet normal 0.325177 0.688272 0.648491
    outer loop
      vertex 48.8636 -32.6906 1.4
      vertex 48.2273 -33.8975 3
      vertex 48.9834 -32.7472 1.4
    endloop
  endfacet
  facet normal 0.324605 0.688556 0.648477
    outer loop
      vertex 48.2273 -33.8975 3
      vertex 48.8636 -32.6906 1.4
      vertex 48.2203 -33.8942 3
    endloop
  endfacet
  facet normal 0.688093 -0.325505 0.648517
    outer loop
      vertex 48.2528 -30.9834 1.4
      vertex 47.1025 -30.2273 3
      vertex 46.9919 -30.4611 3
    endloop
  endfacet
  facet normal 0.256374 0.716728 0.648516
    outer loop
      vertex 48.7046 -34.0952 3
      vertex 48.9834 -32.7472 1.4
      vertex 48.4611 -34.0081 3
    endloop
  endfacet
  facet normal 0.652843 0.39147 0.648496
    outer loop
      vertex 47.2428 -33.0082 3
      vertex 48.3775 -32.25 1.4
      vertex 47.1098 -32.7864 3
    endloop
  endfacet
  facet normal -0.448824 -0.614694 0.64862
    outer loop
      vertex 50.25 -30.3775 1.4
      vertex 51.0145 -29.2474 3
      vertex 51.0082 -29.2428 3
    endloop
  endfacet
  facet normal -0.453407 -0.611438 0.64851
    outer loop
      vertex 51.0145 -29.2474 3
      vertex 50.25 -30.3775 1.4
      vertex 50.3564 -30.4564 1.4
    endloop
  endfacet
  facet normal -0.453569 -0.611332 0.648497
    outer loop
      vertex 51.2222 -29.4015 3
      vertex 51.0145 -29.2474 3
      vertex 50.3564 -30.4564 1.4
    endloop
  endfacet
  facet normal 0.185034 0.738412 0.648467
    outer loop
      vertex 49.1081 -32.7919 1.4
      vertex 48.9704 -34.1625 3
      vertex 49.2366 -32.8241 1.4
    endloop
  endfacet
  facet normal 0.175307 0.740185 0.649148
    outer loop
      vertex 48.9704 -34.1625 3
      vertex 49.1081 -32.7919 1.4
      vertex 48.9628 -34.1607 3
    endloop
  endfacet
  facet normal -0.611332 -0.453569 0.648497
    outer loop
      vertex 51.7526 -29.9855 3
      vertex 51.5985 -29.7778 3
      vertex 50.5436 -30.6436 1.4
    endloop
  endfacet
  facet normal 0.111567 -0.753004 0.648489
    outer loop
      vertex 49.3677 -30.1565 1.4
      vertex 49.2339 -28.7984 3
      vertex 48.9781 -28.8363 3
    endloop
  endfacet
  facet normal -0.716595 0.256871 0.648467
    outer loop
      vertex 50.7472 -32.0166 1.4
      vertex 52.0978 -32.288 3
      vertex 50.7919 -31.8919 1.4
    endloop
  endfacet
  facet normal -0.717928 0.252245 0.648808
    outer loop
      vertex 52.0978 -32.288 3
      vertex 50.7472 -32.0166 1.4
      vertex 52.0952 -32.2954 3
    endloop
  endfacet
  facet normal 0.453569 0.611332 0.648497
    outer loop
      vertex 47.9855 -33.7526 3
      vertex 48.6436 -32.5436 1.4
      vertex 47.7778 -33.5985 3
    endloop
  endfacet
  facet normal 0.39147 -0.652843 0.648496
    outer loop
      vertex 48.75 -30.3775 1.4
      vertex 48.2136 -29.1098 3
      vertex 47.9918 -29.2428 3
    endloop
  endfacet
  facet normal -0.511272 0.563959 0.648499
    outer loop
      vertex 51.228 -33.5933 3
      vertex 51.4196 -33.4196 3
      vertex 50.4546 -32.4546 1.4
    endloop
  endfacet
  facet normal -0.760309 -0.0373826 0.648486
    outer loop
      vertex 52.2143 -31.4922 3
      vertex 52.2016 -31.2339 3
      vertex 50.8435 -31.3677 1.4
    endloop
  endfacet
  facet normal -0.760257 0.0389875 0.648452
    outer loop
      vertex 50.85 -31.5 1.4
      vertex 52.2143 -31.5078 3
      vertex 52.2147 -31.5 3
    endloop
  endfacet
  facet normal -0.760308 0.0373545 0.648487
    outer loop
      vertex 52.2143 -31.5078 3
      vertex 50.85 -31.5 1.4
      vertex 50.8435 -31.6323 1.4
    endloop
  endfacet
  facet normal -0.753004 0.111567 0.648489
    outer loop
      vertex 52.1637 -32.0219 3
      vertex 52.2016 -31.7661 3
      vertex 50.8435 -31.6323 1.4
    endloop
  endfacet
  facet normal -0.738361 -0.185179 0.648484
    outer loop
      vertex 52.1607 -30.9628 3
      vertex 52.0978 -30.712 3
      vertex 50.7919 -31.1081 1.4
    endloop
  endfacet
  facet normal 0.511272 0.563959 0.648499
    outer loop
      vertex 47.772 -33.5933 3
      vertex 48.5454 -32.4546 1.4
      vertex 47.5804 -33.4196 3
    endloop
  endfacet
  facet normal -0.652889 0.391389 0.648499
    outer loop
      vertex 50.6225 -32.25 1.4
      vertex 51.8942 -32.7797 3
      vertex 50.6906 -32.1364 1.4
    endloop
  endfacet
  facet normal -0.653524 0.390164 0.648598
    outer loop
      vertex 51.8942 -32.7797 3
      vertex 50.6225 -32.25 1.4
      vertex 51.8902 -32.7864 3
    endloop
  endfacet
  facet normal 0.511186 0.564028 0.648507
    outer loop
      vertex 47.772 -33.5933 3
      vertex 48.6436 -32.5436 1.4
      vertex 48.5454 -32.4546 1.4
    endloop
  endfacet
  facet normal 0.508095 0.566721 0.648589
    outer loop
      vertex 48.6436 -32.5436 1.4
      vertex 47.772 -33.5933 3
      vertex 47.7778 -33.5985 3
    endloop
  endfacet
  facet normal -0.652843 0.39147 0.648496
    outer loop
      vertex 51.7572 -33.0082 3
      vertex 51.8902 -32.7864 3
      vertex 50.6225 -32.25 1.4
    endloop
  endfacet
  facet normal -0.185179 -0.738361 0.648484
    outer loop
      vertex 50.288 -28.9022 3
      vertex 50.0372 -28.8393 3
      vertex 49.8919 -30.2081 1.4
    endloop
  endfacet
  facet normal -0.185034 -0.738412 0.648467
    outer loop
      vertex 49.8919 -30.2081 1.4
      vertex 50.0296 -28.8375 3
      vertex 49.7634 -30.1759 1.4
    endloop
  endfacet
  facet normal -0.175307 -0.740185 0.649148
    outer loop
      vertex 50.0296 -28.8375 3
      vertex 49.8919 -30.2081 1.4
      vertex 50.0372 -28.8393 3
    endloop
  endfacet
  facet normal -0.688272 0.325177 0.648491
    outer loop
      vertex 50.6906 -32.1364 1.4
      vertex 51.8975 -32.7727 3
      vertex 50.7472 -32.0166 1.4
    endloop
  endfacet
  facet normal -0.688556 0.324605 0.648477
    outer loop
      vertex 51.8975 -32.7727 3
      vertex 50.6906 -32.1364 1.4
      vertex 51.8942 -32.7797 3
    endloop
  endfacet
  facet normal -0.252245 0.717928 0.648808
    outer loop
      vertex 50.0166 -32.7472 1.4
      vertex 50.288 -34.0978 3
      vertex 50.2954 -34.0952 3
    endloop
  endfacet
  facet normal -0.256871 0.716595 0.648467
    outer loop
      vertex 50.288 -34.0978 3
      vertex 50.0166 -32.7472 1.4
      vertex 49.8919 -32.7919 1.4
    endloop
  endfacet
  facet normal 0.256374 -0.716728 0.648516
    outer loop
      vertex 48.9834 -30.2528 1.4
      vertex 48.7046 -28.9048 3
      vertex 48.4611 -28.9919 3
    endloop
  endfacet
  facet normal 0.391389 0.652889 0.648499
    outer loop
      vertex 48.75 -32.6225 1.4
      vertex 48.2203 -33.8942 3
      vertex 48.8636 -32.6906 1.4
    endloop
  endfacet
  facet normal 0.390164 0.653524 0.648598
    outer loop
      vertex 48.2203 -33.8942 3
      vertex 48.75 -32.6225 1.4
      vertex 48.2136 -33.8902 3
    endloop
  endfacet
  facet normal 0.175307 -0.740185 0.649148
    outer loop
      vertex 49.1081 -30.2081 1.4
      vertex 48.9704 -28.8375 3
      vertex 48.9628 -28.8393 3
    endloop
  endfacet
  facet normal 0.185034 -0.738412 0.648467
    outer loop
      vertex 48.9704 -28.8375 3
      vertex 49.1081 -30.2081 1.4
      vertex 49.2366 -30.1759 1.4
    endloop
  endfacet
  facet normal 0.0373826 0.760309 0.648486
    outer loop
      vertex 49.4922 -34.2143 3
      vertex 49.3677 -32.8435 1.4
      vertex 49.2339 -34.2016 3
    endloop
  endfacet
  facet normal -0.688093 0.325505 0.648517
    outer loop
      vertex 51.8975 -32.7727 3
      vertex 52.0081 -32.5389 3
      vertex 50.7472 -32.0166 1.4
    endloop
  endfacet
  facet normal 0.511272 -0.563959 0.648499
    outer loop
      vertex 48.5454 -30.5454 1.4
      vertex 47.772 -29.4067 3
      vertex 47.5804 -29.5804 3
    endloop
  endfacet
  facet normal 0.738361 0.185179 0.648484
    outer loop
      vertex 46.9022 -32.288 3
      vertex 48.2081 -31.8919 1.4
      vertex 46.8393 -32.0372 3
    endloop
  endfacet
  facet normal 0.753004 0.111567 0.648489
    outer loop
      vertex 46.8363 -32.0219 3
      vertex 48.1565 -31.6323 1.4
      vertex 46.7984 -31.7661 3
    endloop
  endfacet
  facet normal 0.563959 -0.511272 0.648499
    outer loop
      vertex 48.5454 -30.5454 1.4
      vertex 47.5804 -29.5804 3
      vertex 47.4067 -29.772 3
    endloop
  endfacet
  facet normal -0.738361 0.185179 0.648484
    outer loop
      vertex 52.0978 -32.288 3
      vertex 52.1607 -32.0372 3
      vertex 50.7919 -31.8919 1.4
    endloop
  endfacet
  facet normal -0.256871 -0.716595 0.648467
    outer loop
      vertex 50.0166 -30.2528 1.4
      vertex 50.288 -28.9022 3
      vertex 49.8919 -30.2081 1.4
    endloop
  endfacet
  facet normal -0.252245 -0.717928 0.648808
    outer loop
      vertex 50.288 -28.9022 3
      vertex 50.0166 -30.2528 1.4
      vertex 50.2954 -28.9048 3
    endloop
  endfacet
  facet normal -0.563959 0.511272 0.648499
    outer loop
      vertex 51.4196 -33.4196 3
      vertex 51.5933 -33.228 3
      vertex 50.4546 -32.4546 1.4
    endloop
  endfacet
  facet normal 0.652889 0.391389 0.648499
    outer loop
      vertex 47.1058 -32.7797 3
      vertex 48.3775 -32.25 1.4
      vertex 48.3094 -32.1364 1.4
    endloop
  endfacet
  facet normal 0.653524 0.390164 0.648598
    outer loop
      vertex 48.3775 -32.25 1.4
      vertex 47.1058 -32.7797 3
      vertex 47.1098 -32.7864 3
    endloop
  endfacet
  facet normal -0.760309 0.0373826 0.648486
    outer loop
      vertex 52.2016 -31.7661 3
      vertex 52.2143 -31.5078 3
      vertex 50.8435 -31.6323 1.4
    endloop
  endfacet
  facet normal 0.39147 0.652843 0.648496
    outer loop
      vertex 48.2136 -33.8902 3
      vertex 48.75 -32.6225 1.4
      vertex 47.9918 -33.7572 3
    endloop
  endfacet
  facet normal -0.740185 -0.175307 0.649148
    outer loop
      vertex 50.7919 -31.1081 1.4
      vertex 52.1625 -30.9704 3
      vertex 52.1607 -30.9628 3
    endloop
  endfacet
  facet normal -0.738412 -0.185034 0.648467
    outer loop
      vertex 52.1625 -30.9704 3
      vertex 50.7919 -31.1081 1.4
      vertex 50.8241 -31.2366 1.4
    endloop
  endfacet
  facet normal -0.752056 -0.117204 0.648595
    outer loop
      vertex 50.8241 -31.2366 1.4
      vertex 52.1637 -30.9781 3
      vertex 52.1625 -30.9704 3
    endloop
  endfacet
  facet normal -0.753032 -0.111433 0.648479
    outer loop
      vertex 52.1637 -30.9781 3
      vertex 50.8241 -31.2366 1.4
      vertex 50.8435 -31.3677 1.4
    endloop
  endfacet
  facet normal -0.0373545 0.760308 0.648487
    outer loop
      vertex 49.5 -32.85 1.4
      vertex 49.5078 -34.2143 3
      vertex 49.6323 -32.8435 1.4
    endloop
  endfacet
  facet normal -0.0389875 0.760257 0.648452
    outer loop
      vertex 49.5078 -34.2143 3
      vertex 49.5 -32.85 1.4
      vertex 49.5 -34.2147 3
    endloop
  endfacet
  facet normal 0.760309 -0.0373826 0.648486
    outer loop
      vertex 48.1565 -31.3677 1.4
      vertex 46.7984 -31.2339 3
      vertex 46.7857 -31.4922 3
    endloop
  endfacet
  facet normal 0.753004 -0.111567 0.648489
    outer loop
      vertex 48.1565 -31.3677 1.4
      vertex 46.8363 -30.9781 3
      vertex 46.7984 -31.2339 3
    endloop
  endfacet
  facet normal -0.453569 0.611332 0.648497
    outer loop
      vertex 51.0145 -33.7526 3
      vertex 51.2222 -33.5985 3
      vertex 50.3564 -32.5436 1.4
    endloop
  endfacet
  facet normal -0.325505 0.688093 0.648517
    outer loop
      vertex 50.5389 -34.0081 3
      vertex 50.7727 -33.8975 3
      vertex 50.0166 -32.7472 1.4
    endloop
  endfacet
  facet normal -0.391389 -0.652889 0.648499
    outer loop
      vertex 50.25 -30.3775 1.4
      vertex 50.7797 -29.1058 3
      vertex 50.1364 -30.3094 1.4
    endloop
  endfacet
  facet normal -0.390164 -0.653524 0.648598
    outer loop
      vertex 50.7797 -29.1058 3
      vertex 50.25 -30.3775 1.4
      vertex 50.7864 -29.1098 3
    endloop
  endfacet
  facet normal 0.753032 0.111433 0.648479
    outer loop
      vertex 46.8363 -32.0219 3
      vertex 48.1759 -31.7634 1.4
      vertex 48.1565 -31.6323 1.4
    endloop
  endfacet
  facet normal 0.752056 0.117204 0.648595
    outer loop
      vertex 48.1759 -31.7634 1.4
      vertex 46.8363 -32.0219 3
      vertex 46.8375 -32.0296 3
    endloop
  endfacet
  facet normal 0.752056 -0.117204 0.648595
    outer loop
      vertex 46.8363 -30.9781 3
      vertex 48.1759 -31.2366 1.4
      vertex 46.8375 -30.9704 3
    endloop
  endfacet
  facet normal 0.753032 -0.111433 0.648479
    outer loop
      vertex 48.1759 -31.2366 1.4
      vertex 46.8363 -30.9781 3
      vertex 48.1565 -31.3677 1.4
    endloop
  endfacet
  facet normal 0.760257 0.0389875 0.648452
    outer loop
      vertex 46.7857 -31.5078 3
      vertex 48.15 -31.5 1.4
      vertex 46.7853 -31.5 3
    endloop
  endfacet
  facet normal 0.760308 0.0373545 0.648487
    outer loop
      vertex 48.15 -31.5 1.4
      vertex 46.7857 -31.5078 3
      vertex 48.1565 -31.6323 1.4
    endloop
  endfacet
  facet normal -0.652843 -0.39147 0.648496
    outer loop
      vertex 51.8902 -30.2136 3
      vertex 51.7572 -29.9918 3
      vertex 50.6225 -30.75 1.4
    endloop
  endfacet
  facet normal -0.611332 0.453569 0.648497
    outer loop
      vertex 51.5985 -33.2222 3
      vertex 51.7526 -33.0145 3
      vertex 50.5436 -32.3564 1.4
    endloop
  endfacet
  facet normal 0.611332 0.453569 0.648497
    outer loop
      vertex 47.4015 -33.2222 3
      vertex 48.4564 -32.3564 1.4
      vertex 47.2474 -33.0145 3
    endloop
  endfacet
  facet normal 0.740185 -0.175307 0.649148
    outer loop
      vertex 46.8375 -30.9704 3
      vertex 48.2081 -31.1081 1.4
      vertex 46.8393 -30.9628 3
    endloop
  endfacet
  facet normal 0.738412 -0.185034 0.648467
    outer loop
      vertex 48.2081 -31.1081 1.4
      vertex 46.8375 -30.9704 3
      vertex 48.1759 -31.2366 1.4
    endloop
  endfacet
  facet normal 0.717928 -0.252245 0.648808
    outer loop
      vertex 46.9022 -30.712 3
      vertex 48.2528 -30.9834 1.4
      vertex 46.9048 -30.7046 3
    endloop
  endfacet
  facet normal 0.716595 -0.256871 0.648467
    outer loop
      vertex 48.2528 -30.9834 1.4
      vertex 46.9022 -30.712 3
      vertex 48.2081 -31.1081 1.4
    endloop
  endfacet
  facet normal 0.652843 -0.39147 0.648496
    outer loop
      vertex 48.3775 -30.75 1.4
      vertex 47.2428 -29.9918 3
      vertex 47.1098 -30.2136 3
    endloop
  endfacet
  facet normal -0.0389875 -0.760257 0.648452
    outer loop
      vertex 49.5 -30.15 1.4
      vertex 49.5078 -28.7857 3
      vertex 49.5 -28.7853 3
    endloop
  endfacet
  facet normal -0.0373545 -0.760308 0.648487
    outer loop
      vertex 49.5078 -28.7857 3
      vertex 49.5 -30.15 1.4
      vertex 49.6323 -30.1565 1.4
    endloop
  endfacet
  facet normal -0.0373826 -0.760309 0.648486
    outer loop
      vertex 49.6323 -30.1565 1.4
      vertex 49.7661 -28.7984 3
      vertex 49.5078 -28.7857 3
    endloop
  endfacet
  facet normal -0.453407 0.611438 0.64851
    outer loop
      vertex 50.25 -32.6225 1.4
      vertex 51.0145 -33.7526 3
      vertex 50.3564 -32.5436 1.4
    endloop
  endfacet
  facet normal -0.448824 0.614694 0.64862
    outer loop
      vertex 51.0145 -33.7526 3
      vertex 50.25 -32.6225 1.4
      vertex 51.0082 -33.7572 3
    endloop
  endfacet
  facet normal -0.111433 -0.753032 0.648479
    outer loop
      vertex 49.7634 -30.1759 1.4
      vertex 50.0219 -28.8363 3
      vertex 49.6323 -30.1565 1.4
    endloop
  endfacet
  facet normal -0.117204 -0.752056 0.648595
    outer loop
      vertex 50.0219 -28.8363 3
      vertex 49.7634 -30.1759 1.4
      vertex 50.0296 -28.8375 3
    endloop
  endfacet
  facet normal 0.738412 0.185034 0.648467
    outer loop
      vertex 46.8375 -32.0296 3
      vertex 48.2081 -31.8919 1.4
      vertex 48.1759 -31.7634 1.4
    endloop
  endfacet
  facet normal 0.740185 0.175307 0.649148
    outer loop
      vertex 48.2081 -31.8919 1.4
      vertex 46.8375 -32.0296 3
      vertex 46.8393 -32.0372 3
    endloop
  endfacet
  facet normal -0.325177 -0.688272 0.648491
    outer loop
      vertex 50.1364 -30.3094 1.4
      vertex 50.7727 -29.1025 3
      vertex 50.0166 -30.2528 1.4
    endloop
  endfacet
  facet normal -0.324605 -0.688556 0.648477
    outer loop
      vertex 50.7727 -29.1025 3
      vertex 50.1364 -30.3094 1.4
      vertex 50.7797 -29.1058 3
    endloop
  endfacet
  facet normal -0.325505 -0.688093 0.648517
    outer loop
      vertex 50.7727 -29.1025 3
      vertex 50.5389 -28.9919 3
      vertex 50.0166 -30.2528 1.4
    endloop
  endfacet
  facet normal -0.390164 0.653524 0.648598
    outer loop
      vertex 50.25 -32.6225 1.4
      vertex 50.7797 -33.8942 3
      vertex 50.7864 -33.8902 3
    endloop
  endfacet
  facet normal -0.391389 0.652889 0.648499
    outer loop
      vertex 50.7797 -33.8942 3
      vertex 50.25 -32.6225 1.4
      vertex 50.1364 -32.6906 1.4
    endloop
  endfacet
  facet normal 0.716595 0.256871 0.648467
    outer loop
      vertex 46.9022 -32.288 3
      vertex 48.2528 -32.0166 1.4
      vertex 48.2081 -31.8919 1.4
    endloop
  endfacet
  facet normal 0.717928 0.252245 0.648808
    outer loop
      vertex 48.2528 -32.0166 1.4
      vertex 46.9022 -32.288 3
      vertex 46.9048 -32.2954 3
    endloop
  endfacet
  facet normal 0.0389875 0.760257 0.648452
    outer loop
      vertex 49.5 -32.85 1.4
      vertex 49.4922 -34.2143 3
      vertex 49.5 -34.2147 3
    endloop
  endfacet
  facet normal 0.0373545 0.760308 0.648487
    outer loop
      vertex 49.4922 -34.2143 3
      vertex 49.5 -32.85 1.4
      vertex 49.3677 -32.8435 1.4
    endloop
  endfacet
  facet normal 0.688272 0.325177 0.648491
    outer loop
      vertex 47.1025 -32.7727 3
      vertex 48.3094 -32.1364 1.4
      vertex 48.2528 -32.0166 1.4
    endloop
  endfacet
  facet normal 0.688556 0.324605 0.648477
    outer loop
      vertex 48.3094 -32.1364 1.4
      vertex 47.1025 -32.7727 3
      vertex 47.1058 -32.7797 3
    endloop
  endfacet
  facet normal -0.614694 0.448824 0.64862
    outer loop
      vertex 50.6225 -32.25 1.4
      vertex 51.7526 -33.0145 3
      vertex 51.7572 -33.0082 3
    endloop
  endfacet
  facet normal -0.611438 0.453407 0.64851
    outer loop
      vertex 51.7526 -33.0145 3
      vertex 50.6225 -32.25 1.4
      vertex 50.5436 -32.3564 1.4
    endloop
  endfacet
  facet normal 0.185179 -0.738361 0.648484
    outer loop
      vertex 49.1081 -30.2081 1.4
      vertex 48.9628 -28.8393 3
      vertex 48.712 -28.9022 3
    endloop
  endfacet
  facet normal -0.716728 -0.256374 0.648516
    outer loop
      vertex 52.0952 -30.7046 3
      vertex 52.0081 -30.4611 3
      vertex 50.7472 -30.9834 1.4
    endloop
  endfacet
  facet normal -0.175307 0.740185 0.649148
    outer loop
      vertex 49.8919 -32.7919 1.4
      vertex 50.0296 -34.1625 3
      vertex 50.0372 -34.1607 3
    endloop
  endfacet
  facet normal -0.185034 0.738412 0.648467
    outer loop
      vertex 50.0296 -34.1625 3
      vertex 49.8919 -32.7919 1.4
      vertex 49.7634 -32.8241 1.4
    endloop
  endfacet
  facet normal 0.611438 0.453407 0.64851
    outer loop
      vertex 48.3775 -32.25 1.4
      vertex 47.2474 -33.0145 3
      vertex 48.4564 -32.3564 1.4
    endloop
  endfacet
  facet normal 0.614694 0.448824 0.64862
    outer loop
      vertex 47.2474 -33.0145 3
      vertex 48.3775 -32.25 1.4
      vertex 47.2428 -33.0082 3
    endloop
  endfacet
  facet normal 0.564028 0.511186 0.648507
    outer loop
      vertex 48.4564 -32.3564 1.4
      vertex 47.4067 -33.228 3
      vertex 48.5454 -32.4546 1.4
    endloop
  endfacet
  facet normal 0.566721 0.508095 0.648589
    outer loop
      vertex 47.4067 -33.228 3
      vertex 48.4564 -32.3564 1.4
      vertex 47.4015 -33.2222 3
    endloop
  endfacet
  facet normal 0.256871 0.716595 0.648467
    outer loop
      vertex 48.9834 -32.7472 1.4
      vertex 48.712 -34.0978 3
      vertex 49.1081 -32.7919 1.4
    endloop
  endfacet
  facet normal 0.252245 0.717928 0.648808
    outer loop
      vertex 48.712 -34.0978 3
      vertex 48.9834 -32.7472 1.4
      vertex 48.7046 -34.0952 3
    endloop
  endfacet
  facet normal -0.717928 -0.252245 0.648808
    outer loop
      vertex 50.7472 -30.9834 1.4
      vertex 52.0978 -30.712 3
      vertex 52.0952 -30.7046 3
    endloop
  endfacet
  facet normal -0.716595 -0.256871 0.648467
    outer loop
      vertex 52.0978 -30.712 3
      vertex 50.7472 -30.9834 1.4
      vertex 50.7919 -31.1081 1.4
    endloop
  endfacet
  facet normal 0.325505 -0.688093 0.648517
    outer loop
      vertex 48.9834 -30.2528 1.4
      vertex 48.4611 -28.9919 3
      vertex 48.2273 -29.1025 3
    endloop
  endfacet
  facet normal 0.564028 -0.511186 0.648507
    outer loop
      vertex 47.4067 -29.772 3
      vertex 48.4564 -30.6436 1.4
      vertex 48.5454 -30.5454 1.4
    endloop
  endfacet
  facet normal 0.566721 -0.508095 0.648589
    outer loop
      vertex 48.4564 -30.6436 1.4
      vertex 47.4067 -29.772 3
      vertex 47.4015 -29.7778 3
    endloop
  endfacet
  facet normal 0.453407 0.611438 0.64851
    outer loop
      vertex 47.9855 -33.7526 3
      vertex 48.75 -32.6225 1.4
      vertex 48.6436 -32.5436 1.4
    endloop
  endfacet
  facet normal 0.448824 0.614694 0.64862
    outer loop
      vertex 48.75 -32.6225 1.4
      vertex 47.9855 -33.7526 3
      vertex 47.9918 -33.7572 3
    endloop
  endfacet
  facet normal 0.252245 -0.717928 0.648808
    outer loop
      vertex 48.9834 -30.2528 1.4
      vertex 48.712 -28.9022 3
      vertex 48.7046 -28.9048 3
    endloop
  endfacet
  facet normal 0.256871 -0.716595 0.648467
    outer loop
      vertex 48.712 -28.9022 3
      vertex 48.9834 -30.2528 1.4
      vertex 49.1081 -30.2081 1.4
    endloop
  endfacet
  facet normal 0.611438 -0.453407 0.64851
    outer loop
      vertex 47.2474 -29.9855 3
      vertex 48.3775 -30.75 1.4
      vertex 48.4564 -30.6436 1.4
    endloop
  endfacet
  facet normal 0.614694 -0.448824 0.64862
    outer loop
      vertex 48.3775 -30.75 1.4
      vertex 47.2474 -29.9855 3
      vertex 47.2428 -29.9918 3
    endloop
  endfacet
  facet normal 0.185179 0.738361 0.648484
    outer loop
      vertex 48.9628 -34.1607 3
      vertex 49.1081 -32.7919 1.4
      vertex 48.712 -34.0978 3
    endloop
  endfacet
  facet normal 0.111567 0.753004 0.648489
    outer loop
      vertex 49.2339 -34.2016 3
      vertex 49.3677 -32.8435 1.4
      vertex 48.9781 -34.1637 3
    endloop
  endfacet
  facet normal 0.0373826 -0.760309 0.648486
    outer loop
      vertex 49.3677 -30.1565 1.4
      vertex 49.4922 -28.7857 3
      vertex 49.2339 -28.7984 3
    endloop
  endfacet
  facet normal 0.716728 0.256374 0.648516
    outer loop
      vertex 46.9919 -32.5389 3
      vertex 48.2528 -32.0166 1.4
      vertex 46.9048 -32.2954 3
    endloop
  endfacet
  facet normal 0.453569 -0.611332 0.648497
    outer loop
      vertex 48.6436 -30.4564 1.4
      vertex 47.9855 -29.2474 3
      vertex 47.7778 -29.4015 3
    endloop
  endfacet
  facet normal 0.324605 -0.688556 0.648477
    outer loop
      vertex 48.8636 -30.3094 1.4
      vertex 48.2273 -29.1025 3
      vertex 48.2203 -29.1058 3
    endloop
  endfacet
  facet normal 0.325177 -0.688272 0.648491
    outer loop
      vertex 48.2273 -29.1025 3
      vertex 48.8636 -30.3094 1.4
      vertex 48.9834 -30.2528 1.4
    endloop
  endfacet
  facet normal -0.688556 -0.324605 0.648477
    outer loop
      vertex 50.6906 -30.8636 1.4
      vertex 51.8975 -30.2273 3
      vertex 51.8942 -30.2203 3
    endloop
  endfacet
  facet normal -0.688272 -0.325177 0.648491
    outer loop
      vertex 51.8975 -30.2273 3
      vertex 50.6906 -30.8636 1.4
      vertex 50.7472 -30.9834 1.4
    endloop
  endfacet
  facet normal 0.508095 -0.566721 0.648589
    outer loop
      vertex 47.772 -29.4067 3
      vertex 48.6436 -30.4564 1.4
      vertex 47.7778 -29.4015 3
    endloop
  endfacet
  facet normal 0.511186 -0.564028 0.648507
    outer loop
      vertex 48.6436 -30.4564 1.4
      vertex 47.772 -29.4067 3
      vertex 48.5454 -30.5454 1.4
    endloop
  endfacet
  facet normal -0.653524 -0.390164 0.648598
    outer loop
      vertex 50.6225 -30.75 1.4
      vertex 51.8942 -30.2203 3
      vertex 51.8902 -30.2136 3
    endloop
  endfacet
  facet normal -0.652889 -0.391389 0.648499
    outer loop
      vertex 51.8942 -30.2203 3
      vertex 50.6225 -30.75 1.4
      vertex 50.6906 -30.8636 1.4
    endloop
  endfacet
  facet normal 0.390164 -0.653524 0.648598
    outer loop
      vertex 48.75 -30.3775 1.4
      vertex 48.2203 -29.1058 3
      vertex 48.2136 -29.1098 3
    endloop
  endfacet
  facet normal 0.391389 -0.652889 0.648499
    outer loop
      vertex 48.2203 -29.1058 3
      vertex 48.75 -30.3775 1.4
      vertex 48.8636 -30.3094 1.4
    endloop
  endfacet
  facet normal 0.111433 0.753032 0.648479
    outer loop
      vertex 49.2366 -32.8241 1.4
      vertex 48.9781 -34.1637 3
      vertex 49.3677 -32.8435 1.4
    endloop
  endfacet
  facet normal 0.117204 0.752056 0.648595
    outer loop
      vertex 48.9781 -34.1637 3
      vertex 49.2366 -32.8241 1.4
      vertex 48.9704 -34.1625 3
    endloop
  endfacet
  facet normal -0.760308 -0.0373545 0.648487
    outer loop
      vertex 50.85 31.5 1.4
      vertex 52.2143 31.5078 3
      vertex 50.8435 31.6323 1.4
    endloop
  endfacet
  facet normal -0.760257 -0.0389875 0.648452
    outer loop
      vertex 52.2143 31.5078 3
      vertex 50.85 31.5 1.4
      vertex 52.2147 31.5 3
    endloop
  endfacet
  facet normal 0.111567 0.753004 0.648489
    outer loop
      vertex 49.2339 28.7984 3
      vertex 49.3677 30.1565 1.4
      vertex 48.9781 28.8363 3
    endloop
  endfacet
  facet normal -0.511186 0.564028 0.648507
    outer loop
      vertex 50.3564 30.4564 1.4
      vertex 51.228 29.4067 3
      vertex 50.4546 30.5454 1.4
    endloop
  endfacet
  facet normal -0.508095 0.566721 0.648589
    outer loop
      vertex 51.228 29.4067 3
      vertex 50.3564 30.4564 1.4
      vertex 51.2222 29.4015 3
    endloop
  endfacet
  facet normal -0.716728 0.256374 0.648516
    outer loop
      vertex 52.0081 30.4611 3
      vertex 52.0952 30.7046 3
      vertex 50.7472 30.9834 1.4
    endloop
  endfacet
  facet normal -0.117204 0.752056 0.648595
    outer loop
      vertex 49.7634 30.1759 1.4
      vertex 50.0219 28.8363 3
      vertex 50.0296 28.8375 3
    endloop
  endfacet
  facet normal -0.111433 0.753032 0.648479
    outer loop
      vertex 50.0219 28.8363 3
      vertex 49.7634 30.1759 1.4
      vertex 49.6323 30.1565 1.4
    endloop
  endfacet
  facet normal 0.0373826 -0.760309 0.648486
    outer loop
      vertex 49.3677 32.8435 1.4
      vertex 49.4922 34.2143 3
      vertex 49.2339 34.2016 3
    endloop
  endfacet
  facet normal 0.0373545 -0.760308 0.648487
    outer loop
      vertex 49.5 32.85 1.4
      vertex 49.4922 34.2143 3
      vertex 49.3677 32.8435 1.4
    endloop
  endfacet
  facet normal 0.0389875 -0.760257 0.648452
    outer loop
      vertex 49.4922 34.2143 3
      vertex 49.5 32.85 1.4
      vertex 49.5 34.2147 3
    endloop
  endfacet
  facet normal -0.753032 0.111433 0.648479
    outer loop
      vertex 50.8241 31.2366 1.4
      vertex 52.1637 30.9781 3
      vertex 50.8435 31.3677 1.4
    endloop
  endfacet
  facet normal -0.752056 0.117204 0.648595
    outer loop
      vertex 52.1637 30.9781 3
      vertex 50.8241 31.2366 1.4
      vertex 52.1625 30.9704 3
    endloop
  endfacet
  facet normal 0.453407 0.611438 0.64851
    outer loop
      vertex 47.9855 29.2474 3
      vertex 48.75 30.3775 1.4
      vertex 48.6436 30.4564 1.4
    endloop
  endfacet
  facet normal 0.448824 0.614694 0.64862
    outer loop
      vertex 48.75 30.3775 1.4
      vertex 47.9855 29.2474 3
      vertex 47.9918 29.2428 3
    endloop
  endfacet
  facet normal -0.738361 -0.185179 0.648484
    outer loop
      vertex 52.1607 32.0372 3
      vertex 52.0978 32.288 3
      vertex 50.7919 31.8919 1.4
    endloop
  endfacet
  facet normal 0.688556 -0.324605 0.648477
    outer loop
      vertex 47.1025 32.7727 3
      vertex 48.3094 32.1364 1.4
      vertex 47.1058 32.7797 3
    endloop
  endfacet
  facet normal 0.688272 -0.325177 0.648491
    outer loop
      vertex 48.3094 32.1364 1.4
      vertex 47.1025 32.7727 3
      vertex 48.2528 32.0166 1.4
    endloop
  endfacet
  facet normal -0.111567 -0.753004 0.648489
    outer loop
      vertex 50.0219 34.1637 3
      vertex 49.7661 34.2016 3
      vertex 49.6323 32.8435 1.4
    endloop
  endfacet
  facet normal -0.256374 0.716728 0.648516
    outer loop
      vertex 50.2954 28.9048 3
      vertex 50.5389 28.9919 3
      vertex 50.0166 30.2528 1.4
    endloop
  endfacet
  facet normal 0.0389875 0.760257 0.648452
    outer loop
      vertex 49.5 30.15 1.4
      vertex 49.4922 28.7857 3
      vertex 49.5 28.7853 3
    endloop
  endfacet
  facet normal 0.0373545 0.760308 0.648487
    outer loop
      vertex 49.4922 28.7857 3
      vertex 49.5 30.15 1.4
      vertex 49.3677 30.1565 1.4
    endloop
  endfacet
  facet normal -0.185034 -0.738412 0.648467
    outer loop
      vertex 49.8919 32.7919 1.4
      vertex 50.0296 34.1625 3
      vertex 49.7634 32.8241 1.4
    endloop
  endfacet
  facet normal -0.175307 -0.740185 0.649148
    outer loop
      vertex 50.0296 34.1625 3
      vertex 49.8919 32.7919 1.4
      vertex 50.0372 34.1607 3
    endloop
  endfacet
  facet normal -0.324605 0.688556 0.648477
    outer loop
      vertex 50.1364 30.3094 1.4
      vertex 50.7727 29.1025 3
      vertex 50.7797 29.1058 3
    endloop
  endfacet
  facet normal -0.325177 0.688272 0.648491
    outer loop
      vertex 50.7727 29.1025 3
      vertex 50.1364 30.3094 1.4
      vertex 50.0166 30.2528 1.4
    endloop
  endfacet
  facet normal -0.738412 0.185034 0.648467
    outer loop
      vertex 50.7919 31.1081 1.4
      vertex 52.1625 30.9704 3
      vertex 50.8241 31.2366 1.4
    endloop
  endfacet
  facet normal -0.740185 0.175307 0.649148
    outer loop
      vertex 52.1625 30.9704 3
      vertex 50.7919 31.1081 1.4
      vertex 52.1607 30.9628 3
    endloop
  endfacet
  facet normal 0.111567 -0.753004 0.648489
    outer loop
      vertex 49.3677 32.8435 1.4
      vertex 49.2339 34.2016 3
      vertex 48.9781 34.1637 3
    endloop
  endfacet
  facet normal -0.653524 -0.390164 0.648598
    outer loop
      vertex 50.6225 32.25 1.4
      vertex 51.8942 32.7797 3
      vertex 51.8902 32.7864 3
    endloop
  endfacet
  facet normal -0.652889 -0.391389 0.648499
    outer loop
      vertex 51.8942 32.7797 3
      vertex 50.6225 32.25 1.4
      vertex 50.6906 32.1364 1.4
    endloop
  endfacet
  facet normal 0.564028 -0.511186 0.648507
    outer loop
      vertex 47.4067 33.228 3
      vertex 48.4564 32.3564 1.4
      vertex 48.5454 32.4546 1.4
    endloop
  endfacet
  facet normal 0.566721 -0.508095 0.648589
    outer loop
      vertex 48.4564 32.3564 1.4
      vertex 47.4067 33.228 3
      vertex 47.4015 33.2222 3
    endloop
  endfacet
  facet normal 0.508095 -0.566721 0.648589
    outer loop
      vertex 47.772 33.5933 3
      vertex 48.6436 32.5436 1.4
      vertex 47.7778 33.5985 3
    endloop
  endfacet
  facet normal 0.511186 -0.564028 0.648507
    outer loop
      vertex 48.6436 32.5436 1.4
      vertex 47.772 33.5933 3
      vertex 48.5454 32.4546 1.4
    endloop
  endfacet
  facet normal -0.185179 -0.738361 0.648484
    outer loop
      vertex 50.288 34.0978 3
      vertex 50.0372 34.1607 3
      vertex 49.8919 32.7919 1.4
    endloop
  endfacet
  facet normal -0.753004 -0.111567 0.648489
    outer loop
      vertex 52.2016 31.7661 3
      vertex 52.1637 32.0219 3
      vertex 50.8435 31.6323 1.4
    endloop
  endfacet
  facet normal -0.611332 -0.453569 0.648497
    outer loop
      vertex 51.7526 33.0145 3
      vertex 51.5985 33.2222 3
      vertex 50.5436 32.3564 1.4
    endloop
  endfacet
  facet normal 0.738361 -0.185179 0.648484
    outer loop
      vertex 48.2081 31.8919 1.4
      vertex 46.9022 32.288 3
      vertex 46.8393 32.0372 3
    endloop
  endfacet
  facet normal -0.614694 -0.448824 0.64862
    outer loop
      vertex 51.7526 33.0145 3
      vertex 50.6225 32.25 1.4
      vertex 51.7572 33.0082 3
    endloop
  endfacet
  facet normal -0.611438 -0.453407 0.64851
    outer loop
      vertex 50.6225 32.25 1.4
      vertex 51.7526 33.0145 3
      vertex 50.5436 32.3564 1.4
    endloop
  endfacet
  facet normal 0.740185 -0.175307 0.649148
    outer loop
      vertex 46.8375 32.0296 3
      vertex 48.2081 31.8919 1.4
      vertex 46.8393 32.0372 3
    endloop
  endfacet
  facet normal 0.738412 -0.185034 0.648467
    outer loop
      vertex 48.2081 31.8919 1.4
      vertex 46.8375 32.0296 3
      vertex 48.1759 31.7634 1.4
    endloop
  endfacet
  facet normal 0.760257 0.0389875 0.648452
    outer loop
      vertex 46.7857 31.4922 3
      vertex 48.15 31.5 1.4
      vertex 46.7853 31.5 3
    endloop
  endfacet
  facet normal 0.760308 0.0373545 0.648487
    outer loop
      vertex 48.15 31.5 1.4
      vertex 46.7857 31.4922 3
      vertex 48.1565 31.3677 1.4
    endloop
  endfacet
  facet normal 0.185179 0.738361 0.648484
    outer loop
      vertex 48.9628 28.8393 3
      vertex 49.1081 30.2081 1.4
      vertex 48.712 28.9022 3
    endloop
  endfacet
  facet normal -0.688272 0.325177 0.648491
    outer loop
      vertex 50.6906 30.8636 1.4
      vertex 51.8975 30.2273 3
      vertex 50.7472 30.9834 1.4
    endloop
  endfacet
  facet normal -0.688556 0.324605 0.648477
    outer loop
      vertex 51.8975 30.2273 3
      vertex 50.6906 30.8636 1.4
      vertex 51.8942 30.2203 3
    endloop
  endfacet
  facet normal 0.688093 -0.325505 0.648517
    outer loop
      vertex 48.2528 32.0166 1.4
      vertex 47.1025 32.7727 3
      vertex 46.9919 32.5389 3
    endloop
  endfacet
  facet normal 0.511186 0.564028 0.648507
    outer loop
      vertex 47.772 29.4067 3
      vertex 48.6436 30.4564 1.4
      vertex 48.5454 30.5454 1.4
    endloop
  endfacet
  facet normal 0.508095 0.566721 0.648589
    outer loop
      vertex 48.6436 30.4564 1.4
      vertex 47.772 29.4067 3
      vertex 47.7778 29.4015 3
    endloop
  endfacet
  facet normal -0.563959 -0.511272 0.648499
    outer loop
      vertex 51.5933 33.228 3
      vertex 51.4196 33.4196 3
      vertex 50.4546 32.4546 1.4
    endloop
  endfacet
  facet normal 0.738361 0.185179 0.648484
    outer loop
      vertex 46.9022 30.712 3
      vertex 48.2081 31.1081 1.4
      vertex 46.8393 30.9628 3
    endloop
  endfacet
  facet normal -0.256374 -0.716728 0.648516
    outer loop
      vertex 50.5389 34.0081 3
      vertex 50.2954 34.0952 3
      vertex 50.0166 32.7472 1.4
    endloop
  endfacet
  facet normal 0.117204 -0.752056 0.648595
    outer loop
      vertex 49.2366 32.8241 1.4
      vertex 48.9781 34.1637 3
      vertex 48.9704 34.1625 3
    endloop
  endfacet
  facet normal 0.111433 -0.753032 0.648479
    outer loop
      vertex 48.9781 34.1637 3
      vertex 49.2366 32.8241 1.4
      vertex 49.3677 32.8435 1.4
    endloop
  endfacet
  facet normal -0.111567 0.753004 0.648489
    outer loop
      vertex 49.7661 28.7984 3
      vertex 50.0219 28.8363 3
      vertex 49.6323 30.1565 1.4
    endloop
  endfacet
  facet normal 0.563959 -0.511272 0.648499
    outer loop
      vertex 48.5454 32.4546 1.4
      vertex 47.5804 33.4196 3
      vertex 47.4067 33.228 3
    endloop
  endfacet
  facet normal 0.185034 0.738412 0.648467
    outer loop
      vertex 49.1081 30.2081 1.4
      vertex 48.9704 28.8375 3
      vertex 49.2366 30.1759 1.4
    endloop
  endfacet
  facet normal 0.175307 0.740185 0.649148
    outer loop
      vertex 48.9704 28.8375 3
      vertex 49.1081 30.2081 1.4
      vertex 48.9628 28.8393 3
    endloop
  endfacet
  facet normal 0.256374 0.716728 0.648516
    outer loop
      vertex 48.7046 28.9048 3
      vertex 48.9834 30.2528 1.4
      vertex 48.4611 28.9919 3
    endloop
  endfacet
  facet normal 0.611438 0.453407 0.64851
    outer loop
      vertex 48.3775 30.75 1.4
      vertex 47.2474 29.9855 3
      vertex 48.4564 30.6436 1.4
    endloop
  endfacet
  facet normal 0.614694 0.448824 0.64862
    outer loop
      vertex 47.2474 29.9855 3
      vertex 48.3775 30.75 1.4
      vertex 47.2428 29.9918 3
    endloop
  endfacet
  facet normal -0.716595 0.256871 0.648467
    outer loop
      vertex 50.7472 30.9834 1.4
      vertex 52.0978 30.712 3
      vertex 50.7919 31.1081 1.4
    endloop
  endfacet
  facet normal -0.717928 0.252245 0.648808
    outer loop
      vertex 52.0978 30.712 3
      vertex 50.7472 30.9834 1.4
      vertex 52.0952 30.7046 3
    endloop
  endfacet
  facet normal 0.611438 -0.453407 0.64851
    outer loop
      vertex 47.2474 33.0145 3
      vertex 48.3775 32.25 1.4
      vertex 48.4564 32.3564 1.4
    endloop
  endfacet
  facet normal 0.614694 -0.448824 0.64862
    outer loop
      vertex 48.3775 32.25 1.4
      vertex 47.2474 33.0145 3
      vertex 47.2428 33.0082 3
    endloop
  endfacet
  facet normal -0.325177 -0.688272 0.648491
    outer loop
      vertex 50.1364 32.6906 1.4
      vertex 50.7727 33.8975 3
      vertex 50.0166 32.7472 1.4
    endloop
  endfacet
  facet normal -0.324605 -0.688556 0.648477
    outer loop
      vertex 50.7727 33.8975 3
      vertex 50.1364 32.6906 1.4
      vertex 50.7797 33.8942 3
    endloop
  endfacet
  facet normal -0.688093 -0.325505 0.648517
    outer loop
      vertex 52.0081 32.5389 3
      vertex 51.8975 32.7727 3
      vertex 50.7472 32.0166 1.4
    endloop
  endfacet
  facet normal -0.391389 -0.652889 0.648499
    outer loop
      vertex 50.25 32.6225 1.4
      vertex 50.7797 33.8942 3
      vertex 50.1364 32.6906 1.4
    endloop
  endfacet
  facet normal -0.390164 -0.653524 0.648598
    outer loop
      vertex 50.7797 33.8942 3
      vertex 50.25 32.6225 1.4
      vertex 50.7864 33.8902 3
    endloop
  endfacet
  facet normal -0.256871 -0.716595 0.648467
    outer loop
      vertex 50.0166 32.7472 1.4
      vertex 50.288 34.0978 3
      vertex 49.8919 32.7919 1.4
    endloop
  endfacet
  facet normal -0.252245 -0.717928 0.648808
    outer loop
      vertex 50.288 34.0978 3
      vertex 50.0166 32.7472 1.4
      vertex 50.2954 34.0952 3
    endloop
  endfacet
  facet normal -0.760309 -0.0373826 0.648486
    outer loop
      vertex 52.2143 31.5078 3
      vertex 52.2016 31.7661 3
      vertex 50.8435 31.6323 1.4
    endloop
  endfacet
  facet normal -0.760257 0.0389875 0.648452
    outer loop
      vertex 50.85 31.5 1.4
      vertex 52.2143 31.4922 3
      vertex 52.2147 31.5 3
    endloop
  endfacet
  facet normal -0.760308 0.0373545 0.648487
    outer loop
      vertex 52.2143 31.4922 3
      vertex 50.85 31.5 1.4
      vertex 50.8435 31.3677 1.4
    endloop
  endfacet
  facet normal -0.753004 0.111567 0.648489
    outer loop
      vertex 52.1637 30.9781 3
      vertex 52.2016 31.2339 3
      vertex 50.8435 31.3677 1.4
    endloop
  endfacet
  facet normal -0.716728 -0.256374 0.648516
    outer loop
      vertex 52.0952 32.2954 3
      vertex 52.0081 32.5389 3
      vertex 50.7472 32.0166 1.4
    endloop
  endfacet
  facet normal 0.652889 0.391389 0.648499
    outer loop
      vertex 47.1058 30.2203 3
      vertex 48.3775 30.75 1.4
      vertex 48.3094 30.8636 1.4
    endloop
  endfacet
  facet normal 0.653524 0.390164 0.648598
    outer loop
      vertex 48.3775 30.75 1.4
      vertex 47.1058 30.2203 3
      vertex 47.1098 30.2136 3
    endloop
  endfacet
  facet normal -0.453569 0.611332 0.648497
    outer loop
      vertex 51.0145 29.2474 3
      vertex 51.2222 29.4015 3
      vertex 50.3564 30.4564 1.4
    endloop
  endfacet
  facet normal -0.111433 -0.753032 0.648479
    outer loop
      vertex 49.7634 32.8241 1.4
      vertex 50.0219 34.1637 3
      vertex 49.6323 32.8435 1.4
    endloop
  endfacet
  facet normal -0.117204 -0.752056 0.648595
    outer loop
      vertex 50.0219 34.1637 3
      vertex 49.7634 32.8241 1.4
      vertex 50.0296 34.1625 3
    endloop
  endfacet
  facet normal -0.652843 0.39147 0.648496
    outer loop
      vertex 51.7572 29.9918 3
      vertex 51.8902 30.2136 3
      vertex 50.6225 30.75 1.4
    endloop
  endfacet
  facet normal 0.111433 0.753032 0.648479
    outer loop
      vertex 49.2366 30.1759 1.4
      vertex 48.9781 28.8363 3
      vertex 49.3677 30.1565 1.4
    endloop
  endfacet
  facet normal 0.117204 0.752056 0.648595
    outer loop
      vertex 48.9781 28.8363 3
      vertex 49.2366 30.1759 1.4
      vertex 48.9704 28.8375 3
    endloop
  endfacet
  facet normal 0.564028 0.511186 0.648507
    outer loop
      vertex 48.4564 30.6436 1.4
      vertex 47.4067 29.772 3
      vertex 48.5454 30.5454 1.4
    endloop
  endfacet
  facet normal 0.566721 0.508095 0.648589
    outer loop
      vertex 47.4067 29.772 3
      vertex 48.4564 30.6436 1.4
      vertex 47.4015 29.7778 3
    endloop
  endfacet
  facet normal -0.652889 0.391389 0.648499
    outer loop
      vertex 50.6225 30.75 1.4
      vertex 51.8942 30.2203 3
      vertex 50.6906 30.8636 1.4
    endloop
  endfacet
  facet normal -0.653524 0.390164 0.648598
    outer loop
      vertex 51.8942 30.2203 3
      vertex 50.6225 30.75 1.4
      vertex 51.8902 30.2136 3
    endloop
  endfacet
  facet normal 0.716728 -0.256374 0.648516
    outer loop
      vertex 48.2528 32.0166 1.4
      vertex 46.9919 32.5389 3
      vertex 46.9048 32.2954 3
    endloop
  endfacet
  facet normal 0.39147 0.652843 0.648496
    outer loop
      vertex 48.2136 29.1098 3
      vertex 48.75 30.3775 1.4
      vertex 47.9918 29.2428 3
    endloop
  endfacet
  facet normal -0.252245 0.717928 0.648808
    outer loop
      vertex 50.0166 30.2528 1.4
      vertex 50.288 28.9022 3
      vertex 50.2954 28.9048 3
    endloop
  endfacet
  facet normal -0.256871 0.716595 0.648467
    outer loop
      vertex 50.288 28.9022 3
      vertex 50.0166 30.2528 1.4
      vertex 49.8919 30.2081 1.4
    endloop
  endfacet
  facet normal -0.185179 0.738361 0.648484
    outer loop
      vertex 50.0372 28.8393 3
      vertex 50.288 28.9022 3
      vertex 49.8919 30.2081 1.4
    endloop
  endfacet
  facet normal -0.566721 -0.508095 0.648589
    outer loop
      vertex 51.5933 33.228 3
      vertex 50.5436 32.3564 1.4
      vertex 51.5985 33.2222 3
    endloop
  endfacet
  facet normal -0.564028 -0.511186 0.648507
    outer loop
      vertex 50.5436 32.3564 1.4
      vertex 51.5933 33.228 3
      vertex 50.4546 32.4546 1.4
    endloop
  endfacet
  facet normal 0.185179 -0.738361 0.648484
    outer loop
      vertex 49.1081 32.7919 1.4
      vertex 48.9628 34.1607 3
      vertex 48.712 34.0978 3
    endloop
  endfacet
  facet normal 0.325505 -0.688093 0.648517
    outer loop
      vertex 48.9834 32.7472 1.4
      vertex 48.4611 34.0081 3
      vertex 48.2273 33.8975 3
    endloop
  endfacet
  facet normal -0.688093 0.325505 0.648517
    outer loop
      vertex 51.8975 30.2273 3
      vertex 52.0081 30.4611 3
      vertex 50.7472 30.9834 1.4
    endloop
  endfacet
  facet normal 0.511272 0.563959 0.648499
    outer loop
      vertex 47.772 29.4067 3
      vertex 48.5454 30.5454 1.4
      vertex 47.5804 29.5804 3
    endloop
  endfacet
  facet normal 0.511272 -0.563959 0.648499
    outer loop
      vertex 48.5454 32.4546 1.4
      vertex 47.772 33.5933 3
      vertex 47.5804 33.4196 3
    endloop
  endfacet
  facet normal 0.716728 0.256374 0.648516
    outer loop
      vertex 46.9919 30.4611 3
      vertex 48.2528 30.9834 1.4
      vertex 46.9048 30.7046 3
    endloop
  endfacet
  facet normal -0.652843 -0.39147 0.648496
    outer loop
      vertex 51.8902 32.7864 3
      vertex 51.7572 33.0082 3
      vertex 50.6225 32.25 1.4
    endloop
  endfacet
  facet normal -0.511272 -0.563959 0.648499
    outer loop
      vertex 51.4196 33.4196 3
      vertex 51.228 33.5933 3
      vertex 50.4546 32.4546 1.4
    endloop
  endfacet
  facet normal -0.453569 -0.611332 0.648497
    outer loop
      vertex 51.2222 33.5985 3
      vertex 51.0145 33.7526 3
      vertex 50.3564 32.5436 1.4
    endloop
  endfacet
  facet normal -0.738361 0.185179 0.648484
    outer loop
      vertex 52.0978 30.712 3
      vertex 52.1607 30.9628 3
      vertex 50.7919 31.1081 1.4
    endloop
  endfacet
  facet normal 0.752056 -0.117204 0.648595
    outer loop
      vertex 46.8363 32.0219 3
      vertex 48.1759 31.7634 1.4
      vertex 46.8375 32.0296 3
    endloop
  endfacet
  facet normal 0.753032 -0.111433 0.648479
    outer loop
      vertex 48.1759 31.7634 1.4
      vertex 46.8363 32.0219 3
      vertex 48.1565 31.6323 1.4
    endloop
  endfacet
  facet normal -0.563959 0.511272 0.648499
    outer loop
      vertex 51.4196 29.5804 3
      vertex 51.5933 29.772 3
      vertex 50.4546 30.5454 1.4
    endloop
  endfacet
  facet normal 0.753004 -0.111567 0.648489
    outer loop
      vertex 48.1565 31.6323 1.4
      vertex 46.8363 32.0219 3
      vertex 46.7984 31.7661 3
    endloop
  endfacet
  facet normal 0.391389 0.652889 0.648499
    outer loop
      vertex 48.75 30.3775 1.4
      vertex 48.2203 29.1058 3
      vertex 48.8636 30.3094 1.4
    endloop
  endfacet
  facet normal 0.390164 0.653524 0.648598
    outer loop
      vertex 48.2203 29.1058 3
      vertex 48.75 30.3775 1.4
      vertex 48.2136 29.1098 3
    endloop
  endfacet
  facet normal -0.688556 -0.324605 0.648477
    outer loop
      vertex 50.6906 32.1364 1.4
      vertex 51.8975 32.7727 3
      vertex 51.8942 32.7797 3
    endloop
  endfacet
  facet normal -0.688272 -0.325177 0.648491
    outer loop
      vertex 51.8975 32.7727 3
      vertex 50.6906 32.1364 1.4
      vertex 50.7472 32.0166 1.4
    endloop
  endfacet
  facet normal -0.760309 0.0373826 0.648486
    outer loop
      vertex 52.2016 31.2339 3
      vertex 52.2143 31.4922 3
      vertex 50.8435 31.3677 1.4
    endloop
  endfacet
  facet normal 0.453569 0.611332 0.648497
    outer loop
      vertex 47.9855 29.2474 3
      vertex 48.6436 30.4564 1.4
      vertex 47.7778 29.4015 3
    endloop
  endfacet
  facet normal -0.39147 -0.652843 0.648496
    outer loop
      vertex 51.0082 33.7572 3
      vertex 50.7864 33.8902 3
      vertex 50.25 32.6225 1.4
    endloop
  endfacet
  facet normal -0.740185 -0.175307 0.649148
    outer loop
      vertex 50.7919 31.8919 1.4
      vertex 52.1625 32.0296 3
      vertex 52.1607 32.0372 3
    endloop
  endfacet
  facet normal -0.738412 -0.185034 0.648467
    outer loop
      vertex 52.1625 32.0296 3
      vertex 50.7919 31.8919 1.4
      vertex 50.8241 31.7634 1.4
    endloop
  endfacet
  facet normal -0.752056 -0.117204 0.648595
    outer loop
      vertex 50.8241 31.7634 1.4
      vertex 52.1637 32.0219 3
      vertex 52.1625 32.0296 3
    endloop
  endfacet
  facet normal -0.753032 -0.111433 0.648479
    outer loop
      vertex 52.1637 32.0219 3
      vertex 50.8241 31.7634 1.4
      vertex 50.8435 31.6323 1.4
    endloop
  endfacet
  facet normal -0.0373826 0.760309 0.648486
    outer loop
      vertex 49.7661 28.7984 3
      vertex 49.6323 30.1565 1.4
      vertex 49.5078 28.7857 3
    endloop
  endfacet
  facet normal -0.0373545 0.760308 0.648487
    outer loop
      vertex 49.5 30.15 1.4
      vertex 49.5078 28.7857 3
      vertex 49.6323 30.1565 1.4
    endloop
  endfacet
  facet normal -0.0389875 0.760257 0.648452
    outer loop
      vertex 49.5078 28.7857 3
      vertex 49.5 30.15 1.4
      vertex 49.5 28.7853 3
    endloop
  endfacet
  facet normal 0.325505 0.688093 0.648517
    outer loop
      vertex 48.4611 28.9919 3
      vertex 48.9834 30.2528 1.4
      vertex 48.2273 29.1025 3
    endloop
  endfacet
  facet normal -0.611332 0.453569 0.648497
    outer loop
      vertex 51.5985 29.7778 3
      vertex 51.7526 29.9855 3
      vertex 50.5436 30.6436 1.4
    endloop
  endfacet
  facet normal -0.511272 0.563959 0.648499
    outer loop
      vertex 51.228 29.4067 3
      vertex 51.4196 29.5804 3
      vertex 50.4546 30.5454 1.4
    endloop
  endfacet
  facet normal -0.325505 0.688093 0.648517
    outer loop
      vertex 50.5389 28.9919 3
      vertex 50.7727 29.1025 3
      vertex 50.0166 30.2528 1.4
    endloop
  endfacet
  facet normal 0.39147 -0.652843 0.648496
    outer loop
      vertex 48.75 32.6225 1.4
      vertex 48.2136 33.8902 3
      vertex 47.9918 33.7572 3
    endloop
  endfacet
  facet normal 0.717928 -0.252245 0.648808
    outer loop
      vertex 46.9022 32.288 3
      vertex 48.2528 32.0166 1.4
      vertex 46.9048 32.2954 3
    endloop
  endfacet
  facet normal 0.716595 -0.256871 0.648467
    outer loop
      vertex 48.2528 32.0166 1.4
      vertex 46.9022 32.288 3
      vertex 48.2081 31.8919 1.4
    endloop
  endfacet
  facet normal -0.453407 0.611438 0.64851
    outer loop
      vertex 50.25 30.3775 1.4
      vertex 51.0145 29.2474 3
      vertex 50.3564 30.4564 1.4
    endloop
  endfacet
  facet normal -0.448824 0.614694 0.64862
    outer loop
      vertex 51.0145 29.2474 3
      vertex 50.25 30.3775 1.4
      vertex 51.0082 29.2428 3
    endloop
  endfacet
  facet normal 0.716595 0.256871 0.648467
    outer loop
      vertex 46.9022 30.712 3
      vertex 48.2528 30.9834 1.4
      vertex 48.2081 31.1081 1.4
    endloop
  endfacet
  facet normal 0.717928 0.252245 0.648808
    outer loop
      vertex 48.2528 30.9834 1.4
      vertex 46.9022 30.712 3
      vertex 46.9048 30.7046 3
    endloop
  endfacet
  facet normal 0.652843 -0.39147 0.648496
    outer loop
      vertex 48.3775 32.25 1.4
      vertex 47.2428 33.0082 3
      vertex 47.1098 32.7864 3
    endloop
  endfacet
  facet normal 0.760309 -0.0373826 0.648486
    outer loop
      vertex 48.1565 31.6323 1.4
      vertex 46.7984 31.7661 3
      vertex 46.7857 31.5078 3
    endloop
  endfacet
  facet normal 0.760257 -0.0389875 0.648452
    outer loop
      vertex 48.15 31.5 1.4
      vertex 46.7857 31.5078 3
      vertex 46.7853 31.5 3
    endloop
  endfacet
  facet normal 0.760308 -0.0373545 0.648487
    outer loop
      vertex 46.7857 31.5078 3
      vertex 48.15 31.5 1.4
      vertex 48.1565 31.6323 1.4
    endloop
  endfacet
  facet normal 0.256374 -0.716728 0.648516
    outer loop
      vertex 48.9834 32.7472 1.4
      vertex 48.7046 34.0952 3
      vertex 48.4611 34.0081 3
    endloop
  endfacet
  facet normal -0.390164 0.653524 0.648598
    outer loop
      vertex 50.25 30.3775 1.4
      vertex 50.7797 29.1058 3
      vertex 50.7864 29.1098 3
    endloop
  endfacet
  facet normal -0.391389 0.652889 0.648499
    outer loop
      vertex 50.7797 29.1058 3
      vertex 50.25 30.3775 1.4
      vertex 50.1364 30.3094 1.4
    endloop
  endfacet
  facet normal -0.0389875 -0.760257 0.648452
    outer loop
      vertex 49.5 32.85 1.4
      vertex 49.5078 34.2143 3
      vertex 49.5 34.2147 3
    endloop
  endfacet
  facet normal -0.0373545 -0.760308 0.648487
    outer loop
      vertex 49.5078 34.2143 3
      vertex 49.5 32.85 1.4
      vertex 49.6323 32.8435 1.4
    endloop
  endfacet
  facet normal -0.0373826 -0.760309 0.648486
    outer loop
      vertex 49.6323 32.8435 1.4
      vertex 49.7661 34.2016 3
      vertex 49.5078 34.2143 3
    endloop
  endfacet
  facet normal 0.653524 -0.390164 0.648598
    outer loop
      vertex 47.1058 32.7797 3
      vertex 48.3775 32.25 1.4
      vertex 47.1098 32.7864 3
    endloop
  endfacet
  facet normal 0.652889 -0.391389 0.648499
    outer loop
      vertex 48.3775 32.25 1.4
      vertex 47.1058 32.7797 3
      vertex 48.3094 32.1364 1.4
    endloop
  endfacet
  facet normal 0.760309 0.0373826 0.648486
    outer loop
      vertex 46.7984 31.2339 3
      vertex 48.1565 31.3677 1.4
      vertex 46.7857 31.4922 3
    endloop
  endfacet
  facet normal 0.688093 0.325505 0.648517
    outer loop
      vertex 47.1025 30.2273 3
      vertex 48.2528 30.9834 1.4
      vertex 46.9919 30.4611 3
    endloop
  endfacet
  facet normal 0.652843 0.39147 0.648496
    outer loop
      vertex 47.2428 29.9918 3
      vertex 48.3775 30.75 1.4
      vertex 47.1098 30.2136 3
    endloop
  endfacet
  facet normal 0.611332 -0.453569 0.648497
    outer loop
      vertex 48.4564 32.3564 1.4
      vertex 47.4015 33.2222 3
      vertex 47.2474 33.0145 3
    endloop
  endfacet
  facet normal -0.566721 0.508095 0.648589
    outer loop
      vertex 50.5436 30.6436 1.4
      vertex 51.5933 29.772 3
      vertex 51.5985 29.7778 3
    endloop
  endfacet
  facet normal -0.564028 0.511186 0.648507
    outer loop
      vertex 51.5933 29.772 3
      vertex 50.5436 30.6436 1.4
      vertex 50.4546 30.5454 1.4
    endloop
  endfacet
  facet normal -0.325505 -0.688093 0.648517
    outer loop
      vertex 50.7727 33.8975 3
      vertex 50.5389 34.0081 3
      vertex 50.0166 32.7472 1.4
    endloop
  endfacet
  facet normal 0.753004 0.111567 0.648489
    outer loop
      vertex 46.8363 30.9781 3
      vertex 48.1565 31.3677 1.4
      vertex 46.7984 31.2339 3
    endloop
  endfacet
  facet normal -0.39147 0.652843 0.648496
    outer loop
      vertex 50.7864 29.1098 3
      vertex 51.0082 29.2428 3
      vertex 50.25 30.3775 1.4
    endloop
  endfacet
  facet normal 0.390164 -0.653524 0.648598
    outer loop
      vertex 48.75 32.6225 1.4
      vertex 48.2203 33.8942 3
      vertex 48.2136 33.8902 3
    endloop
  endfacet
  facet normal 0.391389 -0.652889 0.648499
    outer loop
      vertex 48.2203 33.8942 3
      vertex 48.75 32.6225 1.4
      vertex 48.8636 32.6906 1.4
    endloop
  endfacet
  facet normal 0.611332 0.453569 0.648497
    outer loop
      vertex 47.4015 29.7778 3
      vertex 48.4564 30.6436 1.4
      vertex 47.2474 29.9855 3
    endloop
  endfacet
  facet normal 0.252245 -0.717928 0.648808
    outer loop
      vertex 48.9834 32.7472 1.4
      vertex 48.712 34.0978 3
      vertex 48.7046 34.0952 3
    endloop
  endfacet
  facet normal 0.256871 -0.716595 0.648467
    outer loop
      vertex 48.712 34.0978 3
      vertex 48.9834 32.7472 1.4
      vertex 49.1081 32.7919 1.4
    endloop
  endfacet
  facet normal -0.614694 0.448824 0.64862
    outer loop
      vertex 50.6225 30.75 1.4
      vertex 51.7526 29.9855 3
      vertex 51.7572 29.9918 3
    endloop
  endfacet
  facet normal -0.611438 0.453407 0.64851
    outer loop
      vertex 51.7526 29.9855 3
      vertex 50.6225 30.75 1.4
      vertex 50.5436 30.6436 1.4
    endloop
  endfacet
  facet normal -0.717928 -0.252245 0.648808
    outer loop
      vertex 50.7472 32.0166 1.4
      vertex 52.0978 32.288 3
      vertex 52.0952 32.2954 3
    endloop
  endfacet
  facet normal -0.716595 -0.256871 0.648467
    outer loop
      vertex 52.0978 32.288 3
      vertex 50.7472 32.0166 1.4
      vertex 50.7919 31.8919 1.4
    endloop
  endfacet
  facet normal 0.256871 0.716595 0.648467
    outer loop
      vertex 48.9834 30.2528 1.4
      vertex 48.712 28.9022 3
      vertex 49.1081 30.2081 1.4
    endloop
  endfacet
  facet normal 0.252245 0.717928 0.648808
    outer loop
      vertex 48.712 28.9022 3
      vertex 48.9834 30.2528 1.4
      vertex 48.7046 28.9048 3
    endloop
  endfacet
  facet normal -0.175307 0.740185 0.649148
    outer loop
      vertex 49.8919 30.2081 1.4
      vertex 50.0296 28.8375 3
      vertex 50.0372 28.8393 3
    endloop
  endfacet
  facet normal -0.185034 0.738412 0.648467
    outer loop
      vertex 50.0296 28.8375 3
      vertex 49.8919 30.2081 1.4
      vertex 49.7634 30.1759 1.4
    endloop
  endfacet
  facet normal -0.508095 -0.566721 0.648589
    outer loop
      vertex 50.3564 32.5436 1.4
      vertex 51.228 33.5933 3
      vertex 51.2222 33.5985 3
    endloop
  endfacet
  facet normal -0.511186 -0.564028 0.648507
    outer loop
      vertex 51.228 33.5933 3
      vertex 50.3564 32.5436 1.4
      vertex 50.4546 32.4546 1.4
    endloop
  endfacet
  facet normal 0.453569 -0.611332 0.648497
    outer loop
      vertex 48.6436 32.5436 1.4
      vertex 47.9855 33.7526 3
      vertex 47.7778 33.5985 3
    endloop
  endfacet
  facet normal 0.0373826 0.760309 0.648486
    outer loop
      vertex 49.4922 28.7857 3
      vertex 49.3677 30.1565 1.4
      vertex 49.2339 28.7984 3
    endloop
  endfacet
  facet normal 0.753032 0.111433 0.648479
    outer loop
      vertex 46.8363 30.9781 3
      vertex 48.1759 31.2366 1.4
      vertex 48.1565 31.3677 1.4
    endloop
  endfacet
  facet normal 0.752056 0.117204 0.648595
    outer loop
      vertex 48.1759 31.2366 1.4
      vertex 46.8363 30.9781 3
      vertex 46.8375 30.9704 3
    endloop
  endfacet
  facet normal 0.448824 -0.614694 0.64862
    outer loop
      vertex 47.9855 33.7526 3
      vertex 48.75 32.6225 1.4
      vertex 47.9918 33.7572 3
    endloop
  endfacet
  facet normal 0.453407 -0.611438 0.64851
    outer loop
      vertex 48.75 32.6225 1.4
      vertex 47.9855 33.7526 3
      vertex 48.6436 32.5436 1.4
    endloop
  endfacet
  facet normal 0.563959 0.511272 0.648499
    outer loop
      vertex 47.5804 29.5804 3
      vertex 48.5454 30.5454 1.4
      vertex 47.4067 29.772 3
    endloop
  endfacet
  facet normal -0.448824 -0.614694 0.64862
    outer loop
      vertex 50.25 32.6225 1.4
      vertex 51.0145 33.7526 3
      vertex 51.0082 33.7572 3
    endloop
  endfacet
  facet normal -0.453407 -0.611438 0.64851
    outer loop
      vertex 51.0145 33.7526 3
      vertex 50.25 32.6225 1.4
      vertex 50.3564 32.5436 1.4
    endloop
  endfacet
  facet normal 0.324605 -0.688556 0.648477
    outer loop
      vertex 48.8636 32.6906 1.4
      vertex 48.2273 33.8975 3
      vertex 48.2203 33.8942 3
    endloop
  endfacet
  facet normal 0.325177 -0.688272 0.648491
    outer loop
      vertex 48.2273 33.8975 3
      vertex 48.8636 32.6906 1.4
      vertex 48.9834 32.7472 1.4
    endloop
  endfacet
  facet normal 0.738412 0.185034 0.648467
    outer loop
      vertex 46.8375 30.9704 3
      vertex 48.2081 31.1081 1.4
      vertex 48.1759 31.2366 1.4
    endloop
  endfacet
  facet normal 0.740185 0.175307 0.649148
    outer loop
      vertex 48.2081 31.1081 1.4
      vertex 46.8375 30.9704 3
      vertex 46.8393 30.9628 3
    endloop
  endfacet
  facet normal 0.688272 0.325177 0.648491
    outer loop
      vertex 47.1025 30.2273 3
      vertex 48.3094 30.8636 1.4
      vertex 48.2528 30.9834 1.4
    endloop
  endfacet
  facet normal 0.688556 0.324605 0.648477
    outer loop
      vertex 48.3094 30.8636 1.4
      vertex 47.1025 30.2273 3
      vertex 47.1058 30.2203 3
    endloop
  endfacet
  facet normal 0.175307 -0.740185 0.649148
    outer loop
      vertex 49.1081 32.7919 1.4
      vertex 48.9704 34.1625 3
      vertex 48.9628 34.1607 3
    endloop
  endfacet
  facet normal 0.185034 -0.738412 0.648467
    outer loop
      vertex 48.9704 34.1625 3
      vertex 49.1081 32.7919 1.4
      vertex 49.2366 32.8241 1.4
    endloop
  endfacet
  facet normal 0.325177 0.688272 0.648491
    outer loop
      vertex 48.8636 30.3094 1.4
      vertex 48.2273 29.1025 3
      vertex 48.9834 30.2528 1.4
    endloop
  endfacet
  facet normal 0.324605 0.688556 0.648477
    outer loop
      vertex 48.2273 29.1025 3
      vertex 48.8636 30.3094 1.4
      vertex 48.2203 29.1058 3
    endloop
  endfacet
  facet normal -0.740959 -0.67155 0
    outer loop
      vertex 2.00983 1.64942 0
      vertex 1.83848 1.83848 3
      vertex 1.83848 1.83848 0
    endloop
  endfacet
  facet normal -0.740959 -0.67155 0
    outer loop
      vertex 1.83848 1.83848 3
      vertex 2.00983 1.64942 0
      vertex 2.00983 1.64942 3
    endloop
  endfacet
  facet normal -0.989176 -0.146736 0
    outer loop
      vertex 2.58748 0.254844 0
      vertex 2.55004 0.507235 3
      vertex 2.55004 0.507235 0
    endloop
  endfacet
  facet normal -0.989176 -0.146736 0
    outer loop
      vertex 2.55004 0.507235 3
      vertex 2.58748 0.254844 0
      vertex 2.58748 0.254844 3
    endloop
  endfacet
  facet normal -0.998795 -0.0490689 0
    outer loop
      vertex 2.6 0 0
      vertex 2.58748 0.254844 3
      vertex 2.58748 0.254844 0
    endloop
  endfacet
  facet normal -0.998795 -0.0490689 0
    outer loop
      vertex 2.58748 0.254844 3
      vertex 2.6 0 0
      vertex 2.6 0 3
    endloop
  endfacet
  facet normal -0.970028 -0.242992 0
    outer loop
      vertex 2.55004 0.507235 0
      vertex 2.48804 0.75474 3
      vertex 2.48804 0.75474 0
    endloop
  endfacet
  facet normal -0.970028 -0.242992 0
    outer loop
      vertex 2.48804 0.75474 3
      vertex 2.55004 0.507235 0
      vertex 2.55004 0.507235 3
    endloop
  endfacet
  facet normal -0.336863 0.941554 0
    outer loop
      vertex 0.994976 -2.40209 0
      vertex 0.75474 -2.48804 3
      vertex 0.994976 -2.40209 3
    endloop
  endfacet
  facet normal -0.336863 0.941554 0
    outer loop
      vertex 0.75474 -2.48804 3
      vertex 0.994976 -2.40209 0
      vertex 0.75474 -2.48804 0
    endloop
  endfacet
  facet normal -0.67155 -0.740959 0
    outer loop
      vertex 1.64942 2.00983 0
      vertex 1.83848 1.83848 3
      vertex 1.64942 2.00983 3
    endloop
  endfacet
  facet normal -0.67155 -0.740959 -0
    outer loop
      vertex 1.83848 1.83848 3
      vertex 1.64942 2.00983 0
      vertex 1.83848 1.83848 0
    endloop
  endfacet
  facet normal -0.941554 -0.336863 0
    outer loop
      vertex 2.48804 0.75474 0
      vertex 2.40209 0.994976 3
      vertex 2.40209 0.994976 0
    endloop
  endfacet
  facet normal -0.941554 -0.336863 0
    outer loop
      vertex 2.40209 0.994976 3
      vertex 2.48804 0.75474 0
      vertex 2.48804 0.75474 3
    endloop
  endfacet
  facet normal 0.0490689 -0.998795 0
    outer loop
      vertex -0.254844 2.58748 0
      vertex 0 2.6 3
      vertex -0.254844 2.58748 3
    endloop
  endfacet
  facet normal 0.0490689 -0.998795 0
    outer loop
      vertex 0 2.6 3
      vertex -0.254844 2.58748 0
      vertex 0 2.6 0
    endloop
  endfacet
  facet normal -0.0490689 0.998795 0
    outer loop
      vertex 0.254844 -2.58748 0
      vertex 0 -2.6 3
      vertex 0.254844 -2.58748 3
    endloop
  endfacet
  facet normal -0.0490689 0.998795 0
    outer loop
      vertex 0 -2.6 3
      vertex 0.254844 -2.58748 0
      vertex 0 -2.6 0
    endloop
  endfacet
  facet normal 0.59569 0.803215 -0
    outer loop
      vertex -1.44448 -2.16182 0
      vertex -1.64942 -2.00983 3
      vertex -1.44448 -2.16182 3
    endloop
  endfacet
  facet normal 0.59569 0.803215 0
    outer loop
      vertex -1.64942 -2.00983 3
      vertex -1.44448 -2.16182 0
      vertex -1.64942 -2.00983 0
    endloop
  endfacet
  facet normal 0.242992 0.970028 -0
    outer loop
      vertex -0.507235 -2.55004 0
      vertex -0.75474 -2.48804 3
      vertex -0.507235 -2.55004 3
    endloop
  endfacet
  facet normal 0.242992 0.970028 0
    outer loop
      vertex -0.75474 -2.48804 3
      vertex -0.507235 -2.55004 0
      vertex -0.75474 -2.48804 0
    endloop
  endfacet
  facet normal -0.857735 -0.514092 0
    outer loop
      vertex 2.29299 1.22563 0
      vertex 2.16182 1.44448 3
      vertex 2.16182 1.44448 0
    endloop
  endfacet
  facet normal -0.857735 -0.514092 0
    outer loop
      vertex 2.16182 1.44448 3
      vertex 2.29299 1.22563 0
      vertex 2.29299 1.22563 3
    endloop
  endfacet
  facet normal 0.998795 0.0490689 0
    outer loop
      vertex -2.58748 -0.254844 3
      vertex -2.6 0 0
      vertex -2.6 0 3
    endloop
  endfacet
  facet normal 0.998795 0.0490689 0
    outer loop
      vertex -2.6 0 0
      vertex -2.58748 -0.254844 3
      vertex -2.58748 -0.254844 0
    endloop
  endfacet
  facet normal 0.903976 0.427583 0
    outer loop
      vertex -2.29299 -1.22563 3
      vertex -2.40209 -0.994976 0
      vertex -2.40209 -0.994976 3
    endloop
  endfacet
  facet normal 0.903976 0.427583 0
    outer loop
      vertex -2.40209 -0.994976 0
      vertex -2.29299 -1.22563 3
      vertex -2.29299 -1.22563 0
    endloop
  endfacet
  facet normal -0.903976 -0.427583 0
    outer loop
      vertex 2.40209 0.994976 0
      vertex 2.29299 1.22563 3
      vertex 2.29299 1.22563 0
    endloop
  endfacet
  facet normal -0.903976 -0.427583 0
    outer loop
      vertex 2.29299 1.22563 3
      vertex 2.40209 0.994976 0
      vertex 2.40209 0.994976 3
    endloop
  endfacet
  facet normal -0.970028 0.242992 0
    outer loop
      vertex 2.48804 -0.75474 0
      vertex 2.55004 -0.507235 3
      vertex 2.55004 -0.507235 0
    endloop
  endfacet
  facet normal -0.970028 0.242992 0
    outer loop
      vertex 2.55004 -0.507235 3
      vertex 2.48804 -0.75474 0
      vertex 2.48804 -0.75474 3
    endloop
  endfacet
  facet normal 0.514092 -0.857735 0
    outer loop
      vertex -1.44448 2.16182 0
      vertex -1.22563 2.29299 3
      vertex -1.44448 2.16182 3
    endloop
  endfacet
  facet normal 0.514092 -0.857735 0
    outer loop
      vertex -1.22563 2.29299 3
      vertex -1.44448 2.16182 0
      vertex -1.22563 2.29299 0
    endloop
  endfacet
  facet normal 0.970028 0.242992 0
    outer loop
      vertex -2.48804 -0.75474 3
      vertex -2.55004 -0.507235 0
      vertex -2.55004 -0.507235 3
    endloop
  endfacet
  facet normal 0.970028 0.242992 0
    outer loop
      vertex -2.55004 -0.507235 0
      vertex -2.48804 -0.75474 3
      vertex -2.48804 -0.75474 0
    endloop
  endfacet
  facet normal -0.242992 -0.970028 0
    outer loop
      vertex 0.507235 2.55004 0
      vertex 0.75474 2.48804 3
      vertex 0.507235 2.55004 3
    endloop
  endfacet
  facet normal -0.242992 -0.970028 -0
    outer loop
      vertex 0.75474 2.48804 3
      vertex 0.507235 2.55004 0
      vertex 0.75474 2.48804 0
    endloop
  endfacet
  facet normal -0.941554 0.336863 0
    outer loop
      vertex 2.40209 -0.994976 0
      vertex 2.48804 -0.75474 3
      vertex 2.48804 -0.75474 0
    endloop
  endfacet
  facet normal -0.941554 0.336863 0
    outer loop
      vertex 2.48804 -0.75474 3
      vertex 2.40209 -0.994976 0
      vertex 2.40209 -0.994976 3
    endloop
  endfacet
  facet normal -0.989176 0.146736 0
    outer loop
      vertex 2.55004 -0.507235 0
      vertex 2.58748 -0.254844 3
      vertex 2.58748 -0.254844 0
    endloop
  endfacet
  facet normal -0.989176 0.146736 0
    outer loop
      vertex 2.58748 -0.254844 3
      vertex 2.55004 -0.507235 0
      vertex 2.55004 -0.507235 3
    endloop
  endfacet
  facet normal -0.146736 -0.989176 0
    outer loop
      vertex 0.254844 2.58748 0
      vertex 0.507235 2.55004 3
      vertex 0.254844 2.58748 3
    endloop
  endfacet
  facet normal -0.146736 -0.989176 -0
    outer loop
      vertex 0.507235 2.55004 3
      vertex 0.254844 2.58748 0
      vertex 0.507235 2.55004 0
    endloop
  endfacet
  facet normal 0.427583 -0.903976 0
    outer loop
      vertex -1.22563 2.29299 0
      vertex -0.994976 2.40209 3
      vertex -1.22563 2.29299 3
    endloop
  endfacet
  facet normal 0.427583 -0.903976 0
    outer loop
      vertex -0.994976 2.40209 3
      vertex -1.22563 2.29299 0
      vertex -0.994976 2.40209 0
    endloop
  endfacet
  facet normal 0.146736 -0.989176 0
    outer loop
      vertex -0.507235 2.55004 0
      vertex -0.254844 2.58748 3
      vertex -0.507235 2.55004 3
    endloop
  endfacet
  facet normal 0.146736 -0.989176 0
    outer loop
      vertex -0.254844 2.58748 3
      vertex -0.507235 2.55004 0
      vertex -0.254844 2.58748 0
    endloop
  endfacet
  facet normal -0.427583 0.903976 0
    outer loop
      vertex 1.22563 -2.29299 0
      vertex 0.994976 -2.40209 3
      vertex 1.22563 -2.29299 3
    endloop
  endfacet
  facet normal -0.427583 0.903976 0
    outer loop
      vertex 0.994976 -2.40209 3
      vertex 1.22563 -2.29299 0
      vertex 0.994976 -2.40209 0
    endloop
  endfacet
  facet normal 0.67155 -0.740959 0
    outer loop
      vertex -1.83848 1.83848 0
      vertex -1.64942 2.00983 3
      vertex -1.83848 1.83848 3
    endloop
  endfacet
  facet normal 0.67155 -0.740959 0
    outer loop
      vertex -1.64942 2.00983 3
      vertex -1.83848 1.83848 0
      vertex -1.64942 2.00983 0
    endloop
  endfacet
  facet normal -0.857735 0.514092 0
    outer loop
      vertex 2.16182 -1.44448 0
      vertex 2.29299 -1.22563 3
      vertex 2.29299 -1.22563 0
    endloop
  endfacet
  facet normal -0.857735 0.514092 0
    outer loop
      vertex 2.29299 -1.22563 3
      vertex 2.16182 -1.44448 0
      vertex 2.16182 -1.44448 3
    endloop
  endfacet
  facet normal 0.59569 -0.803215 0
    outer loop
      vertex -1.64942 2.00983 0
      vertex -1.44448 2.16182 3
      vertex -1.64942 2.00983 3
    endloop
  endfacet
  facet normal 0.59569 -0.803215 0
    outer loop
      vertex -1.44448 2.16182 3
      vertex -1.64942 2.00983 0
      vertex -1.44448 2.16182 0
    endloop
  endfacet
  facet normal -0.903976 0.427583 0
    outer loop
      vertex 2.29299 -1.22563 0
      vertex 2.40209 -0.994976 3
      vertex 2.40209 -0.994976 0
    endloop
  endfacet
  facet normal -0.903976 0.427583 0
    outer loop
      vertex 2.40209 -0.994976 3
      vertex 2.29299 -1.22563 0
      vertex 2.29299 -1.22563 3
    endloop
  endfacet
  facet normal -0.998795 0.0490689 0
    outer loop
      vertex 2.58748 -0.254844 0
      vertex 2.6 0 3
      vertex 2.6 0 0
    endloop
  endfacet
  facet normal -0.998795 0.0490689 0
    outer loop
      vertex 2.6 0 3
      vertex 2.58748 -0.254844 0
      vertex 2.58748 -0.254844 3
    endloop
  endfacet
  facet normal 0.740959 -0.67155 0
    outer loop
      vertex -2.00983 1.64942 3
      vertex -1.83848 1.83848 0
      vertex -1.83848 1.83848 3
    endloop
  endfacet
  facet normal 0.740959 -0.67155 0
    outer loop
      vertex -1.83848 1.83848 0
      vertex -2.00983 1.64942 3
      vertex -2.00983 1.64942 0
    endloop
  endfacet
  facet normal 0.941554 0.336863 0
    outer loop
      vertex -2.40209 -0.994976 3
      vertex -2.48804 -0.75474 0
      vertex -2.48804 -0.75474 3
    endloop
  endfacet
  facet normal 0.941554 0.336863 0
    outer loop
      vertex -2.48804 -0.75474 0
      vertex -2.40209 -0.994976 3
      vertex -2.40209 -0.994976 0
    endloop
  endfacet
  facet normal -0.514092 -0.857735 0
    outer loop
      vertex 1.22563 2.29299 0
      vertex 1.44448 2.16182 3
      vertex 1.22563 2.29299 3
    endloop
  endfacet
  facet normal -0.514092 -0.857735 -0
    outer loop
      vertex 1.44448 2.16182 3
      vertex 1.22563 2.29299 0
      vertex 1.44448 2.16182 0
    endloop
  endfacet
  facet normal -0.59569 -0.803215 0
    outer loop
      vertex 1.44448 2.16182 0
      vertex 1.64942 2.00983 3
      vertex 1.44448 2.16182 3
    endloop
  endfacet
  facet normal -0.59569 -0.803215 -0
    outer loop
      vertex 1.64942 2.00983 3
      vertex 1.44448 2.16182 0
      vertex 1.64942 2.00983 0
    endloop
  endfacet
  facet normal -0.146736 0.989176 0
    outer loop
      vertex 0.507235 -2.55004 0
      vertex 0.254844 -2.58748 3
      vertex 0.507235 -2.55004 3
    endloop
  endfacet
  facet normal -0.146736 0.989176 0
    outer loop
      vertex 0.254844 -2.58748 3
      vertex 0.507235 -2.55004 0
      vertex 0.254844 -2.58748 0
    endloop
  endfacet
  facet normal -0.740959 0.67155 0
    outer loop
      vertex 1.83848 -1.83848 0
      vertex 2.00983 -1.64942 3
      vertex 2.00983 -1.64942 0
    endloop
  endfacet
  facet normal -0.740959 0.67155 0
    outer loop
      vertex 2.00983 -1.64942 3
      vertex 1.83848 -1.83848 0
      vertex 1.83848 -1.83848 3
    endloop
  endfacet
  facet normal -0.803215 0.59569 0
    outer loop
      vertex 2.00983 -1.64942 0
      vertex 2.16182 -1.44448 3
      vertex 2.16182 -1.44448 0
    endloop
  endfacet
  facet normal -0.803215 0.59569 0
    outer loop
      vertex 2.16182 -1.44448 3
      vertex 2.00983 -1.64942 0
      vertex 2.00983 -1.64942 3
    endloop
  endfacet
  facet normal -0.242992 0.970028 0
    outer loop
      vertex 0.75474 -2.48804 0
      vertex 0.507235 -2.55004 3
      vertex 0.75474 -2.48804 3
    endloop
  endfacet
  facet normal -0.242992 0.970028 0
    outer loop
      vertex 0.507235 -2.55004 3
      vertex 0.75474 -2.48804 0
      vertex 0.507235 -2.55004 0
    endloop
  endfacet
  facet normal 0.242992 -0.970028 0
    outer loop
      vertex -0.75474 2.48804 0
      vertex -0.507235 2.55004 3
      vertex -0.75474 2.48804 3
    endloop
  endfacet
  facet normal 0.242992 -0.970028 0
    outer loop
      vertex -0.507235 2.55004 3
      vertex -0.75474 2.48804 0
      vertex -0.507235 2.55004 0
    endloop
  endfacet
  facet normal -0.803215 -0.59569 0
    outer loop
      vertex 2.16182 1.44448 0
      vertex 2.00983 1.64942 3
      vertex 2.00983 1.64942 0
    endloop
  endfacet
  facet normal -0.803215 -0.59569 0
    outer loop
      vertex 2.00983 1.64942 3
      vertex 2.16182 1.44448 0
      vertex 2.16182 1.44448 3
    endloop
  endfacet
  facet normal -0.0490689 -0.998795 0
    outer loop
      vertex 0 2.6 0
      vertex 0.254844 2.58748 3
      vertex 0 2.6 3
    endloop
  endfacet
  facet normal -0.0490689 -0.998795 -0
    outer loop
      vertex 0.254844 2.58748 3
      vertex 0 2.6 0
      vertex 0.254844 2.58748 0
    endloop
  endfacet
  facet normal 0.857735 -0.514092 0
    outer loop
      vertex -2.29299 1.22563 3
      vertex -2.16182 1.44448 0
      vertex -2.16182 1.44448 3
    endloop
  endfacet
  facet normal 0.857735 -0.514092 0
    outer loop
      vertex -2.16182 1.44448 0
      vertex -2.29299 1.22563 3
      vertex -2.29299 1.22563 0
    endloop
  endfacet
  facet normal -0.427583 -0.903976 0
    outer loop
      vertex 0.994976 2.40209 0
      vertex 1.22563 2.29299 3
      vertex 0.994976 2.40209 3
    endloop
  endfacet
  facet normal -0.427583 -0.903976 -0
    outer loop
      vertex 1.22563 2.29299 3
      vertex 0.994976 2.40209 0
      vertex 1.22563 2.29299 0
    endloop
  endfacet
  facet normal 0.857735 0.514092 0
    outer loop
      vertex -2.16182 -1.44448 3
      vertex -2.29299 -1.22563 0
      vertex -2.29299 -1.22563 3
    endloop
  endfacet
  facet normal 0.857735 0.514092 0
    outer loop
      vertex -2.29299 -1.22563 0
      vertex -2.16182 -1.44448 3
      vertex -2.16182 -1.44448 0
    endloop
  endfacet
  facet normal 0.427583 0.903976 -0
    outer loop
      vertex -0.994976 -2.40209 0
      vertex -1.22563 -2.29299 3
      vertex -0.994976 -2.40209 3
    endloop
  endfacet
  facet normal 0.427583 0.903976 0
    outer loop
      vertex -1.22563 -2.29299 3
      vertex -0.994976 -2.40209 0
      vertex -1.22563 -2.29299 0
    endloop
  endfacet
  facet normal 0.740959 0.67155 0
    outer loop
      vertex -1.83848 -1.83848 3
      vertex -2.00983 -1.64942 0
      vertex -2.00983 -1.64942 3
    endloop
  endfacet
  facet normal 0.740959 0.67155 0
    outer loop
      vertex -2.00983 -1.64942 0
      vertex -1.83848 -1.83848 3
      vertex -1.83848 -1.83848 0
    endloop
  endfacet
  facet normal 0.336863 -0.941554 0
    outer loop
      vertex -0.994976 2.40209 0
      vertex -0.75474 2.48804 3
      vertex -0.994976 2.40209 3
    endloop
  endfacet
  facet normal 0.336863 -0.941554 0
    outer loop
      vertex -0.75474 2.48804 3
      vertex -0.994976 2.40209 0
      vertex -0.75474 2.48804 0
    endloop
  endfacet
  facet normal 0.514092 0.857735 -0
    outer loop
      vertex -1.22563 -2.29299 0
      vertex -1.44448 -2.16182 3
      vertex -1.22563 -2.29299 3
    endloop
  endfacet
  facet normal 0.514092 0.857735 0
    outer loop
      vertex -1.44448 -2.16182 3
      vertex -1.22563 -2.29299 0
      vertex -1.44448 -2.16182 0
    endloop
  endfacet
  facet normal -0.59569 0.803215 0
    outer loop
      vertex 1.64942 -2.00983 0
      vertex 1.44448 -2.16182 3
      vertex 1.64942 -2.00983 3
    endloop
  endfacet
  facet normal -0.59569 0.803215 0
    outer loop
      vertex 1.44448 -2.16182 3
      vertex 1.64942 -2.00983 0
      vertex 1.44448 -2.16182 0
    endloop
  endfacet
  facet normal 0.941554 -0.336863 0
    outer loop
      vertex -2.48804 0.75474 3
      vertex -2.40209 0.994976 0
      vertex -2.40209 0.994976 3
    endloop
  endfacet
  facet normal 0.941554 -0.336863 0
    outer loop
      vertex -2.40209 0.994976 0
      vertex -2.48804 0.75474 3
      vertex -2.48804 0.75474 0
    endloop
  endfacet
  facet normal -0.336863 -0.941554 0
    outer loop
      vertex 0.75474 2.48804 0
      vertex 0.994976 2.40209 3
      vertex 0.75474 2.48804 3
    endloop
  endfacet
  facet normal -0.336863 -0.941554 -0
    outer loop
      vertex 0.994976 2.40209 3
      vertex 0.75474 2.48804 0
      vertex 0.994976 2.40209 0
    endloop
  endfacet
  facet normal 0.803215 0.59569 0
    outer loop
      vertex -2.00983 -1.64942 3
      vertex -2.16182 -1.44448 0
      vertex -2.16182 -1.44448 3
    endloop
  endfacet
  facet normal 0.803215 0.59569 0
    outer loop
      vertex -2.16182 -1.44448 0
      vertex -2.00983 -1.64942 3
      vertex -2.00983 -1.64942 0
    endloop
  endfacet
  facet normal 0.970028 -0.242992 0
    outer loop
      vertex -2.55004 0.507235 3
      vertex -2.48804 0.75474 0
      vertex -2.48804 0.75474 3
    endloop
  endfacet
  facet normal 0.970028 -0.242992 0
    outer loop
      vertex -2.48804 0.75474 0
      vertex -2.55004 0.507235 3
      vertex -2.55004 0.507235 0
    endloop
  endfacet
  facet normal 0.989176 0.146736 0
    outer loop
      vertex -2.55004 -0.507235 3
      vertex -2.58748 -0.254844 0
      vertex -2.58748 -0.254844 3
    endloop
  endfacet
  facet normal 0.989176 0.146736 0
    outer loop
      vertex -2.58748 -0.254844 0
      vertex -2.55004 -0.507235 3
      vertex -2.55004 -0.507235 0
    endloop
  endfacet
  facet normal 0.903976 -0.427583 0
    outer loop
      vertex -2.40209 0.994976 3
      vertex -2.29299 1.22563 0
      vertex -2.29299 1.22563 3
    endloop
  endfacet
  facet normal 0.903976 -0.427583 0
    outer loop
      vertex -2.29299 1.22563 0
      vertex -2.40209 0.994976 3
      vertex -2.40209 0.994976 0
    endloop
  endfacet
  facet normal -0.514092 0.857735 0
    outer loop
      vertex 1.44448 -2.16182 0
      vertex 1.22563 -2.29299 3
      vertex 1.44448 -2.16182 3
    endloop
  endfacet
  facet normal -0.514092 0.857735 0
    outer loop
      vertex 1.22563 -2.29299 3
      vertex 1.44448 -2.16182 0
      vertex 1.22563 -2.29299 0
    endloop
  endfacet
  facet normal 0.67155 0.740959 -0
    outer loop
      vertex -1.64942 -2.00983 0
      vertex -1.83848 -1.83848 3
      vertex -1.64942 -2.00983 3
    endloop
  endfacet
  facet normal 0.67155 0.740959 0
    outer loop
      vertex -1.83848 -1.83848 3
      vertex -1.64942 -2.00983 0
      vertex -1.83848 -1.83848 0
    endloop
  endfacet
  facet normal 0.803215 -0.59569 0
    outer loop
      vertex -2.16182 1.44448 3
      vertex -2.00983 1.64942 0
      vertex -2.00983 1.64942 3
    endloop
  endfacet
  facet normal 0.803215 -0.59569 0
    outer loop
      vertex -2.00983 1.64942 0
      vertex -2.16182 1.44448 3
      vertex -2.16182 1.44448 0
    endloop
  endfacet
  facet normal 0.0490689 0.998795 -0
    outer loop
      vertex 0 -2.6 0
      vertex -0.254844 -2.58748 3
      vertex 0 -2.6 3
    endloop
  endfacet
  facet normal 0.0490689 0.998795 0
    outer loop
      vertex -0.254844 -2.58748 3
      vertex 0 -2.6 0
      vertex -0.254844 -2.58748 0
    endloop
  endfacet
  facet normal 0.146736 0.989176 -0
    outer loop
      vertex -0.254844 -2.58748 0
      vertex -0.507235 -2.55004 3
      vertex -0.254844 -2.58748 3
    endloop
  endfacet
  facet normal 0.146736 0.989176 0
    outer loop
      vertex -0.507235 -2.55004 3
      vertex -0.254844 -2.58748 0
      vertex -0.507235 -2.55004 0
    endloop
  endfacet
  facet normal 0.989176 -0.146736 0
    outer loop
      vertex -2.58748 0.254844 3
      vertex -2.55004 0.507235 0
      vertex -2.55004 0.507235 3
    endloop
  endfacet
  facet normal 0.989176 -0.146736 0
    outer loop
      vertex -2.55004 0.507235 0
      vertex -2.58748 0.254844 3
      vertex -2.58748 0.254844 0
    endloop
  endfacet
  facet normal 0.998795 -0.0490689 0
    outer loop
      vertex -2.6 0 3
      vertex -2.58748 0.254844 0
      vertex -2.58748 0.254844 3
    endloop
  endfacet
  facet normal 0.998795 -0.0490689 0
    outer loop
      vertex -2.58748 0.254844 0
      vertex -2.6 0 3
      vertex -2.6 0 0
    endloop
  endfacet
  facet normal 0.336863 0.941554 -0
    outer loop
      vertex -0.75474 -2.48804 0
      vertex -0.994976 -2.40209 3
      vertex -0.75474 -2.48804 3
    endloop
  endfacet
  facet normal 0.336863 0.941554 0
    outer loop
      vertex -0.994976 -2.40209 3
      vertex -0.75474 -2.48804 0
      vertex -0.994976 -2.40209 0
    endloop
  endfacet
  facet normal -0.67155 0.740959 0
    outer loop
      vertex 1.83848 -1.83848 0
      vertex 1.64942 -2.00983 3
      vertex 1.83848 -1.83848 3
    endloop
  endfacet
  facet normal -0.67155 0.740959 0
    outer loop
      vertex 1.64942 -2.00983 3
      vertex 1.83848 -1.83848 0
      vertex 1.64942 -2.00983 0
    endloop
  endfacet
endsolid OpenSCAD_Model
